symbol	overallAssociationScore	geneticAssociations	somaticMutations	drugs	pathwaysSystemsBiology	textMining	rnaExpression	animalModels	targetName
ACE	0.7903213085202172	0.7640465308754274	No data	0.9753196367410693	No data	0.8327376115782789	No data	No data	angiotensin I converting enzyme
PKD1	0.7009606999711906	0.9186759059827345	No data	No data	No data	0.21070092843141736	No data	No data	polycystin 1, transient receptor potential channel interacting
SLC12A3	0.6291800433800848	No data	No data	0.9948495494927522	No data	0.7423998349739105	0.13427345369402982	No data	solute carrier family 12 member 3
VDR	0.6235986386284379	No data	No data	0.990529817423651	No data	0.7048518268249291	No data	No data	vitamin D receptor
AGTR1	0.6202274636483068	No data	No data	0.9815961596514852	No data	0.7726184450973897	No data	No data	angiotensin II receptor type 1
EPOR	0.6078645893022753	No data	No data	0.9798712848020641	No data	0.3790261781825726	0.04808243913010762	No data	erythropoietin receptor
CASR	0.600831127707567	No data	No data	0.9550614447173001	No data	0.6652027478097601	No data	No data	calcium sensing receptor
NR3C2	0.5987511709524748	No data	No data	0.9651630337725176	No data	0.39474354821424096	No data	No data	nuclear receptor subfamily 3 group C member 2
SLC5A2	0.5965274888540101	No data	No data	0.9352333544499615	No data	0.9066210521662864	0.03051071658262758	No data	solute carrier family 5 member 2
NR3C1	0.5964313684748724	No data	No data	0.9708546690694405	No data	0.20459286375861693	No data	No data	nuclear receptor subfamily 3 group C member 1
FKBP1A	0.5947967168116499	No data	No data	0.9751521235902834	No data	No data	0.06486621610515998	No data	FKBP prolyl isomerase 1A
PKD2	0.5945890270244583	0.7809768759125333	No data	No data	No data	0.08247175089634647	No data	No data	polycystin 2, transient receptor potential cation channel
CFHR5	0.5908460575412632	0.7739634532259949	No data	No data	No data	0.19991625070833013	No data	No data	complement factor H related 5
HMGCR	0.5868104541436217	No data	No data	0.9589402540784951	No data	0.12636769299670872	No data	No data	3-hydroxy-3-methylglutaryl-CoA reductase
IMPDH1	0.5860182146543186	No data	No data	0.9639554649256289	No data	No data	No data	No data	inosine monophosphate dehydrogenase 1
IMPDH2	0.5860182146543186	No data	No data	0.9639554649256289	No data	No data	No data	No data	inosine monophosphate dehydrogenase 2
SERPINC1	0.5788015882467124	No data	No data	0.93402352783931	No data	0.36122269253267913	No data	No data	serpin family C member 1
PDE4D	0.5719041820549662	No data	No data	0.9349636104446574	No data	0.115506851546208	No data	No data	phosphodiesterase 4D
PDE3A	0.5715798568763654	No data	No data	0.938685635736157	No data	0.030396539880581056	No data	No data	phosphodiesterase 3A
PDE4A	0.5712418866796318	No data	No data	0.9349636104446574	No data	0.09371833950055007	No data	No data	phosphodiesterase 4A
PPIA	0.5696390714992574	No data	No data	0.923856090343676	No data	0.2631385562204212	No data	No data	peptidylprolyl isomerase A
ADORA2B	0.5691619267698164	No data	No data	0.9313435962167026	No data	0.09769110178286744	No data	No data	adenosine A2b receptor
ADORA2A	0.569028467377847	No data	No data	0.9313435962167026	No data	0.0933004904667835	No data	No data	adenosine A2a receptor
PDE4C	0.5683931734354615	No data	No data	0.9349636104446574	No data	No data	No data	No data	phosphodiesterase 4C
PDE4B	0.5683931734354615	No data	No data	0.9349636104446574	No data	No data	No data	No data	phosphodiesterase 4B
PDE3B	0.5661924552984956	No data	No data	0.9313435962167026	No data	No data	No data	No data	phosphodiesterase 3B
PDE5A	0.5622356556836838	No data	No data	0.9145597862810078	No data	0.2055035004279461	No data	No data	phosphodiesterase 5A
PDE1A	0.5564992464241094	No data	No data	0.9081038340824137	No data	0.14590339142678904	No data	No data	phosphodiesterase 1A
PPARG	0.5542117213088738	No data	No data	0.8681813731469595	No data	0.8690965078221664	No data	No data	peroxisome proliferator activated receptor gamma
PDE8B	0.552064288167893	No data	No data	0.9081038340824137	No data	No data	No data	No data	phosphodiesterase 8B
PDE8A	0.552064288167893	No data	No data	0.9081038340824137	No data	No data	No data	No data	phosphodiesterase 8A
PDE6H	0.552064288167893	No data	No data	0.9081038340824137	No data	No data	No data	No data	phosphodiesterase 6H
PDE6D	0.552064288167893	No data	No data	0.9081038340824137	No data	No data	No data	No data	phosphodiesterase 6D
PDE1C	0.552064288167893	No data	No data	0.9081038340824137	No data	No data	No data	No data	phosphodiesterase 1C
PDE6C	0.552064288167893	No data	No data	0.9081038340824137	No data	No data	No data	No data	phosphodiesterase 6C
PDE6B	0.552064288167893	No data	No data	0.9081038340824137	No data	No data	No data	No data	phosphodiesterase 6B
PDE9A	0.552064288167893	No data	No data	0.9081038340824137	No data	No data	No data	No data	phosphodiesterase 9A
PDE7A	0.552064288167893	No data	No data	0.9081038340824137	No data	No data	No data	No data	phosphodiesterase 7A
PDE6A	0.552064288167893	No data	No data	0.9081038340824137	No data	No data	No data	No data	phosphodiesterase 6A
PDE1B	0.552064288167893	No data	No data	0.9081038340824137	No data	No data	No data	No data	phosphodiesterase 1B
PDE7B	0.552064288167893	No data	No data	0.9081038340824137	No data	No data	No data	No data	phosphodiesterase 7B
PDE6G	0.552064288167893	No data	No data	0.9081038340824137	No data	No data	No data	No data	phosphodiesterase 6G
PDE10A	0.552064288167893	No data	No data	0.9081038340824137	No data	No data	No data	No data	phosphodiesterase 10A
PDE2A	0.552064288167893	No data	No data	0.9081038340824137	No data	No data	No data	No data	phosphodiesterase 2A
GHR	0.545907654404897	No data	No data	0.8880329405504501	No data	0.19887396968266577	No data	No data	growth hormone receptor
EGLN1	0.5428587221562989	No data	No data	0.8885350971369748	No data	0.0885255972709508	No data	No data	egl-9 family hypoxia inducible factor 1
CACNA1D	0.5385394449180579	No data	No data	0.8858564939197339	No data	No data	No data	No data	calcium voltage-gated channel subunit alpha1 D
CACNA1F	0.5385394449180579	No data	No data	0.8858564939197339	No data	No data	No data	No data	calcium voltage-gated channel subunit alpha1 F
CACNA1S	0.5385394449180579	No data	No data	0.8858564939197339	No data	No data	No data	No data	calcium voltage-gated channel subunit alpha1 S
CACNA1C	0.5385394449180579	No data	No data	0.8858564939197339	No data	No data	No data	No data	calcium voltage-gated channel subunit alpha1 C
EGLN2	0.5385243772059184	No data	No data	0.8832564462708531	No data	0.05150524813098457	No data	No data	egl-9 family hypoxia inducible factor 2
EGLN3	0.5379751404774286	No data	No data	0.8832564462708531	No data	0.03343619386863916	No data	No data	egl-9 family hypoxia inducible factor 3
PTGS2	0.5347212512322773	No data	No data	0.8564900590017724	No data	0.44346764495253593	0.04105862930318583	No data	prostaglandin-endoperoxide synthase 2
INSR	0.5333561055582786	No data	No data	0.8703204846474369	No data	0.1401961922498976	No data	No data	insulin receptor
P4HTM	0.5299743177240095	No data	No data	0.8697349740741891	No data	No data	0.0406507197601978	No data	prolyl 4-hydroxylase, transmembrane
SLC12A1	0.5296906420748524	No data	No data	0.8399239447668558	No data	0.6275388078570323	No data	No data	solute carrier family 12 member 1
GABRB3	0.5295668673348793	No data	No data	0.8695774581170227	No data	0.030396539880581056	No data	No data	gamma-aminobutyric acid type A receptor subunit beta3
GABRB1	0.5286429176981676	No data	No data	0.8695774581170227	No data	No data	No data	No data	gamma-aminobutyric acid type A receptor subunit beta1
GABRA5	0.5286429176981676	No data	No data	0.8695774581170227	No data	No data	No data	No data	gamma-aminobutyric acid type A receptor subunit alpha5
GABRA2	0.5286429176981676	No data	No data	0.8695774581170227	No data	No data	No data	No data	gamma-aminobutyric acid type A receptor subunit alpha2
GABRQ	0.5286429176981676	No data	No data	0.8695774581170227	No data	No data	No data	No data	gamma-aminobutyric acid type A receptor subunit theta
GABRG1	0.5286429176981676	No data	No data	0.8695774581170227	No data	No data	No data	No data	gamma-aminobutyric acid type A receptor subunit gamma1
GABRG2	0.5286429176981676	No data	No data	0.8695774581170227	No data	No data	No data	No data	gamma-aminobutyric acid type A receptor subunit gamma2
GABRA4	0.5286429176981676	No data	No data	0.8695774581170227	No data	No data	No data	No data	gamma-aminobutyric acid type A receptor subunit alpha4
GABRG3	0.5286429176981676	No data	No data	0.8695774581170227	No data	No data	No data	No data	gamma-aminobutyric acid type A receptor subunit gamma3
GABRP	0.5286429176981676	No data	No data	0.8695774581170227	No data	No data	No data	No data	gamma-aminobutyric acid type A receptor subunit pi
GABRA6	0.5286429176981676	No data	No data	0.8695774581170227	No data	No data	No data	No data	gamma-aminobutyric acid type A receptor subunit alpha6
GABRA3	0.5286429176981676	No data	No data	0.8695774581170227	No data	No data	No data	No data	gamma-aminobutyric acid type A receptor subunit alpha3
GABRA1	0.5286429176981676	No data	No data	0.8695774581170227	No data	No data	No data	No data	gamma-aminobutyric acid type A receptor subunit alpha1
GABRB2	0.5286429176981676	No data	No data	0.8695774581170227	No data	No data	No data	No data	gamma-aminobutyric acid type A receptor subunit beta2
GABRD	0.5286429176981676	No data	No data	0.8695774581170227	No data	No data	No data	No data	gamma-aminobutyric acid type A receptor subunit delta
GABRE	0.5286429176981676	No data	No data	0.8695774581170227	No data	No data	No data	No data	gamma-aminobutyric acid type A receptor subunit epsilon
PTGS1	0.5279956605983546	No data	No data	0.8564900590017724	No data	0.2404542066859393	No data	No data	prostaglandin-endoperoxide synthase 1
GLP1R	0.525822726354842	No data	No data	0.8213482815065006	No data	0.8718035199325497	No data	No data	glucagon like peptide 1 receptor
IL2RA	0.5027396303192059	No data	No data	0.8213482815065006	No data	0.11240471578172868	No data	No data	interleukin 2 receptor subunit alpha
TCF7L2	0.48432557200024695	0.7765179958197762	No data	No data	No data	0.40321587555375166	No data	No data	transcription factor 7 like 2
CD80	0.4838337805598636	No data	No data	0.7906308892605135	No data	0.10477881521538085	No data	No data	CD80 molecule
CD86	0.4834369846716919	No data	No data	0.7906308892605135	No data	0.09172483309338197	No data	No data	CD86 molecule
UMOD	0.4818979064992246	0.5739869545966481	No data	No data	No data	0.9140354123301461	No data	No data	uromodulin
F10	0.4807649263311452	No data	No data	0.7796543609703037	No data	0.22334873744715134	No data	No data	coagulation factor X
ADORA3	0.47352441665949746	No data	No data	0.7734230702947845	No data	0.10977277864747696	No data	No data	adenosine A3 receptor
ADORA1	0.4728594583816954	No data	No data	0.7734230702947845	No data	0.0878966611546802	No data	No data	adenosine A1 receptor
COL4A4	0.4725925375161219	0.7676950112239552	No data	No data	No data	0.1936765514564821	No data	No data	collagen type IV alpha 4 chain
HTR2A	0.47033142951458135	No data	No data	0.7704678511397282	No data	0.06383273374922022	No data	No data	5-hydroxytryptamine receptor 2A
ACHE	0.4696093115429557	No data	No data	0.7599134970145264	No data	0.25116323163992116	No data	No data	acetylcholinesterase (Cartwright blood group)
KCNK2	0.4664508410403919	No data	No data	0.7666682836546554	No data	0.012158615952232422	No data	No data	potassium two pore domain channel subfamily K member 2
KCNK9	0.46608126118570725	No data	No data	0.7666682836546554	No data	No data	No data	No data	potassium two pore domain channel subfamily K member 9
KCNK3	0.46608126118570725	No data	No data	0.7666682836546554	No data	No data	No data	No data	potassium two pore domain channel subfamily K member 3
GLRA1	0.46608126118570725	No data	No data	0.7666682836546554	No data	No data	No data	No data	glycine receptor alpha 1
KCNK18	0.46608126118570725	No data	No data	0.7666682836546554	No data	No data	No data	No data	potassium two pore domain channel subfamily K member 18
KCNK10	0.46608126118570725	No data	No data	0.7666682836546554	No data	No data	No data	No data	potassium two pore domain channel subfamily K member 10
OPRM1	0.46515926210933967	No data	No data	0.7616021936745586	No data	0.07098943019443701	No data	No data	opioid receptor mu 1
FAN1	0.4649032253988997	0.7599134970145264	No data	No data	No data	0.09634014445484161	No data	No data	FANCD2 and FANCI associated nuclease 1
PTGER2	0.4641479479014233	No data	No data	0.7599134970145264	No data	No data	0.07149266179912664	No data	prostaglandin E receptor 2
SCNN1A	0.46409289978519336	No data	No data	0.7599134970145264	No data	No data	0.06968166237464642	No data	sodium channel epithelial 1 subunit alpha
PTGER1	0.4632814539529828	No data	No data	0.7599134970145264	No data	0.04298632680689807	No data	No data	prostaglandin E receptor 1
ADRB1	0.46308355791993133	No data	No data	0.7599134970145264	No data	0.03647584785669726	No data	No data	adrenoceptor beta 1
DNAJB11	0.4629911629562602	0.7599134970145264	No data	No data	No data	0.03343619386863916	No data	No data	DnaJ heat shock protein family (Hsp40) member B11
DPP4	0.45530106007510707	No data	No data	0.7210734738337838	No data	0.5572439513608439	No data	No data	dipeptidyl peptidase 4
SLC22A2	0.4391436156849583	0.5755863938521785	No data	No data	No data	0.12937094773548158	No data	No data	solute carrier family 22 member 2
SOD2	0.4267793477955158	0.547137717850459	No data	No data	No data	0.8143862908907499	No data	No data	superoxide dismutase 2
IL1RN	0.42490716956342434	0.557286784777253	No data	No data	No data	0.10491967984152632	No data	No data	interleukin 1 receptor antagonist
XDH	0.423437796773318	No data	No data	0.665747032561519	No data	0.6155198037055738	No data	No data	xanthine dehydrogenase
WDR72	0.41721258736626793	0.6862830259716597	No data	No data	No data	No data	No data	No data	WD repeat domain 72
PDILT	0.4144966367238172	0.6753276052623737	No data	No data	No data	0.12975776266022043	No data	No data	protein disulfide isomerase like, testis expressed
P2RY12	0.4134679604207532	No data	No data	0.6456559459378809	No data	0.6893490609909173	No data	No data	purinergic receptor P2Y12
REN	0.41320798576333684	No data	No data	0.655636478257533	No data	0.445077379653781	0.0812435929396654	No data	renin
NR1H4	0.40219011727718607	No data	No data	0.6383273374922022	No data	0.4648973177133548	No data	No data	nuclear receptor subfamily 1 group H member 4
ABCA1	0.4012231598758393	No data	No data	0.6383273374922022	No data	0.43308588769053996	No data	No data	ATP binding cassette subfamily A member 1
TUBB4B	0.39973411520911317	No data	No data	0.655636478257533	No data	No data	0.037915764204239207	No data	tubulin beta 4B class IVb
TUBB1	0.39858160717037633	No data	No data	0.655636478257533	No data	No data	No data	No data	tubulin beta 1 class VI
TUBB8	0.39858160717037633	No data	No data	0.655636478257533	No data	No data	No data	No data	tubulin beta 8 class VIII
TUBB3	0.39858160717037633	No data	No data	0.655636478257533	No data	No data	No data	No data	tubulin beta 3 class III
TUBB	0.39858160717037633	No data	No data	0.655636478257533	No data	No data	No data	No data	tubulin beta class I
TUBB2A	0.39858160717037633	No data	No data	0.655636478257533	No data	No data	No data	No data	tubulin beta 2A class IIa
TUBB6	0.39858160717037633	No data	No data	0.655636478257533	No data	No data	No data	No data	tubulin beta 6 class V
TUBB2B	0.39858160717037633	No data	No data	0.655636478257533	No data	No data	No data	No data	tubulin beta 2B class IIb
TUBB4A	0.39858160717037633	No data	No data	0.655636478257533	No data	No data	No data	No data	tubulin beta 4A class IVa
COL4A5	0.39551979884429483	0.5172995819408869	No data	No data	No data	0.1789001382430599	No data	No data	collagen type IV alpha 5 chain
IL1B	0.394620772512081	No data	No data	0.607930797611621	No data	0.8238081678295472	No data	No data	interleukin 1 beta
PCSK9	0.39429578848711655	No data	No data	0.607930797611621	No data	0.8131166869491191	No data	No data	proprotein convertase subtilisin/kexin type 9
THSD7A	0.392454168333017	0.6440374796514846	No data	No data	No data	0.030396539880581056	No data	No data	thrombospondin type 1 domain containing 7A
OPRK1	0.3852015486273615	No data	No data	0.6298838541920406	No data	0.07486887503159718	No data	No data	opioid receptor kappa 1
SHROOM3	0.3849311174949262	0.6219650057623874	No data	No data	No data	0.2243490700610334	No data	No data	shroom family member 3
COL4A3	0.3830986027803903	0.491964823544215	No data	No data	No data	0.684543702522834	No data	No data	collagen type IV alpha 3 chain
APOL1	0.38250962324027304	0.5872264855850653	No data	No data	No data	0.8394559900607814	No data	No data	apolipoprotein L1
F2	0.3813416033441015	No data	No data	0.6231290675519116	No data	0.08297826996728465	No data	No data	coagulation factor II, thrombin
CPS1	0.3793206087709154	0.622737736842548	No data	No data	No data	0.024317231904464845	No data	No data	carbamoyl-phosphate synthase 1
ADRA1B	0.37179733381281	No data	No data	0.607930797611621	No data	0.07295169571339452	No data	No data	adrenoceptor alpha 1B
ADRA1A	0.37179733381281	No data	No data	0.607930797611621	No data	0.07295169571339452	No data	No data	adrenoceptor alpha 1A
ADRA1D	0.37156634640363206	No data	No data	0.607930797611621	No data	0.06535256074324927	No data	No data	adrenoceptor alpha 1D
NISCH	0.37103002967274157	No data	No data	0.607930797611621	No data	0.030396539880581056	0.03419898150055082	No data	nischarin
ADRA2A	0.37050380432141355	No data	No data	0.607930797611621	No data	0.030396539880581056	No data	No data	adrenoceptor alpha 2A
ADRA2C	0.37050380432141355	No data	No data	0.607930797611621	No data	0.030396539880581056	No data	No data	adrenoceptor alpha 2C
ADRA2B	0.3695798546847018	No data	No data	0.607930797611621	No data	No data	No data	No data	adrenoceptor alpha 2B
MT-ND1	0.3687380339045866	0.19453785523571876	No data	0.5579116025414649	No data	No data	No data	No data	mitochondrially encoded NADH:ubiquinone oxidoreductase core subunit 1
MT-ND2	0.3687380339045866	0.19453785523571876	No data	0.5579116025414649	No data	No data	No data	No data	mitochondrially encoded NADH:ubiquinone oxidoreductase core subunit 2
GATM	0.3565734235229692	0.5800533584957477	No data	No data	No data	0.1296569494696845	No data	No data	glycine amidinotransferase
RNLS	0.3550736894372844	0.547137717850459	No data	No data	No data	0.7386307885456463	No data	No data	renalase, FAD dependent amine oxidase
NPHS2	0.3514394467410341	0.547137717850459	No data	No data	No data	0.5913166230795774	0.062444474878150406	No data	NPHS2 stomatin family member, podocin
EDNRA	0.3484558339573084	No data	No data	0.567779124293817	No data	0.1080852646731459	No data	No data	endothelin receptor type A
GPD2	0.3421282843672881	No data	No data	0.5579116025414649	No data	0.09726892761785938	No data	No data	glycerol-3-phosphate dehydrogenase 2
MT-ND3	0.34163551122770847	No data	No data	0.5579116025414649	No data	0.08105743968154948	No data	No data	mitochondrially encoded NADH:ubiquinone oxidoreductase core subunit 3
GATA3	0.3409374159466374	0.5592963338026914	No data	No data	No data	0.030396539880581056	No data	No data	GATA binding protein 3
NDUFAB1	0.34046004196766966	No data	No data	0.5579116025414649	No data	0.04238628616681025	No data	No data	NADH:ubiquinone oxidoreductase subunit AB1
MT-ND6	0.3400955951665222	No data	No data	0.5579116025414649	No data	0.030396539880581056	No data	No data	mitochondrially encoded NADH:ubiquinone oxidoreductase core subunit 6
MKS1	0.3400134663099256	0.5592963338026914	No data	No data	No data	No data	No data	No data	MKS transition zone complex subunit 1
MT-ND4	0.3397260153118375	No data	No data	0.5579116025414649	No data	0.01823792392834863	No data	No data	mitochondrially encoded NADH:ubiquinone oxidoreductase core subunit 4
MT-ND4L	0.3397260153118375	No data	No data	0.5579116025414649	No data	0.01823792392834863	No data	No data	mitochondrially encoded NADH:ubiquinone oxidoreductase core subunit 4L
MT-ND5	0.3397260153118375	No data	No data	0.5579116025414649	No data	0.01823792392834863	No data	No data	mitochondrially encoded NADH:ubiquinone oxidoreductase core subunit 5
ELN	0.33964948409629386	No data	No data	0.5516803118659458	No data	0.140345976672396	No data	No data	elastin
NDUFS8	0.33961849492821383	No data	No data	0.5579116025414649	No data	No data	0.01470066659425345	No data	NADH:ubiquinone oxidoreductase core subunit S8
NDUFB2	0.3395412253844951	No data	No data	0.5579116025414649	No data	0.012158615952232422	No data	No data	NADH:ubiquinone oxidoreductase subunit B2
NDUFV3	0.33917164552981044	No data	No data	0.5579116025414649	No data	No data	No data	No data	NADH:ubiquinone oxidoreductase subunit V3
NDUFC1	0.33917164552981044	No data	No data	0.5579116025414649	No data	No data	No data	No data	NADH:ubiquinone oxidoreductase subunit C1
NDUFS3	0.33917164552981044	No data	No data	0.5579116025414649	No data	No data	No data	No data	NADH:ubiquinone oxidoreductase core subunit S3
NDUFB1	0.33917164552981044	No data	No data	0.5579116025414649	No data	No data	No data	No data	NADH:ubiquinone oxidoreductase subunit B1
NDUFS1	0.33917164552981044	No data	No data	0.5579116025414649	No data	No data	No data	No data	NADH:ubiquinone oxidoreductase core subunit S1
NDUFA7	0.33917164552981044	No data	No data	0.5579116025414649	No data	No data	No data	No data	NADH:ubiquinone oxidoreductase subunit A7
NDUFB4	0.33917164552981044	No data	No data	0.5579116025414649	No data	No data	No data	No data	NADH:ubiquinone oxidoreductase subunit B4
NDUFAF2	0.33917164552981044	No data	No data	0.5579116025414649	No data	No data	No data	No data	NADH:ubiquinone oxidoreductase complex assembly factor 2
NDUFB3	0.33917164552981044	No data	No data	0.5579116025414649	No data	No data	No data	No data	NADH:ubiquinone oxidoreductase subunit B3
NDUFB7	0.33917164552981044	No data	No data	0.5579116025414649	No data	No data	No data	No data	NADH:ubiquinone oxidoreductase subunit B7
NDUFV2	0.33917164552981044	No data	No data	0.5579116025414649	No data	No data	No data	No data	NADH:ubiquinone oxidoreductase core subunit V2
NDUFB10	0.33917164552981044	No data	No data	0.5579116025414649	No data	No data	No data	No data	NADH:ubiquinone oxidoreductase subunit B10
NDUFA6	0.33917164552981044	No data	No data	0.5579116025414649	No data	No data	No data	No data	NADH:ubiquinone oxidoreductase subunit A6
NDUFA3	0.33917164552981044	No data	No data	0.5579116025414649	No data	No data	No data	No data	NADH:ubiquinone oxidoreductase subunit A3
NDUFB11	0.33917164552981044	No data	No data	0.5579116025414649	No data	No data	No data	No data	NADH:ubiquinone oxidoreductase subunit B11
NDUFS7	0.33917164552981044	No data	No data	0.5579116025414649	No data	No data	No data	No data	NADH:ubiquinone oxidoreductase core subunit S7
NDUFS4	0.33917164552981044	No data	No data	0.5579116025414649	No data	No data	No data	No data	NADH:ubiquinone oxidoreductase subunit S4
NDUFAF3	0.33917164552981044	No data	No data	0.5579116025414649	No data	No data	No data	No data	NADH:ubiquinone oxidoreductase complex assembly factor 3
NDUFS6	0.33917164552981044	No data	No data	0.5579116025414649	No data	No data	No data	No data	NADH:ubiquinone oxidoreductase subunit S6
NDUFS2	0.33917164552981044	No data	No data	0.5579116025414649	No data	No data	No data	No data	NADH:ubiquinone oxidoreductase core subunit S2
NDUFB8	0.33917164552981044	No data	No data	0.5579116025414649	No data	No data	No data	No data	NADH:ubiquinone oxidoreductase subunit B8
NDUFB9	0.33917164552981044	No data	No data	0.5579116025414649	No data	No data	No data	No data	NADH:ubiquinone oxidoreductase subunit B9
NDUFAF4	0.33917164552981044	No data	No data	0.5579116025414649	No data	No data	No data	No data	NADH:ubiquinone oxidoreductase complex assembly factor 4
NDUFS5	0.33917164552981044	No data	No data	0.5579116025414649	No data	No data	No data	No data	NADH:ubiquinone oxidoreductase subunit S5
NDUFA2	0.33917164552981044	No data	No data	0.5579116025414649	No data	No data	No data	No data	NADH:ubiquinone oxidoreductase subunit A2
NDUFC2	0.33917164552981044	No data	No data	0.5579116025414649	No data	No data	No data	No data	NADH:ubiquinone oxidoreductase subunit C2
NDUFA4L2	0.33917164552981044	No data	No data	0.5579116025414649	No data	No data	No data	No data	NDUFA4 mitochondrial complex associated like 2
NDUFA4	0.33917164552981044	No data	No data	0.5579116025414649	No data	No data	No data	No data	NDUFA4 mitochondrial complex associated
NDUFA8	0.33917164552981044	No data	No data	0.5579116025414649	No data	No data	No data	No data	NADH:ubiquinone oxidoreductase subunit A8
NDUFAF1	0.33917164552981044	No data	No data	0.5579116025414649	No data	No data	No data	No data	NADH:ubiquinone oxidoreductase complex assembly factor 1
NDUFV1	0.33917164552981044	No data	No data	0.5579116025414649	No data	No data	No data	No data	NADH:ubiquinone oxidoreductase core subunit V1
NDUFA5	0.33917164552981044	No data	No data	0.5579116025414649	No data	No data	No data	No data	NADH:ubiquinone oxidoreductase subunit A5
NDUFA12	0.33917164552981044	No data	No data	0.5579116025414649	No data	No data	No data	No data	NADH:ubiquinone oxidoreductase subunit A12
NDUFB5	0.33917164552981044	No data	No data	0.5579116025414649	No data	No data	No data	No data	NADH:ubiquinone oxidoreductase subunit B5
NDUFA13	0.33917164552981044	No data	No data	0.5579116025414649	No data	No data	No data	No data	NADH:ubiquinone oxidoreductase subunit A13
NDUFA11	0.33917164552981044	No data	No data	0.5579116025414649	No data	No data	No data	No data	NADH:ubiquinone oxidoreductase subunit A11
NDUFA10	0.33917164552981044	No data	No data	0.5579116025414649	No data	No data	No data	No data	NADH:ubiquinone oxidoreductase subunit A10
NDUFA1	0.33917164552981044	No data	No data	0.5579116025414649	No data	No data	No data	No data	NADH:ubiquinone oxidoreductase subunit A1
NDUFA9	0.33917164552981044	No data	No data	0.5579116025414649	No data	No data	No data	No data	NADH:ubiquinone oxidoreductase subunit A9
NDUFB6	0.33917164552981044	No data	No data	0.5579116025414649	No data	No data	No data	No data	NADH:ubiquinone oxidoreductase subunit B6
CST3	0.3312330009314503	0.49882784729545826	No data	No data	No data	0.9205057537522444	No data	No data	cystatin C
NFATC1	0.3275058856856204	0.5192685460650455	No data	No data	No data	0.38048607928261174	0.01932585236665012	No data	nuclear factor of activated T cells 1
BEND7	0.327436882830618	0.5386088089582234	No data	No data	No data	No data	No data	No data	BEN domain containing 7
WNT9B	0.32412153255848347	0.5319394479101685	No data	No data	No data	0.024317231904464845	No data	No data	Wnt family member 9B
INS	0.3196198178431628	0.4883222390385175	No data	No data	No data	0.748561831786663	No data	No data	insulin
FTO	0.3181348569733639	0.5031787342779124	No data	No data	No data	0.4025789695360806	No data	No data	FTO alpha-ketoglutarate dependent dioxygenase
NFE2L2	0.3124695223217785	No data	No data	0.46945767148897405	No data	0.8906193190063388	No data	No data	NFE2 like bZIP transcription factor 2
C9	0.3049787596005546	0.4986272475716675	No data	No data	No data	0.06079307976116211	No data	No data	complement C9
KEAP1	0.29894373387362444	No data	No data	0.46945767148897405	No data	0.4325603197287458	0.02943247597815983	No data	kelch like ECH associated protein 1
DACH1	0.2978979549993636	0.4676007462897051	No data	No data	No data	0.44837538737035293	No data	No data	dachshund family transcription factor 1
GABRR1	0.2942552093097737	0.4822796745606931	No data	No data	No data	0.03495602086266821	No data	No data	gamma-aminobutyric acid type A receptor subunit rho1
PRKAG2	0.29403333490149847	0.46328004851082577	No data	No data	No data	0.40764921077999855	No data	No data	protein kinase AMP-activated non-catalytic subunit gamma 2
PHACTR1	0.2935968282264417	0.4814246617206341	No data	No data	No data	0.030396539880581056	No data	No data	phosphatase and actin regulator 1
ALMS1	0.2895235908603454	0.37912699398430416	No data	No data	No data	0.10510110272708909	No data	No data	ALMS1 centrosome and basal body associated protein
FGF5	0.2895066529374202	0.4762164609439192	No data	No data	No data	No data	No data	No data	fibroblast growth factor 5
UBE2Q2	0.2894310121135303	0.4700319308756909	No data	No data	No data	0.07193847771737516	0.08922947636815642	No data	ubiquitin conjugating enzyme E2 Q2
CNKSR3	0.28794266708190847	0.47075615168124435	No data	No data	No data	0.057753425773104	No data	No data	CNKSR family member 3
SLC6A13	0.28789722535988754	0.47235321319248275	No data	No data	No data	0.024317231904464845	No data	No data	solute carrier family 6 member 13
IKBKB	0.2872456759466099	No data	No data	0.46945767148897405	No data	0.06079307976116211	No data	No data	inhibitor of nuclear factor kappa B kinase subunit beta
PIP5K1B	0.2866527338746621	0.4648854029186819	No data	No data	No data	0.13273155747853727	No data	No data	phosphatidylinositol-4-phosphate 5-kinase type 1 beta
SLC13A3	0.28633829508550745	0.46690121997688344	No data	No data	No data	0.08207065767756885	No data	No data	solute carrier family 13 member 3
CLXN	0.281645372971367	0.46328525233113327	No data	No data	No data	No data	No data	No data	calaxin
APRT	0.28019116544573924	0.45333061838566574	No data	No data	No data	0.15125145976595825	No data	No data	adenine phosphoribosyltransferase
CFH	0.27949844342366476	0.4377101742803672	No data	No data	No data	0.4408708393563154	No data	No data	complement factor H
PSMB5	0.27718489101352634	No data	No data	0.4559480982087158	No data	No data	No data	No data	proteasome 20S subunit beta 5
GNG7	0.26884501052651405	0.44222962808057426	No data	No data	No data	No data	No data	No data	G protein subunit gamma 7
GRAMD2B	0.26861022889818964	0.4418434301296779	No data	No data	No data	No data	No data	No data	GRAM domain containing 2B
STC1	0.26855898366301306	0.43224721910153785	No data	No data	No data	0.1902383301496851	No data	No data	stanniocalcin 1
NPHS1	0.2670574212056028	0.40505616036132447	No data	No data	No data	0.6588369180796093	0.05810279038074428	No data	NPHS1 adhesion molecule, nephrin
AXDND1	0.26609749537298527	0.4377101742803672	No data	No data	No data	No data	No data	No data	axonemal dynein light chain domain containing 1
NMT2	0.26605565022883015	0.43216996501715893	No data	No data	No data	0.1094275435700918	No data	No data	N-myristoyltransferase 2
MPPED2	0.26582068666811864	0.4352875133708675	No data	No data	No data	0.039346632178752144	No data	No data	metallophosphoesterase domain containing 2
SLC34A1	0.26463490171144566	0.4293387595023136	No data	No data	No data	0.09769548196088185	0.04863533247225307	No data	solute carrier family 34 member 1
PPAT	0.2638363852898101	No data	No data	0.42555155832813474	No data	0.16878523117022645	No data	No data	phosphoribosyl pyrophosphate amidotransferase
AQP4	0.2618615684950012	0.4257269671328541	No data	No data	No data	0.10030858160591748	No data	No data	aquaporin 4
ZNF808	0.26025237301159837	0.4280953918341568	No data	No data	No data	No data	No data	No data	zinc finger protein 808
ABCC8	0.2596016161215479	No data	No data	0.42555155832813474	No data	0.029467756717563298	No data	No data	ATP binding cassette subfamily C member 8
KCNJ11	0.25943992493512336	No data	No data	0.42555155832813474	No data	0.024148362238461615	No data	No data	potassium inwardly rectifying channel subfamily J member 11
AR	0.25939372745328776	No data	No data	0.42555155832813474	No data	0.02262853524443256	No data	No data	androgen receptor
HRH1	0.2592505645344458	No data	No data	0.42555155832813474	No data	0.012158615952232422	0.01251486331851796	No data	histamine receptor H1
CYSLTR1	0.25870589827929125	No data	No data	0.42555155832813474	No data	No data	No data	No data	cysteinyl leukotriene receptor 1
SLC13A5	0.25870589827929125	0.42555155832813474	No data	No data	No data	No data	No data	No data	solute carrier family 13 member 5
HCN4	0.25870589827929125	No data	No data	0.42555155832813474	No data	No data	No data	No data	hyperpolarization activated cyclic nucleotide gated potassium channel 4
TFCP2L1	0.25870589827929125	0.42555155832813474	No data	No data	No data	No data	No data	No data	transcription factor CP2 like 1
LARP4B	0.25533559377737414	0.4173190268312802	No data	No data	No data	No data	0.05377273017751292	No data	La ribonucleoprotein 4B
PTPN22	0.2552125668596268	0.4198052934022769	No data	No data	No data	No data	No data	No data	protein tyrosine phosphatase non-receptor type 22
HLA-DOB	0.2533589403262655	0.4152363915124807	No data	No data	No data	0.030396539880581056	No data	No data	major histocompatibility complex, class II, DO beta
SLITRK3	0.25197688234440146	0.41448283807029274	No data	No data	No data	No data	No data	No data	SLIT and NTRK like family member 3
HLA-DMA	0.24661732751331783	0.40566677734078255	No data	No data	No data	No data	No data	No data	major histocompatibility complex, class II, DM alpha
APOL2	0.24603987531362187	0.4041089815224077	No data	No data	No data	0.012158615952232422	No data	No data	apolipoprotein L2
VEGFA	0.24330597862037598	0.3507899979882771	No data	0.030396539880581056	No data	0.9210493708908808	No data	No data	vascular endothelial growth factor A
RGS14	0.24298358836776168	0.3939986446231182	No data	No data	No data	0.11381815488617571	No data	No data	regulator of G protein signaling 14
AFF3	0.24020413145753639	0.39142079081471004	No data	No data	No data	0.0464137243113958	0.05330699784743922	No data	ALF transcription elongation factor 3
ASXL1	0.23369740691953217	0.3822867312220096	No data	No data	No data	0.04255515583281348	No data	No data	ASXL transcriptional regulator 1
UNCX	0.22233965679693152	0.364212025497139	No data	No data	No data	0.030396539880581056	No data	No data	UNC homeobox
INS-IGF2	0.21984727506979643	0.3616320738043061	No data	No data	No data	No data	No data	No data	INS-IGF2 readthrough
SDCCAG8	0.21956948239904658	0.35920779434564415	No data	No data	No data	0.039346632178752144	No data	No data	SHH signaling and ciliogenesis regulator SDCCAG8
PSD4	0.21610272095010427	0.3554725666130215	No data	No data	No data	No data	No data	No data	pleckstrin and Sec7 domain containing 4
SLC7A9	0.21470213373337124	0.3490585208926092	No data	No data	No data	0.08220372199636201	No data	No data	solute carrier family 7 member 9
SCAF8	0.2114022177289775	0.34161881124846866	No data	No data	No data	0.08966979264771412	0.07372326857413572	No data	SR-related CTD associated factor 8
WDR37	0.2113249223034533	0.3460936236383224	No data	No data	No data	0.030396539880581056	No data	No data	WD repeat domain 37
RND3	0.21131478030412965	0.3466705697866537	No data	No data	No data	No data	0.018523960538475978	No data	Rho family GTPase 3
RNF32	0.20486699477944925	0.33699065022583263	No data	No data	No data	No data	No data	No data	ring finger protein 32
SEC61A1	0.18534429712437792	0.3039653988058105	No data	No data	No data	0.01823792392834863	No data	No data	SEC61 translocon subunit alpha 1
GCKR	0.18460359176992513	0.29569136679167685	No data	No data	No data	0.15935048293062615	No data	No data	glucokinase regulator
FN1	0.18377401632601167	0.2901315957668261	No data	No data	No data	0.2432541311676199	No data	No data	fibronectin 1
TLK1	0.18276840044080528	0.2994936166095807	No data	No data	No data	No data	0.022930478879904032	No data	tousled like kinase 1
DDX1	0.1776093389704645	0.29215387617840494	No data	No data	No data	No data	No data	No data	DEAD-box helicase 1
TFDP2	0.17477369481347152	0.2854492579895898	No data	No data	No data	0.04080397739636	No data	No data	transcription factor Dp-2
CDCA7	0.17261531071768996	0.2833311481170347	No data	No data	No data	0.012158615952232422	No data	No data	cell division cycle associated 7
DAB2	0.17257776083763118	0.2681552137384755	No data	No data	No data	0.3144419694950594	No data	No data	DAB adaptor protein 2
NRIP1	0.17151048450386183	0.28151379288816875	No data	No data	No data	0.012158615952232422	No data	No data	nuclear receptor interacting protein 1
MGAT4C	0.16882268865027253	0.2770925728016904	No data	No data	No data	0.012158615952232422	No data	No data	MGAT4 family member C
CFHR1	0.16651625674960732	0.2647876362930616	No data	No data	No data	0.18237923928348632	No data	No data	complement factor H related 1
APOA1	0.1592771719642156	0.24317231904464845	No data	No data	No data	0.37653068853559507	No data	No data	apolipoprotein A1
SH2B3	0.15316210708330105	0.2485668644997532	No data	No data	No data	0.06746343156828963	No data	No data	SH2B adaptor protein 3
EHHADH	0.14833498112053492	0.24317231904464845	No data	No data	No data	0.01654922726831635	No data	No data	enoyl-CoA hydratase and 3-hydroxyacyl CoA dehydrogenase
RPGRIP1L	0.1481128957612067	0.2386190377753037	No data	No data	No data	0.10030858160591746	No data	No data	RPGRIP1 like
PAX8	0.14770053863389732	0.22808369772505713	No data	No data	No data	0.29744945935348455	No data	No data	paired box 8
RSBN1L	0.13714105314847896	0.22558661888370402	No data	No data	No data	No data	No data	No data	round spermatid basic protein 1 like
RBM43	0.13648513280042313	0.2245076797172187	No data	No data	No data	No data	No data	No data	RNA binding motif protein 43
APOL4	0.13014920234179503	0.21408555521962774	No data	No data	No data	No data	No data	No data	apolipoprotein L4
HLA-DQA2	0.12798391792882544	0.18475403056200543	No data	No data	No data	0.5153959243009794	No data	No data	major histocompatibility complex, class II, DQ alpha 2
PHTF2	0.12755755974093008	0.2086079684179717	No data	No data	No data	No data	0.02429063029389033	No data	putative homeodomain transcription factor 2
TET2	0.12710768156125285	0.20564620304113912	No data	No data	No data	0.06872562893207232	No data	No data	tet methylcytosine dioxygenase 2
ACTN4	0.12507698345811805	0.19453785523571876	No data	No data	No data	0.22408570139145903	No data	No data	actinin alpha 4
IL6	0.1234035208362653	No data	No data	0.06079307976116211	No data	0.9389557571163047	No data	No data	interleukin 6
WT1	0.12317376185719164	0.19453785523571876	No data	No data	No data	0.16147260107137032	No data	No data	WT1 transcription factor
GANAB	0.12219233945512953	0.19453785523571876	No data	No data	No data	0.1291852944924695	No data	No data	glucosidase II alpha subunit
COL4A1	0.12093209148874949	0.19453785523571876	No data	No data	No data	0.08072869715861955	0.0157417945440471	No data	collagen type IV alpha 1 chain
ANLN	0.1204830326272128	0.19453785523571876	No data	No data	No data	0.07295169571339452	No data	No data	anillin, actin binding protein
FGF23	0.12024002539346738	No data	No data	No data	No data	0.9889285578708514	No data	No data	fibroblast growth factor 23
AFG2B	0.1194540886277124	0.19244847677234242	No data	No data	No data	0.08088857001554625	No data	No data	AFG2 AAA ATPase homolog B
TGFB1	0.11932619706861425	No data	No data	0.06079307976116211	No data	0.9054213171465777	No data	No data	transforming growth factor beta 1
ETFB	0.1192818980994875	0.19453785523571876	No data	No data	No data	0.03343619386863916	No data	No data	electron transfer flavoprotein subunit beta
BCAS3	0.11925361257464413	0.19494727579336776	No data	No data	No data	0.024317231904464845	No data	No data	BCAS3 microtubule associated cell migration factor
KL	0.11913693943166682	No data	No data	No data	No data	0.9798560946387347	No data	No data	klotho
SOX17	0.11881992328113164	0.19453785523571876	No data	No data	No data	0.01823792392834863	No data	No data	SRY-box transcription factor 17
NAT8	0.11866019153177669	0.18823883475938283	No data	No data	No data	0.13896340147983277	No data	No data	N-acetyltransferase 8 (putative)
CEL	0.11863513335378928	0.19453785523571876	No data	No data	No data	0.012158615952232422	No data	No data	carboxyl ester lipase
NPPB	0.11860224357367355	No data	No data	No data	No data	0.9754584242123151	No data	No data	natriuretic peptide B
CCR2	0.1184902470070749	No data	No data	0.17795485403420175	No data	0.3335764456177509	0.012320220580454367	No data	C-C motif chemokine receptor 2
ZNF423	0.11826555349910459	0.19453785523571876	No data	No data	No data	No data	No data	No data	zinc finger protein 423
DSTYK	0.11826555349910459	0.19453785523571876	No data	No data	No data	No data	No data	No data	dual serine/threonine and tyrosine protein kinase
ARHGDIA	0.11826555349910459	0.19453785523571876	No data	No data	No data	No data	No data	No data	Rho GDP dissociation inhibitor alpha
FREM1	0.11826555349910459	0.19453785523571876	No data	No data	No data	No data	No data	No data	FRAS1 related extracellular matrix 1
TBX18	0.11826555349910459	0.19453785523571876	No data	No data	No data	No data	No data	No data	T-box transcription factor 18
NHERF1	0.11826555349910459	0.19453785523571876	No data	No data	No data	No data	No data	No data	NHERF family PDZ scaffold protein 1
PASK	0.11826555349910459	0.19453785523571876	No data	No data	No data	No data	No data	No data	PAS domain containing serine/threonine kinase
ALB	0.11787160818870791	No data	No data	No data	No data	0.9358599744445517	0.1343570044939043	No data	albumin
LCN2	0.11691779041354745	No data	No data	No data	No data	0.961604436499044	No data	No data	lipocalin 2
IDI1	0.11689332568171318	0.19136874847720697	No data	No data	No data	0.01823792392834863	No data	No data	isopentenyl-diphosphate delta isomerase 1
PTH	0.11654288363960202	No data	No data	No data	No data	0.9585209706225138	No data	No data	parathyroid hormone
GSTM1	0.11536354186265126	No data	No data	No data	No data	0.9488213322624897	No data	No data	glutathione S-transferase mu 1
ADIPOQ	0.11532050838900273	No data	No data	No data	No data	0.9484673982800561	No data	No data	adiponectin, C1Q and collagen domain containing
LEP	0.11475068248413624	No data	No data	No data	No data	0.9437807965557713	No data	No data	leptin
EPO	0.11401627378230414	No data	No data	No data	No data	0.9377405638128558	No data	No data	erythropoietin
CD4	0.11316063034522232	No data	No data	No data	No data	0.9307032214011587	No data	No data	CD4 molecule
NMI	0.11289728450010139	0.1843997039974091	No data	No data	No data	No data	0.026155127285311507	No data	N-myc and STAT interactor
AVPR2	0.11289465678348097	No data	No data	0.1654922726831635	No data	0.4042173056840255	No data	No data	arginine vasopressin receptor 2
TNFRSF11B	0.11279336980053732	No data	No data	No data	No data	0.9276826428572862	No data	No data	TNF receptor superfamily member 11b
SOST	0.1120646320145166	No data	No data	No data	No data	0.9057759660863043	0.06365234063025448	No data	sclerostin
AGT	0.11145217623897628	No data	No data	No data	No data	0.9166518350183825	No data	No data	angiotensinogen
JAK2	0.110417535112002	No data	No data	0.1587374860430344	No data	0.4578194974055883	No data	No data	Janus kinase 2
GGTLC4P	0.11038148737406756	No data	No data	No data	No data	0.9078458256081409	No data	No data	gamma-glutamyltransferase light chain 4 pseudogene
GGTLC3	0.11038148737406756	No data	No data	No data	No data	0.9078458256081409	No data	No data	gamma-glutamyltransferase light chain family member 3
GGTLC5P	0.11038148737406756	No data	No data	No data	No data	0.9078458256081409	No data	No data	gamma-glutamyltransferase light chain 5 pseudogene
GDF15	0.11014606751693368	No data	No data	No data	No data	0.9059095866640147	No data	No data	growth differentiation factor 15
ACE2	0.10988393845765872	No data	No data	No data	No data	0.9037536746728406	No data	No data	angiotensin converting enzyme 2
HAMP	0.10980906598669639	No data	No data	No data	No data	0.9031378770256704	No data	No data	hepcidin antimicrobial peptide
NLRP3	0.1093159986716299	No data	No data	No data	No data	0.8990825855599016	No data	No data	NLR family pyrin domain containing 3
TNNT2	0.10895562582247723	No data	No data	No data	No data	0.896118655696762	No data	No data	troponin T2, cardiac type
FGF21	0.10890419317612861	No data	No data	No data	No data	0.8956956417077463	No data	No data	fibroblast growth factor 21
PON1	0.10874938214728744	No data	No data	No data	No data	0.8944223797719358	No data	No data	paraoxonase 1
RBP4	0.10840028452451175	No data	No data	No data	No data	0.8915511843649324	No data	No data	retinol binding protein 4
TNF	0.10791218720527032	No data	No data	0.12158615952232422	No data	0.7355540698249834	No data	No data	tumor necrosis factor
BTF3P11	0.10785743147987559	No data	No data	No data	No data	0.8870864241753773	No data	No data	basic transcription factor 3 pseudogene 11
CRP	0.10739974287275574	No data	No data	No data	No data	0.8833221091503944	No data	No data	C-reactive protein
TMEM60	0.1073330494095238	0.1765547161473039	No data	No data	No data	No data	No data	No data	transmembrane protein 60
CCL2	0.10720798738749598	No data	No data	No data	No data	0.8789662410507161	0.011115008145443334	No data	C-C motif chemokine ligand 2
BDNF	0.1071255029646091	No data	No data	No data	No data	0.8810665900253225	No data	No data	brain derived neurotrophic factor
APOE	0.10651799503213312	No data	No data	No data	No data	0.876070067930516	No data	No data	apolipoprotein E
APOB	0.106213558829642	No data	No data	No data	No data	0.8735661957489521	No data	No data	apolipoprotein B
WFDC2	0.1060844448362982	No data	No data	No data	No data	0.8635951384849087	0.03563657475568325	No data	WAP four-disulfide core domain 2
PABIR1	0.1056178748637719	0.17221355726403625	No data	No data	No data	0.030396539880581056	No data	No data	PP2A Aalpha (PPP2R1A) and B55A (PPP2R2A) interacting phosphatase regulator 1
TNNI3	0.10346539151999101	No data	No data	No data	No data	0.8509635630114125	No data	No data	troponin I3, cardiac type
PTX3	0.10249130885662835	No data	No data	No data	No data	0.8429521029308447	No data	No data	pentraxin 3
ANGPT2	0.10242769281163216	No data	No data	No data	No data	0.8424288851135692	No data	No data	angiopoietin 2
MAP3K5	0.10228559143300364	No data	No data	0.1587374860430344	No data	0.1902909000406793	No data	No data	mitogen-activated protein kinase kinase kinase 5
PRNP	0.1019270251719265	No data	No data	No data	No data	0.8289963130522154	0.03725908324403516	No data	prion protein
PAH	0.10190126253009386	No data	No data	0.1654922726831635	No data	0.01654922726831635	0.03519611787882775	No data	phenylalanine hydroxylase
GPT	0.10187567441021685	No data	No data	No data	No data	0.8378887433442753	No data	No data	glutamic--pyruvic transaminase
CCR5	0.10184612297117542	No data	No data	0.15198269940290526	No data	0.31092878785318206	No data	No data	C-C motif chemokine receptor 5
JAK1	0.1018315926539682	No data	No data	0.1587374860430344	No data	0.1753550296811231	No data	No data	Janus kinase 1
SLC22A12	0.10178293029318214	No data	No data	0.14977050677826298	No data	0.3530936972083701	No data	No data	solute carrier family 22 member 12
AKT1	0.10120631301880134	No data	No data	No data	No data	0.8323835000333162	No data	No data	AKT serine/threonine kinase 1
FABP1	0.1010663693102177	No data	No data	No data	No data	0.823800208942709	0.029729228877223967	No data	fatty acid binding protein 1
GSK3B	0.10085582426440866	No data	No data	No data	No data	0.8295008630969277	No data	No data	glycogen synthase kinase 3 beta
AHR	0.10075225970463396	No data	No data	No data	No data	0.828649083912672	No data	No data	aryl hydrocarbon receptor
CD8A	0.10072458433027347	No data	No data	No data	No data	0.828421464465942	No data	No data	CD8 subunit alpha
IDO1	0.10070696705014179	No data	No data	No data	No data	0.8282765690255326	No data	No data	indoleamine 2,3-dioxygenase 1
AOPEP	0.10000837335029124	No data	No data	No data	No data	0.8225309010761943	No data	No data	aminopeptidase O (putative)
GCG	0.09795308765133974	No data	No data	No data	No data	0.8056269565234088	No data	No data	glucagon
MIF	0.097838862147382	No data	No data	No data	No data	0.8046874951208405	No data	No data	macrophage migration inhibitory factor
ACSM5	0.09783082766781742	0.14937359776074652	No data	No data	No data	0.231013703092416	No data	No data	acyl-CoA synthetase medium chain family member 5
APLN	0.0977364501145747	No data	No data	No data	No data	0.803845195033317	No data	No data	apelin
MBL2	0.09767609452723934	No data	No data	No data	No data	0.8033487932424183	No data	No data	mannose binding lectin 2
TRBV20OR9-2	0.097662270686056	No data	No data	No data	No data	0.8032350973971212	No data	No data	T cell receptor beta variable 20/OR9-2 (non-functional)
IGF2	0.09759796296705382	0.1376665893851062	No data	No data	No data	0.4574929755928802	No data	No data	insulin like growth factor 2
FNDC5	0.09734678975859146	No data	No data	No data	No data	0.8006403865459522	No data	No data	fibronectin type III domain containing 5
KIT	0.09708007157248463	No data	No data	0.12158615952232422	No data	0.646464031326014	No data	No data	KIT proto-oncogene, receptor tyrosine kinase
SIRT1	0.0969895347298622	No data	No data	No data	No data	0.7831084030390704	0.058374786131983235	No data	sirtuin 1
ENG	0.09657288329606602	No data	No data	No data	No data	0.7862050914125466	0.03228083321889918	No data	endoglin
NFKB1	0.09656321367792456	No data	No data	No data	No data	0.7941957707792782	No data	No data	nuclear factor kappa B subunit 1
GH1	0.09655814229524604	No data	No data	No data	No data	0.7941540605821764	No data	No data	growth hormone 1
IL17A	0.09643137718964673	No data	No data	No data	No data	0.7931114657169605	No data	No data	interleukin 17A
EGF	0.09630854792007092	No data	No data	No data	No data	0.7921012416087366	No data	No data	epidermal growth factor
SLC9A3	0.09611344234528002	No data	No data	0.15198269940290526	No data	0.12233230126564974	No data	No data	solute carrier family 9 member A3
NOS3	0.0957552049015507	No data	No data	No data	No data	0.7875502053666664	No data	No data	nitric oxide synthase 3
CYP3A4	0.0957188697027194	No data	No data	No data	No data	0.7872513621515007	No data	No data	cytochrome P450 family 3 subfamily A member 4
RETN	0.09534683816344357	No data	No data	No data	No data	0.7841915439885007	No data	No data	resistin
SIRT6	0.09531608320976694	No data	No data	No data	No data	0.7839385961711054	No data	No data	sirtuin 6
AGER	0.09525542711157264	No data	No data	0.12158615952232422	No data	0.6314570233895804	No data	No data	advanced glycosylation end-product specific receptor
SPP1	0.09491373206482889	No data	No data	No data	No data	0.7806294107628422	No data	No data	secreted phosphoprotein 1
CYP11B2	0.09482828535150327	No data	No data	No data	No data	0.763710089960619	0.06486621610515998	No data	cytochrome P450 family 11 subfamily B member 2
IL1R1	0.0945776632188827	No data	No data	0.15198269940290526	No data	0.07180750033663123	No data	No data	interleukin 1 receptor type 1
CDKN2B-AS1	0.09391968589389135	No data	No data	No data	No data	0.7724537584119261	No data	No data	CDKN2B antisense RNA 1
MS4A1	0.09389541538221118	No data	No data	0.15145920343829525	No data	0.012158615952232422	0.05442867259412346	No data	membrane spanning 4-domains A1
LGALS3	0.09370782709307454	No data	No data	No data	No data	0.7707113002106872	No data	No data	galectin 3
KCNN4	0.09367712851220289	No data	No data	No data	No data	0.7704588160382102	No data	No data	potassium calcium-activated channel subfamily N member 4
CD2	0.09364665563355716	No data	No data	0.13678442946261474	No data	0.34514416347110627	No data	No data	CD2 molecule
MPO	0.09360205024436734	No data	No data	No data	No data	0.7698413257898917	No data	No data	myeloperoxidase
IGHA1	0.09349354173872776	No data	No data	No data	No data	0.7689488845279431	No data	No data	immunoglobulin heavy constant alpha 1
SLC6A4	0.09239496367117545	No data	No data	0.15198269940290526	No data	No data	No data	No data	solute carrier family 6 member 4
TXNIP	0.09237433568995775	No data	No data	No data	No data	0.7597438397007438	No data	No data	thioredoxin interacting protein
ANXA9	0.09223634945020824	0.14989799866064912	No data	No data	No data	0.03647584785669726	No data	No data	annexin A9
RARRES2	0.0921925448316081	No data	No data	No data	No data	0.7436105297746327	0.05855259654361587	No data	retinoic acid receptor responder 2
ASAH1	0.09116919766231572	No data	No data	No data	No data	0.7498320369727305	No data	No data	N-acylsphingosine amidohydrolase 1
CX3CL1	0.09096726062225079	No data	No data	No data	No data	0.7481711814867255	No data	No data	C-X3-C motif chemokine ligand 1
NBAS	0.09082010609133458	0.1493921782678879	No data	No data	No data	No data	No data	No data	NBAS subunit of NRZ tethering complex
ICAM1	0.09052337869052472	No data	No data	No data	No data	0.744520421124938	No data	No data	intercellular adhesion molecule 1
IL4	0.09026094256791636	No data	No data	No data	No data	0.7423619836544284	No data	No data	interleukin 4
EPAS1	0.0901062031950317	No data	No data	0.06079307976116211	No data	0.6650979613602019	No data	No data	endothelial PAS domain protein 1
DKK1	0.08999745108092988	No data	No data	No data	No data	0.740194866212594	No data	No data	dickkopf WNT signaling pathway inhibitor 1
BCL2	0.08994932959492906	No data	No data	No data	No data	0.7397990852603056	No data	No data	BCL2 apoptosis regulator
AHSG	0.08951019191472855	No data	No data	No data	No data	0.7361873445660871	No data	No data	alpha 2-HS glycoprotein
MMP2	0.08923100304021414	No data	No data	No data	No data	0.7338911220715924	No data	No data	matrix metallopeptidase 2
SLC22A6	0.08917796561692072	No data	No data	No data	No data	0.7157098421057749	0.07098026918283684	No data	solute carrier family 22 member 6
TBX2	0.08905154208346788	0.14472167606439032	No data	No data	No data	0.012158615952232422	0.029823144750049692	No data	T-box transcription factor 2
HMGB1	0.08896286244204736	No data	No data	No data	No data	0.7255560853150238	0.02451872856153401	No data	high mobility group box 1
C16orf82	0.0887071948300226	No data	No data	No data	No data	0.7295829984146774	No data	No data	chromosome 16 open reading frame 82
RSBN1	0.08860424861399728	0.14574726097459936	No data	No data	No data	No data	No data	No data	round spermatid basic protein 1
BCCIP	0.08832958526964373	No data	No data	No data	No data	0.7264773031458872	No data	No data	BRCA2 and CDKN1A interacting protein
DMP1	0.08830156217280752	No data	No data	No data	No data	0.7262468238138128	No data	No data	dentin matrix acidic phosphoprotein 1
TNFRSF1A	0.08816483104328805	No data	No data	No data	No data	0.7251222621856088	No data	No data	TNF receptor superfamily member 1A
EGFR	0.08795430959092829	No data	No data	0.06079307976116211	No data	0.6473994534662314	No data	No data	epidermal growth factor receptor
SOD1	0.08794867669495147	No data	No data	No data	No data	0.7233444747368912	No data	No data	superoxide dismutase 1
IL18	0.08763179886050701	No data	No data	No data	No data	0.7207382748561697	No data	No data	interleukin 18
CSF2	0.08760873096935404	No data	No data	No data	No data	0.7205485502095191	No data	No data	colony stimulating factor 2
PVT1	0.08727090271325615	No data	No data	No data	No data	0.7177700410648508	No data	No data	Pvt1 oncogene
RENBP	0.08691849098463797	No data	No data	No data	No data	0.7148715883955444	No data	No data	renin binding protein
TIMP1	0.08672230728307058	No data	No data	No data	No data	0.7132580519343376	No data	No data	TIMP metallopeptidase inhibitor 1
AMH	0.08671024026818402	No data	No data	No data	No data	0.7131588053183251	No data	No data	anti-Mullerian hormone
CDKN1A	0.08664373443493668	No data	No data	No data	No data	0.7126118200898366	No data	No data	cyclin dependent kinase inhibitor 1A
HLA-A	0.08654021280014809	No data	No data	No data	No data	0.7091735839257597	0.010347240086139596	No data	major histocompatibility complex, class I, A
STING1	0.08630663627062926	No data	No data	No data	No data	0.7098393156729542	No data	No data	stimulator of interferon response cGAMP interactor 1
TFF3	0.08623213798420673	No data	No data	No data	No data	0.7092265955515586	No data	No data	trefoil factor 3
F2R	0.08543630848295294	No data	No data	No data	No data	0.7026812000527588	No data	No data	coagulation factor II thrombin receptor
EDN1	0.08530964691243793	0.043684814121997984	No data	No data	No data	0.6470334390718049	No data	No data	endothelin 1
DDIT3	0.0846617941743029	No data	No data	No data	No data	0.6963111139204812	No data	No data	DNA damage inducible transcript 3
MB	0.08454170136616189	No data	No data	No data	No data	0.6953233961686185	No data	No data	myoglobin
AZGP1	0.08436885536508164	No data	No data	No data	No data	0.6841593770534845	0.038969705519655805	No data	alpha-2-glycoprotein 1, zinc-binding
TGFBR1	0.0840339957028188	No data	No data	No data	No data	0.6811830324616669	0.039858709537134884	No data	transforming growth factor beta receptor 1
CFB	0.08399419568130732	No data	No data	No data	No data	0.6908203697797141	No data	No data	complement factor B
F11	0.0839769611921654	No data	No data	0.06079307976116211	No data	0.6146872729484102	No data	No data	coagulation factor XI
SIRPA	0.083966066547923	No data	No data	No data	No data	0.6905890183372898	No data	No data	signal regulatory protein alpha
HLA-DRB1	0.08395481705985043	No data	No data	No data	No data	0.6904964955689354	No data	No data	major histocompatibility complex, class II, DR beta 1
DKK3	0.083189910871366	No data	No data	No data	No data	0.6842054325771483	No data	No data	dickkopf WNT signaling pathway inhibitor 3
GUCY1B1	0.0831554673040579	No data	No data	0.13678442946261474	No data	No data	No data	No data	guanylate cyclase 1 soluble subunit beta 1
GUCY1B2	0.0831554673040579	No data	No data	0.13678442946261474	No data	No data	No data	No data	guanylate cyclase 1 soluble subunit beta 2 (pseudogene)
GUCY1A1	0.0831554673040579	No data	No data	0.13678442946261474	No data	No data	No data	No data	guanylate cyclase 1 soluble subunit alpha 1
GUCY1A2	0.0831554673040579	No data	No data	0.13678442946261474	No data	No data	No data	No data	guanylate cyclase 1 soluble subunit alpha 2
MC2R	0.0831554673040579	No data	No data	0.13678442946261474	No data	No data	No data	No data	melanocortin 2 receptor
MMP9	0.08315271262511674	No data	No data	No data	No data	0.6838994911246392	No data	No data	matrix metallopeptidase 9
AOC3	0.08312246022384275	No data	No data	No data	No data	0.6836506766099539	No data	No data	amine oxidase copper containing 3
PPARA	0.08310739835566527	No data	No data	0.12158615952232422	No data	0.3023840034041799	No data	No data	peroxisome proliferator activated receptor alpha
LANCL1	0.08306912379338177	0.1348600082982579	No data	No data	No data	No data	0.03564785291250384	No data	LanC like glutathione S-transferase 1
LCAT	0.08297737159468709	No data	No data	No data	No data	0.6824573777202968	No data	No data	lecithin-cholesterol acyltransferase
TLR9	0.08295253279347586	No data	No data	No data	No data	0.6822530880107706	No data	No data	toll like receptor 9
VEGFC	0.08284322574869354	No data	No data	No data	No data	0.6813540790675507	No data	No data	vascular endothelial growth factor C
WNT1	0.08264084341343643	No data	No data	No data	No data	0.6796895611976533	No data	No data	Wnt family member 1
BMP2	0.08248567764085675	No data	No data	No data	No data	0.6784133816292776	No data	No data	bone morphogenetic protein 2
NQO1	0.082478441408065	No data	No data	No data	No data	0.6783538663619133	No data	No data	NAD(P)H quinone dehydrogenase 1
SEMA3A	0.08241288439503926	No data	No data	No data	No data	0.6778146848195133	No data	No data	semaphorin 3A
C5	0.08236885725997643	No data	No data	0.12158615952232422	No data	0.2780871229503402	No data	No data	complement C5
VEGFB	0.08218415009248466	No data	No data	No data	No data	0.6759334320235271	No data	No data	vascular endothelial growth factor B
TNFRSF1B	0.08168724453504421	No data	No data	No data	No data	0.6718465724714807	No data	No data	TNF receptor superfamily member 1B
SRC	0.08131928520716823	No data	No data	0.12158615952232422	No data	0.2435577963581808	No data	No data	SRC proto-oncogene, non-receptor tyrosine kinase
AQP2	0.0810187017352612	No data	No data	No data	No data	0.6663480617659077	No data	No data	aquaporin 2
FOXO1	0.08058469880537658	No data	No data	No data	No data	0.66277855244355	No data	No data	forkhead box O1
TNFSF13B	0.08054823542086345	No data	No data	0.12158615952232422	No data	0.21819142935279087	No data	No data	TNF superfamily member 13b
MSTN	0.08037699300124423	No data	No data	No data	No data	0.6610702510632911	No data	No data	myostatin
PPARD	0.08029701116305193	No data	No data	No data	No data	0.6604124308105046	No data	No data	peroxisome proliferator activated receptor delta
PTGER4	0.08010021340327292	No data	No data	No data	No data	0.6447663378569052	0.05611002438695499	No data	prostaglandin E receptor 4
HPSE	0.08003242420870146	No data	No data	No data	No data	0.6582363035655129	No data	No data	heparanase
FGF19	0.08002020242739866	No data	No data	No data	No data	0.658135784054486	No data	No data	fibroblast growth factor 19
NPPA	0.07988755962375811	No data	No data	No data	No data	0.6570448473544401	No data	No data	natriuretic peptide A
MFF	0.07958538723084017	0.12966650504265126	No data	No data	No data	0.024908275735476142	No data	No data	mitochondrial fission factor
CEP170	0.07942418738913753	0.1306467573302282	No data	No data	No data	No data	No data	No data	centrosomal protein 170
PPARGC1A	0.07941155607913415	No data	No data	No data	No data	0.6531298989220359	No data	No data	PPARG coactivator 1 alpha
IL2	0.07941104219982062	No data	No data	No data	No data	0.6531256724597843	No data	No data	interleukin 2
CDH1	0.07934680592493254	No data	No data	No data	No data	0.6484413068601542	0.016624186507894732	No data	cadherin 1
CYP2C8	0.07926214885709607	No data	No data	No data	No data	0.6519010812455416	No data	No data	cytochrome P450 family 2 subfamily C member 8
PEBP1	0.07916107855966818	No data	No data	No data	No data	0.6510698164221032	No data	No data	phosphatidylethanolamine binding protein 1
C15orf48	0.07907034214407069	0.13006470877066023	No data	No data	No data	No data	No data	No data	chromosome 15 open reading frame 48
CP	0.07893951474788417	No data	No data	No data	No data	0.649247538190317	No data	No data	ceruloplasmin
TFF2	0.07893363343070967	No data	No data	No data	No data	0.64919916658949	No data	No data	trefoil factor 2
GPX1	0.07887910963290884	No data	No data	No data	No data	0.6487507290533836	No data	No data	glutathione peroxidase 1
TNFSF11	0.07880357805300409	No data	No data	No data	No data	0.6481295104854027	No data	No data	TNF superfamily member 11
CMA1	0.07880022794213272	No data	No data	0.12158615952232422	No data	0.16068463793514456	No data	No data	chymase 1
FYN	0.07848890567223908	No data	No data	0.12158615952232422	No data	0.15044260804895582	No data	No data	FYN proto-oncogene, Src family tyrosine kinase
SMOC2	0.07839466280929447	No data	No data	No data	No data	0.6447663378569052	No data	No data	SPARC related modular calcium binding 2
FGL2	0.07803534906168436	No data	No data	No data	No data	0.6418111187018487	No data	No data	fibrinogen like 2
F8	0.07790178700864413	No data	No data	0.12158615952232422	No data	0.1311272956515066	No data	No data	coagulation factor VIII
SFRP5	0.07774297033220044	No data	No data	No data	No data	0.6394064146579626	No data	No data	secreted frizzled related protein 5
PDGFRB	0.07766984908109716	No data	No data	0.12158615952232422	No data	0.12349689007053684	No data	No data	platelet derived growth factor receptor beta
PNPLA2	0.07745531401197085	No data	No data	No data	No data	0.6370405506372575	No data	No data	patatin like phospholipase domain containing 2
AVP	0.07734989458488085	No data	No data	No data	No data	0.6361735158735627	No data	No data	arginine vasopressin
FGFR1	0.07719687527565607	No data	No data	No data	No data	0.6349149901513427	No data	No data	fibroblast growth factor receptor 1
CORIN	0.0770942142049103	No data	No data	No data	No data	0.6340706418213266	No data	No data	corin, serine peptidase
FBN1	0.07691458558160963	No data	No data	No data	No data	0.632593264593471	No data	No data	fibrillin 1
ARAP1	0.07672888427537392	No data	No data	No data	No data	0.6310659418540633	No data	No data	ArfGAP with RhoGAP domain, ankyrin repeat and PH domain 1
F5	0.0766214494648385	No data	No data	0.12158615952232422	No data	0.08900613486032143	No data	No data	coagulation factor V
ENTPD5	0.07650302991973328	No data	No data	No data	No data	0.6292083755280278	No data	No data	ectonucleoside triphosphate diphosphohydrolase 5 (inactive)
REG1A	0.0764142199805237	No data	No data	No data	No data	0.619751674231847	0.03490509305701103	No data	regenerating family member 1 alpha
CAT	0.07636241936736464	No data	No data	No data	No data	0.6280519071197728	No data	No data	catalase
MYH9	0.07633570065568354	No data	No data	No data	No data	0.627832155860369	No data	No data	myosin heavy chain 9
ABL1	0.07622584502871975	No data	No data	0.12158615952232422	No data	0.07599134970145263	No data	No data	ABL proto-oncogene 1, non-receptor tyrosine kinase
POSTN	0.07621220922178423	No data	No data	No data	No data	0.6268164857019851	No data	No data	periostin
APOC3	0.07614111990796184	No data	No data	No data	No data	0.6190857230057525	0.028584320320816196	No data	apolipoprotein C3
LMAN2	0.07613033211235529	0.12332924284839862	No data	No data	No data	0.01823792392834863	0.029881709315258877	No data	lectin, mannose binding 2
OVOL1	0.07612234770048214	0.12521548176131914	No data	No data	No data	No data	No data	No data	ovo like transcriptional repressor 1
PWAR1	0.07581873265344731	No data	No data	No data	No data	0.6235802903168955	No data	No data	Prader Willi/Angelman region RNA 1
AHCY	0.0757864657263187	No data	No data	No data	No data	0.6191825834574162	0.016529294537943336	No data	adenosylhomocysteinase
EDNRB	0.07573887223963728	No data	No data	0.12158615952232422	No data	0.05997068448772639	No data	No data	endothelin receptor type B
C1QTNF9	0.07558688252439817	No data	No data	No data	No data	0.6216734110309636	No data	No data	C1q and TNF related 9
TFF1	0.07535322592738086	No data	No data	No data	No data	0.619751674231847	No data	No data	trefoil factor 1
BCR	0.07524543850364859	No data	No data	0.12158615952232422	No data	0.024823840902474525	0.03270464575390224	No data	BCR activator of RhoGEF and GTPase
BLK	0.07520950042833682	No data	No data	0.12158615952232422	No data	0.04255515583281348	No data	No data	BLK proto-oncogene, Src family tyrosine kinase
FOXG1	0.07518896821418766	No data	No data	No data	No data	0.6184007169038211	No data	No data	forkhead box G1
RTN3	0.07516843600003852	No data	No data	No data	No data	0.618231847237818	No data	No data	reticulon 3
VEGFD	0.07515405087939074	No data	No data	No data	No data	0.6181135350820242	No data	No data	vascular endothelial growth factor D
FABP2	0.07505895459705765	No data	No data	No data	No data	0.6173314042646129	No data	No data	fatty acid binding protein 2
EPHA2	0.07502471050099448	No data	No data	0.12158615952232422	No data	0.03647584785669726	No data	No data	EPH receptor A2
IL37	0.07502471050099445	No data	No data	No data	No data	0.6170497595757953	No data	No data	interleukin 37
SIRT5	0.0750041782868453	No data	No data	No data	No data	0.6168808899097921	No data	No data	sirtuin 5
ALOX15	0.07498364607269617	No data	No data	No data	No data	0.6167120202437889	No data	No data	arachidonate 15-lipoxygenase
MID1	0.07497978396097739	No data	No data	No data	No data	0.613841235921734	0.011356079677914447	No data	midline 1
LYN	0.07497851301915888	No data	No data	0.12158615952232422	No data	0.03495602086266821	No data	No data	LYN proto-oncogene, Src family tyrosine kinase
YAP1	0.07493217749193791	No data	No data	No data	No data	0.6162887107078973	No data	No data	Yes1 associated transcriptional regulator
AEBP1	0.07483992057365212	No data	No data	No data	No data	0.6155299325817664	No data	No data	AE binding protein 1
SLC6A2	0.07483992057365212	No data	No data	0.12158615952232422	No data	0.030396539880581056	No data	No data	solute carrier family 6 member 2
CYP2D6	0.07481938835950296	No data	No data	No data	No data	0.6153610629157631	No data	No data	cytochrome P450 family 2 subfamily D member 6
HIF1A	0.0745647438364341	No data	No data	No data	No data	0.6132667083932641	No data	No data	hypoxia inducible factor 1 subunit alpha
CD52	0.07456273568263859	No data	No data	0.12158615952232422	No data	0.021277577916406734	No data	No data	CD52 molecule
GIPR	0.07447034071896741	No data	No data	0.12158615952232422	No data	0.01823792392834863	No data	No data	gastric inhibitory polypeptide receptor
RUNX3	0.07444980850481825	No data	No data	No data	No data	0.6123214089277049	No data	No data	RUNX family transcription factor 3
HK2	0.07444980850481825	No data	No data	No data	No data	0.6123214089277049	No data	No data	hexokinase 2
HCK	0.07428555079162506	No data	No data	0.12158615952232422	No data	0.012158615952232422	No data	No data	HCK proto-oncogene, Src family tyrosine kinase
SERPINF1	0.0741452634651988	No data	No data	No data	No data	0.6098166416020824	No data	No data	serpin family F member 1
TWIST1	0.0739744326093378	No data	No data	No data	No data	0.6084116226712094	No data	No data	twist family bHLH transcription factor 1
PTGIR	0.07391597093694036	No data	No data	0.12158615952232422	No data	No data	No data	No data	prostaglandin I2 receptor
FGR	0.07391597093694036	No data	No data	0.12158615952232422	No data	No data	No data	No data	FGR proto-oncogene, Src family tyrosine kinase
AMPD1	0.07391597093694036	No data	No data	No data	No data	0.607930797611621	No data	No data	adenosine monophosphate deaminase 1
PEBP4	0.07391597093694036	No data	No data	No data	No data	0.607930797611621	No data	No data	phosphatidylethanolamine binding protein 4
YES1	0.07391597093694036	No data	No data	0.12158615952232422	No data	No data	No data	No data	YES proto-oncogene 1, Src family tyrosine kinase
CHRNB2	0.07391597093694036	No data	No data	0.12158615952232422	No data	No data	No data	No data	cholinergic receptor nicotinic beta 2 subunit
PRKDC	0.07391597093694036	No data	No data	No data	No data	0.607930797611621	No data	No data	protein kinase, DNA-activated, catalytic subunit
FRK	0.07391597093694036	No data	No data	0.12158615952232422	No data	No data	No data	No data	fyn related Src family tyrosine kinase
LONP1	0.07391597093694036	No data	No data	No data	No data	0.607930797611621	No data	No data	lon peptidase 1, mitochondrial
SRMS	0.07391597093694036	No data	No data	0.12158615952232422	No data	No data	No data	No data	src-related kinase lacking C-terminal regulatory tyrosine and N-terminal myristylation sites
ADAMTS4	0.07391597093694036	No data	No data	No data	No data	0.607930797611621	No data	No data	ADAM metallopeptidase with thrombospondin type 1 motif 4
TACR1	0.07391597093694036	No data	No data	No data	No data	0.607930797611621	No data	No data	tachykinin receptor 1
LCK	0.07391597093694036	No data	No data	0.12158615952232422	No data	No data	No data	No data	LCK proto-oncogene, Src family tyrosine kinase
CHRNA4	0.07391597093694036	No data	No data	0.12158615952232422	No data	No data	No data	No data	cholinergic receptor nicotinic alpha 4 subunit
ABCG2	0.0738480202392789	No data	No data	No data	No data	0.6073719289218918	No data	No data	ATP binding cassette subfamily G member 2 (Junior blood group)
EZH2	0.07375903475800974	No data	No data	No data	No data	0.6066400571231709	No data	No data	enhancer of zeste 2 polycomb repressive complex 2 subunit
CNDP1	0.07360127162833156	No data	No data	No data	No data	0.6053425152787869	No data	No data	carnosine dipeptidase 1
IGF1	0.07347109955612052	No data	No data	No data	No data	0.604271899406697	No data	No data	insulin like growth factor 1
NOX4	0.07346923801015795	No data	No data	No data	No data	0.6042565888979197	No data	No data	NADPH oxidase 4
IFNG	0.073356596508886	No data	No data	No data	No data	0.6033301553160507	No data	No data	interferon gamma
GPR68	0.07333347202152897	No data	No data	No data	No data	0.6031399651871094	No data	No data	G protein-coupled receptor 68
CD28	0.07321041917887162	No data	No data	No data	No data	0.5879837222695341	0.056576720022555343	No data	CD28 molecule
CX3CR1	0.07280340434468324	No data	No data	No data	No data	0.5987803597934677	No data	No data	C-X3-C motif chemokine receptor 1
FOXP3	0.0726239590574517	No data	No data	No data	No data	0.5973044904351744	No data	No data	forkhead box P3
CXCL13	0.0726224414455439	No data	No data	No data	No data	0.5972920086534177	No data	No data	C-X-C motif chemokine ligand 13
LIF	0.07250443592019905	No data	No data	No data	No data	0.5963214580100841	No data	No data	LIF interleukin 6 family cytokine
PHTF1	0.07215438701001167	0.1186884877250581	No data	No data	No data	No data	No data	No data	putative homeodomain transcription factor 1
ANGPT1	0.07172870027655802	No data	No data	No data	No data	0.5899413268612044	No data	No data	angiopoietin 1
IL20	0.07126284664522826	No data	No data	No data	No data	0.5861098576120731	No data	No data	interleukin 20
HAVCR1	0.0710965319428798	No data	No data	No data	No data	0.5847419823292132	No data	No data	hepatitis A virus cellular receptor 1
IL1A	0.07099667903962191	No data	No data	No data	No data	0.5839207301106203	No data	No data	interleukin 1 alpha
VCAM1	0.07082005358333873	No data	No data	No data	No data	0.5824680527912849	No data	No data	vascular cell adhesion molecule 1
CTSS	0.07077812377559616	0.05249078496350894	No data	No data	No data	0.5151493072233656	0.012243668527369703	No data	cathepsin S
OGT	0.07074174198227666	No data	No data	No data	No data	0.5713991193755513	0.04169940091684772	No data	O-linked N-acetylglucosamine (GlcNAc) transferase
AIF1	0.07059005731809598	No data	No data	No data	No data	0.5805764208313122	No data	No data	allograft inflammatory factor 1
GPX4	0.07022131844702689	No data	No data	No data	No data	0.5737461491487067	0.015190137861973652	No data	glutathione peroxidase 4
CDK20	0.07022017239009334	No data	No data	No data	No data	0.57753425773104	No data	No data	cyclin dependent kinase 20
CXCL10	0.0698875395289799	No data	No data	No data	No data	0.5747984787376065	No data	No data	C-X-C motif chemokine ligand 10
THY1	0.06950686789794742	No data	No data	No data	No data	0.5664467358819023	0.020883452873401643	No data	Thy-1 cell surface antigen
MALAT1	0.06948175071689563	No data	No data	No data	No data	0.5714610198222292	No data	No data	metastasis associated lung adenocarcinoma transcript 1
BLOC1S1	0.06948101268072393	No data	No data	No data	No data	0.5714549497549237	No data	No data	biogenesis of lysosomal organelles complex 1 subunit 1
STAT1	0.06942627176137442	No data	No data	No data	No data	0.571004726476513	No data	No data	signal transducer and activator of transcription 1
BSG	0.06942218624778415	No data	No data	No data	No data	0.5661793927394967	0.01916692775545945	No data	basigin (Ok blood group)
PDGFRA	0.06909090061189009	No data	No data	No data	No data	0.5682464261008625	No data	No data	platelet derived growth factor receptor alpha
BCL3	0.06906204191010602	No data	No data	No data	No data	0.5653756417788076	0.010533729826138417	No data	BCL3 transcription coactivator
ANKRD36	0.06874185297135454	No data	No data	No data	No data	0.5653756417788076	No data	No data	ankyrin repeat domain 36
NPIPA2	0.06874185297135454	No data	No data	No data	No data	0.5653756417788076	No data	No data	nuclear pore complex interacting protein family member A2
SMPDL3B	0.06873071597444992	No data	No data	No data	No data	0.5652840442076007	No data	No data	sphingomyelin phosphodiesterase acid like 3B
TJP1	0.06859431917335813	No data	No data	No data	No data	0.5641622323037817	No data	No data	tight junction protein 1
CD19	0.06853142734072463	No data	No data	No data	No data	0.5636449708582307	No data	No data	CD19 molecule
HPGDS	0.06844366841505553	No data	No data	No data	No data	0.5629231870136395	No data	No data	hematopoietic prostaglandin D synthase
NNMT	0.06818748318932748	No data	No data	No data	No data	0.5608161607967205	No data	No data	nicotinamide N-methyltransferase
CDX2	0.0681823501357902	No data	No data	No data	No data	0.5607739433802196	No data	No data	caudal type homeobox 2
IGF2BP3	0.06726353355261573	No data	No data	No data	No data	0.5532170258265752	No data	No data	insulin like growth factor 2 mRNA binding protein 3
GGNBP2	0.06723590360116877	0.10907812899918365	No data	No data	No data	0.030396539880581056	No data	No data	gametogenetin binding protein 2
MMP1	0.06720990280400013	No data	No data	No data	No data	0.5527759332809574	No data	No data	matrix metallopeptidase 1
NRG4	0.06717859746279435	No data	No data	No data	No data	0.5525184587350981	No data	No data	neuregulin 4
EGR1	0.0671612353416076	No data	No data	No data	No data	0.5523756618801356	No data	No data	early growth response 1
TIMP3	0.06714196500427881	No data	No data	No data	No data	0.5522171706718888	No data	No data	TIMP metallopeptidase inhibitor 3
CPT2	0.06713601593200615	No data	No data	No data	No data	0.5521682418111037	No data	No data	carnitine palmitoyltransferase 2
SHBG	0.0665498305991521	No data	No data	No data	No data	0.5473470900027317	No data	No data	sex hormone binding globulin
IL10RA	0.06647944730322926	No data	No data	No data	No data	0.5439291941963976	0.011356079677914447	No data	interleukin 10 receptor subunit alpha
B2M	0.06631773039775678	No data	No data	No data	No data	0.5398744939855087	0.02225463992475021	No data	beta-2-microglobulin
PRDM8	0.06629622548982542	0.10905225685272654	No data	No data	No data	No data	No data	No data	PR/SET domain 8
BMP7	0.06619348440110893	No data	No data	No data	No data	0.5444162778161874	No data	No data	bone morphogenetic protein 7
SERPINA12	0.0658365868045192	No data	No data	No data	No data	0.5414809305859444	No data	No data	serpin family A member 12
ATG4B	0.06560042420653457	No data	No data	No data	No data	0.5395385828803138	No data	No data	autophagy related 4B cysteine peptidase
IGFBP4	0.065460509766576	No data	No data	No data	No data	0.5260843938724872	0.049213783439417326	No data	insulin like growth factor binding protein 4
HDAC1	0.06530474775204345	No data	No data	No data	No data	0.5371067563002757	No data	No data	histone deacetylase 1
PRKCB	0.06530130630144876	No data	No data	No data	No data	0.5370784516757345	No data	No data	protein kinase C beta
PTGDS	0.06512521661934016	No data	No data	No data	No data	0.53563018089557	No data	No data	prostaglandin D2 synthase
GREM1	0.06506980005966688	No data	No data	No data	No data	0.5351744007320136	No data	No data	gremlin 1, DAN family BMP antagonist
TGM2	0.06457160347867856	No data	No data	No data	No data	0.531076923001443	No data	No data	transglutaminase 2
AKT3	0.06441735802726054	No data	No data	No data	No data	0.5298083127252077	No data	No data	AKT serine/threonine kinase 3
CGAS	0.06424227379501964	No data	No data	No data	No data	0.5283683113884703	No data	No data	cyclic GMP-AMP synthase
TLR4	0.06398725533962002	No data	No data	No data	No data	0.5262708814145202	No data	No data	toll like receptor 4
SP3	0.06384212658326803	0.1027682875157098	No data	No data	No data	0.012158615952232422	0.039539430349333514	No data	Sp3 transcription factor
MANBA	0.06373199271896192	No data	No data	No data	No data	0.52417144327402	No data	No data	mannosidase beta
FGFR4	0.06366098731891148	No data	No data	No data	No data	0.5235874508169065	No data	No data	fibroblast growth factor receptor 4
PHOSPHO1	0.0635677350057687	No data	No data	No data	No data	0.5228204859459941	No data	No data	phosphoethanolamine/phosphocholine phosphatase 1
MYO9A	0.0635677350057687	No data	No data	No data	No data	0.5228204859459941	No data	No data	myosin IXA
KIRREL2	0.06321054189393052	0.1033686108453943	No data	No data	No data	0.012158615952232422	No data	No data	kirre like nephrin family adhesion molecule 2
ODC1	0.06319815515108401	No data	No data	No data	No data	0.519780831957936	No data	No data	ornithine decarboxylase 1
CERS2	0.06281054766927727	0.10176920233067387	No data	No data	No data	0.030987583711592354	No data	No data	ceramide synthase 2
HLA-DQA1	0.06266501106921461	No data	No data	No data	No data	0.5153959243009794	No data	No data	major histocompatibility complex, class II, DQ alpha 1
DYRK2	0.06243221594124768	No data	No data	No data	No data	0.5045825620176455	0.035594842960346554	No data	dual specificity tyrosine phosphorylation regulated kinase 2
HIPK2	0.06220248106003007	No data	No data	No data	No data	0.5115917905821278	No data	No data	homeodomain interacting protein kinase 2
NEFL	0.06181180748099004	No data	No data	No data	No data	0.5083786487198066	No data	No data	neurofilament light chain
BMP1	0.06174817018787103	No data	No data	No data	No data	0.5078552561447881	No data	No data	bone morphogenetic protein 1
MDK	0.06158344818902699	No data	No data	No data	No data	0.5017781394076516	0.018889363343623063	No data	midkine
IL22	0.06140084315961693	No data	No data	No data	No data	0.504998623205491	No data	No data	interleukin 22
PINK1	0.06136179194488255	No data	No data	No data	No data	0.5046774417907002	No data	No data	PTEN induced kinase 1
ITPR2	0.0613502558776605	No data	No data	No data	No data	0.5045825620176455	No data	No data	inositol 1,4,5-trisphosphate receptor type 2
TH	0.06128809709643196	0.09823862873449905	No data	No data	No data	0.05151274387636327	No data	No data	tyrosine hydroxylase
MMP7	0.06126262979155553	No data	No data	No data	No data	0.48569820715825046	0.07265465427913674	No data	matrix metallopeptidase 7
GPC4	0.06120653037861645	No data	No data	No data	No data	0.5034004743556229	No data	No data	glypican 4
ADIPOR1	0.061164367271167884	No data	No data	No data	No data	0.503053698804736	No data	No data	adiponectin receptor 1
STAT3	0.06111571009701976	No data	No data	No data	No data	0.5026535120208185	No data	No data	signal transducer and activator of transcription 3
LRG1	0.06105380757246083	No data	No data	No data	No data	0.5021443872585748	No data	No data	leucine rich alpha-2-glycoprotein 1
ALPK1	0.0607218738063532	No data	No data	No data	No data	0.48737687170815647	0.04814994539194086	No data	alpha kinase 1
SMAD3	0.060232519238484904	No data	No data	No data	No data	0.495389602526476	No data	No data	SMAD family member 3
GADD45B	0.0602235596873546	0.09265880064083994	No data	No data	No data	0.1280876416634485	No data	No data	growth arrest and DNA damage inducible beta
TF	0.060144613057871936	No data	No data	No data	No data	0.4946666075658791	No data	No data	transferrin
CASP1	0.05990383350823765	No data	No data	No data	No data	0.48864324260227754	0.01617217833419918	No data	caspase 1
GJB2	0.0591327767495523	No data	No data	No data	No data	0.4863446380892969	No data	No data	gap junction protein beta 2
FTH1	0.05889419242113916	No data	No data	No data	No data	0.48438237257033934	No data	No data	ferritin heavy chain 1
LPA	0.05858810885709799	No data	No data	No data	No data	0.48186495146547276	No data	No data	lipoprotein(a)
HDAC9	0.05846198333455774	No data	No data	No data	No data	0.4808276169280899	No data	No data	histone deacetylase 9
IGFBP5	0.05837656273169574	No data	No data	No data	No data	0.4801250649008066	No data	No data	insulin like growth factor binding protein 5
MTHFR	0.058372704794297174	No data	No data	No data	No data	0.48009333483042915	No data	No data	methylenetetrahydrofolate reductase
SGCB	0.05832688574905961	No data	No data	No data	No data	0.4797164905792613	No data	No data	sarcoglycan beta
USP36	0.058188294898691394	No data	No data	No data	No data	0.4785766334531484	No data	No data	ubiquitin specific peptidase 36
APOC2	0.05815503271176977	No data	No data	No data	No data	0.4783030645942231	No data	No data	apolipoprotein C2
CHD3	0.05765445733081349	No data	No data	No data	No data	0.47418602213706446	No data	No data	chromodomain helicase DNA binding protein 3
GHRL	0.05751129187764294	No data	No data	No data	No data	0.4730085406397213	No data	No data	ghrelin and obestatin prepropeptide
CD79A	0.05730763412217472	No data	No data	No data	No data	0.4713335329228206	No data	No data	CD79a molecule
LGALS1	0.05660867265954686	No data	No data	No data	No data	0.4655848402642657	No data	No data	galectin 1
THBS1	0.05641466012601515	No data	No data	No data	No data	0.46398916083583464	No data	No data	thrombospondin 1
USP47	0.05617613791207468	No data	No data	No data	No data	0.462027406184832	No data	No data	ubiquitin specific peptidase 47
NBR1	0.05617613791207468	No data	No data	No data	No data	0.462027406184832	No data	No data	NBR1 autophagy cargo receptor
RIPK3	0.05608569598672708	No data	No data	No data	No data	0.46128355568652757	No data	No data	receptor interacting serine/threonine kinase 3
ELMO1	0.055733533713107	No data	No data	No data	No data	0.45838715468987123	No data	No data	engulfment and cell motility 1
ACLY	0.05567318875574788	No data	No data	No data	No data	0.4416742863002015	0.06486621610515998	No data	ATP citrate lyase
IGFBP7	0.055579122589683005	No data	No data	No data	No data	0.4571171818242867	No data	No data	insulin like growth factor binding protein 7
KLF4	0.055411805862313986	No data	No data	No data	No data	0.44252640124864645	0.05285865606968159	No data	KLF transcription factor 4
MARCHF1	0.05537747064239908	0.07657738643065566	No data	No data	No data	0.29028695585954906	No data	No data	membrane associated ring-CH-type finger 1
GRP	0.05512529919192116	No data	No data	No data	No data	0.45338465667878675	No data	No data	gastrin releasing peptide
NOD1	0.05506739834802056	No data	No data	No data	No data	0.4529084442206577	No data	No data	nucleotide binding oligomerization domain containing 1
GSTO2	0.05499820478633793	No data	No data	No data	No data	0.4523393534462268	No data	No data	glutathione S-transferase omega 2
PKM	0.05499132007384164	No data	No data	No data	No data	0.4522827292998327	No data	No data	pyruvate kinase M1/2
ORAI1	0.0549797125659377	No data	No data	No data	No data	0.4407554476841817	0.045727257080445886	No data	ORAI calcium release-activated calcium modulator 1
CDK4	0.05481417022060136	No data	No data	No data	No data	0.4508257390146206	No data	No data	cyclin dependent kinase 4
RNASEH2C	0.05472047569147282	0.09001102741702388	No data	No data	No data	No data	No data	No data	ribonuclease H2 subunit C
ATAD2	0.05469781849333586	No data	No data	No data	No data	0.44986879023259957	No data	No data	ATPase family AAA domain containing 2
CD207	0.05469781849333586	No data	No data	No data	No data	0.44986879023259957	No data	No data	CD207 molecule
CA2	0.05447463332553461	No data	No data	No data	No data	0.4480331769631445	No data	No data	carbonic anhydrase 2
SERPINA3	0.054302252817009136	No data	No data	No data	No data	0.446615412727456	No data	No data	serpin family A member 3
WNT5A	0.05428100619928075	No data	No data	No data	No data	0.44644066736324794	No data	No data	Wnt family member 5A
SELE	0.05406579492346502	No data	No data	No data	No data	0.4446706363279621	No data	No data	selectin E
GLI1	0.05401755170269847	No data	No data	No data	No data	0.4442738541534443	No data	No data	GLI family zinc finger 1
DSEL	0.05345095208186997	0.08792275747809263	No data	No data	No data	No data	No data	No data	dermatan sulfate epimerase like
MYH14	0.05343712797383469	No data	No data	No data	No data	0.4395000893504099	No data	No data	myosin heavy chain 14
SLCO1A2	0.053232434369511014	No data	No data	No data	No data	0.43781656216994913	No data	No data	solute carrier organic anion transporter family member 1A2
TIMP2	0.05321052844110307	No data	No data	No data	No data	0.43763639422571926	No data	No data	TIMP metallopeptidase inhibitor 2
SLC6A6	0.05301417693310556	No data	No data	No data	No data	0.43602147762033494	No data	No data	solute carrier family 6 member 6
HLA-B	0.05299170351438982	No data	No data	No data	No data	0.43583664228377994	No data	No data	major histocompatibility complex, class I, B
ITLN1	0.052910468598035415	No data	No data	No data	No data	0.22584167515892206	0.3787080971491303	No data	intelectin 1
TNC	0.052827343445197364	No data	No data	No data	No data	0.43448484311652114	No data	No data	tenascin C
BMP6	0.052697364868784166	No data	No data	No data	No data	0.433415818673905	No data	No data	bone morphogenetic protein 6
CTNS	0.052535734673744054	No data	No data	No data	No data	0.4320864716851103	No data	No data	cystinosin, lysosomal cystine transporter
AKR1B1	0.0525192555804638	No data	No data	No data	No data	0.4319509373994236	No data	No data	aldo-keto reductase family 1 member B
CUBN	0.05239332791237276	No data	No data	No data	No data	0.4255283428006827	0.02154754935633689	No data	cubilin
FRMD3	0.052338162205751486	No data	No data	No data	No data	0.43046151314732306	No data	No data	FERM domain containing 3
CALCA	0.05222667513036726	No data	No data	No data	No data	0.4252021512795486	0.017369692002145505	No data	calcitonin related polypeptide alpha
HP	0.05218899146845998	No data	No data	No data	No data	0.4292346404680843	No data	No data	haptoglobin
LRP2	0.05214500737517521	No data	No data	No data	No data	0.4288728880000602	No data	No data	LDL receptor related protein 2
CD34	0.05206495084225915	No data	No data	No data	No data	0.42821445341152997	No data	No data	CD34 molecule
NEAT1	0.05204712545778416	No data	No data	No data	No data	0.41980042262119843	0.03306969508283336	No data	nuclear paraspeckle assembly transcript 1
GRN	0.051693135422041674	No data	No data	No data	No data	0.4251564127457319	No data	No data	granulin precursor
GSTO1	0.05167198609417561	No data	No data	No data	No data	0.42498246755370384	No data	No data	glutathione S-transferase omega 1
CD5	0.05165616371853741	No data	No data	No data	No data	0.42485233452128984	No data	No data	CD5 molecule
UNC13B	0.051643856960791296	No data	No data	No data	No data	0.4247511161112795	No data	No data	unc-13 homolog B
SLC34A2	0.05144265534042845	No data	No data	No data	No data	0.4230963091731107	No data	No data	solute carrier family 34 member 2
CEP89	0.05125949534055225	0.08431797754273271	No data	No data	No data	No data	No data	No data	centrosomal protein 89
H3P10	0.05125675069077937	No data	No data	No data	No data	0.4215673140113304	No data	No data	H3 histone pseudogene 10
FOXO3	0.05121913095349611	No data	No data	No data	No data	0.4212579059550923	No data	No data	forkhead box O3
LMBR1	0.05098114649835864	0.08386011483321518	No data	No data	No data	No data	No data	No data	limb development membrane protein 1
BAX	0.050968861920726034	No data	No data	No data	No data	0.4191995381790781	No data	No data	BCL2 associated X, apoptosis regulator
SERPINA1	0.050938713721471206	No data	No data	No data	No data	0.4189515806864385	No data	No data	serpin family A member 1
CXCR3	0.05089833226503564	No data	No data	No data	No data	0.4186194585387022	No data	No data	C-X-C motif chemokine receptor 3
CDK5	0.05069579896623696	No data	No data	No data	No data	0.41695369905099094	No data	No data	cyclin dependent kinase 5
ADA	0.05061528312224626	No data	No data	No data	No data	0.41629148680325634	No data	No data	adenosine deaminase
VPS37A	0.05060656950197622	No data	No data	No data	No data	0.3951550184475537	0.08425920854897066	No data	VPS37A subunit of ESCRT-I
NOTCH1	0.05037490505243244	No data	No data	No data	No data	0.41431446844229985	No data	No data	notch receptor 1
MGP	0.050358920493439055	No data	No data	No data	No data	0.414183001513365	No data	No data	matrix Gla protein
CD59	0.049695489512963126	No data	No data	No data	No data	0.40872653358081124	No data	No data	CD59 molecule (CD59 blood group)
TXN	0.049678564342958864	No data	No data	No data	No data	0.40858733048342943	No data	No data	thioredoxin
EPHX2	0.04963798842236112	No data	No data	No data	No data	0.4082536089417906	No data	No data	epoxide hydrolase 2
HAVCR2	0.049551509107178794	No data	No data	No data	No data	0.4075423494076292	No data	No data	hepatitis A virus cellular receptor 2
ROCK1	0.049550891295782565	No data	No data	0.07599134970145263	No data	0.11032207854477481	No data	No data	Rho associated coiled-coil containing protein kinase 1
PACS2	0.04944157167115343	No data	No data	No data	No data	0.4066381557357731	No data	No data	phosphofurin acidic cluster sorting protein 2
FABP4	0.04943389449400192	No data	No data	No data	No data	0.4065750138684614	No data	No data	fatty acid binding protein 4
PRKCA	0.049226674518798454	No data	No data	No data	No data	0.390415855509013	0.05781941095070866	No data	protein kinase C alpha
TFEB	0.04906031898853782	No data	No data	No data	No data	0.4035024971697534	No data	No data	transcription factor EB
CNR2	0.04900157598278621	No data	No data	No data	No data	0.40301935825013957	No data	No data	cannabinoid receptor 2
GCGR	0.048956435803109107	No data	No data	0.07599134970145263	No data	0.06794977620637892	0.05133514366446198	No data	glucagon receptor
IDI2	0.04895162943794458	0.08052171337635952	No data	No data	No data	No data	No data	No data	isopentenyl-diphosphate delta isomerase 2
ROCK2	0.04879162242443503	No data	No data	0.07599134970145263	No data	0.08534328575025023	No data	No data	Rho associated coiled-coil containing protein kinase 2
PHLDA1	0.048779407764843345	No data	No data	No data	No data	0.40119210900716906	No data	No data	pleckstrin homology like domain family A member 1
TNFSF10	0.04876159086821499	No data	No data	No data	No data	0.3958631087173958	0.020729852317864877	No data	TNF superfamily member 10
JAG1	0.04871812096084234	0.07032702891626176	No data	No data	No data	0.1962116149257505	No data	No data	jagged canonical Notch ligand 1
CYP27B1	0.04868709905746784	No data	No data	No data	No data	0.38603705728179033	0.05758339061458998	No data	cytochrome P450 family 27 subfamily B member 1
UCP2	0.048617804811908964	No data	No data	No data	No data	0.3998629860743511	No data	No data	uncoupling protein 2
PSMG2	0.048414960963695935	No data	No data	No data	No data	0.3981946724356118	No data	No data	proteasome assembly chaperone 2
MMP10	0.04834908365992086	No data	No data	No data	No data	0.39765285662340183	No data	No data	matrix metallopeptidase 10
SCD	0.048290397700566715	No data	No data	No data	No data	0.3971701868887486	No data	No data	stearoyl-CoA desaturase
C3	0.048020039618917265	No data	No data	No data	No data	0.38746761592193585	0.0299159135635389	No data	complement C3
SOD3	0.04800774556708973	No data	No data	No data	No data	0.3948454804041665	No data	No data	superoxide dismutase 3
CTLA4	0.047919145854288005	No data	No data	No data	No data	0.3941167814046273	No data	No data	cytotoxic T-lymphocyte associated protein 4
PLN	0.04786697195464576	No data	No data	No data	No data	0.39051110263246497	0.012706273024940415	No data	phospholamban
MAF	0.04767580125432653	No data	No data	No data	No data	0.39211536445949563	No data	No data	MAF bZIP transcription factor
APOA4	0.04766107262278354	No data	No data	No data	No data	0.39199422705700787	No data	No data	apolipoprotein A4
NPY	0.04764386558191042	No data	No data	No data	No data	0.3918527056787464	No data	No data	neuropeptide Y
ATP5MK	0.047609668668651246	No data	No data	No data	No data	0.3915714490505781	No data	No data	ATP synthase membrane subunit k
CXCL8	0.047475529736738964	No data	No data	No data	No data	0.3904682072635255	No data	No data	C-X-C motif chemokine ligand 8
BRD2	0.04730759065911142	0.04803560315536824	No data	0.06079307976116211	No data	0.21359774525325467	0.021503784876420438	No data	bromodomain containing 2
TSTD2	0.04730622139964183	No data	No data	No data	No data	0.3890757104714375	No data	No data	thiosulfate sulfurtransferase like domain containing 2
CPT1A	0.0472624532476281	No data	No data	No data	No data	0.3887157340383823	No data	No data	carnitine palmitoyltransferase 1A
CXCL16	0.047224581644459133	No data	No data	No data	No data	0.388404254480859	No data	No data	C-X-C motif chemokine ligand 16
GAD1	0.047184220780306124	0.07251670729689326	No data	No data	No data	0.10195506084944894	No data	No data	glutamate decarboxylase 1
CNR1	0.04712317633326772	No data	No data	No data	No data	0.3875702342964087	No data	No data	cannabinoid receptor 1
INF2	0.04704914550775112	0.012158615952232422	No data	No data	No data	0.37176308892319515	No data	No data	inverted formin 2
DRD2	0.0470290365086283	No data	No data	0.07599134970145263	No data	0.02735688589252295	No data	No data	dopamine receptor D2
HGF	0.04697792701148526	No data	No data	No data	No data	0.38637561377090557	No data	No data	hepatocyte growth factor
CCN2	0.046957084675866616	No data	No data	No data	No data	0.3862041934735582	No data	No data	cellular communication network factor 2
AKAP1	0.04693664154495713	No data	No data	No data	No data	0.3860360564833794	No data	No data	A-kinase anchoring protein 1
DCDC1	0.04691676560483866	0.07717451688442278	No data	No data	No data	No data	No data	No data	doublecortin domain containing 1
S100A12	0.04691435666689537	No data	No data	No data	No data	0.3731305721744966	0.05088879859049726	No data	S100 calcium binding protein A12
PTPA	0.04676046257681407	No data	No data	No data	No data	0.3845870513594803	No data	No data	protein phosphatase 2 phosphatase activator
SOX6	0.046754520805454156	No data	No data	No data	No data	0.38453818254593075	No data	No data	SRY-box transcription factor 6
PLA2R1	0.04668832482215795	No data	No data	No data	No data	0.38399374571565104	No data	No data	phospholipase A2 receptor 1
STK25	0.04664987898542738	No data	No data	No data	No data	0.37387744053114697	0.039200411095813424	No data	serine/threonine kinase 25
IL33	0.04659645097823927	No data	No data	No data	No data	0.38323811823074966	No data	No data	interleukin 33
CHI3L1	0.046563772902169544	No data	No data	No data	No data	0.3829693534618145	No data	No data	chitinase 3 like 1
MAPK3	0.0464600096848811	No data	No data	No data	No data	0.38211594039493174	No data	No data	mitogen-activated protein kinase 3
FOS	0.04644004447726068	No data	No data	No data	No data	0.35240553486957227	0.11818479709112886	No data	Fos proto-oncogene, AP-1 transcription factor subunit
VWF	0.046286361081271855	No data	No data	No data	No data	0.37349363803114205	0.028776434109956336	No data	von Willebrand factor
HMOX1	0.04624629842343888	No data	No data	No data	No data	0.38035824640836424	No data	No data	heme oxygenase 1
HTR2C	0.04619748183558772	No data	No data	0.07599134970145263	No data	No data	No data	No data	5-hydroxytryptamine receptor 2C
FBLN1	0.04596596855031272	No data	No data	No data	No data	0.3780526396334855	No data	No data	fibulin 1
PRKN	0.045899271898900994	No data	No data	No data	No data	0.37750408499804217	No data	No data	parkin RBR E3 ubiquitin protein ligase
RUNX2	0.04586573733049077	No data	No data	No data	No data	0.36176645334648155	0.06184729023322209	No data	RUNX family transcription factor 2
PLOD1	0.04577184290874213	No data	No data	No data	No data	0.36337803022528925	0.05231199883635443	No data	procollagen-lysine,2-oxoglutarate 5-dioxygenase 1
CAPN6	0.04576247138072912	No data	No data	No data	No data	0.37083778654308885	0.022164664525712034	No data	calpain 6
ACTB	0.045724023009475034	No data	No data	No data	No data	0.3760627294184724	No data	No data	actin beta
FSTL1	0.045612313732336936	No data	No data	No data	No data	0.3751439630261711	No data	No data	follistatin like 1
SOAT1	0.045594393670455015	No data	No data	No data	No data	0.3749965773208217	No data	No data	sterol O-acyltransferase 1
FABP3	0.045509313646513776	No data	No data	No data	No data	0.3742968264258556	No data	No data	fatty acid binding protein 3
APOA5	0.04549122837486972	No data	No data	No data	No data	0.3741480819329371	No data	No data	apolipoprotein A5
FASLG	0.04545970397669422	No data	No data	No data	No data	0.3738888057266703	No data	No data	Fas ligand
ELAVL1	0.04543360406089166	No data	No data	No data	No data	0.37367414382843195	No data	No data	ELAV like RNA binding protein 1
PLG	0.04540956135322981	No data	No data	No data	No data	0.36208829724602803	0.045552417760288344	No data	plasminogen
HLA-DQB2	0.04536092647687604	0.07248752186697442	No data	No data	No data	0.04255515583281348	No data	No data	major histocompatibility complex, class II, DQ beta 2
CD48	0.045335349010236475	No data	No data	No data	No data	0.3706689168770856	0.008788465855045263	No data	CD48 molecule
PGF	0.044846877317741875	No data	No data	No data	No data	0.3688485391259325	No data	No data	placental growth factor
PER2	0.04471916241684891	No data	No data	No data	No data	0.36779813255503074	No data	No data	period circadian regulator 2
PLAU	0.04460939887610668	No data	No data	No data	No data	0.3668953691058564	No data	No data	plasminogen activator, urokinase
CXCR4	0.0444593126971928	No data	No data	No data	No data	0.3656609672668351	No data	No data	C-X-C motif chemokine receptor 4
TP53	0.044390062050836	No data	No data	No data	No data	0.3650914069926325	No data	No data	tumor protein p53
AMBP	0.04428800971780479	No data	No data	No data	No data	0.3642520652992016	No data	No data	alpha-1-microglobulin/bikunin precursor
CXCL12	0.044284486304413985	No data	No data	No data	No data	0.3642230865617808	No data	No data	C-X-C motif chemokine ligand 12
PFN3	0.04413795646468426	0.07169169065604857	No data	No data	No data	0.01823792392834863	No data	No data	profilin 3
CDKN2A	0.04410324829708709	No data	No data	No data	No data	0.3627324727613373	No data	No data	cyclin dependent kinase inhibitor 2A
VIM	0.04406349566747528	No data	No data	No data	No data	0.359184550756072	0.012883886877642376	No data	vimentin
THBD	0.04396012556918777	No data	No data	No data	No data	0.3615553426631288	No data	No data	thrombomodulin
KDM6B	0.04394920438625578	No data	No data	No data	No data	0.36146552007990973	No data	No data	lysine demethylase 6B
GSDME	0.0439467405205579	No data	No data	No data	No data	0.3614452557199893	No data	No data	gasdermin E
HSPA5	0.043817313684354764	No data	No data	No data	No data	0.3603807691311242	No data	No data	heat shock protein family A (Hsp70) member 5
TGFA	0.04381091128999226	No data	No data	0.06079307976116211	No data	0.22545085224980138	No data	No data	transforming growth factor alpha
ATF4	0.04381034731101958	No data	No data	No data	No data	0.36032347335533393	No data	No data	activating transcription factor 4
GTPBP1	0.0436104228527948	No data	No data	No data	No data	0.3586791705908564	No data	No data	GTP binding protein 1
FIS1	0.04360354658944248	No data	No data	No data	No data	0.34860602895930265	0.04006634790464372	No data	fission, mitochondrial 1
BDKRB2	0.04350561438807043	No data	No data	No data	No data	0.3578171607606575	No data	No data	bradykinin receptor B2
IL6R	0.04346678023057472	No data	No data	0.06079307976116211	No data	0.2141294630137396	No data	No data	interleukin 6 receptor
CD44	0.0433994887127513	No data	No data	No data	No data	0.3569443173734162	No data	No data	CD44 molecule (Indian blood group)
GJA1	0.043393430254067195	No data	No data	No data	No data	0.35689448885092717	No data	No data	gap junction protein alpha 1
IL10	0.043286666324099256	No data	No data	No data	No data	0.3560163960615227	No data	No data	interleukin 10
FCN3	0.04327431050717323	No data	No data	No data	No data	0.35591477415838363	No data	No data	ficolin 3
SLX4IP	0.043053849344053936	0.07082031295864542	No data	No data	No data	No data	No data	No data	SLX4 interacting protein
MKKS	0.043053849344053936	0.07082031295864542	No data	No data	No data	No data	No data	No data	MKKS centrosomal shuttling protein 
SNAP25	0.043053849344053936	0.07082031295864542	No data	No data	No data	No data	No data	No data	synaptosome associated protein 25
MKKS	0.043053849344053936	0.07082031295864542	No data	No data	No data	No data	No data	No data	MKKS centrosomal shuttling protein 
MKKS	0.043053849344053936	0.07082031295864542	No data	No data	No data	No data	No data	No data	MKKS centrosomal shuttling protein
MAS1	0.042898022298575415	No data	No data	No data	No data	0.35281994650632076	No data	No data	MAS1 proto-oncogene, G protein-coupled receptor
POMC	0.04255497444046414	No data	No data	No data	No data	0.3499985081167951	No data	No data	proopiomelanocortin
SLC2A2	0.04233865661089848	No data	No data	No data	No data	0.34821937609703635	No data	No data	solute carrier family 2 member 2
NR1H3	0.04226309896032758	No data	No data	No data	No data	0.3475979431077246	No data	No data	nuclear receptor subfamily 1 group H member 3
SLC22A3	0.042259911652828525	0.06777498818289787	No data	No data	No data	0.034787151196664985	No data	No data	solute carrier family 22 member 3
GAST	0.042166762905265	No data	No data	No data	No data	0.34680561563031226	No data	No data	gastrin
C4A	0.04216066381216082	No data	No data	No data	No data	0.3467554529051456	No data	No data	complement C4A (Rodgers blood group)
TTC36	0.042132103434056004	No data	No data	No data	No data	0.34652055463862397	No data	No data	tetratricopeptide repeat domain 36
NAMPT	0.042033410384622424	No data	No data	No data	No data	0.3457088417773797	No data	No data	nicotinamide phosphoribosyltransferase
SMAD7	0.041948105072164774	No data	No data	No data	No data	0.3287906839436103	0.06486621610515998	No data	SMAD family member 7
ADAM10	0.041904892411691624	No data	No data	No data	No data	0.3402163072893742	0.017742091817964534	No data	ADAM metallopeptidase domain 10
CBLN1	0.04168039472277469	No data	No data	No data	No data	0.34280542198655295	No data	No data	cerebellin 1 precursor
TCF21	0.04159557521079267	No data	No data	No data	No data	0.3360506353464238	0.02422871342848053	No data	transcription factor 21
TGFBR2	0.041517926395449885	No data	No data	No data	No data	0.34146918167792656	No data	No data	transforming growth factor beta receptor 2
FGF2	0.041295788920923275	No data	No data	No data	No data	0.3396421852878825	No data	No data	fibroblast growth factor 2
VASH1	0.04119625913053259	No data	No data	No data	No data	0.3388235905499476	No data	No data	vasohibin 1
TIAM2	0.04112697283406207	0.06765074741341891	No data	No data	No data	No data	No data	No data	TIAM Rac1 associated GEF 2
C5AR1	0.041005789318220624	No data	No data	No data	No data	0.33725704865849976	No data	No data	complement C5a receptor 1
KLKB1	0.040977166388166314	No data	No data	0.06079307976116211	No data	0.13222494848052757	No data	No data	kallikrein B1
KLK4	0.04091685646663827	No data	No data	No data	No data	0.3365256097189714	No data	No data	kallikrein related peptidase 4
CDH2	0.04088528181995456	No data	No data	No data	No data	0.3362659202378021	No data	No data	cadherin 2
S100A4	0.040843043074714355	No data	No data	No data	No data	0.33591852259479615	No data	No data	S100 calcium binding protein A4
CRY1	0.04077322539586681	No data	No data	No data	No data	0.31612401475804297	0.07688113574238649	No data	cryptochrome circadian regulator 1
BGLAP	0.0407427355146847	No data	No data	No data	No data	0.33509353099687306	No data	No data	bone gamma-carboxyglutamate protein
EIF2AK3	0.04073901482174139	No data	No data	No data	No data	0.3109888701246128	0.09629623834168079	No data	eukaryotic translation initiation factor 2 alpha kinase 3
MAP3K20	0.04072920447433007	0.06699644866544512	No data	No data	No data	No data	No data	No data	mitogen-activated protein kinase kinase kinase 20
MT-CYB	0.040653784015317204	No data	No data	No data	No data	0.33436193868639164	No data	No data	mitochondrially encoded cytochrome b
HLA-G	0.040520855855347475	No data	No data	No data	No data	0.3332686550388781	No data	No data	major histocompatibility complex, class I, G
MME	0.04049185381565247	No data	No data	No data	No data	0.3262105189972856	0.027278421104701092	No data	membrane metalloendopeptidase
RAN	0.040484950785093274	No data	No data	No data	No data	0.3206834957401301	0.049159414911295975	No data	RAN, member RAS oncogene family
MERTK	0.040452264677028414	No data	No data	No data	No data	0.3282826307102754	0.017687551714532148	No data	MER proto-oncogene, tyrosine kinase
ANGPTL2	0.04039930697899361	No data	No data	No data	No data	0.33226896167878356	No data	No data	angiopoietin like 2
CLOCK	0.04030811588921046	No data	No data	No data	No data	0.33151894958742856	No data	No data	clock circadian regulator
TRPC6	0.039875911720387965	No data	No data	No data	No data	0.3279642343918793	No data	No data	transient receptor potential cation channel subfamily C member 6
NOS2	0.03986990270670065	No data	No data	No data	No data	0.32791481253571636	No data	No data	nitric oxide synthase 2
MTOR	0.03979999460196459	No data	No data	No data	No data	0.3273398449159584	No data	No data	mechanistic target of rapamycin kinase
YY1	0.03979671643106594	No data	No data	No data	No data	0.3273128832049254	No data	No data	YY1 transcription factor
CYP1A2	0.03966842959005814	No data	No data	No data	No data	0.3262577726437251	No data	No data	cytochrome P450 family 1 subfamily A member 2
CCL8	0.03943211727344277	No data	No data	No data	No data	0.32431419355919955	No data	No data	C-C motif chemokine ligand 8
TCF7	0.03940131895221904	No data	No data	No data	No data	0.32406088906019465	No data	No data	transcription factor 7
IGF1R	0.03932171100945669	No data	No data	No data	No data	0.3234061439553644	No data	No data	insulin like growth factor 1 receptor
PRTN3	0.03929578530326719	No data	No data	No data	No data	0.32319291486505225	No data	No data	proteinase 3
PODN	0.03917546459657839	No data	No data	No data	No data	0.3222033227341592	No data	No data	podocan
COX15	0.03917546459657839	No data	No data	No data	No data	0.3222033227341592	No data	No data	cytochrome c oxidase assembly homolog COX15
BRD4	0.03912413406120552	No data	No data	0.06079307976116211	No data	0.07126299905336225	No data	No data	bromodomain containing 4
SOCS2	0.039053468708656405	No data	No data	No data	No data	0.3211999528736317	No data	No data	suppressor of cytokine signaling 2
TMPRSS6	0.03899067466923604	No data	No data	No data	No data	0.3206834957401301	No data	No data	transmembrane serine protease 6
ERBB2	0.03885403278407345	No data	No data	0.06079307976116211	No data	0.06237707722827238	No data	No data	erb-b2 receptor tyrosine kinase 2
VTI1A	0.03885049168020239	0.06390610877559484	No data	No data	No data	No data	No data	No data	vesicle transport through interaction with t-SNAREs 1A
XRCC1	0.03883235872740273	No data	No data	No data	No data	0.3193814072256537	No data	No data	X-ray repair cross complementing 1
PAPPA	0.03874017063543834	No data	No data	No data	No data	0.31862319516988546	No data	No data	pappalysin 1
TRAC	0.03871348977822251	No data	No data	0.06079307976116211	No data	0.057753425773104	No data	No data	T cell receptor alpha constant
RICTOR	0.03860056260040219	No data	No data	No data	No data	0.3174749720860688	No data	No data	RPTOR independent companion of MTOR complex 2
CYP24A1	0.038548739419887706	No data	No data	No data	No data	0.3170487461018114	No data	No data	cytochrome P450 family 24 subfamily A member 1
SLC20A1	0.038436304887208984	No data	No data	No data	No data	0.31612401475804297	No data	No data	solute carrier family 20 member 1
KLK3	0.03842744603029962	No data	No data	No data	No data	0.3160511540233658	No data	No data	kallikrein related peptidase 3
C1S	0.038381276976327164	No data	No data	0.06079307976116211	No data	0.039346632178752144	0.016824368094670538	No data	complement C1s
CCL3	0.03829505687216814	No data	No data	No data	No data	0.31496230346133147	No data	No data	C-C motif chemokine ligand 3
BTN2A1	0.038207986665870435	No data	No data	No data	No data	0.31424618407208704	No data	No data	butyrophilin subfamily 2 member A1
IRF4	0.03815911999619546	No data	No data	No data	No data	0.31384427426699935	No data	No data	interferon regulatory factor 4
ANGPTL8	0.03792266444705609	No data	No data	No data	No data	0.3118995171493444	No data	No data	angiopoietin like 8
DRD3	0.03788193510518194	No data	No data	0.06079307976116211	No data	0.030396539880581056	No data	No data	dopamine receptor D3
ACP5	0.03786801539153963	No data	No data	No data	No data	0.311450049416083	No data	No data	acid phosphatase 5, tartrate resistant
SLC2A10	0.037807577177672115	0.06044964060525609	No data	No data	No data	0.030396539880581056	0.009950670512119737	No data	solute carrier family 2 member 10
ENPP1	0.03780223210843779	No data	No data	No data	No data	0.3109090068882141	No data	No data	ectonucleotide pyrophosphatase/phosphodiesterase 1
HTR5A	0.03771511086522009	No data	No data	0.06079307976116211	No data	0.024908275735476142	No data	No data	5-hydroxytryptamine receptor 5A
DES	0.03760310973743499	No data	No data	No data	No data	0.299197048353613	0.04029701053199723	No data	desmin
IL31	0.03758421800001926	No data	No data	No data	No data	0.309115923618909	No data	No data	interleukin 31
ACTA1	0.03754437398545432	No data	No data	No data	No data	0.30878822172651044	No data	No data	actin alpha 1, skeletal muscle
JAK3	0.03751235525049724	No data	No data	0.06079307976116211	No data	0.01823792392834863	No data	No data	Janus kinase 3
RXFP1	0.03751235525049724	No data	No data	0.06079307976116211	No data	0.01823792392834863	No data	No data	relaxin family peptide receptor 1
BRDT	0.03751235525049724	No data	No data	0.06079307976116211	No data	0.01823792392834863	No data	No data	bromodomain testis associated
EXTL2	0.037512355250497224	No data	No data	No data	No data	0.30852487978789767	No data	No data	exostosin like glycosyltransferase 2
KCNQ1	0.03720557108686893	0.0308261393536354	No data	No data	No data	0.2674690223253762	No data	No data	potassium voltage-gated channel subfamily Q member 1
SNX17	0.03717334562561815	0.05823830132259473	No data	No data	No data	No data	0.05818059088222136	No data	sorting nexin 17
SMN1	0.03705433831332764	No data	No data	No data	No data	0.3047578643729113	No data	No data	survival of motor neuron 1, telomeric
ALCAM	0.03699082444036547	No data	No data	No data	No data	0.3042354868818243	No data	No data	activated leukocyte cell adhesion molecule
RXFP2	0.03695798546847018	No data	No data	0.06079307976116211	No data	No data	No data	No data	relaxin family peptide receptor 2
HTR3C	0.03695798546847018	No data	No data	0.06079307976116211	No data	No data	No data	No data	5-hydroxytryptamine receptor 3C
TRGV3	0.03695798546847018	No data	No data	0.06079307976116211	No data	No data	No data	No data	T cell receptor gamma variable 3
GLP2R	0.03695798546847018	No data	No data	0.06079307976116211	No data	No data	No data	No data	glucagon like peptide 2 receptor
HTR3D	0.03695798546847018	No data	No data	0.06079307976116211	No data	No data	No data	No data	5-hydroxytryptamine receptor 3D
HTR7	0.03695798546847018	No data	No data	0.06079307976116211	No data	No data	No data	No data	5-hydroxytryptamine receptor 7
HTR4	0.03695798546847018	No data	No data	0.06079307976116211	No data	No data	No data	No data	5-hydroxytryptamine receptor 4
HTR3A	0.03695798546847018	No data	No data	0.06079307976116211	No data	No data	No data	No data	5-hydroxytryptamine receptor 3A
EREG	0.03695798546847018	No data	No data	0.06079307976116211	No data	No data	No data	No data	epiregulin
TRBV7-9	0.03695798546847018	No data	No data	0.06079307976116211	No data	No data	No data	No data	T cell receptor beta variable 7-9
HTR3B	0.03695798546847018	No data	No data	0.06079307976116211	No data	No data	No data	No data	5-hydroxytryptamine receptor 3B
ITGAL	0.03695798546847018	No data	No data	0.06079307976116211	No data	No data	No data	No data	integrin subunit alpha L
HTR6	0.03695798546847018	No data	No data	0.06079307976116211	No data	No data	No data	No data	5-hydroxytryptamine receptor 6
BRD3	0.03695798546847018	No data	No data	0.06079307976116211	No data	No data	No data	No data	bromodomain containing 3
HTR1A	0.03695798546847018	No data	No data	0.06079307976116211	No data	No data	No data	No data	5-hydroxytryptamine receptor 1A
F12	0.03695798546847018	No data	No data	0.06079307976116211	No data	No data	No data	No data	coagulation factor XII
TYK2	0.03695798546847018	No data	No data	0.06079307976116211	No data	No data	No data	No data	tyrosine kinase 2
HTR1D	0.03695798546847018	No data	No data	0.06079307976116211	No data	No data	No data	No data	5-hydroxytryptamine receptor 1D
TRAV29DV5	0.03695798546847018	No data	No data	0.06079307976116211	No data	No data	No data	No data	T cell receptor alpha variable 29/delta variable 5
CD58	0.03695798546847018	No data	No data	No data	No data	0.3039653988058105	No data	No data	CD58 molecule
HTR1E	0.03695798546847018	No data	No data	0.06079307976116211	No data	No data	No data	No data	5-hydroxytryptamine receptor 1E
HTR1F	0.03695798546847018	No data	No data	0.06079307976116211	No data	No data	No data	No data	5-hydroxytryptamine receptor 1F
HTR1B	0.03695798546847018	No data	No data	0.06079307976116211	No data	No data	No data	No data	5-hydroxytryptamine receptor 1B
HTR2B	0.03695798546847018	No data	No data	0.06079307976116211	No data	No data	No data	No data	5-hydroxytryptamine receptor 2B
HTR3E	0.03695798546847018	No data	No data	0.06079307976116211	No data	No data	No data	No data	5-hydroxytryptamine receptor 3E
PFN1	0.03693745325432103	No data	No data	No data	No data	0.3037965291398073	No data	No data	profilin 1
GSDMD	0.036884663671517076	No data	No data	No data	No data	0.3033623548636286	No data	No data	gasdermin D
RPL17	0.03687726173604145	No data	No data	No data	No data	0.3033014767546012	No data	No data	ribosomal protein L17
SELENOP	0.03675266332697868	No data	No data	No data	No data	0.3022767021457783	No data	No data	selenoprotein P
RAF1	0.03658840561378548	No data	No data	No data	No data	0.3009257448177524	No data	No data	Raf-1 proto-oncogene, serine/threonine kinase
CETP	0.03644038901846939	No data	No data	No data	No data	0.2997083645180736	No data	No data	cholesteryl ester transfer protein
TUG1	0.03634682238810304	No data	No data	No data	No data	0.2989388145073326	No data	No data	taurine up-regulated 1
LMNB2	0.03623444865028853	0.05960291663564813	No data	No data	No data	No data	No data	No data	lamin B2
PFKP	0.03621882575910078	No data	No data	No data	No data	0.2978860908296943	No data	No data	phosphofructokinase, platelet
ZFP36	0.03616503135803001	No data	No data	No data	No data	0.2974436523047659	No data	No data	ZFP36 ring finger protein
RHOA	0.03610972331010545	No data	No data	No data	No data	0.2969887646091446	No data	No data	ras homolog family member A
BMP4	0.03608750759219949	No data	No data	No data	No data	0.29680604876390987	No data	No data	bone morphogenetic protein 4
ANXA2	0.03595172416856127	No data	No data	No data	No data	0.29252447893409184	0.012659210890705277	No data	annexin A2
CCDC158	0.035925753241779046	0.0590951361288499	No data	No data	No data	No data	No data	No data	coiled-coil domain containing 158
ENTPD1	0.03581165938177976	No data	No data	No data	No data	0.29453730196325884	No data	No data	ectonucleoside triphosphate diphosphohydrolase 1
RHEB	0.03581071615431625	0.05799401265867903	No data	No data	No data	0.01823792392834863	No data	No data	Ras homolog, mTORC1 binding
MIOX	0.035656390653802765	No data	No data	No data	No data	0.28353352568318013	0.03890699977059409	No data	myo-inositol oxygenase
CST4	0.0356548211440165	No data	No data	No data	No data	0.29324736700372533	No data	No data	cystatin S
C1QTNF3	0.035532433840094683	No data	No data	No data	No data	0.29224077789520636	No data	No data	C1q and TNF related 3
SIAH3	0.03547966604973137	No data	No data	No data	No data	0.2918067828535781	No data	No data	siah E3 ubiquitin protein ligase family member 3
LARP1	0.03547966604973137	No data	No data	No data	No data	0.2918067828535781	No data	No data	La ribonucleoprotein 1, translational regulator
SLC28A2	0.03547262379807899	0.058349772601487465	No data	No data	No data	No data	No data	No data	solute carrier family 28 member 2
A2M	0.03545913383558222	No data	No data	No data	No data	0.29163791318757487	No data	No data	alpha-2-macroglobulin
GORASP2	0.03545183174927192	0.0583155712600046	No data	No data	No data	No data	No data	No data	golgi reassembly stacking protein 2
CD68	0.03537276215142164	No data	No data	No data	No data	0.29092753887770356	No data	No data	CD68 molecule
MKI67	0.035100403704990624	No data	No data	No data	No data	0.2886874940609165	No data	No data	marker of proliferation Ki-67
SLCO4C1	0.03497952626663797	No data	No data	No data	No data	0.274767730164261	0.051702371436796506	No data	solute carrier organic anion transporter family member 4C1
WNT10B	0.034873965732331445	No data	No data	No data	No data	0.2868251277064829	No data	No data	Wnt family member 10B
TMOD4	0.034740506340361965	No data	No data	No data	No data	0.28572747487746186	No data	No data	tropomodulin 4
PNPLA3	0.034654548809946666	No data	No data	No data	No data	0.277396520437989	0.03049594554766622	No data	patatin like phospholipase domain containing 3
HNF1A	0.034607463028500776	No data	No data	No data	No data	0.27923778229860197	0.021581847403033413	No data	HNF1 homeobox A
PADI4	0.03459678084131792	No data	No data	No data	No data	0.2845453872154393	No data	No data	peptidyl arginine deiminase 4
ATP6AP2	0.0345378004518196	No data	No data	No data	No data	0.27382120073293914	0.04095638068678433	No data	ATPase H+ transporting accessory protein 2
CUL3	0.03453518419887047	No data	No data	No data	No data	0.2840387782174296	No data	No data	cullin 3
AKR1B10	0.03453518419887047	No data	No data	No data	No data	0.2840387782174296	No data	No data	aldo-keto reductase family 1 member B10
CXCR6	0.034535184198870465	No data	No data	No data	No data	0.2840387782174296	No data	No data	C-X-C motif chemokine receptor 6
MAP2K7	0.034524283269256384	No data	No data	No data	No data	0.28394912221006074	No data	No data	mitogen-activated protein kinase kinase 7
MLKL	0.034406309170769915	No data	No data	No data	No data	0.28297883004070573	No data	No data	mixed lineage kinase domain like pseudokinase
TFRC	0.03437499170613779	No data	No data	No data	No data	0.28272125578426754	No data	No data	transferrin receptor
MFN2	0.03421085728557758	No data	No data	No data	No data	0.2813713124913382	No data	No data	mitofusin 2
PIGR	0.034134806022962046	No data	No data	No data	No data	0.28074581973036666	No data	No data	polymeric immunoglobulin receptor
PECAM1	0.03406903606578666	No data	No data	No data	No data	0.28020488680318334	No data	No data	platelet and endothelial cell adhesion molecule 1
CASP3	0.03406014495223873	No data	No data	No data	No data	0.2801317607699009	No data	No data	caspase 3
CCL4	0.03396799651830988	No data	No data	No data	No data	0.2793738748864181	No data	No data	C-C motif chemokine ligand 4
CTSL	0.033797118376964634	No data	No data	No data	No data	0.27796846705038997	No data	No data	cathepsin L
IL34	0.03371964465286622	No data	No data	No data	No data	0.2611147210574914	0.06486621610515998	No data	interleukin 34
KRT18	0.0336657598775719	No data	No data	No data	No data	0.27250408009374605	0.017536052685720907	No data	keratin 18
IRF1	0.033546545516845536	No data	No data	No data	No data	0.27590760040978274	No data	No data	interferon regulatory factor 1
PLAT	0.03353898289217012	No data	No data	No data	No data	0.2709563612149953	0.019556157912399664	No data	plasminogen activator, tissue type
COL6A3	0.03351883959848754	No data	No data	No data	No data	0.27567972975026983	No data	No data	collagen type VI alpha 3 chain
SIRT3	0.0335087202191168	No data	No data	No data	No data	0.2755965016969248	No data	No data	sirtuin 3
MAPT	0.033496937406104065	No data	No data	No data	No data	0.27549959253342277	No data	No data	microtubule associated protein tau
CD40LG	0.03341467870637932	No data	No data	No data	No data	0.27482304595897783	No data	No data	CD40 ligand
SORBS2	0.03339564631359264	No data	No data	No data	No data	0.27466651175425044	No data	No data	sorbin and SH3 domain containing 2
TRAF6	0.03336512481518251	No data	No data	No data	No data	0.27441548401778737	No data	No data	TNF receptor associated factor 6
RAB3B	0.033262186921623166	No data	No data	No data	No data	0.2735688589252295	No data	No data	RAB3B, member RAS oncogene family
CD5L	0.03320839252055239	No data	No data	No data	No data	0.27312642040030105	No data	No data	CD5 molecule like
SLC20A2	0.03320406818483771	No data	No data	No data	No data	0.2730908543808489	No data	No data	solute carrier family 20 member 2
ATF3	0.033124393048517185	No data	No data	No data	No data	0.263934591703661	0.034003859723411085	No data	activating transcription factor 3
IFNL3	0.03295420370938591	No data	No data	No data	No data	0.27103581393518106	No data	No data	interferon lambda 3
PACSIN2	0.032892607066938466	No data	No data	No data	No data	0.27052920493717136	No data	No data	protein kinase C and casein kinase substrate in neurons 2
TNFRSF13C	0.032892607066938466	No data	No data	No data	No data	0.27052920493717136	No data	No data	TNF receptor superfamily member 13C
REV1	0.03288540064994402	0.04892657519898523	No data	No data	No data	0.10334823559397559	No data	No data	REV1 DNA directed polymerase
APOM	0.03277514863775439	No data	No data	No data	No data	0.26412677125885675	0.02174553077275985	No data	apolipoprotein M
PPIG	0.03275735154178344	No data	No data	No data	No data	0.2694167795946291	No data	No data	peptidylprolyl isomerase G
GAK	0.03272723297323199	No data	No data	No data	No data	0.259890415978968	0.037114599297228296	No data	cyclin G associated kinase
GSTT1	0.03260594365541967	No data	No data	No data	No data	0.2681715072136393	No data	No data	glutathione S-transferase theta 1
KLRB1	0.03252302721225376	No data	No data	No data	No data	0.26748955094911325	No data	No data	killer cell lectin like receptor B1
EIF4B	0.03252302721225376	No data	No data	No data	No data	0.26748955094911325	No data	No data	eukaryotic translation initiation factor 4B
PLCB2	0.03252302721225376	No data	No data	No data	No data	0.26748955094911325	No data	No data	phospholipase C beta 2
MYDGF	0.03242816838288468	No data	No data	No data	No data	0.26670937309217835	No data	No data	myeloid derived growth factor
ADRB3	0.03241010003443343	No data	No data	No data	No data	0.2665607677860955	No data	No data	adrenoceptor beta 3
QPRT	0.03237047286112557	No data	No data	No data	No data	0.2662348493307093	No data	No data	quinolinate phosphoribosyltransferase
RIPK1	0.03236903560613513	No data	No data	No data	No data	0.266223028454089	No data	No data	receptor interacting serine/threonine kinase 1
SUMO4	0.03234808017695964	No data	No data	No data	No data	0.26605067800517435	No data	No data	small ubiquitin like modifier 4
G0S2	0.032338237284911406	No data	No data	No data	No data	0.2659697239550842	No data	No data	G0/G1 switch 2
CD55	0.03230759633077118	No data	No data	No data	No data	0.26571771374059433	No data	No data	CD55 molecule (Cromer blood group)
CFD	0.032239487714957056	No data	No data	No data	No data	0.2601169684211902	0.02016231125130081	No data	complement factor D
LTF	0.03222412486984608	No data	No data	No data	No data	0.25506918701457587	0.039848022604576705	No data	lactotransferrin
TYRO3	0.03219740624766902	No data	No data	No data	No data	0.25447531911602084	0.04134449210572861	No data	TYRO3 protein tyrosine kinase
NEDD4	0.032091850715121606	No data	No data	No data	No data	0.2639432879630455	No data	No data	NEDD4 E3 ubiquitin protein ligase
CLU	0.032078249966014924	No data	No data	No data	No data	0.26002363606948325	0.015231163583580249	No data	clusterin
GFPT1	0.031927593001928406	No data	No data	No data	No data	0.26259233063501963	No data	No data	glutamine--fructose-6-phosphate transaminase 1
APLNR	0.03181684207026426	No data	No data	No data	No data	0.2616814462703909	No data	No data	apelin receptor
PDP1	0.03178386750288435	No data	No data	No data	No data	0.26141024297299703	No data	No data	pyruvate dehydrogenase phosphatase catalytic subunit 1
SLC37A2	0.03178386750288435	No data	No data	No data	No data	0.26141024297299703	No data	No data	solute carrier family 37 member 2
PIMREG	0.03174280307458605	No data	No data	No data	No data	0.2610725036409906	No data	No data	PICALM interacting mitotic regulator
SPON1	0.03173800753973459	No data	No data	No data	No data	0.24773180002673556	0.05320504864320368	No data	spondin 1
LGALS9	0.03169517256167601	No data	No data	No data	No data	0.2606807607559684	No data	No data	galectin 9
IGFBP3	0.03165574671007217	No data	No data	No data	No data	0.25677424262132087	0.014329021895367784	No data	insulin like growth factor binding protein 3
TLR3	0.03161756004607605	No data	No data	No data	No data	0.25374430109518914	0.025192504747059478	No data	toll like receptor 3
DICER1	0.031599077575542006	No data	No data	No data	No data	0.259890415978968	No data	No data	dicer 1, ribonuclease III
KCTD1	0.03158248293337187	0.050126993876671515	No data	No data	No data	0.03647584785669726	No data	No data	potassium channel tetramerization domain containing 1
SLC9A1	0.03141024848212594	No data	No data	No data	No data	0.2583373683775147	No data	No data	solute carrier family 9 member A1
GZMB	0.031144904998562806	No data	No data	No data	No data	0.25615501896697657	No data	No data	granzyme B
S100P	0.031136638839074113	No data	No data	No data	No data	No data	0.2560870329435578	No data	S100 calcium binding protein P
CCR4	0.03104470779351495	No data	No data	No data	No data	0.25533093499688087	No data	No data	C-C motif chemokine receptor 4
VCAN	0.031012910222487294	No data	No data	No data	No data	0.24824077960376809	0.027314529775405084	No data	versican
SLC6A12	0.0309745318784564	0.049712722472739286	No data	No data	No data	No data	0.024760609500809508	No data	solute carrier family 6 member 12
PLA2G7	0.030877572660446575	No data	No data	No data	No data	0.2539563119828388	No data	No data	phospholipase A2 group VII
CYP2C19	0.030835304758234372	No data	No data	No data	No data	0.253608674534808	No data	No data	cytochrome P450 family 2 subfamily C member 19
TGFB2	0.030808495179016644	No data	No data	No data	No data	0.2533881759244147	No data	No data	transforming growth factor beta 2
DHRS2	0.030734260715579807	No data	No data	No data	No data	No data	0.25277762564691203	No data	dehydrogenase/reductase 2
TLR2	0.03068420789505237	No data	No data	No data	No data	0.2523659602014035	No data	No data	toll like receptor 2
COL18A1	0.030667493937490027	No data	No data	No data	No data	0.25222849424616645	No data	No data	collagen type XVIII alpha 1 chain
KDM6A	0.030658865819966106	No data	No data	No data	No data	0.2521575312553308	No data	No data	lysine demethylase 6A
UCHL1	0.03056220076100993	No data	No data	No data	No data	0.251362497845805	No data	No data	ubiquitin C-terminal hydrolase L1
VASH2	0.03055193465393535	No data	No data	No data	No data	0.2512780630128034	No data	No data	vasohibin 2
GRB10	0.030469805797338753	No data	No data	No data	No data	0.2506025843487905	No data	No data	growth factor receptor bound protein 10
GSTA1	0.030436543610417126	No data	No data	No data	No data	0.25032901548986525	No data	No data	glutathione S-transferase alpha 1
ERCC2	0.030320947244757406	No data	No data	No data	No data	0.24937827927026704	No data	No data	ERCC excision repair 2, TFIIH core complex helicase subunit
FLT1	0.03031003378884279	No data	No data	No data	No data	0.24928852023883213	No data	No data	fms related receptor tyrosine kinase 1
UBD	0.030305548084145546	No data	No data	No data	No data	0.24925162702076462	No data	No data	ubiquitin D
TGFB3	0.03004006655519704	No data	No data	No data	No data	0.2470681422393429	No data	No data	transforming growth factor beta 3
KRT90P	0.030024203221187148	No data	No data	No data	No data	0.24693767233987232	No data	No data	keratin 90, pseudogene
TREM1	0.02996307075213772	No data	No data	No data	No data	0.24643488099183078	No data	No data	triggering receptor expressed on myeloid cells 1
NEDD4L	0.029949814903268167	No data	No data	No data	No data	0.2463258566676673	No data	No data	NEDD4 like E3 ubiquitin protein ligase
MAPK8	0.029936370869158343	No data	No data	No data	No data	0.24621528459135	No data	No data	mitogen-activated protein kinase 8
MYO19	0.02988543178135115	0.049159265986790115	No data	No data	No data	No data	No data	No data	myosin XIX
CXCR2	0.02982413493910409	No data	No data	No data	No data	0.2452921866787653	No data	No data	C-X-C motif chemokine receptor 2
FMO5	0.029774987879130934	No data	No data	No data	No data	0.24488797076992963	No data	No data	flavin containing dimethylaniline monoxygenase 5
CEACAM5	0.02959933338321956	No data	No data	No data	No data	0.24344327923101208	No data	No data	CEA cell adhesion molecule 5
PRKAR2B	0.02956638837477615	No data	No data	No data	No data	0.24317231904464845	No data	No data	protein kinase cAMP-dependent type II regulatory subunit beta
PLK2	0.029448824641569116	No data	No data	No data	No data	0.23312457391745636	0.036323312225835395	No data	polo like kinase 2
CYP3A5	0.02942841189569386	No data	No data	No data	No data	0.24203751488910674	No data	No data	cytochrome P450 family 3 subfamily A member 5
CAV1	0.029328896879494946	No data	No data	No data	No data	0.24121904166328997	No data	No data	caveolin 1
SERPINE1	0.02921307540774285	No data	No data	No data	No data	0.24026645403154695	No data	No data	serpin family E member 1
CR1	0.029196808520091447	No data	No data	No data	No data	0.24013266505659034	No data	No data	complement C3b/C4b receptor 1 (Knops blood group)
IL15	0.029145839969979388	No data	No data	No data	No data	0.23971346808291918	No data	No data	interleukin 15
CD2AP	0.02905900529628434	No data	No data	No data	No data	0.23899928585990798	No data	No data	CD2 associated protein
SMAD2	0.029044842073021142	No data	No data	No data	No data	0.23888279872585555	No data	No data	SMAD family member 2
GFAP	0.02899535036903707	No data	No data	No data	No data	0.23847574825087953	No data	No data	glial fibrillary acidic protein
SCNN1G	0.028888825307854193	No data	No data	No data	No data	0.23759962006654192	No data	No data	sodium channel epithelial 1 subunit gamma
UBA52	0.028874863402232758	No data	No data	No data	No data	0.23748478869365966	No data	No data	ubiquitin A-52 residue ribosomal protein fusion product 1
CTSD	0.028866772934805832	No data	No data	No data	No data	0.2374182476707446	No data	No data	cathepsin D
ALPL	0.028837383667127566	No data	No data	No data	No data	0.23717653210218212	No data	No data	alkaline phosphatase, biomineralization associated
LINC00342	0.028827228665406743	No data	No data	No data	No data	0.23709301106853223	No data	No data	long intergenic non-protein coding RNA 342
OMA1	0.028827228665406743	No data	No data	No data	No data	0.23709301106853223	No data	No data	OMA1 zinc metallopeptidase
IL19	0.02872477291680248	No data	No data	No data	No data	0.2362503514351761	No data	No data	interleukin 19
GSN	0.02868554381703425	No data	No data	No data	No data	0.2359277069835185	No data	No data	gelsolin
CSF3	0.02852211785474134	No data	No data	No data	No data	0.23458359049086047	No data	No data	colony stimulating factor 3
ACVRL1	0.028498713239020337	No data	No data	No data	No data	0.23439109641248057	No data	No data	activin A receptor like type 1
XPO5	0.02845764881072204	No data	No data	No data	No data	0.23405335708047412	No data	No data	exportin 5
METTL8	0.028422563515488764	0.04675295876957138	No data	No data	No data	No data	No data	No data	methyltransferase 8, methylcytidine
PTPRC	0.028384923104192536	No data	No data	No data	No data	0.22808138808383854	0.021495310687491137	No data	protein tyrosine phosphatase receptor type C
PTPRB	0.02833445552582714	No data	No data	No data	No data	0.23304013908445476	No data	No data	protein tyrosine phosphatase receptor type B
SLC2A1	0.028274149448973895	No data	No data	No data	No data	0.23254414449847416	No data	No data	solute carrier family 2 member 1
TMPRSS2	0.028250568860284504	No data	No data	No data	No data	0.23235020310924012	No data	No data	transmembrane serine protease 2
LOXL2	0.02816197235623092	No data	No data	No data	No data	0.23162153050043618	No data	No data	lysyl oxidase like 2
ABCB1	0.028113509572188576	No data	No data	No data	No data	0.23122294250133543	No data	No data	ATP binding cassette subfamily B member 1
EDN2	0.02808806895603734	No data	No data	No data	No data	0.231013703092416	No data	No data	endothelin 2
GCM2	0.02808806895603734	No data	No data	No data	No data	0.231013703092416	No data	No data	glial cells missing transcription factor 2
UBE3C	0.02808806895603734	No data	No data	No data	No data	0.231013703092416	No data	No data	ubiquitin protein ligase E3C
DLGAP4	0.02808806895603734	No data	No data	No data	No data	0.231013703092416	No data	No data	DLG associated protein 4
VPS33B	0.02808806895603734	No data	No data	No data	No data	0.231013703092416	No data	No data	VPS33B late endosome and lysosome associated
NID1	0.028067536741888187	No data	No data	No data	No data	0.2308448334264128	No data	No data	nidogen 1
MDM2	0.027762700638529418	No data	No data	No data	No data	0.22833767221204118	No data	No data	MDM2 proto-oncogene
SKIL	0.027759464486885495	No data	No data	No data	No data	0.22831105609342506	No data	No data	SKI like proto-oncogene
RELA	0.027688453555289844	No data	No data	No data	No data	0.2277270181414523	No data	No data	RELA proto-oncogene, NF-kB subunit
FUT1	0.027677751200228227	No data	No data	No data	No data	0.2276389953343856	No data	No data	fucosyltransferase 1 (H blood group)
MAP3K14	0.027657936238919236	No data	No data	No data	No data	0.22747602480067652	No data	No data	mitogen-activated protein kinase kinase kinase 14
GC	0.02765182610093631	No data	No data	No data	No data	0.22742577123557559	No data	No data	GC vitamin D binding protein
PRF1	0.027587698897222554	No data	No data	No data	No data	0.22689834933191735	No data	No data	perforin 1
PTPN1	0.027538306351450485	No data	No data	No data	No data	0.22649211439558814	No data	No data	protein tyrosine phosphatase non-receptor type 1
ATXN2	0.02753622123956796	0.043441648444014457	No data	No data	No data	0.03706689168770857	No data	No data	ataxin 2
ADAM17	0.027536047056633	No data	No data	No data	No data	0.22647353255349068	No data	No data	ADAM metallopeptidase domain 17
GAS6	0.027529006267375096	No data	No data	No data	No data	0.21179787179469312	0.05847101176118445	No data	growth arrest specific 6
PTPN12	0.027440676020285576	0.04116572844283321	No data	No data	No data	No data	0.07944199909784029	No data	protein tyrosine phosphatase non-receptor type 12
KLF15	0.02743821180747338	No data	No data	No data	No data	0.22566887477382241	No data	No data	KLF transcription factor 15
GLO1	0.0273957355106006	No data	No data	No data	No data	0.22531952335882868	No data	No data	glyoxalase I
KLRG1	0.02738997367496623	No data	No data	No data	No data	0.22527213444830627	No data	No data	killer cell lectin like receptor G1
SYNPO	0.027388417157637044	No data	No data	No data	No data	0.2201253787108017	0.020535815893711427	No data	synaptopodin
AQP11	0.02735123506698045	No data	No data	No data	No data	0.22495352410533653	No data	No data	aquaporin 11
CAP1	0.02734890924666793	No data	No data	No data	No data	0.22493439511629978	No data	No data	cyclase associated actin cytoskeleton regulatory protein 1
CYP4F2	0.02734890924666793	No data	No data	No data	No data	0.22493439511629978	No data	No data	cytochrome P450 family 4 subfamily F member 2
SI	0.027324980949871038	0.04494751879197886	No data	No data	No data	No data	No data	No data	sucrase-isomaltase
RIGI	0.0273207801132836	No data	No data	No data	No data	0.22470304367387542	No data	No data	RNA sensor RIG-I
IGFBP2	0.027243503206739746	No data	No data	No data	No data	0.22406747045692826	No data	No data	insulin like growth factor binding protein 2
SIRT7	0.027225715961773037	No data	No data	No data	No data	0.22392117712028048	No data	No data	sirtuin 7
SLC7A11	0.02712449214601772	No data	No data	No data	No data	0.22308864966688446	No data	No data	solute carrier family 7 member 11
ULK1	0.02706239270750421	No data	No data	No data	No data	0.2225779053621258	No data	No data	unc-51 like autophagy activating kinase 1
MMP8	0.027057762450032982	No data	No data	No data	No data	0.22253982325237398	No data	No data	matrix metallopeptidase 8
HLA-DQB1	0.027052917300715074	0.04393502194278687	No data	No data	No data	No data	0.011299456099343906	No data	major histocompatibility complex, class II, DQ beta 1
CCL17	0.027040926034430684	No data	No data	No data	No data	0.22240135012625142	No data	No data	C-C motif chemokine ligand 17
TTR	0.026936901114683803	No data	No data	No data	No data	0.2215457846560074	No data	No data	transthyretin
KLF2	0.026799618059631058	No data	No data	No data	No data	0.2147219429883788	0.02277896264584266	No data	KLF transcription factor 2
SHC2	0.026794539464640877	No data	No data	No data	No data	0.22037491413421262	No data	No data	SHC adaptor protein 2
ANG	0.026759677787153227	No data	No data	No data	No data	0.22008819007265323	No data	No data	angiogenin
CYP2B6	0.026671346179745977	No data	No data	No data	No data	0.21936169613819329	No data	No data	cytochrome P450 family 2 subfamily B member 6
CADM1	0.026653483153436214	No data	No data	No data	No data	0.21921477952877044	No data	No data	cell adhesion molecule 1
ADGRL3	0.026609749537298527	No data	No data	No data	No data	0.2188550871401836	No data	No data	adhesion G protein-coupled receptor L3
SERPINB1	0.026609749537298527	No data	No data	No data	No data	0.2188550871401836	No data	No data	serpin family B member 1
WNT5B	0.026609749537298527	No data	No data	No data	No data	0.2188550871401836	No data	No data	Wnt family member 5B
VTN	0.026538558308652333	No data	No data	No data	No data	0.21826956631342267	No data	No data	vitronectin
HMGCS2	0.02648025248118414	No data	No data	No data	No data	0.21233334063913895	0.02182672952027799	No data	3-hydroxy-3-methylglutaryl-CoA synthase 2
ILK	0.02644001999324744	No data	No data	No data	No data	0.20879551259238247	0.03465445395373859	No data	integrin linked kinase
KAT5	0.026407958413027843	0.039681187215608746	No data	No data	No data	0.05798646591218845	0.03863591280086622	No data	lysine acetyltransferase 5
GJA5	0.02640442739580703	No data	No data	No data	No data	0.2171663904801513	No data	No data	gap junction protein alpha 5
MYCN	0.02632636522615447	0.03988526101788911	No data	No data	No data	0.06839221473130737	No data	No data	MYCN proto-oncogene, bHLH transcription factor
FETUB	0.026240169682613824	No data	No data	No data	No data	0.21581543315212548	No data	No data	fetuin B
KDR	0.026198525707003175	No data	No data	No data	No data	0.21547292726350906	No data	No data	kinase insert domain receptor
ADIPOR2	0.026127457487784056	No data	No data	No data	No data	0.21488841814258342	No data	No data	adiponectin receptor 2
IL11	0.02605537975527148	No data	No data	No data	No data	0.21429560615809645	No data	No data	interleukin 11
FNDC4	0.026011179701599395	0.04278641549957589	No data	No data	No data	No data	No data	No data	fibronectin type III domain containing 4
CXCR5	0.025942452577451147	No data	No data	No data	No data	0.21336682299507864	No data	No data	C-X-C motif chemokine receptor 5
CD38	0.025930291464483758	No data	No data	No data	No data	0.21326680245807703	No data	No data	CD38 molecule
ZNF77	0.025911654256227424	No data	No data	No data	No data	0.21311351849607385	No data	No data	zinc finger protein 77
RBFOX3	0.025911654256227424	No data	No data	No data	No data	0.2131135184960738	No data	No data	RNA binding fox-1 homolog 3
SMARCA4	0.025870589827929127	No data	No data	No data	No data	0.2127757791640674	No data	No data	SWI/SNF related, matrix associated, actin dependent regulator of chromatin, subfamily a, member 4
TMPRSS15	0.02587058982792912	No data	No data	No data	No data	0.21277577916406737	No data	No data	transmembrane serine protease 15
CTSH	0.02587058982792912	No data	No data	No data	No data	0.21277577916406737	No data	No data	cathepsin H
NRF1	0.02587058982792912	No data	No data	No data	No data	0.21277577916406737	No data	No data	nuclear respiratory factor 1
ADM	0.02573495809256564	No data	No data	No data	No data	0.20652630566196667	0.020535815893711427	No data	adrenomedullin
DROSHA	0.02568579990058677	No data	No data	No data	No data	0.2112559521700383	No data	No data	drosha ribonuclease III
MITF	0.025644735472288474	No data	No data	No data	No data	0.21091821283803186	No data	No data	melanocyte inducing transcription factor
UTS2	0.025631839339625984	No data	No data	No data	No data	0.21081214704309964	No data	No data	urotensin 2
G6PC1	0.025560773895129483	No data	No data	No data	No data	0.20315920501095988	0.028273822929016718	No data	glucose-6-phosphatase catalytic subunit 1
PROM1	0.025463234453190747	No data	No data	No data	No data	0.19886823728226732	0.04222879433344996	No data	prominin 1
ACSL4	0.025453225692514517	No data	No data	No data	No data	0.20472631551146986	0.018467208390316747	No data	acyl-CoA synthetase long chain family member 4
TPH1	0.025388082795424094	No data	No data	No data	No data	0.20880734201299148	No data	No data	tryptophan hydroxylase 1
CCL5	0.025371203365364695	No data	No data	No data	No data	0.2086685151092903	No data	No data	C-C motif chemokine ligand 5
DHRS11	0.025338118290066367	0.041679280585244706	No data	No data	No data	No data	No data	No data	dehydrogenase/reductase 11
NEU1	0.025316220045902074	No data	No data	No data	No data	0.20821629818198023	No data	No data	neuraminidase 1
FBXO32	0.02531255625145325	No data	No data	No data	No data	0.20818616486365504	No data	No data	F-box protein 32
TNFRSF11A	0.025280197369902627	No data	No data	No data	No data	0.20792002534845236	No data	No data	TNF receptor superfamily member 11a
S100A8	0.025254980655746537	No data	No data	No data	No data	0.20771262744843516	No data	No data	S100 calcium binding protein A8
SLC22A4	0.025141696225634298	No data	No data	No data	No data	0.20678090602095278	No data	No data	solute carrier family 22 member 4
SHH	0.025131792103820542	No data	No data	No data	No data	0.20669944837928805	No data	No data	sonic hedgehog signaling molecule
SLC30A8	0.02513143011855972	No data	No data	No data	No data	0.20669647118795115	No data	No data	solute carrier family 30 member 8
TRH	0.02504283698998352	No data	No data	No data	No data	0.20596782634116714	No data	No data	thyrotropin releasing hormone
TDO2	0.025028243171716882	No data	No data	No data	No data	0.20584779772669345	No data	No data	tryptophan 2,3-dioxygenase
AQP3	0.025010617543982875	No data	No data	No data	No data	0.20243251212136965	0.013081286036218241	No data	aquaporin 3 (Gill blood group)
REG1B	0.02497158683140858	No data	No data	No data	No data	No data	0.205381820838116	No data	regenerating family member 1 beta
IL20RA	0.024926107977068224	No data	No data	No data	No data	0.2050077745279189	No data	No data	interleukin 20 receptor subunit alpha
PSMA6	0.024905575762919064	No data	No data	No data	No data	0.2048389048619156	No data	No data	proteasome 20S subunit alpha 6
CALR	0.024873750830987886	No data	No data	No data	No data	0.20457715687961064	No data	No data	calreticulin
CASC2	0.024808667936051073	No data	No data	No data	No data	0.20404187477848576	No data	No data	cancer susceptibility 2
ERRFI1	0.024754165426942	No data	No data	No data	No data	0.18845854725960254	0.060540260296735815	No data	ERBB receptor feedback inhibitor 1
PSIP1	0.02470678508576875	No data	No data	No data	No data	0.19605768222974782	0.028584979146280252	No data	PC4 and SRSF1 interacting protein 1
CYP27A1	0.02468115866226886	No data	No data	No data	No data	0.2029931594125004	No data	No data	cytochrome P450 family 27 subfamily A member 1
TG	0.024648923086054694	No data	No data	No data	No data	0.2027280340368753	No data	No data	thyroglobulin
SLC2A9	0.02463675383303614	No data	No data	No data	No data	0.20262794655104333	No data	No data	solute carrier family 2 member 9
PXDN	0.02457343887506149	No data	No data	No data	No data	0.19757750922377684	0.018118783345722853	No data	peroxidasin
KLF5	0.024568834459487425	No data	No data	No data	No data	0.1969459366729248	0.02049359526929544	No data	KLF transcription factor 5
MT2A	0.024400072650566994	No data	No data	No data	No data	0.20068133368491617	No data	No data	metallothionein 2A
F2RL1	0.024391566226442837	No data	No data	No data	No data	0.18545883037316754	0.060610164811692964	No data	F2R like trypsin receptor 1
BBOX1	0.024371738195041168	No data	No data	No data	No data	0.2004482935458317	No data	No data	gamma-butyrobetaine hydroxylase 1
SELL	0.02426998850318877	No data	No data	No data	No data	0.1996114409611943	No data	No data	selectin L
TREM2	0.024248544910146264	No data	No data	No data	No data	0.19943507554981235	No data	No data	triggering receptor expressed on myeloid cells 2
CFTR	0.02422041577676193	No data	No data	No data	No data	0.19920372410738793	No data	No data	CF transmembrane conductance regulator
CXCL1	0.024209344200666602	No data	No data	No data	No data	0.19447886664128056	0.018535191824875386	No data	C-X-C motif chemokine ligand 1
C2orf16	0.024086132260107886	0.03961985863314562	No data	No data	No data	No data	No data	No data	chromosome 2 open reading frame 16
IL9	0.024056966781391343	No data	No data	No data	No data	0.19785941817641084	No data	No data	interleukin 9
CYGB	0.024041567620779483	No data	No data	No data	No data	0.19773276592690844	No data	No data	cytoglobin
LINC01139	0.024022690554505618	No data	No data	No data	No data	0.19757750922377684	No data	No data	long intergenic non-protein coding RNA 1139
HFE	0.023962531167048613	No data	No data	No data	No data	0.19708272110238742	No data	No data	homeostatic iron regulator
KDM5A	0.023955724260750603	0.03636569338842867	No data	No data	No data	0.06079307976116211	No data	No data	lysine demethylase 5A
KCNA3	0.02382763452008869	No data	No data	No data	No data	0.19597324739674618	No data	No data	potassium voltage-gated channel subfamily A member 3
CSE1L-DT	0.023657458601798367	No data	No data	No data	No data	No data	0.19457361507873489	No data	CSE1L divergent transcript
LGR6	0.023653110699820915	No data	No data	No data	No data	0.19453785523571876	No data	No data	leucine rich repeat containing G protein-coupled receptor 6
CLEC4F	0.023653110699820915	No data	No data	No data	No data	0.19453785523571876	No data	No data	C-type lectin domain family 4 member F
RUNX1	0.023462349564668215	No data	No data	No data	No data	0.1895562000886235	0.013650868943550774	No data	RUNX family transcription factor 1
HSP90B1	0.023423649008121585	No data	No data	No data	No data	0.17927710351900705	0.0534940656846986	No data	heat shock protein 90 beta family member 1
TP53RK	0.023387121068300317	0.03847003830071012	No data	No data	No data	No data	No data	No data	TP53 regulating kinase
CCN3	0.023379133424987535	No data	No data	No data	No data	0.17853745438191287	0.05498816715209107	No data	cellular communication network factor 3
PF4	0.023322131407736618	No data	No data	No data	No data	0.19181567621974668	No data	No data	platelet factor 4
MAPK1	0.023314544149350493	No data	No data	No data	No data	0.19175327390014116	No data	No data	mitogen-activated protein kinase 1
CREB3L1	0.02328353084513621	No data	No data	No data	No data	0.19149820124766065	No data	No data	cAMP responsive element binding protein 3 like 1
ADAMTS13	0.023187208842961455	No data	No data	No data	No data	0.19070598934991523	No data	No data	ADAM metallopeptidase with thrombospondin type 1 motif 13
ZNF513	0.02318145427678805	0.03674434529660831	No data	No data	No data	No data	0.02774773497963083	No data	zinc finger protein 513
BECN1	0.023144303620265178	No data	No data	No data	No data	0.19035311018287152	No data	No data	beclin 1
JUN	0.02308467693159204	No data	No data	No data	No data	0.1898627033067321	No data	No data	Jun proto-oncogene, AP-1 transcription factor subunit
ACACB	0.023080951564418115	No data	No data	No data	No data	0.18983206357611998	No data	No data	acetyl-CoA carboxylase beta
HLA-DPA1	0.02307820870364471	No data	No data	No data	No data	0.18980950458762835	No data	No data	major histocompatibility complex, class II, DP alpha 1
CD40	0.023011258221751908	No data	No data	No data	No data	0.1892588622928488	No data	No data	CD40 molecule
LDLR	0.022965250474896136	No data	No data	No data	No data	0.1888804660425147	No data	No data	low density lipoprotein receptor
TNFRSF10D	0.022962817660126488	No data	No data	No data	No data	0.1888604570646902	No data	No data	TNF receptor superfamily member 10d
FGF7	0.022913950990451508	No data	No data	No data	No data	0.18845854725960254	No data	No data	fibroblast growth factor 7
AP3D1	0.022913950990451508	No data	No data	No data	No data	0.18845854725960254	No data	No data	adaptor related protein complex 3 subunit delta 1
VNN1	0.02276324876251274	No data	No data	No data	No data	0.18721907865124418	No data	No data	vanin 1
SGK1	0.02274650239947901	No data	No data	No data	No data	0.17386286261369474	0.052873934238453796	No data	serum/glucocorticoid regulated kinase 1
PLAUR	0.02274300347615723	No data	No data	No data	No data	0.18705256885740706	No data	No data	plasminogen activator, urokinase receptor
SESN2	0.02270597327942593	No data	No data	No data	No data	0.1867480095483806	No data	No data	sestrin 2
IL13	0.022602032121649893	No data	No data	No data	No data	0.18589313298854523	No data	No data	interleukin 13
DNM1L	0.022592711929344696	No data	No data	No data	No data	0.18581647794539055	No data	No data	dynamin 1 like
C1QTNF1	0.022572705591292635	No data	No data	No data	No data	0.18565193341062888	No data	No data	C1q and TNF related 1
UCP1	0.022571190966782135	No data	No data	No data	No data	0.18563947619908072	No data	No data	uncoupling protein 1
CCR7	0.022563350863111422	No data	No data	No data	No data	0.18557499432300603	No data	No data	C-C motif chemokine receptor 7
GSAP	0.022555124459829157	No data	No data	No data	No data	0.16397244568913447	0.08613955836062595	No data	gamma-secretase activating protein
DUSP6	0.022523838921617658	No data	No data	No data	No data	0.18525002360554121	No data	No data	dual specificity phosphatase 6
IL7	0.022484862627876277	No data	No data	No data	No data	0.1849294583874727	No data	No data	interleukin 7
PTK2	0.02246369873387346	No data	No data	No data	No data	0.18475539339450012	No data	No data	protein tyrosine kinase 2
HDAC2	0.022459149876304478	No data	No data	No data	No data	0.18471798076803958	No data	No data	histone deacetylase 2
P2RX7	0.022435021047014236	No data	No data	No data	No data	0.1845195303080116	No data	No data	purinergic receptor P2X 7
ESR1	0.022397197930916206	No data	No data	No data	No data	0.18420844953823792	No data	No data	estrogen receptor 1
LOX	0.022394471762561596	0.030641813898440652	No data	No data	No data	0.12390783338540033	No data	No data	lysyl oxidase
PCSK6	0.02238011342257361	No data	No data	No data	No data	0.1840679359435186	No data	No data	proprotein convertase subtilisin/kexin type 6
RYR2	0.022359581208424455	No data	No data	No data	No data	0.18389906627751537	No data	No data	ryanodine receptor 2
ATG5	0.022195584798149454	No data	No data	No data	No data	0.18255025806678402	No data	No data	autophagy related 5
INPPL1	0.02218993023485986	No data	No data	No data	No data	0.1662960922933389	0.06483063654892329	No data	inositol polyphosphate phosphatase like 1
HIC1	0.022174791281082105	No data	No data	No data	No data	0.18237923928348632	No data	No data	HIC ZBTB transcriptional repressor 1
TAC3	0.022174791281082105	No data	No data	No data	No data	0.18237923928348632	No data	No data	tachykinin precursor 3
HSPD1	0.022133726852783808	No data	No data	No data	No data	0.18204149995147986	No data	No data	heat shock protein family D (Hsp60) member 1
CDKN1B	0.022118311617307325	No data	No data	No data	No data	0.17072393439275918	0.04476312439823935	No data	cyclin dependent kinase inhibitor 1B
MYOG	0.022111981905498512	No data	No data	No data	No data	0.18186265601586477	No data	No data	myogenin
SLC2A4	0.022089300094235386	No data	No data	No data	No data	0.18167610672972698	No data	No data	solute carrier family 2 member 4
LDHA	0.02203106578203806	No data	No data	No data	No data	0.18119715162146374	No data	No data	lactate dehydrogenase A
MAGI2	0.021990001353739762	No data	No data	No data	No data	0.1808594122894573	No data	No data	membrane associated guanylate kinase, WW and PDZ domain containing 2
EP300	0.021984662080563006	No data	No data	No data	No data	0.18081549879471634	No data	No data	E1A binding protein p300
SULT2A1	0.021969469139590612	No data	No data	No data	No data	0.18069054262345408	No data	No data	sulfotransferase family 2A member 1
SELP	0.021949013345628217	No data	No data	No data	No data	0.18052230148447282	No data	No data	selectin P
CFAP299	0.02193073370774339	0.036074391680603626	No data	No data	No data	No data	No data	No data	cilia and flagella associated protein 299
PHLDA2	0.02190683259433263	0.0360350761639286	No data	No data	No data	No data	No data	No data	pleckstrin homology like domain family A member 2
SLC22A18	0.02190683259433263	0.0360350761639286	No data	No data	No data	No data	No data	No data	solute carrier family 22 member 18
KITLG	0.021879320148732482	No data	No data	No data	No data	0.17994910140010845	No data	No data	KIT ligand
ESM1	0.021840950835304608	No data	No data	No data	No data	0.1796335283646691	No data	No data	endothelial cell specific molecule 1
DIDO1	0.0218052114263974	No data	No data	No data	No data	0.1793395852954282	No data	No data	death inducer-obliterator 1
LONRF2	0.021745173779047385	0.03576915968803965	No data	No data	No data	No data	No data	No data	LON peptidase N-terminal domain and ring finger 2
NOX5	0.0217436944570246	No data	No data	No data	No data	0.17883363157820834	No data	No data	NADPH oxidase 5 
H3P23	0.021703147465961095	No data	No data	No data	No data	0.17850014797100505	No data	No data	H3 histone pseudogene 23
TFE3	0.02168201814150251	No data	No data	No data	No data	0.17832636729940887	No data	No data	transcription factor binding to IGHM enhancer 3
KLF10	0.02167969900674441	No data	No data	No data	No data	0.1611016613670796	0.06882252771775757	No data	KLF transcription factor 10
DUSP22	0.02162042149905506	No data	No data	No data	No data	0.17781975830139918	No data	No data	dual specificity phosphatase 22
ALDH7A1	0.0215770545285656	0.03303100833496378	No data	No data	No data	0.049232159036989694	No data	No data	aldehyde dehydrogenase 7 family member A1
RASAL1	0.02151885431577288	No data	No data	No data	No data	0.17698440678045957	No data	No data	RAS protein activator like 1
KCNIP4	0.021435631571712705	No data	No data	No data	No data	0.1762999313073701	No data	No data	potassium voltage-gated channel interacting protein 4
IL6ST	0.021429076310204027	No data	No data	No data	No data	0.16512413681127644	0.044487519835966	No data	interleukin 6 cytokine family signal transducer
CCL23	0.02141509935756356	No data	No data	No data	No data	0.1761310616413669	No data	No data	C-C motif chemokine ligand 23
NUP160	0.02140606518333793	No data	No data	No data	No data	0.15198269940290526	0.09629623834168079	No data	nucleoporin 160
PAX2	0.021403297984669122	No data	No data	No data	No data	0.1760339998298844	No data	No data	paired box 2
KLK1	0.021402164339858733	No data	No data	No data	No data	0.15016302536212905	0.10344660267838308	No data	kallikrein 1
LRP5	0.021380605237792984	No data	No data	No data	No data	0.17584736060248146	No data	No data	LDL receptor related protein 5
IPCEF1	0.021293778959265024	0.033582813840978845	No data	No data	No data	0.028876712886552	No data	No data	interaction protein for cytohesin exchange factors 1
NR4A1	0.02128670131027862	No data	No data	No data	No data	0.11477282182487031	0.1463818309945407	No data	nuclear receptor subfamily 4 group A member 1
LY96	0.021279176099896185	No data	No data	No data	No data	0.17501314445242555	No data	No data	lymphocyte antigen 96
COL1A1	0.021263002172329574	No data	No data	No data	No data	0.1748801200388726	No data	No data	collagen type I alpha 1 chain
TNXB	0.021250841644370355	No data	No data	No data	No data	0.17478010431334107	No data	No data	tenascin XB
SERPINB3	0.02123030943022121	No data	No data	No data	No data	0.17461123464733785	No data	No data	serpin family B member 3
ATP2A2	0.02116254055278565	No data	No data	No data	No data	0.15783730733364576	0.06486621610515998	No data	ATPase sarcoplasmic/endoplasmic reticulum Ca2+ transporting 2
SPON2	0.021151274731204726	No data	No data	No data	No data	0.16856141978639635	0.021599137873120608	No data	spondin 2
HBD	0.021148618403113467	No data	No data	No data	No data	0.03647584785669726	0.16482039500046775	No data	hemoglobin subunit delta
NLRC4	0.021128531487864456	No data	No data	No data	No data	0.17377414971302788	No data	No data	NLR family CARD domain containing 4
PTEN	0.02108290967242334	No data	No data	No data	No data	0.17339892760205447	No data	No data	phosphatase and tensin homolog
MFAP4	0.021066051717028005	No data	No data	No data	No data	0.173260277319312	No data	No data	microfibril associated protein 4
PLVAP	0.021066051717028005	No data	No data	No data	No data	0.173260277319312	No data	No data	plasmalemma vesicle associated protein
TAF8	0.021066051717028005	No data	No data	No data	No data	0.173260277319312	No data	No data	TATA-box binding protein associated factor 8
GATA2	0.021066051717028005	No data	No data	No data	No data	0.173260277319312	No data	No data	GATA binding protein 2
GTPBP4	0.02100094072241924	0.033633056625393336	No data	No data	No data	0.01823792392834863	No data	No data	GTP binding protein 4
MCAM	0.020991335051881128	No data	No data	No data	No data	0.17264576111581964	No data	No data	melanoma cell adhesion molecule
PPIB	0.020986590967634965	No data	No data	No data	No data	0.1726067428240601	No data	No data	peptidylprolyl isomerase B
MAP1LC3A	0.02096145697531175	No data	No data	No data	No data	0.17240002527971168	No data	No data	microtubule associated protein 1 light chain 3 alpha
ANGPTL4	0.02090800138475645	No data	No data	No data	No data	0.17196037334263833	No data	No data	angiopoietin like 4
PRL	0.02088215689750504	No data	No data	No data	No data	0.17174781224725585	No data	No data	prolactin
NPNT	0.02087612873614837	No data	No data	No data	No data	0.17169823290878217	No data	No data	nephronectin
NSA2	0.020860729575536505	No data	No data	No data	No data	0.17157158065927974	No data	No data	NSA2 ribosome biogenesis factor
CDKN1C	0.020819046167143997	0.0308261393536354	No data	No data	No data	0.06839221473130737	No data	No data	cyclin dependent kinase inhibitor 1C
WNT4	0.02081564879473576	No data	No data	No data	No data	0.1712008083528112	No data	No data	Wnt family member 4
RSPH9	0.020795633209192387	0.034207237552188886	No data	No data	No data	No data	No data	No data	radial spoke head component 9
CD81	0.020735457785900874	0.032042922888665795	No data	No data	No data	0.030396539880581056	0.02454766503687185	No data	CD81 molecule
SPAG9	0.020696471862343302	No data	No data	No data	No data	0.17022062333125393	No data	No data	sperm associated antigen 9
CYP4B1	0.020675939648194155	No data	No data	No data	No data	0.1700517536652507	No data	No data	cytochrome P450 family 4 subfamily B member 1
TAS2R62P	0.020675939648194155	No data	No data	No data	No data	0.1700517536652507	No data	No data	taste 2 receptor member 62 pseudogene
CLDN1	0.02065105299763132	No data	No data	No data	No data	0.16984707041297423	No data	No data	claudin 1
CLDN7	0.020638835481773973	No data	No data	No data	No data	0.16974658598361692	No data	No data	claudin 7
HDAC6	0.020638771295234663	No data	No data	No data	No data	0.1566310044431028	0.05246021452239085	No data	histone deacetylase 6
HDAC5	0.02063675273277147	No data	No data	No data	No data	0.16321253219211992	0.02606769588679759	No data	histone deacetylase 5
SELENOS	0.020618106081049657	No data	No data	No data	No data	0.1695760945328979	No data	No data	selenoprotein S
CYBA	0.020615995060589844	No data	No data	No data	No data	0.16955873219109763	No data	No data	cytochrome b-245 alpha chain
HNF1B	0.02061301780664284	No data	No data	No data	No data	0.16953424540774412	No data	No data	HNF1 homeobox B
VSIG4	0.02052851835060325	No data	No data	No data	No data	0.16883926946334746	No data	No data	V-set and immunoglobulin domain containing 4
NCOA2	0.020511681935000952	No data	No data	No data	No data	0.16870079633722487	No data	No data	nuclear receptor coactivator 2
FGFR3	0.02049866324538596	No data	No data	No data	No data	0.16084835686807475	0.030981462759256926	No data	fibroblast growth factor receptor 3
ENHO	0.020422913022377996	No data	No data	No data	No data	0.16797070573339543	No data	No data	energy homeostasis associated
TSPYL2	0.02038992590509649	No data	No data	No data	No data	0.1676993992178257	No data	No data	TSPY like 2
DCK	0.020315559607005183	0.03182779499439863	No data	No data	No data	No data	0.031795158713399746	No data	deoxycytidine kinase
PCOLCE2	0.020314679901122488	No data	No data	No data	No data	0.15198269940290526	0.06039132000218661	No data	procollagen C-endopeptidase enhancer 2
TRIM63	0.020294745593963614	No data	No data	No data	No data	0.16691657729543904	No data	No data	tripartite motif containing 63
CD248	0.020293629820736972	No data	No data	No data	No data	0.16690740048427055	No data	No data	CD248 molecule
SPARC	0.020282729327474474	No data	No data	No data	No data	0.16373769292061416	0.012320220580454367	No data	secreted protein acidic and cysteine rich
SLC27A2	0.020266732620201587	No data	No data	No data	No data	0.1666861812218063	No data	No data	solute carrier family 27 member 2
CXCL5	0.02020575194417861	No data	No data	No data	No data	0.1406059500042678	0.10231475323803581	No data	C-X-C motif chemokine ligand 5
KLF6	0.020185207159286105	No data	No data	No data	No data	0.1660156652581821	No data	No data	KLF transcription factor 6
KNG1	0.0201436210947922	No data	No data	No data	No data	0.16567363566651405	No data	No data	kininogen 1
PON3	0.02014210208031625	No data	No data	No data	No data	0.16566114234916676	No data	No data	paraoxonase 3
CKAP4	0.02014210208031625	No data	No data	No data	No data	0.16566114234916676	No data	No data	cytoskeleton associated protein 4
CYP2B7P	0.02014210208031625	No data	No data	No data	No data	0.16566114234916676	No data	No data	cytochrome P450 family 2 subfamily B member 7, pseudogene
HPGD	0.02011569120773149	No data	No data	No data	No data	0.15806200737902149	0.029527662281732044	No data	15-hydroxyprostaglandin dehydrogenase
LUM	0.020113470150865852	No data	No data	No data	No data	0.16542565559999328	No data	No data	lumican
RAC1	0.020083379947849676	No data	No data	No data	No data	0.1651781751043975	No data	No data	Rac family small GTPase 1
BCL2L11	0.020052376304484466	No data	No data	No data	No data	0.16492318190873267	No data	No data	BCL2 like 11
TNFRSF6B	0.019993243527734912	No data	No data	No data	No data	0.16443683727064337	No data	No data	TNF receptor superfamily member 6b
TFAM	0.01996693959085895	No data	No data	No data	No data	0.16422049737653616	No data	No data	transcription factor A, mitochondrial
NPTX1	0.0199573121529739	No data	No data	No data	No data	0.1641413153551377	No data	No data	neuronal pentraxin 1
NCOA1	0.0199573121529739	No data	No data	No data	No data	0.1641413153551377	No data	No data	nuclear receptor coactivator 1
MAP4	0.0199573121529739	No data	No data	No data	No data	0.1641413153551377	No data	No data	microtubule associated protein 4
DDOST	0.019926398599936068	No data	No data	No data	No data	0.16388706311821136	No data	No data	dolichyl-diphosphooligosaccharide--protein glycosyltransferase non-catalytic subunit
CXCL6	0.01991799893113529	No data	No data	No data	No data	0.15905496101512046	0.019052072065076215	No data	C-X-C motif chemokine ligand 6
CSAD	0.01991296257041173	No data	No data	No data	No data	0.14590339142678904	0.07149266179912664	No data	cysteine sulfinic acid decarboxylase
NPHP1	0.01989567197291824	No data	No data	No data	No data	0.16363434827683024	No data	No data	nephrocystin 1
ERN1	0.019884365409494363	No data	No data	No data	No data	0.15471148944881122	0.03531946654627909	No data	endoplasmic reticulum to nucleus signaling 1
HLA-C	0.019839849031925726	No data	No data	No data	No data	0.1631752257812121	No data	No data	major histocompatibility complex, class I, C
XYLT2	0.019834118868079	No data	No data	No data	No data	0.16312809735911835	No data	No data	xylosyltransferase 2
B3GAT1	0.019826098733817472	No data	No data	No data	No data	0.16306213479978562	No data	No data	beta-1,3-glucuronyltransferase 1
METTL14	0.019764925306396362	No data	No data	No data	No data	0.16255900658468744	No data	No data	methyltransferase 14, N6-adenosine-methyltransferase subunit
ATP2B1	0.0197519900114824	No data	No data	No data	No data	0.16245261869510544	No data	No data	ATPase plasma membrane Ca2+ transporting 1
GFPT2	0.019731457797333245	No data	No data	No data	No data	0.16228374902910217	No data	No data	glutamine-fructose-6-phosphate transaminase 2
ARNT	0.0196912778583128	0.0323906568571192	No data	No data	No data	No data	No data	No data	aryl hydrocarbon receptor nuclear translocator
ZEB1	0.019673933061839597	No data	No data	No data	No data	0.16181062991982487	No data	No data	zinc finger E-box binding homeobox 1
MAPK7	0.019616066753815022	No data	No data	No data	No data	0.16133470150616405	No data	No data	mitogen-activated protein kinase 7
DLX6	0.019587732298289195	No data	No data	No data	No data	0.1611016613670796	No data	No data	distal-less homeobox 6
PFKFB3	0.019587732298289195	No data	No data	No data	No data	0.1611016613670796	No data	No data	6-phosphofructo-2-kinase/fructose-2,6-biphosphatase 3
MAD2L2	0.019587732298289195	No data	No data	No data	No data	0.1611016613670796	No data	No data	mitotic arrest deficient 2 like 2
SH3YL1	0.019587732298289195	No data	No data	No data	No data	0.1611016613670796	No data	No data	SH3 and SYLF domain containing 1
FMN1	0.019587732298289195	No data	No data	No data	No data	0.1611016613670796	No data	No data	formin 1
FAM171A1	0.019524703894705182	0.0321166553354624	No data	No data	No data	No data	No data	No data	family with sequence similarity 171 member A1
CXCR1	0.019477474308308262	No data	No data	No data	No data	0.1601948312606423	No data	No data	C-X-C motif chemokine receptor 1
SORT1	0.019435177947161004	No data	No data	No data	No data	0.15984695974867555	No data	No data	sortilin 1
RGN	0.019360507964414218	No data	No data	No data	No data	0.15923282749020023	No data	No data	regucalcin
CSF1R	0.019357656268004616	No data	No data	No data	No data	0.159209373369922	No data	No data	colony stimulating factor 1 receptor
GPBAR1	0.01935270572303754	No data	No data	No data	No data	0.159168657017119	No data	No data	G protein-coupled bile acid receptor 1
CHIT1	0.019351611835573965	No data	No data	No data	No data	0.15915966020804242	No data	No data	chitinase 1
MLXIPL	0.01932714396486045	No data	No data	No data	No data	0.15895842126103032	No data	No data	MLX interacting protein like
FGF1	0.019289546035438507	No data	No data	No data	No data	0.15864919256617188	No data	No data	fibroblast growth factor 1
EIF5B	0.019271320426329386	0.031699858770176906	No data	No data	No data	No data	No data	No data	eukaryotic translation initiation factor 5B
SELENOF	0.019251726702706508	No data	No data	No data	No data	0.14894304541484715	0.03758038999320077	No data	selenoprotein F
TLR5	0.019218152443604492	No data	No data	No data	No data	0.15806200737902149	No data	No data	toll like receptor 5
SMARCB1	0.019218152443604492	No data	No data	No data	No data	0.15806200737902149	No data	No data	SWI/SNF related, matrix associated, actin dependent regulator of chromatin, subfamily b, member 1
GLCCI1	0.019218152443604492	No data	No data	No data	No data	0.15806200737902149	No data	No data	glucocorticoid induced 1
ABCC4	0.01919905748444578	No data	No data	No data	No data	0.15790495858963846	No data	No data	ATP binding cassette subfamily C member 4
S100A6	0.019196044394811134	No data	No data	No data	No data	0.15788017707135968	No data	No data	S100 calcium binding protein A6
FMOD	0.019136620697317332	No data	No data	No data	No data	0.15739143972060152	No data	No data	fibromodulin
EDA	0.019094033463136303	No data	No data	No data	No data	0.1570411758883665	No data	No data	ectodysplasin A
PON2	0.019091969416914604	No data	No data	No data	No data	0.15702419989184016	No data	No data	paraoxonase 2
HHIP	0.019084693051635012	No data	No data	No data	No data	0.15696435455000046	No data	No data	hedgehog interacting protein
PANX1	0.019033362516262142	No data	No data	No data	No data	0.15654218038499243	No data	No data	pannexin 1
TNS1	0.019033362516262142	No data	No data	No data	No data	0.15654218038499243	No data	No data	tensin 1
CASP4	0.019012830302112992	No data	No data	No data	No data	0.15637331071898922	No data	No data	caspase 4
CALD1	0.01899412713112223	No data	No data	No data	No data	0.15621948423853912	No data	No data	caldesmon 1
IGFBP1	0.018991486277109094	No data	No data	No data	No data	0.15619776421692222	No data	No data	insulin like growth factor binding protein 1
OLA1	0.018970226976212624	0.031204582907694414	No data	No data	No data	No data	No data	No data	Obg like ATPase 1
UMODL1	0.018910169231367246	No data	No data	No data	No data	0.15552896238897307	No data	No data	uromodulin like 1
CCND1	0.018884952470257826	No data	No data	No data	No data	0.15532156410278256	No data	No data	cyclin D1
LPL	0.018867350371311598	No data	No data	No data	No data	0.15206720898682227	0.01243833814014967	No data	lipoprotein lipase
ILF3	0.01885316719553397	No data	No data	No data	No data	0.14590339142678904	0.036627003436649236	No data	interleukin enhancer binding factor 3
TBC1D4	0.018822701999091862	No data	No data	No data	No data	0.13374477547455663	0.08425920854897066	No data	TBC1 domain family member 4
CYBB	0.01881437984124776	No data	No data	No data	No data	0.15474113102316786	No data	No data	cytochrome b-245 beta chain
OLR1	0.018803291873851262	No data	No data	No data	No data	0.15464993670105046	No data	No data	oxidized low density lipoprotein receptor 1
SETD2	0.018772646060366674	No data	No data	No data	No data	0.15439788652029807	No data	No data	SET domain containing 2, histone lysine methyltransferase
GPX3	0.018766503124379958	No data	No data	No data	No data	0.13341236353247005	0.08373999868639284	No data	glutathione peroxidase 3
NFAT5	0.018762758869389353	No data	No data	No data	No data	0.15431656812833502	No data	No data	nuclear factor of activated T cells 5
NUMA1	0.018759367632041023	No data	No data	No data	No data	0.14590339142678904	0.033541140247567124	No data	nuclear mitotic apparatus protein 1
ASCL2	0.01874015948454255	0.0308261393536354	No data	No data	No data	No data	No data	No data	achaete-scute family bHLH transcription factor 2
TRPM5	0.01874015948454255	0.0308261393536354	No data	No data	No data	No data	No data	No data	transient receptor potential cation channel subfamily M member 5
C11orf21	0.01874015948454255	0.0308261393536354	No data	No data	No data	No data	No data	No data	chromosome 11 open reading frame 21
SLC22A18AS	0.01874015948454255	0.0308261393536354	No data	No data	No data	No data	No data	No data	SLC22A18 antisense RNA
TSPAN32	0.01874015948454255	0.0308261393536354	No data	No data	No data	No data	No data	No data	tetraspanin 32
AOC1	0.018732436843008238	No data	No data	No data	No data	0.13418890269614514	0.07951311310973112	No data	amine oxidase copper containing 1
SDC4	0.018650424151637136	No data	No data	No data	No data	0.15339265772444077	No data	No data	syndecan 4
CD63	0.018649820755956018	No data	No data	No data	No data	0.1533876950240521	No data	No data	CD63 molecule
DUSP4	0.018610733343510287	No data	No data	No data	No data	0.15306621589682834	No data	No data	dual specificity phosphatase 4
OGN	0.018589456046357516	No data	No data	No data	No data	0.15289121820600265	No data	No data	osteoglycin
MUC1	0.01850247558500496	No data	No data	No data	No data	0.15217583693485895	No data	No data	mucin 1, cell surface associated
TSSC4	0.01847966763779465	0.03039765004568901	No data	No data	No data	No data	No data	No data	tumor suppressing subtransferable candidate 4
CEP290	0.01847899273423509	No data	No data	No data	No data	0.15198269940290526	No data	No data	centrosomal protein 290
PDCD1LG2	0.01847899273423509	No data	No data	No data	No data	0.15198269940290526	No data	No data	programmed cell death 1 ligand 2
NCOA3	0.01847899273423509	No data	No data	No data	No data	0.15198269940290526	No data	No data	nuclear receptor coactivator 3
CLEC7A	0.01847899273423509	No data	No data	No data	No data	0.15198269940290526	No data	No data	C-type lectin domain containing 7A
PTBP1	0.01847899273423509	No data	No data	No data	No data	0.15198269940290526	No data	No data	polypyrimidine tract binding protein 1
ACSL5	0.01847899273423509	No data	No data	No data	No data	0.15198269940290526	No data	No data	acyl-CoA synthetase long chain family member 5
HYOU1	0.018437928305936793	No data	No data	No data	No data	0.15164496007089884	No data	No data	hypoxia up-regulated 1
LYZ	0.018323388132661073	No data	No data	No data	No data	0.1455577587247728	0.020580607631545463	No data	lysozyme
COL3A1	0.018293986797029437	No data	No data	No data	No data	0.1471086747351113	0.013409684298603062	No data	collagen type III alpha 1 chain
FKBP5	0.018293465323282486	No data	No data	No data	No data	0.15045680688617896	No data	No data	FKBP prolyl isomerase 5
SERPINB7	0.018278506172356306	No data	No data	No data	No data	0.1503337735492848	No data	No data	serpin family B member 7
HSPA1L	0.018273670592743586	No data	No data	No data	No data	0.15029400274287297	No data	No data	heat shock protein family A (Hsp70) member 1 like
NTN1	0.0182663381830687	No data	No data	No data	No data	0.15023369645716006	No data	No data	netrin 1
CAPN1	0.018209445154798384	No data	No data	No data	No data	0.14404582510075356	0.022879791196814714	No data	calpain 1
C3AR1	0.018167528706441543	No data	No data	No data	No data	0.14942102602645194	No data	No data	complement C3a receptor 1
NOTCH2	0.018136570108240026	No data	No data	No data	No data	0.14916640331015638	No data	No data	notch receptor 2
NFKBIA	0.018110561792987947	No data	No data	No data	No data	0.14895249479166828	No data	No data	NFKB inhibitor alpha
FUT4	0.01810941287955039	No data	No data	No data	No data	0.14894304541484715	No data	No data	fucosyltransferase 4
LMNB1	0.01810941287955039	No data	No data	No data	No data	0.14894304541484715	No data	No data	lamin B1
LPAR1	0.018099146772475812	No data	No data	No data	No data	0.14885861058184555	No data	No data	lysophosphatidic acid receptor 1
ERBB3	0.01808888066540124	No data	No data	No data	No data	0.14877417574884394	No data	No data	erb-b2 receptor tyrosine kinase 3
HCAR2	0.018058082344177512	No data	No data	No data	No data	0.1485208712498391	No data	No data	hydroxycarboxylic acid receptor 2
CASP9	0.01804891012456651	No data	No data	No data	No data	0.148445433225914	No data	No data	caspase 9
MET	0.017954706021413924	No data	No data	No data	No data	0.14767064024353274	No data	No data	MET proto-oncogene, receptor tyrosine kinase
IL5	0.017938337866001654	No data	No data	No data	No data	0.14753601837969088	No data	No data	interleukin 5
PEPD	0.01787596160467455	No data	No data	No data	No data	0.14702299731239044	No data	No data	peptidase D
FCGR2A	0.017759338628307378	No data	No data	No data	No data	0.14606381760949214	No data	No data	Fc gamma receptor IIa
COL6A5	0.017739833024865686	No data	No data	No data	No data	0.14590339142678904	No data	No data	collagen type VI alpha 5 chain
PGR	0.017739833024865686	No data	No data	No data	No data	0.14590339142678904	No data	No data	progesterone receptor
FGL1	0.017739833024865686	No data	No data	No data	No data	0.14590339142678904	No data	No data	fibrinogen like 1
ISL1	0.017739833024865686	No data	No data	No data	No data	0.14590339142678904	No data	No data	ISL LIM homeobox 1
IFNL1	0.017739833024865686	No data	No data	No data	No data	0.14590339142678904	No data	No data	interferon lambda 1
MYH6	0.01773367336062094	No data	No data	No data	No data	0.14585273052698808	No data	No data	myosin heavy chain 6
KCND3	0.01769876859656739	No data	No data	No data	No data	0.14556565209478262	No data	No data	potassium voltage-gated channel subfamily D member 3
FCER1G	0.017686038623794913	No data	No data	No data	No data	0.1454609529018606	No data	No data	Fc epsilon receptor Ig
GAS1	0.017683369435955523	No data	No data	No data	No data	0.14543899984528016	No data	No data	growth arrest specific 1
SNAI1	0.017645376593779134	No data	No data	No data	No data	0.14512652314295113	No data	No data	snail family transcriptional repressor 1
SDC1	0.01761197349171336	No data	No data	No data	No data	0.14485179531046588	No data	No data	syndecan 1
S100B	0.017596107525821636	No data	No data	No data	No data	0.14472130376476647	No data	No data	S100 calcium binding protein B
ALOX12	0.017592257688715338	No data	No data	No data	No data	0.14468964031621753	No data	No data	arachidonate 12-lipoxygenase, 12S type
INHBE	0.017580982238871317	No data	No data	No data	No data	0.14459690402214986	No data	No data	inhibin subunit beta E
ADD2	0.017555043097523336	No data	No data	No data	No data	0.14438356443276001	No data	No data	adducin 2
SMPD3	0.01751397866922504	No data	No data	No data	No data	0.14404582510075356	No data	No data	sphingomyelin phosphodiesterase 3
CCL15	0.017511514803527136	No data	No data	No data	No data	0.14402556074083314	No data	No data	C-C motif chemokine ligand 15
CLEC4E	0.01744355317469345	No data	No data	No data	No data	0.14346660214636248	No data	No data	C-type lectin domain family 4 member E
C1QA	0.01744211591970301	No data	No data	No data	No data	0.14345478126974226	No data	No data	complement C1q A chain
COL1A2	0.017431267861847986	No data	No data	No data	No data	0.14336556011251808	No data	No data	collagen type I alpha 2 chain
CHUK	0.01740434508892427	No data	No data	No data	No data	0.12791877199744525	0.060901434117694185	No data	component of inhibitor of nuclear factor kappa B kinase complex
SOX9	0.017319857093732485	No data	No data	No data	No data	0.14244924884359406	No data	No data	SRY-box transcription factor 9
TRIB3	0.01729591852365281	No data	No data	No data	No data	0.1422523631933381	No data	No data	tribbles pseudokinase 3
ANXA5	0.017231101163245745	No data	No data	No data	No data	0.14171926501290613	No data	No data	annexin A5
PTH1R	0.017229874139415104	No data	No data	No data	No data	0.1229225101353341	0.0751466522896944	No data	parathyroid hormone 1 receptor
GAS5	0.017187542013294293	No data	No data	No data	No data	0.14136100754246228	No data	No data	growth arrest specific 5
VLDLR	0.017164931028689483	No data	No data	No data	No data	0.14117504077869866	No data	No data	very low density lipoprotein receptor
UGCG	0.017117214509155786	No data	No data	No data	No data	0.13374477547455663	0.028151260189176082	No data	UDP-glucose ceramide glucosyltransferase
GNAQ	0.017113888940529082	No data	No data	No data	No data	0.13374477547455663	0.02804185403177242	No data	G protein subunit alpha q
MT-RNR2	0.01707253606501831	No data	No data	No data	No data	0.14041512728168415	No data	No data	mitochondrially encoded 16S rRNA
NFATC2	0.017041737743794583	No data	No data	No data	No data	0.1401618227826793	No data	No data	nuclear factor of activated T cells 2
DNMT1	0.017023780922158584	No data	No data	No data	No data	0.14001413474230903	No data	No data	DNA methyltransferase 1
TRPC1	0.017007921430271522	No data	No data	No data	No data	0.13988369644284	No data	No data	transient receptor potential cation channel subfamily C member 1
IFNAR2	0.017000673315496286	No data	No data	No data	No data	0.13982408345067285	No data	No data	interferon alpha and beta receptor subunit 2
CD1C	0.017000673315496286	No data	No data	No data	No data	0.13982408345067285	No data	No data	CD1c molecule
CDH5	0.016998687370837484	No data	No data	No data	No data	0.1398077498098489	No data	No data	cadherin 5
CD163	0.01697564572366186	No data	No data	No data	No data	0.135127062820547	0.0179647127576045	No data	CD163 molecule
DDAH1	0.016871217336638537	No data	No data	No data	No data	0.13875935717453797	No data	No data	dimethylarginine dimethylaminohydrolase 1
E2F3	0.016864750057828906	No data	No data	No data	No data	0.13870616626173146	No data	No data	E2F transcription factor 3
TBX1	0.016859473166539067	No data	No data	No data	No data	0.1265593711861193	0.04841357859282738	No data	T-box transcription factor 1
TSC22D3	0.01684955917836746	No data	No data	No data	No data	0.11702667854023706	0.08621819402150785	No data	TSC22 domain family member 3
ARID2	0.016795351174004783	No data	No data	No data	No data	0.13813538679064055	No data	No data	AT-rich interaction domain 2
AXL	0.016698801710970303	No data	No data	No data	No data	0.13444349168916714	0.01159124969806347	No data	AXL receptor tyrosine kinase
ATF1	0.016682887092781883	No data	No data	No data	No data	0.09726892761785938	0.11289318051684999	No data	activating transcription factor 1
TP53BP1	0.016631093460811583	No data	No data	No data	No data	0.13678442946261474	No data	No data	tumor protein p53 binding protein 1
PCOLCE	0.016631093460811583	No data	No data	No data	No data	0.13678442946261474	No data	No data	procollagen C-endopeptidase enhancer
PCSK5	0.016631093460811583	No data	No data	No data	No data	0.13678442946261474	No data	No data	proprotein convertase subtilisin/kexin type 5
SAA3P	0.016623496541576393	No data	No data	No data	No data	0.13672194768619353	No data	No data	serum amyloid A3, pseudogene 
ELANE	0.016618363488039106	No data	No data	No data	No data	0.13667973026969274	No data	No data	elastase, neutrophil expressed
COL4A2	0.01661056124666243	No data	No data	No data	No data	0.1366155597966115	No data	No data	collagen type IV alpha 2 chain
STRIT1	0.016597355283969644	No data	No data	No data	No data	No data	0.1365069457673119	No data	small transmembrane regulator of ion transport 1
NOX1	0.01655768970281182	No data	No data	No data	No data	0.13618071142194182	No data	No data	NADPH oxidase 1
SETD7	0.016557118976469616	No data	No data	No data	No data	0.1361760174144623	No data	No data	SET domain containing 7, histone lysine methyltransferase
GNB3	0.016501009313433356	No data	No data	No data	No data	0.13571453673889283	No data	No data	G protein subunit beta 3
APOC1	0.016495331987677494	No data	No data	No data	No data	0.13566784289003564	No data	No data	apolipoprotein C1
KCNIP2	0.01648736796176753	No data	No data	No data	No data	0.13560234180059214	No data	No data	potassium voltage-gated channel interacting protein 2
NOD2	0.016446688332301323	No data	No data	No data	No data	0.1352677672928848	No data	No data	nucleotide binding oligomerization domain containing 2
APOD	0.016446303533469233	No data	No data	No data	No data	0.13526460246858568	No data	No data	apolipoprotein D
MAFK	0.016446303533469233	No data	No data	No data	No data	0.13526460246858568	No data	No data	MAF bZIP transcription factor K
SREBF1	0.016438378032945615	No data	No data	No data	No data	0.13519941823581813	No data	No data	sterol regulatory element binding transcription factor 1
HSP90B2P	0.01643479873700139	No data	No data	No data	No data	0.1351699798856121	No data	No data	heat shock protein 90 beta family member 2, pseudogene
PTHLH	0.01640926734128665	No data	No data	No data	No data	0.13495999384924873	No data	No data	parathyroid hormone like hormone
NTS	0.016394972998096353	No data	No data	No data	No data	0.13484242830357762	No data	No data	neurotensin
GIP	0.01638470689102178	No data	No data	No data	No data	0.134757993470576	No data	No data	gastric inhibitory polypeptide
AGTR2	0.016377321590522156	No data	No data	No data	No data	0.13469725217791045	No data	No data	angiotensin II receptor type 2
TNFRSF9	0.016369704058012965	No data	No data	No data	No data	0.13463460086513673	No data	No data	TNF receptor superfamily member 9
SLC26A1	0.016368794465280046	No data	No data	No data	No data	0.12158615952232422	0.052163841151700856	No data	solute carrier family 26 member 1
MAP1LC3B	0.016356577757637443	No data	No data	No data	No data	0.1345266420281516	No data	No data	microtubule associated protein 1 light chain 3 beta
ATF6	0.016346071792545346	No data	No data	No data	No data	0.13444023445402165	No data	No data	activating transcription factor 6
P4HB	0.016341075912604548	No data	No data	No data	No data	0.12158615952232422	0.05125194286379065	No data	prolyl 4-hydroxylase subunit beta
VHL	0.01633091248995101	No data	No data	No data	No data	0.13431555494564756	No data	No data	von Hippel-Lindau tumor suppressor
JAZF1	0.016315513329339146	No data	No data	No data	No data	0.13418890269614514	No data	No data	JAZF zinc finger 1
MRPL12	0.01626151360612688	No data	No data	No data	No data	0.13374477547455663	No data	No data	mitochondrial ribosomal protein L12
GSK3A	0.01626151360612688	No data	No data	No data	No data	0.13374477547455663	No data	No data	glycogen synthase kinase 3 alpha
C2	0.01626151360612688	No data	No data	No data	No data	0.13374477547455663	No data	No data	complement C2
KCNJ5	0.01626151360612688	No data	No data	No data	No data	0.13374477547455663	No data	No data	potassium inwardly rectifying channel subfamily J member 5
PEMT	0.016241704518783488	No data	No data	No data	No data	0.12766546749844043	0.023665543014176168	No data	phosphatidylethanolamine N-methyltransferase
NUCB2	0.016230715284903153	No data	No data	No data	No data	0.13349147097555178	No data	No data	nucleobindin 2
XYLT1	0.016230715284903153	No data	No data	No data	No data	0.13349147097555178	No data	No data	xylosyltransferase 1
VKORC1	0.016185429181960923	No data	No data	No data	No data	0.13311900997242324	No data	No data	vitamin K epoxide reductase complex subunit 1
LEPR	0.01612164085973843	No data	No data	No data	No data	0.13259437524036904	No data	No data	leptin receptor
ORM1	0.016105058134310356	No data	No data	No data	No data	0.13245798861961205	No data	No data	orosomucoid 1
SLC14A1	0.016097255892933676	No data	No data	No data	No data	0.1323938181465308	No data	No data	solute carrier family 14 member 1 (Kidd blood group)
DNER	0.016082882445531303	No data	No data	No data	No data	0.13227560199874847	No data	No data	delta/notch like EGF repeat containing
IFNA1	0.016079152538286453	No data	No data	No data	No data	0.13224492492777676	No data	No data	interferon alpha 1
BTBD9	0.01607672367878453	No data	No data	No data	No data	0.13222494848052757	No data	No data	BTB domain containing 9
THG1L	0.01607672367878453	No data	No data	No data	No data	0.1322249484805276	No data	No data	tRNA-histidine guanylyltransferase 1 like
RNASE6	0.01605619146463538	No data	No data	No data	No data	0.13205607881452436	No data	No data	ribonuclease A family member k6
IL4R	0.01603565925048623	No data	No data	No data	No data	0.13188720914852115	No data	No data	interleukin 4 receptor
RAB38	0.01595353039388963	No data	No data	No data	No data	0.13121173048450824	No data	No data	RAB38, member RAS oncogene family
MXRA5	0.01593299817974048	No data	No data	No data	No data	0.131042860818505	No data	No data	matrix remodeling associated 5
HBEGF	0.015920268206968003	No data	No data	No data	No data	0.13093816162558297	No data	No data	heparin binding EGF like growth factor
PPP1R12A	0.015911940089494245	No data	No data	No data	No data	0.13086966602126027	No data	No data	protein phosphatase 1 regulatory subunit 12A
DDAH2	0.015869643728346997	No data	No data	No data	No data	0.1305217945092936	No data	No data	dimethylarginine dimethylaminohydrolase 2
CARD8	0.015850869323143876	No data	No data	No data	No data	0.13036738215449206	No data	No data	caspase recruitment domain family member 8
CMKLR1	0.015832377759666283	No data	No data	No data	No data	0.13021529606549773	No data	No data	chemerin chemokine-like receptor 1
IRS1	0.01574115109402507	No data	No data	No data	No data	0.12946499137621717	No data	No data	insulin receptor substrate 1
SOCS3	0.01572869613097463	No data	No data	No data	No data	0.12386590001336781	0.021986616081917446	No data	suppressor of cytokine signaling 3
TRPV1	0.01571193547369331	No data	No data	No data	No data	0.12443323603667746	0.0191658718178975	No data	transient receptor potential cation channel subfamily V member 1
KCND2	0.01570714382409983	No data	No data	No data	No data	0.1291852944924695	No data	No data	potassium voltage-gated channel subfamily D member 2
GATA4	0.01570714382409983	No data	No data	No data	No data	0.1291852944924695	No data	No data	GATA binding protein 4
ITGAE	0.015668120046473083	No data	No data	No data	No data	0.12886433873747188	No data	No data	integrin subunit alpha E
CYP2C9	0.015666079395801526	No data	No data	No data	No data	0.128847555160463	No data	No data	cytochrome P450 family 2 subfamily C member 9
SLC40A1	0.015632817208879903	No data	No data	No data	No data	0.1285739863015378	No data	No data	solute carrier family 40 member 1
ITGA2B	0.015614368179672591	No data	No data	No data	No data	0.1284222500407677	No data	No data	integrin subunit alpha 2b
FST	0.015580014882640556	No data	No data	No data	No data	0.1281397072154412	No data	No data	follistatin
S1PR1	0.015570078723910894	No data	No data	No data	No data	0.10869539017837637	0.07745038361572053	No data	sphingosine-1-phosphate receptor 1
PRKCD	0.015564855580046217	No data	No data	No data	No data	0.1280150277070671	No data	No data	protein kinase C delta
SPHK1	0.015531976385027449	No data	No data	No data	No data	0.12774460881113406	No data	No data	sphingosine kinase 1
NKD1	0.015522353896757475	No data	No data	No data	No data	0.12766546749844043	No data	No data	NKD inhibitor of WNT signaling pathway 1
DDX17	0.015522353896757475	No data	No data	No data	No data	0.12766546749844043	No data	No data	DEAD-box helicase 17
CDK5R1	0.015522353896757475	No data	No data	No data	No data	0.12766546749844043	No data	No data	cyclin dependent kinase 5 regulatory subunit 1
PDCD4	0.015522353896757475	No data	No data	No data	No data	0.12766546749844043	No data	No data	programmed cell death 4
EPHB2	0.015522353896757475	No data	No data	No data	No data	0.12766546749844043	No data	No data	EPH receptor B2
PDK4	0.015490631410540714	No data	No data	No data	No data	0.11052519639911278	0.06751746277651459	No data	pyruvate dehydrogenase kinase 4
OGG1	0.015444832217601078	No data	No data	No data	No data	0.1270278811196868	No data	No data	8-oxoguanine DNA glycosylase
DNM2	0.015403779189600059	No data	No data	No data	No data	0.1199359601681233	0.027017101530695566	No data	dynamin 2
WNK1	0.015399160611862575	No data	No data	No data	No data	0.12665224950242107	No data	No data	WNK lysine deficient protein kinase 1
MMP12	0.015388894504788002	No data	No data	No data	No data	0.12656781466941947	No data	No data	matrix metallopeptidase 12
STUB1	0.015367207357499375	No data	No data	No data	No data	0.11797741475983523	0.03364812542798828	No data	STIP1 homology and U-box containing protein 1
CDK9	0.015317031755265973	No data	No data	No data	No data	0.12597677083840814	No data	No data	cyclin dependent kinase 9
PAQR3	0.015281100380504961	No data	No data	No data	No data	0.12568124892290247	No data	No data	progestin and adipoQ receptor family member 3
AKT2	0.015194749849264428	No data	No data	No data	No data	0.12497104858776747	No data	No data	AKT serine/threonine kinase 2
CREB1	0.015193432900548715	No data	No data	No data	No data	0.12496021718458077	No data	No data	cAMP responsive element binding protein 1
PRDM16	0.015173306256221925	No data	No data	No data	No data	0.12479468317638555	No data	No data	PR/SET domain 16
OSTN	0.015152774042072777	No data	No data	No data	No data	0.12462581351038234	No data	No data	osteocrin
ATP5ME	0.015152774042072777	No data	No data	No data	No data	0.12462581351038234	No data	No data	ATP synthase membrane subunit e
PDZK1IP1	0.015152774042072777	No data	No data	No data	No data	0.12462581351038234	No data	No data	PDZK1 interacting protein 1
CTCF	0.015152774042072777	No data	No data	No data	No data	0.12462581351038234	No data	No data	CCCTC-binding factor
PHGDH	0.015152774042072773	No data	No data	No data	No data	0.12462581351038231	No data	No data	phosphoglycerate dehydrogenase
LINC00265	0.015146551171202484	No data	No data	No data	No data	No data	0.1245746327600836	No data	long intergenic non-protein coding RNA 265
CIDEA	0.0151014435066999	No data	No data	No data	No data	0.12420363934537426	No data	No data	cell death inducing DFFA like effector a
PDPN	0.0151014435066999	No data	No data	No data	No data	0.12420363934537426	No data	No data	podoplanin
MYOD1	0.015086429144920128	No data	No data	No data	No data	0.12408015192017093	No data	No data	myogenic differentiation 1
MYD88	0.015070538188535787	No data	No data	No data	No data	0.12394945483715777	No data	No data	MYD88 innate immune signal transduction adaptor
ABCC6	0.015068221736024658	No data	No data	No data	No data	0.10898510504516332	0.0597811913982702	No data	ATP binding cassette subfamily C member 6
CD24	0.015021560622916348	No data	No data	No data	No data	0.12354663295503027	No data	No data	CD24 molecule
PIK3CG	0.01501615815037145	No data	No data	No data	No data	0.1191375493652774	0.017458601216814255	No data	phosphatidylinositol-4,5-bisphosphate 3-kinase catalytic subunit gamma
TMEM26	0.015009048543028725	No data	No data	No data	No data	0.12344372584835973	No data	No data	transmembrane protein 26
YBX1	0.014983383275342287	No data	No data	No data	No data	0.12323263876585568	No data	No data	Y-box binding protein 1
CCL19	0.014975786356107103	No data	No data	No data	No data	0.1231701569894345	No data	No data	C-C motif chemokine ligand 19
PRSS2	0.01497469781556555	No data	No data	No data	No data	0.0697431720593332	0.10572541114192824	No data	serine protease 2
RNASE7	0.014967984114730425	No data	No data	No data	No data	0.12310598651635328	No data	No data	ribonuclease A family member 7
PPP3CA	0.014967984114730425	No data	No data	No data	No data	0.12310598651635328	No data	No data	protein phosphatase 3 catalytic subunit alpha
RMND1	0.014967984114730425	No data	No data	No data	No data	0.12310598651635328	No data	No data	required for meiotic nuclear division 1 homolog
ACCS	0.014961173370299403	No data	No data	No data	No data	No data	0.12304997072921288	No data	1-aminocyclopropane-1-carboxylate synthase homolog (inactive)
TERT	0.014798593347999935	No data	No data	No data	No data	0.12171281177182663	No data	No data	telomerase reverse transcriptase
SUV39H2	0.014783194187388075	No data	No data	No data	No data	0.12158615952232422	No data	No data	SUV39H2 histone lysine methyltransferase
TMSB10	0.014783194187388075	No data	No data	No data	No data	0.12158615952232422	No data	No data	thymosin beta 10
DLK1	0.014783194187388075	No data	No data	No data	No data	0.12158615952232422	No data	No data	delta like non-canonical Notch ligand 1
SLC25A12	0.014783194187388075	No data	No data	No data	No data	0.12158615952232422	No data	No data	solute carrier family 25 member 12
CDH23	0.014783194187388075	No data	No data	No data	No data	0.12158615952232422	No data	No data	cadherin related 23
CAPN10	0.014783194187388075	No data	No data	No data	No data	0.12158615952232422	No data	No data	calpain 10
PAX9	0.014783194187388075	No data	No data	No data	No data	0.12158615952232422	No data	No data	paired box 9
RACK1	0.014783194187388075	No data	No data	No data	No data	0.12158615952232422	No data	No data	receptor for activated C kinase 1
FAS	0.014783194187388075	No data	No data	No data	No data	0.12158615952232422	No data	No data	Fas cell surface death receptor
GABARAPL1	0.014783194187388075	No data	No data	No data	No data	0.12158615952232422	No data	No data	GABA type A receptor associated protein like 1
SYP	0.014783194187388075	No data	No data	No data	No data	0.12158615952232422	No data	No data	synaptophysin
IFNL2	0.014783194187388075	No data	No data	No data	No data	0.12158615952232422	No data	No data	interferon lambda 2
RACGAP1	0.014783194187388075	No data	No data	No data	No data	0.12158615952232422	No data	No data	Rac GTPase activating protein 1
TLR1	0.014783194187388075	No data	No data	No data	No data	0.12158615952232422	No data	No data	toll like receptor 1
ASXL2	0.014783194187388075	No data	No data	No data	No data	0.12158615952232422	No data	No data	ASXL transcriptional regulator 2
HBA2	0.014770054431109103	No data	No data	No data	No data	No data	0.12147809001564196	No data	hemoglobin subunit alpha 2
PLIN5	0.014733126818129463	No data	No data	No data	No data	0.03647584785669726	0.11205541245485107	No data	perilipin 5
ASS1	0.014728618020321665	No data	No data	No data	No data	0.012158615952232422	0.11809763728083314	No data	argininosuccinate synthase 1
APP	0.014717273209225945	No data	No data	No data	No data	0.12104398450486244	No data	No data	amyloid beta precursor protein
HBA1	0.014713957959708486	No data	No data	No data	No data	No data	0.12101671783626722	No data	hemoglobin subunit alpha 1
COQ8B	0.014705876084436588	No data	No data	No data	No data	0.12095024748056515	No data	No data	coenzyme Q8B
GNG2	0.014705737259531726	No data	No data	No data	No data	0.11204502339314183	0.035616329221151447	No data	G protein subunit gamma 2
MMP14	0.014679817864624483	No data	No data	No data	No data	0.12073592851601789	No data	No data	matrix metallopeptidase 14
HRH4	0.014670267009567747	No data	No data	No data	No data	0.12065737635930646	No data	No data	histamine receptor H4
MFN1	0.01466143815748361	No data	No data	No data	No data	0.12058476240292507	No data	No data	mitofusin 1
PRDX1	0.014660000902493172	No data	No data	No data	No data	0.12057294152630485	No data	No data	peroxiredoxin 1
VDAC1	0.014656305103946325	No data	No data	No data	No data	0.12054254498642426	No data	No data	voltage dependent anion channel 1
TNFAIP8	0.014625896592224437	No data	No data	No data	No data	0.10393927942498687	0.06541266839035179	No data	TNF alpha induced protein 8
ANPEP	0.014610841905738326	No data	No data	No data	No data	0.10970553602622929	0.04185236566296987	No data	alanyl aminopeptidase, membrane
CD93	0.014577872045896572	No data	No data	No data	No data	0.11989746286229193	No data	No data	CD93 molecule
GSTP1	0.014560000988278553	No data	No data	No data	No data	0.11975048019840792	No data	No data	glutathione S-transferase pi 1
IGFBP6	0.014502313497827699	No data	No data	No data	No data	0.11927602249140007	No data	No data	insulin like growth factor binding protein 6
GOT2	0.014499807962443488	No data	No data	No data	No data	0.11925541541413029	No data	No data	glutamic-oxaloacetic transaminase 2
ENO2	0.014475368342234323	No data	No data	No data	No data	0.11905440881679075	No data	No data	enolase 2
CCL21	0.014474556232269063	No data	No data	No data	No data	0.11904772952065663	No data	No data	C-C motif chemokine ligand 21
ITGAM	0.014440379785362762	No data	No data	No data	No data	0.11876664122047038	No data	No data	integrin subunit alpha M
GLIS2	0.014413614332703372	No data	No data	No data	No data	0.11854650553426611	No data	No data	GLIS family zinc finger 2
RAB27A	0.014393082118554222	No data	No data	No data	No data	0.11837763586826287	No data	No data	RAB27A, member RAS oncogene family
BASP1	0.014318755503334295	No data	No data	No data	No data	0.11776632767733118	No data	No data	brain abundant membrane attached signal protein 1
AQP5	0.01431215065893054	No data	No data	No data	No data	0.1177120053397419	No data	No data	aquaporin 5
TNS2	0.014291151563196738	No data	No data	No data	No data	0.10314896938809179	0.05756130544748777	No data	tensin 2
KDM3A	0.01426861897148061	No data	No data	No data	No data	0.1063878895820337	0.04386433662365114	No data	lysine demethylase 3A
IQGAP1	0.014236626646737699	No data	No data	No data	No data	0.11709084901331829	No data	No data	IQ motif containing GTPase activating protein 1
CYCS	0.014232144472766883	No data	No data	No data	No data	0.1170539848341352	No data	No data	cytochrome c, somatic
MYF5	0.01422882440536102	No data	No data	No data	No data	0.11702667854023706	No data	No data	myogenic factor 5
LGALS3BP	0.01422882440536102	No data	No data	No data	No data	0.11702667854023706	No data	No data	galectin 3 binding protein
WNT3A	0.0142148624997396	No data	No data	No data	No data	0.1169118471673549	No data	No data	Wnt family member 3A
NUDT19	0.01418063985587771	No data	No data	No data	No data	0.10334823559397559	0.053128573283091014	No data	nudix hydrolase 19
SMAD4	0.014169848582720222	No data	No data	No data	No data	0.1165416247901022	No data	No data	SMAD family member 4
PRKAA2	0.014151794066425675	No data	No data	No data	No data	0.11639313324825667	No data	No data	protein kinase AMP-activated catalytic subunit alpha 2
PODXL	0.014137322945288034	No data	No data	No data	No data	0.11627411377108514	No data	No data	podocalyxin like
CYP1B1	0.014092989965327245	No data	No data	No data	No data	0.11007262569422413	0.023347464593547772	No data	cytochrome P450 family 1 subfamily B member 1
COX6C	0.014060242356453142	No data	No data	No data	No data	0.11564015519275914	No data	No data	cytochrome c oxidase subunit 6C
MT-RNR1	0.01404403447801867	No data	No data	No data	No data	0.115506851546208	No data	No data	mitochondrially encoded 12S rRNA
DBN1	0.01404403447801867	No data	No data	No data	No data	0.115506851546208	No data	No data	drebrin 1
SIK2	0.01404403447801867	No data	No data	No data	No data	0.115506851546208	No data	No data	salt inducible kinase 2
RNASEH2B	0.01404403447801867	No data	No data	No data	No data	0.115506851546208	No data	No data	ribonuclease H2 subunit B
CDC73	0.01404403447801867	No data	No data	No data	No data	0.115506851546208	No data	No data	cell division cycle 73
EPHA1	0.01404403447801867	No data	No data	No data	No data	0.115506851546208	No data	No data	EPH receptor A1
MRO	0.01404403447801867	No data	No data	No data	No data	0.115506851546208	No data	No data	maestro
FCGR3A	0.01402350226386952	No data	No data	No data	No data	0.11533798188020476	No data	No data	Fc gamma receptor IIIa
ENPP2	0.014002970049720368	No data	No data	No data	No data	0.11516911221420156	No data	No data	ectonucleotide pyrophosphatase/phosphodiesterase 2
HMGA2	0.013996778958617234	No data	No data	No data	No data	0.11511819284042202	No data	No data	high mobility group AT-hook 2
DCN	0.013993067230682355	No data	No data	No data	No data	0.1116341406657815	0.013814098486364947	No data	decorin
CTF1	0.013987570889108503	No data	No data	No data	No data	0.11504245996469911	No data	No data	cardiotrophin 1
CLCNKB	0.013985494738527027	No data	No data	No data	No data	0.09676231861984967	0.07305226317823822	No data	chloride voltage-gated channel Kb
DUSP1	0.01397577473393939	No data	No data	No data	No data	0.09963310294190457	0.0612493525004873	No data	dual specificity phosphatase 1
SLC4A9	0.01396738901639238	No data	No data	No data	No data	No data	0.11487647172396996	No data	solute carrier family 4 member 9
CMTR2	0.013903594133238481	No data	No data	No data	No data	No data	0.11435178303074592	No data	cap methyltransferase 2
ALS2CL	0.013891466646086953	No data	No data	No data	No data	No data	0.11425203905331319	No data	ALS2 C-terminal like
CNDP2	0.01389004287190004	No data	No data	No data	No data	0.11424032905118378	No data	No data	carnosine dipeptidase 2
TEK	0.01387594303169947	No data	No data	No data	No data	0.11412436321875707	No data	No data	TEK receptor tyrosine kinase
SCO2	0.013859244550676319	No data	No data	No data	No data	0.11398702455217895	No data	No data	synthesis of cytochrome C oxidase 2
SLC39A14	0.013838712336527167	No data	No data	No data	No data	0.11381815488617571	No data	No data	solute carrier family 39 member 14
DNMT3A	0.01381571625668012	No data	No data	No data	No data	0.1136290208602521	No data	No data	DNA methyltransferase 3 alpha
ACOX1	0.013807914015303444	No data	No data	No data	No data	0.11356485038717089	No data	No data	acyl-CoA oxidase 1
SFRP4	0.013784917935456395	No data	No data	No data	No data	0.11337571636124727	No data	No data	secreted frizzled related protein 4
TRAF5	0.013734639431262081	No data	No data	No data	No data	0.09588240427038144	0.06831916193152582	No data	TNF receptor associated factor 5
KIFC2	0.013730209062445804	No data	No data	No data	No data	No data	0.11292575665180728	No data	kinesin family member C2
PILRA	0.013724149995481199	No data	No data	No data	No data	No data	0.11287592312644212	No data	paired immunoglobin like type 2 receptor alpha
STK11	0.013683703780550146	No data	No data	No data	No data	0.11254326836466699	No data	No data	serine/threonine kinase 11
ACACA	0.013674454623333965	No data	No data	No data	No data	0.11246719755814989	No data	No data	acetyl-CoA carboxylase alpha
MAPK14	0.013663164868054571	No data	No data	No data	No data	0.11237434360730754	No data	No data	mitogen-activated protein kinase 14
TRIP10	0.013612857980886513	No data	No data	No data	No data	0.1119605885601402	No data	No data	thyroid hormone receptor interactor 10
NUMB	0.013591901907853868	No data	No data	No data	No data	0.09908427652739406	0.050815825153403035	No data	NUMB endocytic adaptor protein
H2AX	0.013591299156029907	No data	No data	No data	No data	0.11178327541083681	No data	No data	H2A.X variant histone
BTK	0.013589233363871637	No data	No data	No data	No data	0.11176628505464509	No data	No data	Bruton tyrosine kinase
FLT4	0.013562336163336249	No data	No data	No data	No data	0.11154506579218083	No data	No data	fms related receptor tyrosine kinase 4
HCP5	0.013551261338439067	No data	No data	No data	No data	0.11145397956213055	No data	No data	HLA complex P5
CLCN5	0.013537793882056339	No data	No data	No data	No data	0.11134321484651129	No data	No data	chloride voltage-gated channel 5
MUTYH	0.013517999151517442	No data	No data	No data	No data	0.1111804107032053	No data	No data	mutY DNA glycosylase
FCN2	0.013489664695991615	No data	No data	No data	No data	0.11094737056412086	No data	No data	ficolin 2
TXNRD1	0.013489664695991615	No data	No data	No data	No data	0.11094737056412086	No data	No data	thioredoxin reductase 1
TRPV4	0.01347431540701035	No data	No data	No data	No data	0.10334823559397557	0.02989157158347984	No data	transient receptor potential cation channel subfamily V member 4
TKT	0.013469337803983955	No data	No data	No data	No data	0.11078018959477764	No data	No data	transketolase
PPIP5K1	0.013469132481842465	No data	No data	No data	No data	0.11077850089811762	No data	No data	diphosphoinositol pentakisphosphate kinase 1
PDC	0.013466090154217538	No data	No data	No data	No data	0.11075347890846947	No data	No data	phosducin
MEIS1	0.013458866374767892	No data	No data	No data	No data	0.11069406606511602	No data	No data	Meis homeobox 1
KMT5A	0.013446547046278401	No data	No data	No data	No data	0.11059274426551408	No data	No data	lysine methyltransferase 5A
HDAC4	0.013438324558004538	No data	No data	No data	No data	0.11052511742125674	No data	No data	histone deacetylase 4
OAS1	0.013428068053544163	No data	No data	No data	No data	0.11044076156611114	No data	No data	2'-5'-oligoadenylate synthetase 1
DDR1	0.01341139278479348	No data	No data	No data	No data	0.10448359307529363	0.02328008294547013	No data	discoidin domain receptor tyrosine kinase 1
MICA	0.013400822048548833	No data	No data	No data	No data	0.1102166735193929	No data	No data	MHC class I polypeptide-related sequence A
PPBP	0.013388294803542672	No data	No data	No data	No data	0.11011364168538006	No data	No data	pro-platelet basic protein
TAF7	0.013372360155431477	No data	No data	No data	No data	0.10334823559397559	0.026537398642104786	No data	TATA-box binding protein associated factor 7
CLDN16	0.013359700889164496	No data	No data	No data	No data	0.1046991929220014	0.020717098694964912	No data	claudin 16
FAM151A	0.013331107301911704	No data	No data	No data	No data	No data	0.10964329619658728	No data	family with sequence similarity 151 member A
SENP6	0.013321873473214776	No data	No data	No data	No data	0.09726892761785938	0.049193695373847775	No data	SUMO specific peptidase 6
RPS6KA5	0.013305486150365283	No data	No data	No data	No data	0.10486806258800464	0.018258037458323415	No data	ribosomal protein S6 kinase A5
DPP8	0.013304874768649265	No data	No data	No data	No data	0.10942754357009181	No data	No data	dipeptidyl peptidase 8
USP7	0.013304874768649264	No data	No data	No data	No data	0.1094275435700918	No data	No data	ubiquitin specific peptidase 7
CHEK1	0.013304874768649264	No data	No data	No data	No data	0.1094275435700918	No data	No data	checkpoint kinase 1
PLXNA1	0.013304874768649264	No data	No data	No data	No data	0.1094275435700918	No data	No data	plexin A1
C4orf3	0.013304874768649264	No data	No data	No data	No data	0.1094275435700918	No data	No data	chromosome 4 open reading frame 3
MT-CO1	0.013292144795876789	No data	No data	No data	No data	0.10932284437716977	No data	No data	mitochondrially encoded cytochrome c oxidase I
GLA	0.01326093493287211	No data	No data	No data	No data	0.10906615510326478	No data	No data	galactosidase alpha
MIAT	0.013254638120739957	No data	No data	No data	No data	0.10901436621416023	No data	No data	myocardial infarction associated transcript
KLRK1	0.013217612858515379	No data	No data	No data	No data	0.10870984748957807	No data	No data	killer cell lectin like receptor K1
GPC5	0.013191947590828937	No data	No data	No data	No data	0.10849876040707403	No data	No data	glypican 5
IL7R	0.013191947590828937	No data	No data	No data	No data	0.10849876040707403	No data	No data	interleukin 7 receptor
IL24	0.013181681483754362	No data	No data	No data	No data	0.10841432557407242	No data	No data	interleukin 24
SUN1	0.013171826020962773	No data	No data	No data	No data	No data	0.10833326813439087	No data	Sad1 and UNC84 domain containing 1
APOH	0.013133565869041606	No data	No data	No data	No data	0.10801859291089934	No data	No data	apolipoprotein H
SOCS1	0.013124794679817864	No data	No data	No data	No data	0.10794645320965206	No data	No data	suppressor of cytokine signaling 1
XIAP	0.013120084841306914	No data	No data	No data	No data	0.10790771657606275	No data	No data	X-linked inhibitor of apoptosis
RHBDF2	0.013120084841306914	No data	No data	No data	No data	0.10790771657606275	No data	No data	rhomboid 5 homolog 2
NCALD	0.013099552627157764	No data	No data	No data	No data	0.10773884691005951	No data	No data	neurocalcin delta
INVS	0.013050891279624275	No data	No data	No data	No data	0.10733862580163185	No data	No data	inversin
COMT	0.013044000417140954	No data	No data	No data	No data	0.10728195107392935	No data	No data	catechol-O-methyltransferase
MUC5AC	0.013040099296452617	No data	No data	No data	No data	0.10724986583738873	No data	No data	mucin 5AC, oligomeric mucus/gel-forming
TLX2	0.012986625449337439	No data	No data	No data	No data	0.10681006374704177	No data	No data	T cell leukemia homeobox 2
GDF2	0.012935294913964564	No data	No data	No data	No data	0.1063878895820337	No data	No data	growth differentiation factor 2
TLR7	0.012930161860427274	No data	No data	No data	No data	0.10634567216553287	No data	No data	toll like receptor 7
HSD11B2	0.012930161860427274	No data	No data	No data	No data	0.10634567216553287	No data	No data	hydroxysteroid 11-beta dehydrogenase 2
NLRP1	0.012922564941192089	No data	No data	No data	No data	0.10628319038911169	No data	No data	NLR family pyrin domain containing 1
SMPD1	0.01292000153416608	No data	No data	No data	No data	0.09726892761785938	0.03597271888680247	No data	sphingomyelin phosphodiesterase 1
ZBTB1	0.01291015836224328	No data	No data	No data	No data	No data	0.10618115098760782	No data	zinc finger and BTB domain containing 1
DPEP1	0.012808010223157787	No data	No data	No data	No data	0.012158615952232422	0.10230136733769675	No data	dipeptidase 1
SLC26A6	0.012802504753208387	No data	No data	No data	No data	0.03495602086266821	0.09655673570999104	No data	solute carrier family 26 member 6
CST12P	0.012750504986622214	No data	No data	No data	No data	0.10486806258800464	No data	No data	cystatin 12, pseudogene
SCGB1A1	0.012750504986622214	No data	No data	No data	No data	0.10486806258800464	No data	No data	secretoglobin family 1A member 1
PRAL	0.01273078149029567	No data	No data	No data	No data	0.1047058443190501	No data	No data	p53 regulation associated lncRNA
SLC22A8	0.01273006036675041	No data	No data	No data	No data	0.05546780014221989	0.09083296331612109	No data	solute carrier family 22 member 8
HNF4A	0.01272997277247306	No data	No data	No data	No data	0.1046991929220014	No data	No data	hepatocyte nuclear factor 4 alpha
MUC17	0.01272997277247306	No data	No data	No data	No data	0.1046991929220014	No data	No data	mucin 17, cell surface associated
CFHR2	0.012729972772473059	No data	No data	No data	No data	0.10469919292200139	No data	No data	complement factor H related 2
CD9	0.012728317624597772	No data	No data	No data	No data	0.10468557995912972	No data	No data	CD9 molecule
FFAR2	0.012663504379406516	No data	No data	No data	No data	0.10415251562478534	No data	No data	free fatty acid receptor 2
IL16	0.012637577808801885	No data	No data	No data	No data	0.10393927942498687	No data	No data	interleukin 16
MYOCD	0.012627311701727314	No data	No data	No data	No data	0.10385484459198527	No data	No data	myocardin
CTNNB1	0.012615174992614261	No data	No data	No data	No data	0.10375502476742027	No data	No data	catenin beta 1
SECTM1	0.01261456808948175	No data	No data	No data	No data	0.09726892761785938	0.025924422406864715	No data	secreted and transmembrane 1
ELAVL2	0.01260677948757816	No data	No data	No data	No data	0.10368597492598203	No data	No data	ELAV like RNA binding protein 2
RSAD1	0.012569672491423534	No data	No data	No data	No data	No data	0.10338078397085682	No data	radical S-adenosyl methionine domain containing 1
TFAP4	0.012565715059279862	No data	No data	No data	No data	0.10334823559397559	No data	No data	transcription factor AP-4
OMD	0.012565715059279862	No data	No data	No data	No data	0.10334823559397559	No data	No data	osteomodulin
RGS4	0.012565715059279862	No data	No data	No data	No data	0.10334823559397559	No data	No data	regulator of G protein signaling 4
RNF217-AS1	0.012565715059279862	No data	No data	No data	No data	0.10334823559397559	No data	No data	RNF217 antisense RNA 1 (head to head)
PLRG1	0.012565715059279862	No data	No data	No data	No data	0.10334823559397559	No data	No data	pleiotropic regulator 1
ARHGEF11	0.012565715059279862	No data	No data	No data	No data	0.10334823559397559	No data	No data	Rho guanine nucleotide exchange factor 11
CPSF2	0.012565715059279862	No data	No data	No data	No data	0.10334823559397559	No data	No data	cleavage and polyadenylation specific factor 2
CHGA	0.012557489602876842	No data	No data	No data	No data	0.10328058433798286	No data	No data	chromogranin A
LAMB2	0.01254342293426971	No data	No data	No data	No data	0.10316489132931807	No data	No data	laminin subunit beta 2
OGA	0.012529785869607204	No data	No data	No data	No data	0.10305273164999204	No data	No data	O-GlcNAcase
HNRNPA0	0.012527313619163242	No data	No data	No data	No data	No data	0.10303239832871867	No data	heterogeneous nuclear ribonucleoprotein A0
CDK2	0.012514384523906985	No data	No data	No data	No data	0.10292606142896753	No data	No data	cyclin dependent kinase 2
DPYD	0.012497905172349454	No data	No data	No data	No data	0.09118961964174317	0.04640362150922015	No data	dihydropyrimidine dehydrogenase
CYP1A1	0.012486015532505126	No data	No data	No data	No data	0.10269273724541478	No data	No data	cytochrome P450 family 1 subfamily A member 1
PAX5	0.01245911833196974	No data	No data	No data	No data	0.10247151798295052	No data	No data	paired box 5
USP22	0.012450324015761639	No data	No data	No data	No data	0.10239918807103744	No data	No data	ubiquitin specific peptidase 22
SRF	0.012440057908687062	No data	No data	No data	No data	0.10231475323803584	No data	No data	serum response factor
EDRF1	0.01244005790868706	No data	No data	No data	No data	No data	0.10231475323803581	No data	erythroid differentiation regulatory factor 1
SHPRH	0.01244005790868706	No data	No data	No data	No data	No data	0.10231475323803581	No data	SNF2 histone linker PHD RING helicase
LRIF1	0.01244005790868706	No data	No data	No data	No data	No data	0.10231475323803581	No data	ligand dependent nuclear receptor interacting factor 1
ISOC1	0.01244005790868706	No data	No data	No data	No data	No data	0.10231475323803581	No data	isochorismatase domain containing 1
DOCK10	0.01244005790868706	No data	No data	No data	No data	No data	0.10231475323803581	No data	dedicator of cytokinesis 10
SCARB1	0.012417267150981506	No data	No data	No data	No data	0.10212730790877224	No data	No data	scavenger receptor class B member 1
MTR	0.012392367649630047	No data	No data	No data	No data	0.08814996565368506	0.05509021323981312	No data	5-methyltetrahydrofolate-homocysteine methyltransferase
CARM1	0.01238092513193751	No data	No data	No data	No data	0.10182840859994653	No data	No data	coactivator associated arginine methyltransferase 1
CXADRP1	0.012377617274908593	No data	No data	No data	No data	0.10180120273176291	No data	No data	CXADR pseudogene 1
SLC22A5	0.012360392917788359	No data	No data	No data	No data	0.10165953893394329	No data	No data	solute carrier family 22 member 5
TOB1	0.012348890045023939	No data	No data	No data	No data	No data	0.10156493217269999	No data	transducer of ERBB2, 1
HSPG2	0.012326376719056887	No data	No data	No data	No data	0.10137976861415432	No data	No data	heparan sulfate proteoglycan 2
MEP1B	0.012325898798017789	No data	No data	No data	No data	0.10137583789505789	No data	No data	meprin A subunit beta
HSPA1A	0.012291487029340962	No data	No data	No data	No data	0.02279740491043579	0.09539346293504371	No data	heat shock protein family A (Hsp70) member 1A
TSC2	0.012288007305971039	No data	No data	No data	No data	0.09437270945631258	0.026765941211013528	No data	TSC complex subunit 2
PHLPP1	0.012267997954117182	No data	No data	No data	No data	0.10089962543692878	No data	No data	PH domain and leucine rich repeat protein phosphatase 1
CCNG2	0.012257651590228874	No data	No data	No data	No data	0.08207065767756885	0.07497549137814435	No data	cyclin G2
CCN4	0.012229602713658272	No data	No data	No data	No data	0.10058383916150272	No data	No data	cellular communication network factor 4
TRIM72	0.01221666741874431	No data	No data	No data	No data	0.10047745127192072	No data	No data	tripartite motif containing 72
LIAS	0.012196135204595159	No data	No data	No data	No data	0.10030858160591748	No data	No data	lipoic acid synthetase
GADD45A	0.012196135204595159	No data	No data	No data	No data	0.10030858160591748	No data	No data	growth arrest and DNA damage inducible alpha
SF3B2	0.012196135204595159	No data	No data	No data	No data	0.10030858160591748	No data	No data	splicing factor 3b subunit 2
AURKA	0.012196135204595159	No data	No data	No data	No data	0.10030858160591748	No data	No data	aurora kinase A
ICOS	0.012196135204595157	No data	No data	No data	No data	0.10030858160591746	No data	No data	inducible T cell costimulator
BNIP3	0.012192241876833987	No data	No data	No data	No data	0.1002765604632441	No data	No data	BCL2 interacting protein 3
CLDN2	0.012187306352511026	No data	No data	No data	No data	0.10023596764953609	No data	No data	claudin 2
EDA2R	0.012175602990446007	No data	No data	No data	No data	0.10013971193991425	No data	No data	ectodysplasin A2 receptor
ENO1	0.012163928759823505	No data	No data	No data	No data	0.09625570962184	0.015151944814027395	No data	enolase 1
GCK	0.012155070776296859	No data	No data	No data	No data	0.09997084227391102	No data	No data	glucokinase
PARK7	0.012142340803524386	No data	No data	No data	No data	0.09986614308098901	No data	No data	Parkinsonism associated deglycase
CITED2	0.012092652845283441	No data	No data	No data	No data	0.06079307976116211	0.08425920854897066	No data	Cbp/p300 interacting transactivator with Glu/Asp rich carboxy-terminal domain 2
ESAM	0.012042143598476532	No data	No data	No data	No data	0.09904205911089325	No data	No data	endothelial cell adhesion molecule
STK26	0.012033020386856332	No data	No data	No data	No data	No data	0.09896702415908588	No data	serine/threonine kinase 26
SPHK2	0.01201278253224325	No data	No data	No data	No data	0.09880057548850867	No data	No data	sphingosine kinase 2
PITX1	0.012011345277252809	No data	No data	No data	No data	0.09878875461188842	No data	No data	paired like homeodomain 1
RTN1	0.012011345277252809	No data	No data	No data	No data	0.09878875461188842	No data	No data	reticulon 1
EDN3	0.012011345277252809	No data	No data	No data	No data	0.09878875461188842	No data	No data	endothelin 3
MTHFS	0.011990813063103657	No data	No data	No data	No data	0.0986198849458852	No data	No data	methenyltetrahydrofolate synthetase
AGRN	0.011973656093545759	No data	No data	No data	No data	0.09847877538518104	No data	No data	agrin
ATM	0.011959966786821942	No data	No data	No data	No data	0.09836618603473526	No data	No data	ATM serine/threonine kinase
RB1	0.011952677856125835	No data	No data	No data	No data	0.0704186507233461	0.08070157466627884	No data	RB transcriptional corepressor 1
KCNQ1OT1	0.011951532726121287	No data	No data	No data	No data	0.08773528723405569	0.04224612741415452	No data	KCNQ1 opposite strand/antisense transcript 1
ID1	0.011950557352627966	No data	No data	No data	No data	0.09828879701092742	No data	No data	inhibitor of DNA binding 1
CARS1	0.011926752554958309	No data	No data	No data	No data	0.09809301158795512	No data	No data	cysteinyl-tRNA synthetase 1
UCA1	0.011918950313581632	No data	No data	No data	No data	0.09802884111487391	No data	No data	urothelial cancer associated 1
DNAJB9	0.011900290692460068	No data	No data	No data	No data	0.08494144199962372	0.051735723263759435	No data	DnaJ heat shock protein family (Hsp40) member B9
AGXT	0.011873806959788704	No data	No data	No data	No data	0.09216727161831041	0.021961130203964115	No data	alanine--glyoxylate aminotransferase
PDGFB	0.011841919974646287	No data	No data	No data	No data	0.09739529582289351	No data	No data	platelet derived growth factor subunit B
APOA2	0.011828984679732325	No data	No data	No data	No data	0.09728890793331149	No data	No data	apolipoprotein A2
APEH	0.011826555349910457	No data	No data	No data	No data	0.09726892761785938	No data	No data	acylaminoacyl-peptide hydrolase
SLC2A12	0.011826555349910457	No data	No data	No data	No data	0.09726892761785938	No data	No data	solute carrier family 2 member 12
PTPN14	0.011826555349910457	No data	No data	No data	No data	0.09726892761785938	No data	No data	protein tyrosine phosphatase non-receptor type 14
FSTL3	0.011826555349910457	No data	No data	No data	No data	0.09726892761785938	No data	No data	follistatin like 3
TAB1	0.011826555349910457	No data	No data	No data	No data	0.09726892761785938	No data	No data	TGF-beta activated kinase 1 (MAP3K7) binding protein 1
MIR22	0.011826555349910457	No data	No data	No data	No data	0.09726892761785938	No data	No data	microRNA 22
LTBP4	0.011826555349910457	No data	No data	No data	No data	0.09726892761785938	No data	No data	latent transforming growth factor beta binding protein 4
MRGPRD	0.011826555349910457	No data	No data	No data	No data	0.09726892761785938	No data	No data	MAS related GPR family member D
KLF11	0.011826555349910457	No data	No data	No data	No data	0.09726892761785938	No data	No data	KLF transcription factor 11
CGN	0.011826555349910457	No data	No data	No data	No data	0.09726892761785938	No data	No data	cingulin
ASGR1	0.011826555349910457	No data	No data	No data	No data	0.09726892761785938	No data	No data	asialoglycoprotein receptor 1
MUC16	0.011826555349910457	No data	No data	No data	No data	0.09726892761785938	No data	No data	mucin 16, cell surface associated
TRIM27	0.011826555349910457	No data	No data	No data	No data	0.09726892761785938	No data	No data	tripartite motif containing 27
ACTA2	0.011801833380494304	No data	No data	No data	No data	0.09000753197972058	0.0282322673030801	No data	actin alpha 2, smooth muscle
UTS2R	0.011795757028686732	No data	No data	No data	No data	0.09701562311885452	No data	No data	urotensin 2 receptor
FMO3	0.011783806674793913	No data	No data	No data	No data	0.09691733599522329	No data	No data	flavin containing dimethylaniline monoxygenase 3
ANGPTL3	0.011777894002376967	No data	No data	No data	No data	0.0968687065094317	No data	No data	angiopoietin like 3
MSX2	0.011766999358134567	No data	No data	No data	No data	0.09677910219685858	No data	No data	msh homeobox 2
PRODH2	0.011733122353108902	No data	No data	No data	No data	No data	0.09650047669245283	No data	proline dehydrogenase 2
PSMA7	0.011729485233775521	No data	No data	No data	No data	0.09118961964174316	0.02112377250032564	No data	proteasome 20S subunit alpha 7
MRFAP1L2	0.011728411366277518	No data	No data	No data	No data	0.07858856516458228	0.07149266179912664	No data	Morf4 family associated protein 1 like 2
COX7C	0.01171362817209013	No data	No data	No data	No data	0.09634014445484161	No data	No data	cytochrome c oxidase subunit 7C
HEATR5A	0.011708289796411355	No data	No data	No data	No data	No data	0.09629623834168079	No data	HEAT repeat containing 5A
ADSS2	0.011708289796411355	No data	No data	No data	No data	No data	0.09629623834168079	No data	adenylosuccinate synthase 2
MTA1	0.011708289796411355	No data	No data	No data	No data	No data	0.09629623834168079	No data	metastasis associated 1
TFPI	0.011682829850866407	No data	No data	No data	No data	0.09608683995583678	No data	No data	tissue factor pathway inhibitor
CD274	0.011649567663944782	No data	No data	No data	No data	0.09581327109691154	No data	No data	CD274 molecule
CHKA	0.011641765422568106	No data	No data	No data	No data	0.09574910062383032	No data	No data	choline kinase alpha
NR4A2	0.011641765422568106	No data	No data	No data	No data	0.09574910062383032	No data	No data	nuclear receptor subfamily 4 group A member 2
CYP2J2	0.011641765422568106	No data	No data	No data	No data	0.09574910062383032	No data	No data	cytochrome P450 family 2 subfamily J member 2
PI4KA	0.011636577127338798	No data	No data	No data	No data	No data	0.09570642886538601	No data	phosphatidylinositol 4-kinase alpha
SRSF1	0.011621233208418956	No data	No data	No data	No data	0.09558023095782708	No data	No data	serine and arginine rich splicing factor 1
ANKH	0.011621233208418956	No data	No data	No data	No data	0.09558023095782708	No data	No data	ANKH inorganic pyrophosphate transport regulator
NTF4	0.011621233208418956	No data	No data	No data	No data	0.09558023095782708	No data	No data	neurotrophin 4
BDKRB1	0.011605410832780754	No data	No data	No data	No data	0.09545009792541317	No data	No data	bradykinin receptor B1
CDK1	0.011600700994269809	No data	No data	No data	No data	0.09541136129182388	No data	No data	cyclin dependent kinase 1
FOXO4	0.011600700994269806	No data	No data	No data	No data	0.09541136129182386	No data	No data	forkhead box O4
MAS1L	0.011548947243870589	No data	No data	No data	No data	0.09498570634390428	No data	No data	MAS1 proto-oncogene like, G protein-coupled receptor
BHLHE40	0.011538283063256388	No data	No data	No data	No data	0.04255515583281348	0.08425920854897066	No data	basic helix-loop-helix family member e40
SST	0.011528838244747782	No data	No data	No data	No data	0.09482031746081257	No data	No data	somatostatin
NMNAT1	0.011528838244747782	No data	No data	No data	No data	0.09482031746081257	No data	No data	nicotinamide nucleotide adenylyltransferase 1
PRDX2	0.01149477466539336	No data	No data	No data	No data	0.08468813750061889	0.03940807981107891	No data	peroxiredoxin 2
ANXA1	0.0114606717322295	No data	No data	No data	No data	0.08776831282693766	0.02596544379554273	No data	annexin A1
DNAJC2	0.011456975495225754	No data	No data	No data	No data	0.09422927362980127	No data	No data	DnaJ heat shock protein family (Hsp40) member C2
MEF2C	0.011456975495225754	No data	No data	No data	No data	0.09422927362980127	No data	No data	myocyte enhancer factor 2C
BTRC	0.011436443281076604	No data	No data	No data	No data	0.09406040396379803	No data	No data	beta-transducin repeat containing E3 ubiquitin protein ligase
KRT19	0.01142617717400203	No data	No data	No data	No data	0.09397596913079642	No data	No data	keratin 19
RETNLB	0.011418580254766844	No data	No data	No data	No data	0.09391348735437521	No data	No data	resistin like beta
CPVL	0.01139504410083462	No data	No data	No data	No data	0.08494144199962372	0.035113877698099295	No data	carboxypeptidase vitellogenic like
FTCD	0.01138693200189367	No data	No data	No data	No data	No data	0.0936531924902434	No data	formimidoyltransferase cyclodeaminase
ALOX5	0.011366579679347562	No data	No data	No data	No data	0.08452591923166436	0.035839532530848824	No data	arachidonate 5-lipoxygenase
CCR1	0.011347709580076247	No data	No data	No data	No data	0.09333060296219582	No data	No data	C-C motif chemokine receptor 1
SP1	0.011344048317405429	No data	No data	No data	No data	0.0933004904667835	No data	No data	Sp1 transcription factor
GYPA	0.011344048317405429	No data	No data	No data	No data	0.0933004904667835	No data	No data	glycophorin A (MNS blood group)
RUBCN	0.011333782210330857	No data	No data	No data	No data	0.09321605563378191	No data	No data	rubicon autophagy regulator
PDIA3	0.011333782210330857	No data	No data	No data	No data	0.09321605563378191	No data	No data	protein disulfide isomerase family A member 3
BMAL1	0.011313249996181706	No data	No data	No data	No data	0.09304718596777868	No data	No data	basic helix-loop-helix ARNT like 1
SLC39A8	0.0113109914526253	No data	No data	No data	No data	0.062312906755191154	0.07745038361572053	No data	solute carrier family 39 member 8
NOS1	0.011298795148877076	No data	No data	No data	No data	0.09292830033670506	No data	No data	nitric oxide synthase 1
SQSTM1	0.011279997728571472	No data	No data	No data	No data	0.0841612641426888	0.034449738194939204	No data	sequestosome 1
SLC27A3	0.011272185567883406	No data	No data	No data	No data	0.09270944663577223	No data	No data	solute carrier family 27 member 3
RNF166	0.011264793970789711	No data	No data	No data	No data	0.06079307976116211	0.07745038361572053	No data	ring finger protein 166
CPSF6	0.011240500475397172	No data	No data	No data	No data	0.06991204172533642	0.0749708383484756	No data	cleavage and polyadenylation specific factor 6
TOX	0.011168703208571685	No data	No data	No data	No data	0.030396539880581056	0.08425920854897066	No data	thymocyte selection associated high mobility group box
ISG20	0.011159258390063077	No data	No data	No data	No data	0.09178066347275445	No data	No data	interferon stimulated exonuclease gene 20
ANKS6	0.01113872617591393	No data	No data	No data	No data	0.09161179380675125	No data	No data	ankyrin repeat and sterile alpha motif domain containing 6
SMURF2	0.011128460068839356	No data	No data	No data	No data	0.09152735897374961	No data	No data	SMAD specific E3 ubiquitin protein ligase 2
TMCO3	0.011123612571542959	No data	No data	No data	No data	No data	0.09148749014891429	No data	transmembrane and coiled-coil domains 3
ATN1	0.01111573009606688	No data	No data	No data	No data	0.0914226597808276	No data	No data	atrophin 1
IAPP	0.011102371586126578	No data	No data	No data	No data	0.0913127911083341	No data	No data	islet amyloid polypeptide
SOX2	0.01109909900260607	No data	No data	No data	No data	0.09128587535136501	No data	No data	SRY-box transcription factor 2
MMP3	0.011099000991776652	No data	No data	No data	No data	0.09128506924950436	No data	No data	matrix metallopeptidase 3
SLC5A1	0.011098907240740828	No data	No data	No data	No data	0.09128429818282875	No data	No data	solute carrier family 5 member 1
PCSK1	0.011095197881917733	No data	No data	No data	No data	0.0912537901148244	No data	No data	proprotein convertase subtilisin/kexin type 1
CISH	0.011088490636231222	No data	No data	No data	No data	0.07765461252199299	0.05417605217427879	No data	cytokine inducible SH2 containing protein
USF2	0.011087395640541052	No data	No data	No data	No data	0.09118961964174316	No data	No data	upstream transcription factor 2, c-fos interacting
MEG8	0.011087395640541052	No data	No data	No data	No data	0.09118961964174316	No data	No data	maternally expressed 8, small nucleolar RNA host gene
CSNK2A1	0.011087395640541052	No data	No data	No data	No data	0.09118961964174316	No data	No data	casein kinase 2 alpha 1
NANOS2	0.011087395640541052	No data	No data	No data	No data	0.09118961964174316	No data	No data	nanos C2HC-type zinc finger 2
CHD1L	0.011087395640541052	No data	No data	No data	No data	0.09118961964174316	No data	No data	chromodomain helicase DNA binding protein 1 like
CD109	0.011087395640541052	No data	No data	No data	No data	0.09118961964174316	No data	No data	CD109 molecule
PAX1	0.011087395640541052	No data	No data	No data	No data	0.09118961964174316	No data	No data	paired box 1
NTF3	0.011087395640541052	No data	No data	No data	No data	0.09118961964174316	No data	No data	neurotrophin 3
PRDX6	0.011087395640541052	No data	No data	No data	No data	0.09118961964174316	No data	No data	peroxiredoxin 6
HLA-DPB1	0.011087395640541052	No data	No data	No data	No data	0.09118961964174316	No data	No data	major histocompatibility complex, class II, DP beta 1
CCL16	0.011087395640541052	No data	No data	No data	No data	0.09118961964174316	No data	No data	C-C motif chemokine ligand 16
MTNR1A	0.011087395640541052	No data	No data	No data	No data	0.09118961964174316	No data	No data	melatonin receptor 1A
SFN	0.011087395640541052	No data	No data	No data	No data	0.09118961964174316	No data	No data	stratifin
BTD	0.011087395640541052	No data	No data	No data	No data	0.09118961964174316	No data	No data	biotinidase
KCNA5	0.011087395640541052	No data	No data	No data	No data	0.09118961964174316	No data	No data	potassium voltage-gated channel subfamily A member 5
CALB1	0.011064837213809206	No data	No data	No data	No data	0.045594809820871586	0.07960538269131237	No data	calbindin 1
NCAM1	0.011059266507156718	No data	No data	No data	No data	0.09095826819931874	No data	No data	neural cell adhesion molecule 1
LGMN	0.011030466629337812	No data	No data	No data	No data	0.08511031166562696	0.02244435389180612	No data	legumain
CSF1	0.011013069025321133	No data	No data	No data	No data	0.09057831145081148	No data	No data	colony stimulating factor 1
IDO2	0.01099190827400415	No data	No data	No data	No data	0.09040427230523673	No data	No data	indoleamine 2,3-dioxygenase 2
ARHGEF12	0.010976521684135642	No data	No data	No data	No data	No data	0.09027772344532572	No data	Rho guanine nucleotide exchange factor 12
NAA16	0.010976521684135642	No data	No data	No data	No data	No data	0.09027772344532572	No data	N-alpha-acetyltransferase 16, NatA auxiliary subunit
RBM48	0.010976521684135642	No data	No data	No data	No data	No data	0.09027772344532572	No data	RNA binding motif protein 48
TAF13	0.010976521684135642	No data	No data	No data	No data	No data	0.09027772344532572	No data	TATA-box binding protein associated factor 13
BORCS7	0.010976521684135642	No data	No data	No data	No data	No data	0.09027772344532572	No data	BLOC-1 related complex subunit 7
SGPP1	0.010976521684135642	No data	No data	No data	No data	No data	0.09027772344532572	No data	sphingosine-1-phosphate phosphatase 1
TMEM64	0.010976521684135642	No data	No data	No data	No data	No data	0.09027772344532572	No data	transmembrane protein 64
UBP1	0.010976521684135642	No data	No data	No data	No data	No data	0.09027772344532572	No data	upstream binding protein 1
CCDC117	0.010976521684135642	No data	No data	No data	No data	No data	0.09027772344532572	No data	coiled-coil domain containing 117
ACTL6A	0.010976521684135642	No data	No data	No data	No data	No data	0.09027772344532572	No data	actin like 6A
GK5	0.010976521684135642	No data	No data	No data	No data	No data	0.09027772344532572	No data	glycerol kinase 5
ENSG00000264577	0.010976521684135642	No data	No data	No data	No data	No data	0.09027772344532572	No data	novel transcript, antisense to RPL23A
KDM1B	0.010976521684135642	No data	No data	No data	No data	No data	0.09027772344532572	No data	lysine demethylase 1B
RBPJ	0.010974468462720726	No data	No data	No data	No data	0.09026083647872539	No data	No data	recombination signal binding protein for immunoglobulin kappa J region
MBTD1	0.010935440407514992	No data	No data	No data	No data	No data	0.08993984554226465	No data	mbt domain containing 1
SCAF1	0.010902605713198706	No data	No data	No data	No data	0.08966979264771412	No data	No data	SR-related CTD associated factor 1
ACKR2	0.010882073499049552	No data	No data	No data	No data	0.08950092298171088	No data	No data	atypical chemokine receptor 2
MYSM1	0.010878850076750173	No data	No data	No data	No data	No data	0.08947441155712077	No data	Myb like, SWIRM and MPN domains 1
MED4	0.010873977168840466	No data	No data	No data	No data	No data	0.08943433373963847	No data	mediator complex subunit 4
MAP3K8	0.010840575661866542	No data	No data	No data	No data	No data	0.08915961902617808	No data	mitogen-activated protein kinase kinase kinase 8
IRAK1	0.0108151164040226	No data	No data	No data	No data	0.08200817590114763	0.02776820158106445	No data	interleukin 1 receptor associated kinase 1
CASP8AP2	0.010755457693913046	No data	No data	No data	No data	No data	0.08845955605611719	No data	caspase 8 associated protein 2
ENSG00000279072	0.010743414111748926	No data	No data	No data	No data	No data	0.08836050216535005	No data	novel piRNA host transcript
RPS6KB1	0.010727875673291459	No data	No data	No data	No data	0.08823270440844652	No data	No data	ribosomal protein S6 kinase B1
NCF1	0.010719676821186722	No data	No data	No data	No data	0.08816527196270643	No data	No data	neutrophil cytosolic factor 1
TRIM13	0.010717815785856354	No data	No data	No data	No data	0.08814996565368506	No data	No data	tripartite motif containing 13
ZNF236	0.010717815785856354	No data	No data	No data	No data	0.08814996565368506	No data	No data	zinc finger protein 236
FOXM1	0.010717815785856353	No data	No data	No data	No data	0.08814996565368505	No data	No data	forkhead box M1
GALNTL5	0.010717815785856353	No data	No data	No data	No data	0.08814996565368505	No data	No data	polypeptide N-acetylgalactosaminyltransferase like 5
IRS2	0.010704245668402878	No data	No data	No data	No data	0.08803835658973579	No data	No data	insulin receptor substrate 2
MYC	0.010658713960513926	No data	No data	No data	No data	0.08143151375376656	0.024929447301606504	No data	MYC proto-oncogene, bHLH transcription factor
LINC02532	0.010658282156154858	No data	No data	No data	No data	No data	0.08766032415225608	No data	long intergenic non-protein coding RNA 2532
CCL20	0.010634423569552414	No data	No data	No data	No data	0.08746409633573339	No data	No data	C-C motif chemokine ligand 20
NUP214	0.010627752110756075	No data	No data	No data	No data	0.07810222052649297	0.0372280223742533	No data	nucleoporin 214
KIR3DL1	0.010622956956487278	No data	No data	No data	No data	0.08736978779675014	No data	No data	killer cell immunoglobulin like receptor, three Ig domains and long cytoplasmic tail 1
SUCLG2	0.010614333426544633	No data	No data	No data	No data	0.012158615952232422	0.08425920854897066	No data	succinate-CoA ligase GDP-forming subunit beta
RNF111	0.010578809285304209	No data	No data	No data	No data	0.0788621340235075	0.03257822375643969	No data	ring finger protein 111
TMEM168	0.01056317117064798	No data	No data	No data	No data	No data	0.0868780724068227	No data	transmembrane protein 168
FAM3C	0.010546946869693439	No data	No data	No data	No data	0.01823792392834863	0.08218515270919192	No data	FAM3 metabolism regulating signaling molecule C
PAX7	0.010543597887345121	No data	No data	No data	No data	0.08671708958295725	No data	No data	paired box 7
HCN1	0.010533025858514003	No data	No data	No data	No data	0.086630138659656	No data	No data	hyperpolarization activated cyclic nucleotide gated potassium channel 1
TPPP	0.010533025858514001	No data	No data	No data	No data	0.08663013865965599	No data	No data	tubulin polymerization promoting protein
SGCG	0.010524903063181728	No data	No data	No data	No data	0.08656333175199327	No data	No data	sarcoglycan gamma
PLEKHH2	0.010512493644364851	No data	No data	No data	No data	0.08646126899365278	No data	No data	pleckstrin homology, MyTH4 and FERM domain containing H2
TMPRSS11D	0.010504896725129664	No data	No data	No data	No data	0.08639878721723157	No data	No data	transmembrane serine protease 11D
MAFB	0.010498919680261358	No data	No data	No data	No data	0.08634962829246753	No data	No data	MAF bZIP transcription factor B
MRC1	0.01049463061805509	No data	No data	No data	No data	0.08631435238422996	No data	No data	mannose receptor C-type 1
MATCAP1	0.010493604263981715	No data	No data	No data	No data	No data	0.0863059110116477	No data	microtubule associated tyrosine carboxypeptidase 1
MASP2	0.010473469866738111	No data	No data	No data	No data	0.08614031323865522	No data	No data	MBL associated serine protease 2
UCMA	0.010468439474271568	No data	No data	No data	No data	0.08609894017048442	No data	No data	upper zone of growth plate and cartilage matrix associated
CDC42	0.01046551273625734	No data	No data	No data	No data	0.08607486886149887	No data	No data	cell division cycle 42
TNFRSF12A	0.010464538353583228	No data	No data	No data	No data	0.0860668549339438	No data	No data	TNF receptor superfamily member 12A
PCNA	0.010449684268781255	No data	No data	No data	No data	0.08594468572603124	No data	No data	proliferating cell nuclear antigen
GNPTAB	0.010427787350863324	No data	No data	No data	No data	0.030396539880581056	0.07816545691951547	No data	N-acetylglucosamine-1-phosphate transferase subunits alpha and beta
LMX1B	0.010407368707921203	No data	No data	No data	No data	0.08559665630371625	No data	No data	LIM homeobox transcription factor 1 beta
VASP	0.010399566466544526	No data	No data	No data	No data	0.08553248583063502	No data	No data	vasodilator stimulated phosphoprotein
POR	0.010392142144559925	No data	No data	No data	No data	0.0793687430215172	0.024410722318213847	No data	cytochrome p450 oxidoreductase
PXYLP1	0.01038068817716388	No data	No data	No data	No data	No data	0.08537721906791457	No data	2-phosphoxylose phosphatase 1
ENSG00000174171	0.010380387083074958	No data	No data	No data	No data	No data	0.0853747426833482	No data	novel transcript, antisense to SPTBN5
THEMIS	0.010378670831939942	No data	No data	No data	No data	No data	0.08536062716936406	No data	thymocyte selection associated
PROKR1	0.010348235931171651	No data	No data	No data	No data	0.08511031166562696	No data	No data	prokineticin receptor 1
CYP3A43	0.010348235931171651	No data	No data	No data	No data	0.08511031166562696	No data	No data	cytochrome P450 family 3 subfamily A member 43
PPP3CB	0.010348235931171651	No data	No data	No data	No data	0.08511031166562696	No data	No data	protein phosphatase 3 catalytic subunit beta
CCR8	0.010348235931171651	No data	No data	No data	No data	0.08511031166562696	No data	No data	C-C motif chemokine receptor 8
ARHGEF19	0.010348235931171651	No data	No data	No data	No data	0.08511031166562696	No data	No data	Rho guanine nucleotide exchange factor 19
TNFAIP8L1	0.010348235931171651	No data	No data	No data	No data	0.08511031166562696	No data	No data	TNF alpha induced protein 8 like 1
KLHL29	0.010348235931171651	No data	No data	No data	No data	0.08511031166562696	No data	No data	kelch like family member 29
PRPS1	0.010348235931171651	No data	No data	No data	No data	0.08511031166562696	No data	No data	phosphoribosyl pyrophosphate synthetase 1
CLDN4	0.010348235931171651	No data	No data	No data	No data	0.08511031166562696	No data	No data	claudin 4
TYROBP	0.010343102877634364	No data	No data	No data	No data	0.08506809424912615	No data	No data	transmembrane immune signaling adaptor TYROBP
MAEA	0.0103277037170225	No data	No data	No data	No data	0.08494144199962372	No data	No data	macrophage erythroblast attacher, E3 ubiquitin ligase
CLK1	0.010326722220973047	No data	No data	No data	No data	0.06991204172533642	0.06008531136768288	No data	CDC like kinase 1
ATG7	0.010296905395798776	No data	No data	No data	No data	0.08468813750061889	No data	No data	autophagy related 7
RCBTB1	0.0102946861914782	No data	No data	No data	No data	No data	0.08466988538763748	No data	RCC1 and BTB domain containing protein 1
PPP1R3A	0.010273909315951728	No data	No data	No data	No data	0.08449900347469527	No data	No data	protein phosphatase 1 regulatory subunit 3A
LINC02550	0.010271356202028441	No data	No data	No data	No data	No data	0.08447800508200555	No data	long intergenic non-protein coding RNA 2550
ACR	0.01026877626241444	No data	No data	No data	No data	0.08445678605819446	No data	No data	acrosin
GLIPR2	0.010254132819715368	No data	No data	No data	No data	0.0787776991905059	0.022234600444395212	No data	GLI pathogenesis related 2
ADGRD2	0.010244753571859931	No data	No data	No data	No data	No data	0.08425920854897066	No data	adhesion G protein-coupled receptor D2
RNF19B	0.010244753571859931	No data	No data	No data	No data	No data	0.08425920854897066	No data	ring finger protein 19B
LINC02614	0.010244753571859931	No data	No data	No data	No data	No data	0.08425920854897066	No data	long intergenic non-protein coding RNA 2614
KLK15	0.010244753571859931	No data	No data	No data	No data	No data	0.08425920854897066	No data	kallikrein related peptidase 15
APPL1	0.010244753571859931	No data	No data	No data	No data	No data	0.08425920854897066	No data	adaptor protein, phosphotyrosine interacting with PH domain and leucine zipper 1
NHLRC3	0.010244753571859931	No data	No data	No data	No data	No data	0.08425920854897066	No data	NHL repeat containing 3
RRN3	0.010244753571859931	No data	No data	No data	No data	No data	0.08425920854897066	No data	RRN3 homolog, RNA polymerase I transcription factor
EAF1	0.010244753571859931	No data	No data	No data	No data	No data	0.08425920854897066	No data	ELL associated factor 1
TRERF1	0.010244753571859931	No data	No data	No data	No data	No data	0.08425920854897066	No data	transcriptional regulating factor 1
TMOD3	0.010244261820985163	No data	No data	No data	No data	No data	0.08425516408472654	No data	tropomodulin 3
CTSK	0.01023161295480448	No data	No data	No data	No data	0.08415113196272861	No data	No data	cathepsin K
FOLH1	0.010225815486270029	No data	No data	No data	No data	0.0788621340235075	0.020965263846496364	No data	folate hydrolase 1
XIST	0.010206551082799158	No data	No data	No data	No data	0.08394500758061324	No data	No data	X inactive specific transcript
RCAN1	0.01020471575426909	No data	No data	No data	No data	0.08392991270026437	No data	No data	regulator of calcineurin 1
ZNF692	0.01020458802784913	No data	No data	No data	No data	No data	0.08392886219895351	No data	zinc finger protein 692
TBK1	0.010204510432127601	No data	No data	No data	No data	0.08392822400360436	No data	No data	TANK binding kinase 1
IRF3	0.010202541015668396	No data	No data	No data	No data	0.08391202630094691	No data	No data	interferon regulatory factor 3
RNF38	0.01019433092050491	No data	No data	No data	No data	No data	0.08384450138531718	No data	ring finger protein 38
PROSER1	0.01019433092050491	No data	No data	No data	No data	No data	0.08384450138531718	No data	proline and serine rich 1
TAGLN	0.010177711272034207	No data	No data	No data	No data	0.07845178073511967	0.021024121405733176	No data	transgelin
ALG2	0.010174898836792502	No data	No data	No data	No data	No data	0.08368467987447457	No data	ALG2 alpha-1,3/1,6-mannosyltransferase
IRAK4	0.010173288895877531	No data	No data	No data	No data	0.08367143872168799	No data	No data	interleukin 1 receptor associated kinase 4
THAP9-AS1	0.010163634336532862	No data	No data	No data	No data	No data	0.08359203363658127	No data	THAP9 antisense RNA 1
F2RL3	0.010163446003829301	No data	No data	No data	No data	0.08359048467159791	No data	No data	F2R like thrombin or trypsin receptor 3
CCL27	0.010163446003829301	No data	No data	No data	No data	0.08359048467159791	No data	No data	C-C motif chemokine ligand 27
SNX30	0.010156054406735606	No data	No data	No data	No data	0.024317231904464845	0.07745038361572053	No data	sorting nexin family member 30
DNAJC10	0.010123404410882135	No data	No data	No data	No data	No data	0.08326115777201923	No data	DnaJ heat shock protein family (Hsp40) member C10
MSLN	0.010122381575531	No data	No data	No data	No data	0.08325274533959144	No data	No data	mesothelin
SERPIND1	0.010122381575531	No data	No data	No data	No data	0.08325274533959144	No data	No data	serpin family D member 1
HSPA1B	0.010104723871362731	No data	No data	No data	No data	0.02262853524443256	0.07745038361572053	No data	heat shock protein family A (Hsp70) member 1B
PSMB8	0.010096105565361163	No data	No data	No data	No data	0.0799395224926081	0.012388450557724848	No data	proteasome 20S subunit beta 8
KAT2A	0.010091313325757181	No data	No data	No data	No data	No data	0.08299722078074463	No data	lysine acetyltransferase 2A
H3C12	0.010090556643599816	No data	No data	No data	No data	0.08299099735728643	No data	No data	H3 clustered histone 12
HSPA8	0.010076459416174246	No data	No data	No data	No data	0.07708900253047361	0.023144201933874065	No data	heat shock protein family A (Hsp70) member 8
CXCL9	0.010071830659037778	No data	No data	No data	No data	0.08283698324387413	No data	No data	C-X-C motif chemokine ligand 9
MYL2	0.010050518826008974	No data	No data	No data	No data	0.08266170150858014	No data	No data	myosin light chain 2
NR2C2	0.010047701542671754	No data	No data	No data	No data	No data	0.08263853042275682	No data	nuclear receptor subfamily 2 group C member 2
PDGFA	0.010040252718934398	No data	No data	No data	No data	0.08257726667557853	No data	No data	platelet derived growth factor subunit A
COX4I1	0.010027522746161926	No data	No data	No data	No data	0.08247256748265654	No data	No data	cytochrome c oxidase subunit 4I1
KRT1	0.010024739525726833	No data	No data	No data	No data	0.07269839121438969	0.03900514134752404	No data	keratin 1
SGMS1	0.010011085356484197	No data	No data	No data	No data	No data	0.08233737619326713	No data	sphingomyelin synthase 1
ATP1A1	0.009987256303588044	No data	No data	No data	No data	No data	0.08214139128026575	No data	ATPase Na+/K+ transporting subunit alpha 1
PLTP	0.00997865607648695	No data	No data	No data	No data	0.08207065767756885	No data	No data	phospholipid transfer protein
MECP2	0.00997865607648695	No data	No data	No data	No data	0.08207065767756885	No data	No data	methyl-CpG binding protein 2
NPPC	0.00997865607648695	No data	No data	No data	No data	0.08207065767756885	No data	No data	natriuretic peptide C
INSL3	0.00997865607648695	No data	No data	No data	No data	0.08207065767756885	No data	No data	insulin like 3
H3P47	0.00997865607648695	No data	No data	No data	No data	0.08207065767756885	No data	No data	H3 histone pseudogene 47
MYL4	0.00997638755913569	No data	No data	No data	No data	No data	0.08205199998363254	No data	myosin light chain 4
SLBP	0.009963120885111266	No data	No data	No data	No data	No data	0.0819428866266802	No data	stem-loop binding protein
TGIF1	0.0099581238623378	No data	No data	No data	No data	0.08190178801156561	No data	No data	TGFB induced factor homeobox 1
CSRP3	0.0099581238623378	No data	No data	No data	No data	0.08190178801156561	No data	No data	cysteine and glycine rich protein 3
CYFIP2	0.0099581238623378	No data	No data	No data	No data	0.08190178801156561	No data	No data	cytoplasmic FMR1 interacting protein 2
NDFIP1	0.009928037156919917	No data	No data	No data	No data	No data	0.08165433628238787	No data	Nedd4 family interacting protein 1
CD46	0.009924508646453846	No data	No data	No data	No data	0.07236964869145976	0.03702266772799353	No data	CD46 molecule
PARP1	0.009919100084711056	No data	No data	No data	No data	0.08158083225656805	No data	No data	poly(ADP-ribose) polymerase 1
PSMD1	0.009896527219890348	No data	No data	No data	No data	0.08139517901355593	No data	No data	proteasome 26S subunit, non-ATPase 1
IBTK	0.009895976965707235	No data	No data	No data	No data	No data	0.08139065338181235	No data	inhibitor of Bruton tyrosine kinase
SWAP70	0.009893389550289084	No data	No data	No data	No data	No data	0.08136937287235047	No data	switching B cell complex subunit SWAP70
CCL11	0.009889212438416511	No data	No data	No data	No data	0.08133501771310384	No data	No data	C-C motif chemokine ligand 11
TET3	0.009876816294307164	No data	No data	No data	No data	0.06518369107724604	0.06419749222778719	No data	tet methylcytosine dioxygenase 3
VIL1	0.009870861952203908	No data	No data	No data	No data	0.08118409193105189	No data	No data	villin 1
FLNB	0.009870391223840603	No data	No data	No data	No data	0.030396539880581056	0.07358108539883776	No data	filamin B
ALDH1L1	0.00986451817074166	No data	No data	No data	No data	0.07295169571339452	0.032720884094581536	No data	aldehyde dehydrogenase 1 family member L1
PROC	0.009857747773791642	No data	No data	No data	No data	0.07858856516458228	0.009950670512119737	No data	protein C, inactivator of coagulation factors Va and VIIIa
BCL2L1	0.00985032973805476	No data	No data	No data	No data	0.08101522226504866	No data	No data	BCL2 like 1
XK	0.009846075158460458	No data	No data	No data	No data	0.07659421440908416	0.01754406221647393	No data	X-linked Kx blood group antigen, Kell and VPS13A binding protein
METTL3	0.009842732818819576	No data	No data	No data	No data	0.08095274048862748	No data	No data	methyltransferase 3, N6-adenosine-methyltransferase complex catalytic subunit
PGR-AS1	0.009836971228114456	No data	No data	No data	No data	0.08090535359255513	No data	No data	PGR antisense RNA 1
MAP2K1	0.009801257746238292	No data	No data	No data	No data	0.03647584785669727	0.07149266179912664	No data	mitogen-activated protein kinase kinase 1
EEA1	0.009799337591117339	No data	No data	No data	No data	No data	0.0805958312164478	No data	early endosome antigen 1
KIN	0.009796124692701002	No data	No data	No data	No data	0.03630697819069404	0.07149266179912664	No data	Kin17 DNA and RNA binding protein
ENSG00000261799	0.009794668053424688	No data	No data	No data	No data	No data	0.08055742604178814	No data	novel transcript
ITPR1	0.009793866149144598	No data	No data	No data	No data	0.0805508306835398	No data	No data	inositol 1,4,5-trisphosphate receptor type 1
ANGPTL6	0.009793866149144598	No data	No data	No data	No data	0.0805508306835398	No data	No data	angiopoietin like 6
MMP13	0.009793866149144598	No data	No data	No data	No data	0.0805508306835398	No data	No data	matrix metallopeptidase 13
FOXJ2	0.009793866149144598	No data	No data	No data	No data	0.0805508306835398	No data	No data	forkhead box J2
TLR8	0.009793866149144598	No data	No data	No data	No data	0.0805508306835398	No data	No data	toll like receptor 8
GNMT	0.009773333934995448	No data	No data	No data	No data	0.08038196101753656	No data	No data	glycine N-methyltransferase
GSR	0.009766128803928213	No data	No data	No data	No data	0.0803227015500483	No data	No data	glutathione-disulfide reductase
EFHD2	0.009765737015760261	No data	No data	No data	No data	0.08031947924111536	No data	No data	EF-hand domain family member D2
NXF1	0.009762602869245735	No data	No data	No data	No data	No data	0.08029370207596072	No data	nuclear RNA export factor 1
APELA	0.009760603962222975	No data	No data	No data	No data	0.08027726182461456	No data	No data	apelin receptor early endogenous ligand
P2RX4	0.009759975425055144	No data	No data	No data	No data	0.08027209234504305	No data	No data	purinergic receptor P2X 4
STAT6	0.009757399250311851	No data	No data	No data	No data	0.07774421683456613	0.010026749805192092	No data	signal transducer and activator of transcription 6
NRP1	0.009754842371517854	No data	No data	No data	No data	0.08022987492854222	No data	No data	neuropilin 1
STAT4	0.009742535613771723	No data	No data	No data	No data	0.08012865651853172	No data	No data	signal transducer and activator of transcription 4
IGF2BP2	0.009740071748073825	No data	No data	No data	No data	0.08010839215861132	No data	No data	insulin like growth factor 2 mRNA binding protein 2
HSPA9	0.009734733372395048	No data	No data	No data	No data	0.06079307976116211	0.06486621610515998	No data	heat shock protein family A (Hsp70) member 9
MAGOH	0.009725547112897	No data	No data	No data	No data	No data	0.07998893254878496	No data	mago homolog, exon junction complex subunit
IGBP1	0.009723440654613013	No data	No data	No data	No data	0.07997160772914873	No data	No data	immunoglobulin binding protein 1
SERPINF2	0.009720877104872376	No data	No data	No data	No data	0.04255515583281348	0.06931173454762003	No data	serpin family F member 2
ANO1	0.009719539533924673	No data	No data	No data	No data	0.0799395224926081	No data	No data	anoctamin 1
SH2D1B	0.009717612079164037	No data	No data	No data	No data	No data	0.07992366990898996	No data	SH2 domain containing 1B
GMCL1	0.00970685810563221	No data	No data	No data	No data	No data	0.07983522255960351	No data	germ cell-less 1, spermatogenesis associated
ATR	0.009673036989873459	No data	No data	No data	No data	No data	0.07955705672319892	No data	ATR serine/threonine kinase
RNF6	0.00967199827878131	No data	No data	No data	No data	No data	0.07954851371882875	No data	ring finger protein 6
AGTRAP	0.009651577905090988	No data	No data	No data	No data	0.07938056389813741	No data	No data	angiotensin II receptor associated protein
CLDN5	0.009650140650100548	No data	No data	No data	No data	0.0793687430215172	No data	No data	claudin 5
P2RY1	0.009650140650100548	No data	No data	No data	No data	0.0793687430215172	No data	No data	purinergic receptor P2Y1
SLC35F5	0.009614889152850654	No data	No data	No data	No data	No data	0.07907881284041447	No data	solute carrier family 35 member F5
ATG16L1	0.009609076221802246	No data	No data	No data	No data	0.07903100368951074	No data	No data	autophagy related 16 like 1
BACE1	0.009609076221802246	No data	No data	No data	No data	0.07903100368951074	No data	No data	beta-secretase 1
PGK1	0.009609076221802246	No data	No data	No data	No data	0.07903100368951074	No data	No data	phosphoglycerate kinase 1
UBASH3B	0.009609076221802246	No data	No data	No data	No data	0.07903100368951074	No data	No data	ubiquitin associated and SH3 domain containing B
XRCC6P5	0.009609076221802246	No data	No data	No data	No data	0.07903100368951074	No data	No data	X-ray repair cross complementing 6 pseudogene 5
PRKCSH	0.009609076221802246	No data	No data	No data	No data	0.07903100368951074	No data	No data	protein kinase C substrate 80K-H
GPRC5B	0.009609076221802246	No data	No data	No data	No data	0.07903100368951074	No data	No data	G protein-coupled receptor class C group 5 member B
HSD11B1	0.009609076221802246	No data	No data	No data	No data	0.07903100368951074	No data	No data	hydroxysteroid 11-beta dehydrogenase 1
MAP3K1	0.009609076221802246	No data	No data	No data	No data	0.07903100368951074	No data	No data	mitogen-activated protein kinase kinase kinase 1
GNAI1	0.009609076221802246	No data	No data	No data	No data	0.07903100368951074	No data	No data	G protein subunit alpha i1
LRIG2	0.009609076221802246	No data	No data	No data	No data	0.07903100368951074	No data	No data	leucine rich repeats and immunoglobulin like domains 2
KCNA10	0.009609076221802246	No data	No data	No data	No data	0.07903100368951074	No data	No data	potassium voltage-gated channel subfamily A member 10
TFR2	0.009609076221802246	No data	No data	No data	No data	0.07903100368951074	No data	No data	transferrin receptor 2
NSD2	0.009609076221802246	No data	No data	No data	No data	0.07903100368951074	No data	No data	nuclear receptor binding SET domain protein 2
SPX	0.009609076221802246	No data	No data	No data	No data	0.07903100368951074	No data	No data	spexin hormone
FLT3	0.009609076221802246	No data	No data	No data	No data	0.07903100368951074	No data	No data	fms related receptor tyrosine kinase 3
ASAP2	0.009609076221802246	No data	No data	No data	No data	0.07903100368951074	No data	No data	ArfGAP with SH3 domain, ankyrin repeat and PH domain 2
SPDL1	0.009609076221802246	No data	No data	No data	No data	0.07903100368951074	No data	No data	spindle apparatus coiled-coil protein 1
INPP5D	0.009609076221802246	No data	No data	No data	No data	0.07903100368951074	No data	No data	inositol polyphosphate-5-phosphatase D
LINC00323	0.009609076221802246	No data	No data	No data	No data	0.07903100368951074	No data	No data	long intergenic non-protein coding RNA 323
CIDEC	0.009609076221802246	No data	No data	No data	No data	0.07903100368951074	No data	No data	cell death inducing DFFA like effector c
AGXT2	0.009609076221802246	No data	No data	No data	No data	0.07903100368951074	No data	No data	alanine--glyoxylate aminotransferase 2
PSEN1	0.009609076221802246	No data	No data	No data	No data	0.07903100368951074	No data	No data	presenilin 1
PCLAF	0.009588544007653096	No data	No data	No data	No data	0.0788621340235075	No data	No data	PCNA clamp associated factor
PENK	0.00958094708841791	No data	No data	No data	No data	0.07879965224708631	No data	No data	proenkephalin
N4BP2L1	0.009577939557990202	No data	No data	No data	No data	No data	0.07877491645117396	No data	NEDD4 binding protein 2 like 1
P2RY2	0.009569449048494386	No data	No data	No data	No data	0.0787050852341245	No data	No data	purinergic receptor P2Y2
RAB2A	0.00956096446954315	No data	No data	No data	No data	No data	0.07863530279355258	No data	RAB2A, member RAS oncogene family
CAST	0.009549337654794628	No data	No data	No data	No data	0.07295169571339452	0.022351923772607914	No data	calpastatin
UBXN11	0.009546953703257711	No data	No data	No data	No data	0.07852006956025953	No data	No data	UBX domain protein 11
NT5E	0.009543793441657013	No data	No data	No data	No data	0.07849407760843612	No data	No data	5'-nucleotidase ecto
PHF2	0.009512985459584225	No data	No data	No data	No data	No data	0.07824069365261564	No data	PHD finger protein 2
SLC25A43	0.009512985459584225	No data	No data	No data	No data	No data	0.07824069365261564	No data	solute carrier family 25 member 43
MEAF6	0.009499459435365731	No data	No data	No data	No data	No data	0.07812944723878339	No data	MYST/Esa1 associated factor 6
NORAD	0.009496149043981921	No data	No data	No data	No data	0.07810222052649297	No data	No data	non-coding RNA activated by DNA damage
FAM241A	0.00949441901891503	No data	No data	No data	No data	No data	0.07808799172714864	No data	family with sequence similarity 241 member A
UBR3	0.00948814163577039	No data	No data	No data	No data	No data	0.07803636263408985	No data	ubiquitin protein ligase E3 component n-recognin 3
CACNA1H	0.00948735740598959	No data	No data	No data	No data	0.06079307976116211	0.06283164270159723	No data	calcium voltage-gated channel subunit alpha1 H
SOX2-OT	0.009485882936907346	No data	No data	No data	No data	0.07801778569349137	No data	No data	SOX2 overlapping transcript
ELF3	0.009452620749985721	No data	No data	No data	No data	0.07774421683456613	No data	No data	E74 like ETS transcription factor 3
LRP6	0.009439685455071756	No data	No data	No data	No data	0.0776378289449841	No data	No data	LDL receptor related protein 6
ETS1	0.009437462080903158	No data	No data	No data	No data	0.06383273374922022	0.05514723514946254	No data	ETS proto-oncogene 1, transcription factor
RNFT1	0.009427972623194584	No data	No data	No data	No data	No data	0.07754149534975262	No data	ring finger protein, transmembrane 1
TXK	0.009426524525561777	No data	No data	No data	No data	0.030396539880581056	0.06993045032637024	No data	TXK tyrosine kinase
SLC15A1	0.009424286294459896	No data	No data	No data	No data	0.07751117669548169	No data	No data	solute carrier family 15 member 1
LINC02693	0.009416894697366203	No data	No data	No data	No data	No data	0.07745038361572053	No data	long intergenic non-protein coding RNA 2693
GLOD4	0.009416894697366203	No data	No data	No data	No data	No data	0.07745038361572053	No data	glyoxalase domain containing 4
HSF2	0.009416894697366203	No data	No data	No data	No data	No data	0.07745038361572053	No data	heat shock transcription factor 2
DCAF17	0.009416894697366203	No data	No data	No data	No data	No data	0.07745038361572053	No data	DDB1 and CUL4 associated factor 17
METTL21A	0.009416894697366203	No data	No data	No data	No data	No data	0.07745038361572053	No data	methyltransferase 21A, HSPA lysine
MAPRE3	0.009416894697366203	No data	No data	No data	No data	No data	0.07745038361572053	No data	microtubule associated protein RP/EB family member 3
PLEKHN1	0.009416894697366203	No data	No data	No data	No data	No data	0.07745038361572053	No data	pleckstrin homology domain containing N1
DBR1	0.009416894697366203	No data	No data	No data	No data	No data	0.07745038361572053	No data	debranching RNA lariats 1
GPRASP1	0.009416894697366203	No data	No data	No data	No data	No data	0.07745038361572053	No data	G protein-coupled receptor associated sorting protein 1
ZNF205	0.009416894697366203	No data	No data	No data	No data	No data	0.07745038361572053	No data	zinc finger protein 205
ACAD8	0.009416894697366203	No data	No data	No data	No data	No data	0.07745038361572053	No data	acyl-CoA dehydrogenase family member 8
TRAPPC11	0.009416894697366203	No data	No data	No data	No data	No data	0.07745038361572053	No data	trafficking protein particle complex subunit 11
ALG13	0.009416894697366203	No data	No data	No data	No data	No data	0.07745038361572053	No data	ALG13 UDP-N-acetylglucosaminyltransferase subunit
VEZT	0.009416894697366203	No data	No data	No data	No data	No data	0.07745038361572053	No data	vezatin, adherens junctions transmembrane protein
TCF15	0.009416894697366203	No data	No data	No data	No data	No data	0.07745038361572053	No data	transcription factor 15
PLCE1	0.009411556321687421	No data	No data	No data	No data	0.07740647750255968	No data	No data	phospholipase C epsilon 1
SIRT2	0.009407246369923735	No data	No data	No data	No data	0.07052503861292814	0.027383964690861004	No data	sirtuin 2
ETNK1	0.009406610556878995	No data	No data	No data	No data	No data	0.07736580046474668	No data	ethanolamine kinase 1
RPS6KA4	0.009403754080310744	No data	No data	No data	No data	0.07734230702947845	No data	No data	ribosomal protein S6 kinase A4
FOXP2	0.009403754080310744	No data	No data	No data	No data	0.07734230702947845	No data	No data	forkhead box P2
ITGB3	0.009393487973236171	No data	No data	No data	No data	0.07725787219647684	No data	No data	integrin subunit beta 3
MITD1	0.009388999135125644	No data	No data	No data	No data	No data	0.07722095320727476	No data	microtubule interacting and trafficking domain containing 1
NGF	0.0093878290436018	No data	No data	No data	No data	0.07721132964873453	No data	No data	nerve growth factor
CCDC80	0.009387257795219326	No data	No data	No data	No data	No data	0.077206631347672	No data	coiled-coil domain containing 80
INPP4A	0.00938472899942645	No data	No data	No data	No data	No data	0.07718583296237214	No data	inositol polyphosphate-4-phosphatase type I A
IER3	0.009383221866161596	No data	No data	No data	No data	0.07717343736347523	No data	No data	immediate early response 3
CLIC5	0.009337583322079852	No data	No data	No data	No data	No data	0.07679807766578393	No data	chloride intracellular channel 5
CS	0.009329427465090823	No data	No data	No data	No data	0.07673099883854678	No data	No data	citrate synthase
PPP1R8	0.009318956035874758	No data	No data	No data	No data	0.04711463681490064	0.06486621610515998	No data	protein phosphatase 1 regulatory subunit 8
PRKAA1	0.00931368493695209	No data	No data	No data	No data	0.07660152252150064	No data	No data	protein kinase AMP-activated catalytic subunit alpha 1
GNRH1	0.00931135911663957	No data	No data	No data	No data	0.07658239353246392	No data	No data	gonadotropin releasing hormone 1
SNHG5	0.009305311182208802	No data	No data	No data	No data	0.07295169571339452	0.014323823418273755	No data	small nucleolar RNA host gene 5
HSPB1	0.009301093009564996	No data	No data	No data	No data	0.07649795869946231	No data	No data	heat shock protein family B (small) member 1
FLI1	0.009300005988102168	No data	No data	No data	No data	No data	0.07648901836063512	No data	Fli-1 proto-oncogene, ETS transcription factor
ERFE	0.009280560795415844	No data	No data	No data	No data	0.07632908903345909	No data	No data	erythroferrone
LENG8	0.009279913932302592	No data	No data	No data	No data	No data	0.07632376882994418	No data	leukocyte receptor cluster member 8
RBM12	0.00926493614890909	No data	No data	No data	No data	No data	0.0762005822480804	No data	RNA binding motif protein 12
CASC15	0.009246887964211237	No data	No data	No data	No data	0.01823792392834863	0.07149266179912664	No data	cancer susceptibility 15
MRS2	0.009246887964211237	No data	No data	No data	No data	0.01823792392834863	0.07149266179912664	No data	magnesium transporter MRS2
FGFR2	0.009239496367117545	No data	No data	No data	No data	0.07599134970145263	No data	No data	fibroblast growth factor receptor 2
PNLIP	0.009239496367117545	No data	No data	No data	No data	0.07599134970145263	No data	No data	pancreatic lipase
SATB1	0.009239496367117545	No data	No data	No data	No data	0.07599134970145263	No data	No data	SATB homeobox 1
IL25	0.009239496367117545	No data	No data	No data	No data	0.07599134970145263	No data	No data	interleukin 25
ZFAS1	0.009234363313580258	No data	No data	No data	No data	0.07594913228495183	No data	No data	ZNFX1 antisense RNA 1
TGFBI	0.00923189944788236	No data	No data	No data	No data	0.07592886792503144	No data	No data	transforming growth factor beta induced
HS3ST3B1	0.009228865413882391	No data	No data	No data	No data	No data	0.07590391414729976	No data	heparan sulfate-glucosamine 3-sulfotransferase 3B1
HPD	0.009220216863076064	No data	No data	No data	No data	No data	0.07583278310047416	No data	4-hydroxyphenylpyruvate dioxygenase
CTNNBIP1	0.009218964152968395	No data	No data	No data	No data	0.0758224800354494	No data	No data	catenin beta interacting protein 1
LAMC1	0.009214036421572598	No data	No data	No data	No data	0.07578195131560864	No data	No data	laminin subunit gamma 1
SLC39A7	0.009206863811648165	No data	No data	No data	No data	No data	0.07572295932217275	No data	solute carrier family 39 member 7
MYH11	0.00920231354324755	No data	No data	No data	No data	0.0697431720593332	0.02376945213129785	No data	myosin heavy chain 11
KLHL2	0.009201629162994808	No data	No data	No data	No data	0.06569030007525571	0.03995842499663492	No data	kelch like family member 2
WDR83	0.009198431938819245	No data	No data	No data	No data	0.07565361036944618	No data	No data	WD repeat domain 83
BCHE	0.009169776929337825	No data	No data	No data	No data	0.07541793379578025	No data	No data	butyrylcholinesterase
ANKRD27	0.009165301894117753	No data	No data	No data	No data	No data	0.07538112833011168	No data	ankyrin repeat domain 27
SFRP1	0.009138529772247219	No data	No data	No data	No data	0.07050308555634772	0.018631408943320334	No data	secreted frizzled related protein 1
UBLCP1	0.009121329241049065	No data	No data	No data	No data	No data	0.07501946995352143	No data	ubiquitin like domain containing CTD phosphatase 1
BAMBI	0.009116303082222645	No data	No data	No data	No data	0.07497813170543327	No data	No data	BMP and activin membrane bound inhibitor
CAMKK2	0.009108706162987458	No data	No data	No data	No data	0.07491564992901206	No data	No data	calcium/calmodulin dependent protein kinase kinase 2
SEC31B	0.009098528551812283	No data	No data	No data	No data	No data	0.07483194294118418	No data	SEC31 homolog B, COPII coat complex component
EYA1	0.009095770868073495	No data	No data	No data	No data	0.07480926203943004	No data	No data	EYA transcriptional coactivator and phosphatase 1
ATG3	0.009095770868073495	No data	No data	No data	No data	0.07480926203943004	No data	No data	autophagy related 3
SPTA1	0.009054706439775195	No data	No data	No data	No data	0.07447152270742358	No data	No data	spectrin alpha, erythrocytic 1
IFNB1	0.009054706439775195	No data	No data	No data	No data	0.07447152270742358	No data	No data	interferon beta 1
ROBO4	0.009054706439775195	No data	No data	No data	No data	0.07447152270742358	No data	No data	roundabout guidance receptor 4
XPR1	0.009054706439775195	No data	No data	No data	No data	0.07447152270742358	No data	No data	xenotropic and polytropic retrovirus receptor 1
KMT2C	0.009049573386237906	No data	No data	No data	No data	0.07442930529092277	No data	No data	lysine methyltransferase 2C
THBS3	0.009041771144861231	No data	No data	No data	No data	0.037995674850726316	0.06486621610515998	No data	thrombospondin 3
TYR	0.009034174225626043	No data	No data	No data	No data	0.07430265304142035	No data	No data	tyrosinase
GDNF	0.009034174225626043	No data	No data	No data	No data	0.07430265304142035	No data	No data	glial cell derived neurotrophic factor
NLRC5	0.009026577306390858	No data	No data	No data	No data	0.07424017126499916	No data	No data	NLR family CARD domain containing 5
ZDHHC11	0.009025552693162934	No data	No data	No data	No data	No data	0.07423174421020978	No data	zinc finger DHHC-type containing 11
PTPN2	0.00902390811855147	No data	No data	No data	No data	0.07421821820841874	No data	No data	protein tyrosine phosphatase non-receptor type 2
TOPORS	0.009019583848299378	No data	No data	No data	No data	No data	0.07418265272737155	No data	TOP1 binding arginine/serine rich protein, E3 ubiquitin ligase
ZNF600	0.00900911760480787	No data	No data	No data	No data	No data	0.07409657184832556	No data	zinc finger protein 600
SREBF2	0.00900130382687237	No data	No data	No data	No data	0.07403230649142804	No data	No data	sterol regulatory element binding transcription factor 2
MAVS	0.008981387681394469	No data	No data	No data	No data	0.06645021357227024	0.02967316073630233	No data	mitochondrial antiviral signaling protein
SLC7A7	0.008980309667746392	No data	No data	No data	No data	0.06079307976116211	0.05226623096885146	No data	solute carrier family 7 member 7
LINC01215	0.008978985124900864	No data	No data	No data	No data	No data	0.07384874364135376	No data	long intergenic non-protein coding RNA 1215
RECK	0.008973398871744557	No data	No data	No data	No data	0.012158615952232422	0.07076314484199268	No data	reversion inducing cysteine rich protein with kazal motifs
SLC25A16	0.008973398871744557	No data	No data	No data	No data	0.012158615952232422	0.07076314484199268	No data	solute carrier family 25 member 16
LINC01896	0.008963803417069491	No data	No data	No data	No data	No data	0.07372387985841154	No data	long intergenic non-protein coding RNA 1896
RGS3	0.008958977336835195	No data	No data	No data	No data	No data	0.07368418718078065	No data	regulator of G protein signaling 3
MTO1	0.008946490769637822	No data	No data	No data	No data	No data	0.07358148990630116	No data	mitochondrial tRNA translation optimization 1
NCK1	0.008946395921072723	No data	No data	No data	No data	0.06079307976116211	0.05115052020680729	No data	NCK adaptor protein 1
SYK	0.008944448449794258	No data	No data	No data	No data	0.07356469260098625	No data	No data	spleen associated tyrosine kinase
SIRT4	0.00894258797977748	No data	No data	No data	No data	0.07354939094145453	No data	No data	sirtuin 4
SEC24B	0.008939142663067659	No data	No data	No data	No data	No data	0.07352105451958418	No data	SEC24 homolog B, COPII coat complex component
FASTKD3	0.008920031175797486	No data	No data	No data	No data	No data	0.07336386979275955	No data	FAST kinase domains 3
LATS1	0.00891905473511433	No data	No data	No data	No data	0.012158615952232422	0.07031618495080334	No data	large tumor suppressor kinase 1
THBS2	0.008913021591402703	No data	No data	No data	No data	0.07330621862240988	No data	No data	thrombospondin 2
ENSG00000279284	0.008912418195721585	No data	No data	No data	No data	0.07330125592202122	No data	No data	 gene
ENSG00000280371	0.008912418195721585	No data	No data	No data	No data	0.07330125592202122	No data	No data	 gene
CNN1	0.008910980940731143	No data	No data	No data	No data	0.07328943504540099	No data	No data	calponin 1
PABPC1L	0.008899198058433073	No data	No data	No data	No data	No data	0.07319252531205336	No data	poly(A) binding protein cytoplasmic 1 like
DNAH8	0.00889825096795867	No data	No data	No data	No data	0.07318473585247898	No data	No data	dynein axonemal heavy chain 8
MDM1	0.008892296233858548	No data	No data	No data	No data	No data	0.07313576042531263	No data	Mdm1 nuclear protein
APEX1	0.00887771875380952	No data	No data	No data	No data	0.07301586618647575	No data	No data	apurinic/apyrimidinic endodeoxyribonuclease 1
ARMT1	0.008874379860572669	No data	No data	No data	No data	No data	0.07298840505726524	No data	acidic residue methyltransferase 1
NAT2	0.008869916512432845	No data	No data	No data	No data	0.07295169571339453	No data	No data	N-acetyltransferase 2
BRCC3	0.008869916512432843	No data	No data	No data	No data	0.07295169571339452	No data	No data	BRCA1/BRCA2-containing complex subunit 3
LUCAT1	0.008869916512432843	No data	No data	No data	No data	0.07295169571339452	No data	No data	lung cancer associated transcript 1
IL1RL1	0.008869916512432843	No data	No data	No data	No data	0.07295169571339452	No data	No data	interleukin 1 receptor like 1
RELN	0.008869916512432843	No data	No data	No data	No data	0.07295169571339452	No data	No data	reelin
SMURF1	0.008869916512432843	No data	No data	No data	No data	0.07295169571339452	No data	No data	SMAD specific E3 ubiquitin protein ligase 1
TET1	0.008869916512432843	No data	No data	No data	No data	0.07295169571339452	No data	No data	tet methylcytosine dioxygenase 1
AMACR	0.008869916512432843	No data	No data	No data	No data	0.07295169571339452	No data	No data	alpha-methylacyl-CoA racemase
ASF1B	0.008869916512432843	No data	No data	No data	No data	0.07295169571339452	No data	No data	anti-silencing function 1B histone chaperone
S100A16	0.008869916512432843	No data	No data	No data	No data	0.07295169571339452	No data	No data	S100 calcium binding protein A16
SLC1A2	0.008869916512432843	No data	No data	No data	No data	0.07295169571339452	No data	No data	solute carrier family 1 member 2
ASIC2	0.008869916512432843	No data	No data	No data	No data	0.07295169571339452	No data	No data	acid sensing ion channel subunit 2
CTBP1	0.008869916512432843	No data	No data	No data	No data	0.07295169571339452	No data	No data	C-terminal binding protein 1
C1QTNF6	0.008869916512432843	No data	No data	No data	No data	0.07295169571339452	No data	No data	C1q and TNF related 6
WNT10A	0.008869916512432843	No data	No data	No data	No data	0.07295169571339452	No data	No data	Wnt family member 10A
NCOA4	0.008869916512432843	No data	No data	No data	No data	0.07295169571339452	No data	No data	nuclear receptor coactivator 4
KRT32	0.008869916512432843	No data	No data	No data	No data	0.07295169571339452	No data	No data	keratin 32
APOF	0.008869916512432843	No data	No data	No data	No data	0.07295169571339452	No data	No data	apolipoprotein F
ATP5PB	0.008869916512432843	No data	No data	No data	No data	0.07295169571339452	No data	No data	ATP synthase peripheral stalk-membrane subunit b
MPPE1	0.008869916512432843	No data	No data	No data	No data	0.07295169571339452	No data	No data	metallophosphoesterase 1
ITGA9	0.008869916512432843	No data	No data	No data	No data	0.07295169571339452	No data	No data	integrin subunit alpha 9
ATP5PF	0.008869916512432843	No data	No data	No data	No data	0.07295169571339452	No data	No data	ATP synthase peripheral stalk subunit F6
DST	0.008869916512432843	No data	No data	No data	No data	0.07295169571339452	No data	No data	dystonin
XCL1	0.008869916512432843	No data	No data	No data	No data	0.07295169571339452	No data	No data	X-C motif chemokine ligand 1
HIPK3	0.008869916512432843	No data	No data	No data	No data	0.07295169571339452	No data	No data	homeodomain interacting protein kinase 3
KRT14	0.008869916512432843	No data	No data	No data	No data	0.07295169571339452	No data	No data	keratin 14
CD200	0.008869916512432843	No data	No data	No data	No data	0.07295169571339452	No data	No data	CD200 molecule
IFIH1	0.008864783458895555	No data	No data	No data	No data	0.07290947829689372	No data	No data	interferon induced with helicase C domain 1
PTGER3	0.008864783458895555	No data	No data	No data	No data	0.07290947829689372	No data	No data	prostaglandin E receptor 3
BAD	0.008848286184048277	No data	No data	No data	No data	0.0667035180712751	0.024281105613784066	No data	BCL2 associated agonist of cell death
MAN2C1	0.00884184162965309	No data	No data	No data	No data	No data	0.07272079046159571	No data	mannosidase alpha class 2C member 1
NPHP4	0.00879558989721292	No data	No data	No data	No data	0.07234038752246284	No data	No data	nephrocystin 4
STAM	0.00878573123539166	No data	No data	No data	No data	No data	0.07225930377197684	No data	signal transducing adaptor molecule
IL17RA	0.008780190736601056	No data	No data	No data	No data	0.07221373527296042	No data	No data	interleukin 17 receptor A
ZNF655	0.008767303963898913	No data	No data	No data	No data	No data	0.07210774646014839	No data	zinc finger protein 655
NES	0.008765405389397718	No data	No data	No data	No data	0.06746343156828963	0.018514799349638834	No data	nestin
NIPSNAP3A	0.008762520665491883	No data	No data	No data	No data	No data	0.07206840564680402	No data	nipsnap homolog 3A
TOMM20	0.00875185628107523	No data	No data	No data	No data	0.07198069513387596	No data	No data	translocase of outer mitochondrial membrane 20
IGHE	0.008746723227537943	No data	No data	No data	No data	0.07193847771737516	No data	No data	immunoglobulin heavy constant epsilon
ITGAV	0.008746723227537943	No data	No data	No data	No data	0.07193847771737516	No data	No data	integrin subunit alpha V
SLC9C1	0.008744019503822522	No data	No data	No data	No data	0.07191624061632647	No data	No data	solute carrier family 9 member C1
PDAP1	0.008731848661096586	No data	No data	No data	No data	No data	0.07181614005575485	No data	PDGFA associated protein 1
PIPOX	0.008729468456641078	No data	No data	No data	No data	0.06079307976116211	0.04401393606651083	No data	pipecolic acid and sarcosine oxidase
PPP2CB	0.008728724723701	No data	No data	No data	No data	No data	0.07179044685672742	No data	protein phosphatase 2 catalytic subunit beta
LRRC40	0.008727193077999563	No data	No data	No data	No data	No data	0.07177784965234614	No data	leucine rich repeat containing 40
LAMP1	0.008726191013388791	No data	No data	No data	No data	0.07176960805137193	No data	No data	lysosomal associated membrane protein 1
PLXNA2	0.008726191013388791	No data	No data	No data	No data	0.07176960805137193	No data	No data	plexin A2
GAPDH	0.008700525745702355	No data	No data	No data	No data	0.07155852096886789	No data	No data	glyceraldehyde-3-phosphate dehydrogenase
CFI	0.008695902854832956	0.012158615952232422	No data	No data	No data	0.04290967874182883	No data	No data	complement factor I
ENSG00000220349	0.008692928826467168	No data	No data	No data	No data	0.0714960391924467	No data	No data	galanin receptor pseudogene
ZNF230	0.008692518182184186	No data	No data	No data	No data	No data	0.07149266179912664	No data	zinc finger protein 230
PIGG	0.008692518182184186	No data	No data	No data	No data	No data	0.07149266179912664	No data	phosphatidylinositol glycan anchor biosynthesis class G
DLAT	0.008692518182184186	No data	No data	No data	No data	No data	0.07149266179912664	No data	dihydrolipoamide S-acetyltransferase
HMG20A	0.008692518182184186	No data	No data	No data	No data	No data	0.07149266179912664	No data	high mobility group 20A
C12orf75	0.008692518182184186	No data	No data	No data	No data	No data	0.07149266179912664	No data	chromosome 12 open reading frame 75
SRRM1	0.008692518182184186	No data	No data	No data	No data	No data	0.07149266179912664	No data	serine and arginine repetitive matrix 1
PRKCH	0.008692518182184186	No data	No data	No data	No data	No data	0.07149266179912664	No data	protein kinase C eta
TMEM19	0.008692518182184186	No data	No data	No data	No data	No data	0.07149266179912664	No data	transmembrane protein 19
SFTPC	0.008692518182184186	No data	No data	No data	No data	No data	0.07149266179912664	No data	surfactant protein C
SIDT1	0.008692518182184186	No data	No data	No data	No data	No data	0.07149266179912664	No data	SID1 transmembrane family member 1
HKDC1	0.008692518182184186	No data	No data	No data	No data	No data	0.07149266179912664	No data	hexokinase domain containing 1
OSBPL10	0.008692518182184186	No data	No data	No data	No data	No data	0.07149266179912664	No data	oxysterol binding protein like 10
TRIB2	0.008692518182184186	No data	No data	No data	No data	No data	0.07149266179912664	No data	tribbles pseudokinase 2
OSBPL3	0.008692518182184186	No data	No data	No data	No data	No data	0.07149266179912664	No data	oxysterol binding protein like 3
ACVR1	0.008692518182184186	No data	No data	No data	No data	No data	0.07149266179912664	No data	activin A receptor type 1
ZNF738	0.008692518182184186	No data	No data	No data	No data	No data	0.07149266179912664	No data	zinc finger protein 738
C15orf40	0.008692518182184186	No data	No data	No data	No data	No data	0.07149266179912664	No data	chromosome 15 open reading frame 40
ELAVL3	0.008692518182184186	No data	No data	No data	No data	No data	0.07149266179912664	No data	ELAV like RNA binding protein 3
PDGFC	0.008685126585090493	No data	No data	No data	No data	0.07143186871936548	No data	No data	platelet derived growth factor C
PARP6	0.008679448127024626	No data	No data	No data	No data	No data	0.07138516555768841	No data	poly(ADP-ribose) polymerase family member 6
TM6SF1	0.008678416089235353	No data	No data	No data	No data	No data	0.07137667743870077	No data	transmembrane 6 superfamily member 1
DSPP	0.008669589379093252	No data	No data	No data	No data	0.07130408109897939	No data	No data	dentin sialophosphoprotein
MMP19	0.008657932761175172	No data	No data	No data	No data	0.07120820984221894	No data	No data	matrix metallopeptidase 19
NTRK2	0.008644062156792191	No data	No data	No data	No data	0.07109412938735903	No data	No data	neurotrophic receptor tyrosine kinase 2
NCF2	0.008631332184019718	No data	No data	No data	No data	0.07098943019443701	No data	No data	neutrophil cytosolic factor 2
CDH17	0.008631332184019718	No data	No data	No data	No data	0.07098943019443701	No data	No data	cadherin 17
WNT7A	0.008623529942643041	No data	No data	No data	No data	0.0709252597213558	No data	No data	Wnt family member 7A
BGN	0.008615933023407856	No data	No data	No data	No data	0.07086277794493459	No data	No data	biglycan
RALGAPB	0.008603819017059857	No data	No data	No data	No data	No data	0.07076314484199268	No data	Ral GTPase activating protein non-catalytic subunit beta
KCTD5	0.008603819017059857	No data	No data	No data	No data	No data	0.07076314484199268	No data	potassium channel tetramerization domain containing 5
MORN1	0.008603819017059857	No data	No data	No data	No data	No data	0.07076314484199268	No data	MORN repeat containing 1
CCDC115	0.008603819017059857	No data	No data	No data	No data	No data	0.07076314484199268	No data	coiled-coil domain containing 115
REV3L	0.008603819017059857	No data	No data	No data	No data	No data	0.07076314484199268	No data	REV3 like, DNA directed polymerase zeta catalytic subunit
SSC4D	0.008603819017059857	No data	No data	No data	No data	No data	0.07076314484199268	No data	scavenger receptor cysteine rich family member with 4 domains
IRF2	0.008603819017059857	No data	No data	No data	No data	No data	0.07076314484199268	No data	interferon regulatory factor 2
MSL2	0.008603819017059857	No data	No data	No data	No data	No data	0.07076314484199268	No data	MSL complex subunit 2
CHIC2	0.008603819017059857	No data	No data	No data	No data	No data	0.07076314484199268	No data	cysteine rich hydrophobic domain 2
TNRC6A	0.008603819017059857	No data	No data	No data	No data	No data	0.07076314484199268	No data	trinucleotide repeat containing adaptor 6A
AAMP	0.00860058863188554	No data	No data	No data	No data	0.06079307976116211	0.039773985556950546	No data	angio associated migratory cell protein
UHRF2	0.008588570999722447	No data	No data	No data	No data	No data	0.07063773568853876	No data	ubiquitin like with PHD and ring finger domains 2
WDSUB1	0.008585588127630247	No data	No data	No data	No data	No data	0.07061320269807406	No data	WD repeat, sterile alpha motif and U-box domain containing 1
ALOX5AP	0.008577332460807453	No data	No data	No data	No data	0.07054530297284853	No data	No data	arachidonate 5-lipoxygenase activating protein
DENND6A	0.008567185696329208	No data	No data	No data	No data	No data	0.07046184968739144	No data	DENN domain containing 6A
NBEAL2	0.008564066364841786	No data	No data	No data	No data	0.06079307976116211	0.038572458436191406	No data	neurobeachin like 2
DGKA	0.008561933300195591	No data	No data	No data	No data	0.0704186507233461	No data	No data	diacylglycerol kinase alpha
ART4	0.008559229576480172	No data	No data	No data	No data	0.07039641362229741	No data	No data	ADP-ribosyltransferase 4 (inactive) (Dombrock blood group)
TCF12	0.008547140685127012	No data	No data	No data	No data	No data	0.07029698708065277	No data	transcription factor 12
UAP1	0.008523440689919396	No data	No data	No data	No data	No data	0.07010206361814086	No data	UDP-N-acetylglucosamine pyrophosphorylase 1
TSPYL4	0.008522232053139104	No data	No data	No data	No data	No data	0.07009212303950066	No data	TSPY like 4
WEE1	0.00851659202006797	No data	No data	No data	No data	0.0700457359088166	No data	No data	WEE1 G2 checkpoint kinase
AKAP11	0.008511010770970776	No data	No data	No data	No data	No data	0.06999983225399997	No data	A-kinase anchoring protein 11
HOTAIR	0.00851007688872563	No data	No data	No data	No data	0.06999215142709651	No data	No data	HOX transcript antisense RNA
ZCCHC8	0.008505764776635684	No data	No data	No data	No data	No data	0.06995668594231694	No data	zinc finger CCHC-type containing 8
EVPL	0.008500336657748143	No data	No data	No data	No data	0.06991204172533642	No data	No data	envoplakin
PPL	0.008500336657748143	No data	No data	No data	No data	0.06991204172533642	No data	No data	periplakin
MYLK	0.008500336657748143	No data	No data	No data	No data	0.06991204172533642	No data	No data	myosin light chain kinase
TMEM67	0.008500336657748143	No data	No data	No data	No data	0.06991204172533642	No data	No data	transmembrane protein 67
SERPINA4	0.008500336657748143	No data	No data	No data	No data	0.06991204172533642	No data	No data	serpin family A member 4
PIK3C3	0.008500336657748143	No data	No data	No data	No data	0.06991204172533642	No data	No data	phosphatidylinositol 3-kinase catalytic subunit type 3
GLRA3	0.008500336657748143	No data	No data	No data	No data	0.06991204172533642	No data	No data	glycine receptor alpha 3
HIF1AN	0.008500336657748143	No data	No data	No data	No data	0.06991204172533642	No data	No data	hypoxia inducible factor 1 subunit alpha inhibitor
BIRC5	0.008500336657748143	No data	No data	No data	No data	0.06991204172533642	No data	No data	baculoviral IAP repeat containing 5
LMNA	0.008500336657748143	No data	No data	No data	No data	0.06991204172533642	No data	No data	lamin A/C
ULK3	0.008491670860110262	No data	No data	No data	No data	No data	0.06984076882986934	No data	unc-51 like kinase 3
RAB21	0.00848341894493456	No data	No data	No data	No data	No data	0.06977289996051676	No data	RAB21, member RAS oncogene family
MYH7	0.008479804443598991	No data	No data	No data	No data	0.0697431720593332	No data	No data	myosin heavy chain 7
ARHGAP1	0.008479804443598991	No data	No data	No data	No data	0.0697431720593332	No data	No data	Rho GTPase activating protein 1
DRD1	0.008479804443598991	No data	No data	No data	No data	0.0697431720593332	No data	No data	dopamine receptor D1
AIRN	0.008479804443598991	No data	No data	No data	No data	0.0697431720593332	No data	No data	antisense of IGF2R non-protein coding RNA
ENSG00000228434	0.008474636118508306	No data	No data	No data	No data	No data	0.06970066454769708	No data	novel transcript
BAIAP2L2	0.00847154854980282	No data	No data	No data	No data	No data	0.0696752704673378	No data	BAR/IMD domain containing adaptor protein 2 like 2
MZF1	0.008470628848142706	No data	No data	No data	No data	0.06079307976116211	0.035498506036801	No data	myeloid zinc finger 1
SIAH1	0.008469308038975713	No data	No data	No data	No data	0.030396539880581056	0.062057708146284266	No data	siah E3 ubiquitin protein ligase 1
OTUD1	0.008463116548304077	No data	No data	No data	No data	No data	0.06960592045635078	No data	OTU deubiquitinase 1
REG3A	0.008441203880998591	No data	No data	No data	No data	0.01823792392834863	0.06486621610515998	No data	regenerating family member 3 alpha
FBXW7	0.008426631004000377	No data	No data	No data	No data	0.06383273374922022	0.0218924278301415	No data	F-box and WD repeat domain containing 7
ITPRID2	0.008421618528349098	No data	No data	No data	No data	No data	0.06926461499758793	No data	ITPR interacting domain containing 2
NPTN	0.008421360743386922	No data	No data	No data	No data	No data	0.0692624948141461	No data	neuroplastin
PANK3	0.008414103462123644	No data	No data	No data	No data	No data	0.06920280643109503	No data	pantothenate kinase 3
CLINT1	0.008399717191338191	No data	No data	No data	No data	No data	0.0690844848158555	No data	clathrin interactor 1
STK39	0.008398314259730554	No data	No data	No data	No data	No data	0.0690729462360274	No data	serine/threonine kinase 39
OPTN	0.008390078667767205	No data	No data	No data	No data	0.0690052116188991	No data	No data	optineurin
SRGAP2	0.008387409479927816	No data	No data	No data	No data	0.06898325856231867	No data	No data	SLIT-ROBO Rho GTPase activating protein 2
IL36A	0.008387409479927816	No data	No data	No data	No data	0.06898325856231867	No data	No data	interleukin 36 alpha
TMSB4X	0.008384945614229918	No data	No data	No data	No data	0.06896299420239828	No data	No data	thymosin beta 4 X-linked
BMPR2	0.008377143372853241	No data	No data	No data	No data	0.06889882372931705	No data	No data	bone morphogenetic protein receptor type 2
RABGGTB	0.008374246728161401	No data	No data	No data	No data	No data	0.06887499992648276	No data	Rab geranylgeranyltransferase subunit beta
IARS2	0.008374246728161401	No data	No data	No data	No data	No data	0.06887499992648276	No data	isoleucyl-tRNA synthetase 2, mitochondrial
ANXA6	0.008371217742470504	No data	No data	No data	No data	No data	0.06885008766917651	No data	annexin A6
AFM	0.008356666067544158	No data	No data	No data	No data	0.06121525392617018	0.030060606966024857	No data	afamin
CNBP	0.008343881185931618	No data	No data	No data	No data	0.06862525487039182	No data	No data	CCHC-type zinc finger nucleic acid binding protein
F7	0.008343881185931618	No data	No data	No data	No data	0.06862525487039182	No data	No data	coagulation factor VII
TTC21B	0.008315546730405791	0.012158615952232422	No data	No data	No data	0.030396539880581056	No data	No data	tetratricopeptide repeat domain 21B
GHRHR	0.008315546730405791	No data	No data	No data	No data	0.06839221473130737	No data	No data	growth hormone releasing hormone receptor
CCNG1	0.008315546730405791	No data	No data	No data	No data	0.06839221473130737	No data	No data	cyclin G1
WFS1	0.008315546730405791	No data	No data	No data	No data	0.06839221473130737	No data	No data	wolframin ER transmembrane glycoprotein
TKTL1	0.008315546730405791	No data	No data	No data	No data	0.06839221473130737	No data	No data	transketolase like 1
SDC2	0.008315546730405791	No data	No data	No data	No data	0.06839221473130737	No data	No data	syndecan 2
KIRREL1	0.008315546730405791	No data	No data	No data	No data	0.06839221473130737	No data	No data	kirre like nephrin family adhesion molecule 1
BBS10	0.008315546730405791	No data	No data	No data	No data	0.06839221473130737	No data	No data	Bardet-Biedl syndrome 10
ABCB6	0.008315546730405791	No data	No data	No data	No data	0.06839221473130737	No data	No data	ATP binding cassette subfamily B member 6 (Langereis blood group)
RHOT2	0.008308621270285053	No data	No data	No data	No data	No data	0.06833525545117265	No data	ras homolog family member T2
CCKAR	0.008295014516256641	No data	No data	No data	No data	0.06822334506530414	No data	No data	cholecystokinin A receptor
ITK	0.008287000437235494	No data	No data	No data	No data	No data	0.0681574323080246	No data	IL2 inducible T cell kinase
LIPC	0.008285557127004675	No data	No data	No data	No data	0.06814556162935123	No data	No data	lipase C, hepatic type
LINC01003	0.008282987589399675	No data	No data	No data	No data	No data	0.06812442815811491	No data	long intergenic non-protein coding RNA 1003
SLC34A3	0.008279375059579744	No data	No data	No data	No data	0.06383273374922022	0.017047930890714876	No data	solute carrier family 34 member 3
MBTPS1	0.008278998491722327	No data	No data	No data	No data	0.06809161934424153	No data	No data	membrane bound transcription factor peptidase, site 1
ZMIZ1	0.00827428622673578	No data	No data	No data	No data	0.012158615952232422	0.06501320876575356	No data	zinc finger MIZ-type containing 1
NOTCH3	0.008264216195032915	No data	No data	No data	No data	0.0679700405662993	No data	No data	notch receptor 3
AFP	0.008264216195032915	No data	No data	No data	No data	0.0679700405662993	No data	No data	alpha fetoprotein
PSMB9	0.008259321295204436	No data	No data	No data	No data	0.06383273374922022	0.016388192497657876	No data	proteasome 20S subunit beta 9
CUL5	0.008223972555344801	No data	No data	No data	No data	0.05927325276713306	0.03346319656741376	No data	cullin 5
ERBB4	0.008215211479972558	No data	No data	No data	No data	0.06756699539032794	No data	No data	erb-b2 receptor tyrosine kinase 4
MESD	0.008207270854616791	No data	No data	No data	No data	No data	0.06750168676155834	No data	mesoderm development LRP chaperone
CLDN19	0.008202619552585465	No data	No data	No data	No data	0.06746343156828961	No data	No data	claudin 19
PER1	0.008191726357214428	No data	No data	No data	No data	No data	0.06737383917213341	No data	period circadian regulator 1
QPCT	0.00817506246319655	No data	No data	No data	No data	0.06079307976116211	0.02577482083752017	No data	glutaminyl-peptide cyclotransferase
LY75	0.00817099381207858	No data	No data	No data	No data	No data	0.06720332185982335	No data	lymphocyte antigen 75
HYCC1	0.008168485809317588	No data	No data	No data	No data	0.024317231904464845	0.06110338651320012	No data	hyccin PI4KA lipid kinase complex subunit 1
PLIN2	0.008159091258589265	No data	No data	No data	No data	0.06710542787636277	No data	No data	perilipin 2
HOXB8	0.008157807367438886	No data	No data	No data	No data	No data	0.06709486835910007	No data	homeobox B8
KHK	0.008157707814135625	No data	No data	No data	No data	0.03941080265183337	0.05724134890801937	No data	ketohexokinase
CLIP4	0.008139939426956865	No data	No data	No data	No data	No data	0.06694791133247617	No data	CAP-Gly domain containing linker protein family member 4
FOSB	0.00813075680306344	No data	No data	No data	No data	0.06687238773727831	No data	No data	FosB proto-oncogene, AP-1 transcription factor subunit
TINF2	0.00813075680306344	No data	No data	No data	No data	0.06687238773727831	No data	No data	TERF1 interacting nuclear factor 2
QKI	0.00813075680306344	No data	No data	No data	No data	0.06687238773727831	No data	No data	QKI, KH domain containing RNA binding
TNFRSF19	0.00813075680306344	No data	No data	No data	No data	0.06687238773727831	No data	No data	TNF receptor superfamily member 19
KDM7A	0.00813075680306344	No data	No data	No data	No data	0.06687238773727831	No data	No data	lysine demethylase 7A
NLRX1	0.00813075680306344	No data	No data	No data	No data	0.06687238773727831	No data	No data	NLR family member X1
WNT2	0.00813075680306344	No data	No data	No data	No data	0.06687238773727831	No data	No data	Wnt family member 2
SNW1	0.00813075680306344	No data	No data	No data	No data	0.06687238773727831	No data	No data	SNW domain containing 1
DVL2	0.00813075680306344	No data	No data	No data	No data	0.06687238773727831	No data	No data	dishevelled segment polarity protein 2
PIK3R2	0.00813075680306344	No data	No data	No data	No data	0.06687238773727831	No data	No data	phosphoinositide-3-kinase regulatory subunit 2
PDGFD	0.00813075680306344	No data	No data	No data	No data	0.06687238773727831	No data	No data	platelet derived growth factor D
SEPTIN8	0.00813075680306344	No data	No data	No data	No data	0.06687238773727831	No data	No data	septin 8
RYR3	0.00813075680306344	No data	No data	No data	No data	0.06687238773727831	No data	No data	ryanodine receptor 3
OSTM1	0.008128930063778897	No data	No data	No data	No data	No data	0.06685736350021286	No data	osteoclastogenesis associated transmembrane protein 1
TFPI2	0.00811499501759396	No data	No data	No data	No data	0.06079307976116211	0.02379869309934414	No data	tissue factor pathway inhibitor 2
MTDH	0.00811022458891429	No data	No data	No data	No data	0.0667035180712751	No data	No data	metadherin
TXNDC12	0.00811022458891429	No data	No data	No data	No data	0.0667035180712751	No data	No data	thioredoxin domain containing 12
FFAR3	0.00811022458891429	No data	No data	No data	No data	0.06670351807127509	No data	No data	free fatty acid receptor 3
HDAC10	0.008091042086359471	No data	No data	No data	No data	0.030396539880581056	0.05894661430055102	No data	histone deacetylase 10
DDIT4	0.008089981448598465	No data	No data	No data	No data	0.03706689168770857	0.05727030300587245	No data	DNA damage inducible transcript 4
CCN1	0.0080775760970309	No data	No data	No data	No data	0.0595062929062175	0.02771481485929195	No data	cellular communication network factor 1
MAPK6	0.008076962401992667	No data	No data	No data	No data	0.06642994921234986	No data	No data	mitogen-activated protein kinase 6
CD27	0.008075204593046632	No data	No data	No data	No data	0.06641549190114815	No data	No data	CD27 molecule
ADCY7	0.008068919903370119	No data	No data	No data	No data	No data	0.06636380271463874	No data	adenylate cyclase 7
ACAA1	0.008064553246672544	No data	No data	No data	No data	0.06079307976116211	0.022139235440031994	No data	acetyl-CoA acyltransferase 1
RCHY1	0.008064475455818853	No data	No data	No data	No data	No data	0.06632724882093301	No data	ring finger and CHY zinc finger domain containing 1
HSP90AA1	0.008061563241380803	No data	No data	No data	No data	0.06630329696284744	No data	No data	heat shock protein 90 alpha family class A member 1
MGAT2	0.008053739776230162	No data	No data	No data	No data	No data	0.0662389519322833	No data	alpha-1,6-mannosyl-glycoprotein 2-beta-N-acetylglucosaminyltransferase
C5orf24	0.008052500180484189	No data	No data	No data	No data	No data	0.0662287567279044	No data	chromosome 5 open reading frame 24
CCL7	0.008020498813082502	No data	No data	No data	No data	0.06596555763084097	No data	No data	C-C motif chemokine ligand 7
TBC1D9	0.008018531374865542	No data	No data	No data	No data	No data	0.06594937619847492	No data	TBC1 domain family member 9
DLL4	0.008017829625243115	No data	No data	No data	No data	0.06594360457426057	No data	No data	delta like canonical Notch ligand 4
RPPH1	0.008017829625243115	No data	No data	No data	No data	0.06594360457426057	No data	No data	ribonuclease P RNA component H1
WDR47	0.008014852514681621	No data	No data	No data	No data	No data	0.06591911897019849	No data	WD repeat domain 47
FGD5-AS1	0.00800268563665279	No data	No data	No data	No data	No data	0.06581905101775527	No data	FGD5 antisense RNA 1
SMIM15	0.007982895114960286	No data	No data	No data	No data	No data	0.06565628149061292	No data	small integral membrane protein 15
PIP4P2	0.007981159888128557	No data	No data	No data	No data	No data	0.06564200990872772	No data	phosphatidylinositol-4,5-bisphosphate 4-phosphatase 2
RANBP2	0.007978421885675761	No data	No data	No data	No data	No data	0.06561949087807858	No data	RAN binding protein 2
NUP153	0.007978421885675761	No data	No data	No data	No data	No data	0.06561949087807858	No data	nucleoporin 153
ANKRD10	0.00797473538626164	No data	No data	No data	No data	No data	0.06558917082003411	No data	ankyrin repeat domain 10
PPP1CA	0.007971389621325	No data	No data	No data	No data	No data	0.0655616531737018	No data	protein phosphatase 1 catalytic subunit alpha
FAM217B	0.007966382651030697	No data	No data	No data	No data	No data	0.06552047274400508	No data	family with sequence similarity 217 member B
ZBTB18	0.007966382651030697	No data	No data	No data	No data	No data	0.06552047274400508	No data	zinc finger and BTB domain containing 18
FYTTD1	0.007958267654785738	No data	No data	No data	No data	No data	0.06545372998087447	No data	forty-two-three domain containing 1
PLAAT2	0.00795192372542452	No data	No data	No data	No data	No data	0.06540155357044962	No data	phospholipase A and acyltransferase 2
DGKH	0.00794596687572109	No data	No data	No data	No data	0.06535256074324927	No data	No data	diacylglycerol kinase eta
LCP2	0.00794596687572109	No data	No data	No data	No data	0.06535256074324927	No data	No data	lymphocyte cytosolic protein 2
GLRX	0.00794596687572109	No data	No data	No data	No data	0.06535256074324927	No data	No data	glutaredoxin
BMP5	0.00794596687572109	No data	No data	No data	No data	0.06535256074324927	No data	No data	bone morphogenetic protein 5
GLI2	0.00794596687572109	No data	No data	No data	No data	0.06535256074324927	No data	No data	GLI family zinc finger 2
CYP4F3	0.00794596687572109	No data	No data	No data	No data	0.06535256074324927	No data	No data	cytochrome P450 family 4 subfamily F member 3
DACT1	0.00794596687572109	No data	No data	No data	No data	0.06535256074324927	No data	No data	dishevelled binding antagonist of beta catenin 1
ADM2	0.00794596687572109	No data	No data	No data	No data	0.06535256074324927	No data	No data	adrenomedullin 2
GHSR	0.00794596687572109	No data	No data	No data	No data	0.06535256074324927	No data	No data	growth hormone secretagogue receptor
NANOG	0.007945966875721088	No data	No data	No data	No data	0.06535256074324926	No data	No data	Nanog homeobox
RGS1	0.007944462796237763	No data	No data	No data	No data	0.0547137717850459	0.0425056739020005	No data	regulator of G protein signaling 1
DOCK8	0.007943465141005768	No data	No data	No data	No data	No data	0.06533198492503813	No data	dedicator of cytokinesis 8
IKBKG	0.007925434661571938	No data	No data	No data	No data	0.06518369107724604	No data	No data	inhibitor of nuclear factor kappa B kinase regulatory subunit gamma
SORBS1	0.007925434661571938	No data	No data	No data	No data	0.06518369107724604	No data	No data	sorbin and SH3 domain containing 1
MLN	0.007925434661571938	No data	No data	No data	No data	0.06518369107724604	No data	No data	motilin
VCPKMT	0.00792003932631872	No data	No data	No data	No data	No data	0.06513931649321102	No data	valosin containing protein lysine methyltransferase
EEIG2	0.007914651105989884	No data	No data	No data	No data	No data	0.06509500042672775	No data	EEIG family member 2
HS2ST1	0.007914283707454776	No data	No data	No data	No data	No data	0.06509197871326504	No data	heparan sulfate 2-O-sulfotransferase 1
CCDC18-AS1	0.007906355198923692	No data	No data	No data	No data	No data	0.0650267697407781	No data	CCDC18 antisense RNA 1
HTATSF1	0.007898644490029331	No data	No data	No data	No data	No data	0.0649633520876122	No data	HIV-1 Tat specific factor 1
CUX1	0.007892053080893996	No data	No data	No data	No data	0.05910438310112983	0.023219028595499795	No data	cut like homeobox 1
ABHD16A	0.007886834098971538	No data	No data	No data	No data	No data	0.06486621610515998	No data	abhydrolase domain containing 16A, phospholipase
GNG13	0.007886834098971538	No data	No data	No data	No data	No data	0.06486621610515998	No data	G protein subunit gamma 13
MIR378A	0.007886834098971538	No data	No data	No data	No data	No data	0.06486621610515998	No data	microRNA 378a
TCEAL8	0.007886834098971538	No data	No data	No data	No data	No data	0.06486621610515998	No data	transcription elongation factor A like 8
ARMC5	0.007886834098971538	No data	No data	No data	No data	No data	0.06486621610515998	No data	armadillo repeat containing 5
KIFBP	0.007886834098971538	No data	No data	No data	No data	No data	0.06486621610515998	No data	kinesin family binding protein
GABPB2	0.007886834098971538	No data	No data	No data	No data	No data	0.06486621610515998	No data	GA binding protein transcription factor subunit beta 2
ZBTB2	0.007886834098971538	No data	No data	No data	No data	No data	0.06486621610515998	No data	zinc finger and BTB domain containing 2
BEX4	0.007886834098971538	No data	No data	No data	No data	No data	0.06486621610515998	No data	brain expressed X-linked 4
ZNF468	0.007886834098971538	No data	No data	No data	No data	No data	0.06486621610515998	No data	zinc finger protein 468
DGKQ	0.007886834098971538	No data	No data	No data	No data	No data	0.06486621610515998	No data	diacylglycerol kinase theta
GSPT2	0.007886834098971538	No data	No data	No data	No data	No data	0.06486621610515998	No data	G1 to S phase transition 2
UPF3B	0.007886834098971538	No data	No data	No data	No data	No data	0.06486621610515998	No data	UPF3B regulator of nonsense mediated mRNA decay
TNRC6C	0.007886834098971538	No data	No data	No data	No data	No data	0.06486621610515998	No data	trinucleotide repeat containing adaptor 6C
KLF13	0.007886834098971538	No data	No data	No data	No data	No data	0.06486621610515998	No data	KLF transcription factor 13
UCHL5	0.007886834098971538	No data	No data	No data	No data	No data	0.06486621610515998	No data	ubiquitin C-terminal hydrolase L5
RFFL	0.007886834098971538	No data	No data	No data	No data	No data	0.06486621610515998	No data	ring finger and FYVE like domain containing E3 ubiquitin protein ligase
ZNF330	0.007886834098971538	No data	No data	No data	No data	No data	0.06486621610515998	No data	zinc finger protein 330
SSC5D	0.007886834098971538	No data	No data	No data	No data	No data	0.06486621610515998	No data	scavenger receptor cysteine rich family member with 5 domains
ERLIN2	0.007886834098971538	No data	No data	No data	No data	No data	0.06486621610515998	No data	ER lipid raft associated 2
VRTN	0.007886834098971538	No data	No data	No data	No data	No data	0.06486621610515998	No data	vertebrae development associated
SEC31A	0.007886834098971538	No data	No data	No data	No data	No data	0.06486621610515998	No data	SEC31 homolog A, COPII coat complex component
HBM	0.007886834098971538	No data	No data	No data	No data	No data	0.06486621610515998	No data	hemoglobin subunit mu
MCM9	0.007886834098971538	No data	No data	No data	No data	No data	0.06486621610515998	No data	minichromosome maintenance 9 homologous recombination repair factor
DCBLD2	0.007886834098971538	No data	No data	No data	No data	No data	0.06486621610515998	No data	discoidin, CUB and LCCL domain containing 2
HERPUD1	0.007886834098971538	No data	No data	No data	No data	No data	0.06486621610515998	No data	homocysteine inducible ER protein with ubiquitin like domain 1
MGC16275	0.007886834098971538	No data	No data	No data	No data	No data	0.06486621610515998	No data	uncharacterized protein MGC16275 
CMPK1	0.007885185968264706	No data	No data	No data	No data	No data	0.06485266085583467	No data	cytidine/uridine monophosphate kinase 1
SNRNP70	0.00787821136977712	No data	No data	No data	No data	0.0547137717850459	0.04032610258497148	No data	small nuclear ribonucleoprotein U1 subunit 70
MARCKS	0.007875913403396205	No data	No data	No data	No data	No data	0.0647763975302643	No data	myristoylated alanine rich protein kinase C substrate
RP2	0.00787163701499916	No data	No data	No data	No data	No data	0.0647412258592958	No data	RP2 activator of ARL3 GTPase
MICU2	0.007853620979667719	No data	No data	No data	No data	No data	0.06459305080876189	No data	mitochondrial calcium uptake 2
MEG3	0.007848315619455721	No data	No data	No data	No data	0.030396539880581056	0.056950281265135246	No data	maternally expressed 3
SLC11A2	0.007835708885740152	No data	No data	No data	No data	0.06444573063681192	No data	No data	solute carrier family 11 member 2
PRDX3	0.007835544235307131	No data	No data	No data	No data	No data	0.06444437644951242	No data	peroxiredoxin 3
IRAK3	0.007833039697900763	No data	No data	No data	No data	0.0644237775802315	No data	No data	interleukin 1 receptor associated kinase 3
ATL2	0.007832050532827116	No data	No data	No data	No data	No data	0.06441564207305261	No data	atlastin GTPase 2
CXCL11	0.007822773590826188	No data	No data	No data	No data	0.06433934274722988	No data	No data	C-X-C motif chemokine ligand 11
BTG3	0.007822773590826188	No data	No data	No data	No data	0.06433934274722988	No data	No data	BTG anti-proliferation factor 3
GPR87	0.007822773590826188	No data	No data	No data	No data	0.06433934274722988	No data	No data	G protein-coupled receptor 87
MBD2	0.007815573071626886	No data	No data	No data	No data	0.034787151196664985	0.055583333411438174	No data	methyl-CpG binding domain protein 2
FCRL1	0.007805526530940903	No data	No data	No data	No data	No data	0.06419749222778719	No data	Fc receptor like 1
TUBE1	0.007805526530940903	No data	No data	No data	No data	No data	0.06419749222778719	No data	tubulin epsilon 1
CDH15	0.007805526530940903	No data	No data	No data	No data	No data	0.06419749222778719	No data	cadherin 15
AREL1	0.007805526530940903	No data	No data	No data	No data	No data	0.06419749222778719	No data	apoptosis resistant E3 ubiquitin protein ligase 1
ZNF765	0.007805526530940903	No data	No data	No data	No data	No data	0.06419749222778719	No data	zinc finger protein 765
LINC01560	0.007805526530940903	No data	No data	No data	No data	No data	0.06419749222778719	No data	long intergenic non-protein coding RNA 1560
TMEM170A	0.007805526530940903	No data	No data	No data	No data	No data	0.06419749222778719	No data	transmembrane protein 170A
HNRNPM	0.007805526530940903	No data	No data	No data	No data	No data	0.06419749222778719	No data	heterogeneous nuclear ribonucleoprotein M
C1orf174	0.0077891543644522596	No data	No data	No data	No data	No data	0.06406283737436501	No data	chromosome 1 open reading frame 174
AMMECR1L	0.007781514177364172	No data	No data	No data	No data	No data	0.06399999973628101	No data	AMMECR1 like
PPIP5K2	0.007774692209975324	No data	No data	No data	No data	No data	0.06394389164457345	No data	diphosphoinositol pentakisphosphate kinase 2
HMGN5	0.007761176948378739	No data	No data	No data	No data	0.06383273374922022	No data	No data	high mobility group nucleosome binding domain 5
NOP14	0.007761176948378739	No data	No data	No data	No data	0.06383273374922022	No data	No data	NOP14 nucleolar protein
CDK7	0.007761176948378739	No data	No data	No data	No data	0.06383273374922022	No data	No data	cyclin dependent kinase 7
SERPINE2	0.007761176948378739	No data	No data	No data	No data	0.06383273374922022	No data	No data	serpin family E member 2
YWHAZ	0.007761176948378739	No data	No data	No data	No data	0.06383273374922022	No data	No data	tyrosine 3-monooxygenase/tryptophan 5-monooxygenase activation protein zeta
TNIP1	0.007761176948378739	No data	No data	No data	No data	0.06383273374922022	No data	No data	TNFAIP3 interacting protein 1
SLC22A1	0.007761176948378739	No data	No data	No data	No data	0.06383273374922022	No data	No data	solute carrier family 22 member 1
PGA3	0.007761176948378739	No data	No data	No data	No data	0.06383273374922022	No data	No data	pepsinogen A3
STK4	0.007761176948378739	No data	No data	No data	No data	0.06383273374922022	No data	No data	serine/threonine kinase 4
SETD6	0.007761176948378739	No data	No data	No data	No data	0.06383273374922022	No data	No data	SET domain containing 6, protein lysine methyltransferase
GHRH	0.007761176948378739	No data	No data	No data	No data	0.06383273374922022	No data	No data	growth hormone releasing hormone
RPS19	0.007761176948378739	No data	No data	No data	No data	0.06383273374922022	No data	No data	ribosomal protein S19
ACTR2	0.007761176948378739	No data	No data	No data	No data	0.06383273374922022	No data	No data	actin related protein 2
RAPGEF3	0.007761176948378739	No data	No data	No data	No data	0.06383273374922022	No data	No data	Rap guanine nucleotide exchange factor 3
XRCC3	0.007761176948378739	No data	No data	No data	No data	0.06383273374922022	No data	No data	X-ray repair cross complementing 3
ADGRL4	0.007761176948378739	No data	No data	No data	No data	0.06383273374922022	No data	No data	adhesion G protein-coupled receptor L4
IL18R1	0.007761176948378739	No data	No data	No data	No data	0.06383273374922022	No data	No data	interleukin 18 receptor 1
ADD1	0.007761176948378739	No data	No data	No data	No data	0.06383273374922022	No data	No data	adducin 1
HJV	0.007761176948378739	No data	No data	No data	No data	0.06383273374922022	No data	No data	hemojuvelin BMP co-receptor
SUMO2	0.007761176948378739	No data	No data	No data	No data	0.06383273374922022	No data	No data	small ubiquitin like modifier 2
OIP5	0.007761176948378739	No data	No data	No data	No data	0.06383273374922022	No data	No data	Opa interacting protein 5
SNCAIP	0.007761176948378739	No data	No data	No data	No data	0.06383273374922022	No data	No data	synuclein alpha interacting protein
ROBO2	0.007761176948378739	No data	No data	No data	No data	0.06383273374922022	No data	No data	roundabout guidance receptor 2
C5AR2	0.007761176948378739	No data	No data	No data	No data	0.06383273374922022	No data	No data	complement C5a receptor 2
NPR3	0.007761176948378739	No data	No data	No data	No data	0.06383273374922022	No data	No data	natriuretic peptide receptor 3
TIPARP	0.007761176948378739	No data	No data	No data	No data	0.06383273374922022	No data	No data	TCDD inducible poly(ADP-ribose) polymerase
HNRNPA1	0.007761176948378739	No data	No data	No data	No data	0.06383273374922022	No data	No data	heterogeneous nuclear ribonucleoprotein A1
ADCY6	0.007760711332475948	No data	No data	No data	No data	No data	0.06382890423519806	No data	adenylate cyclase 6
ZNF768	0.007741337565466142	No data	No data	No data	No data	No data	0.06366956235709352	No data	zinc finger protein 768
CCL22	0.007740644734229588	No data	No data	No data	No data	0.06366386408321698	No data	No data	C-C motif chemokine ligand 22
SLC16A4-AS1	0.007739027158954944	No data	No data	No data	No data	No data	0.06365056014072057	No data	SLC16A4 antisense RNA 1
EZR	0.007730378627155012	No data	No data	No data	No data	0.06357942925021537	No data	No data	ezrin
NECAP1	0.0077301565502320875	No data	No data	No data	No data	No data	0.06357760275183925	No data	NECAP endocytosis associated 1
CTR9	0.007724220897799147	No data	No data	No data	No data	No data	0.06352878426414083	No data	CTR9 homolog, Paf1/RNA polymerase II complex component
ZNF776	0.007701090819410693	No data	No data	No data	No data	No data	0.06333854815108877	No data	zinc finger protein 776
NUP54	0.007693048624646223	No data	No data	No data	No data	No data	0.06327240415249497	No data	nucleoporin 54
GET1	0.007678437877042857	No data	No data	No data	No data	No data	0.06315223630065421	No data	guided entry of tail-anchored proteins factor 1
TAF4	0.007677976675318836	No data	No data	No data	No data	No data	0.06314844309157652	No data	TATA-box binding protein associated factor 4
RDH11	0.007677636316721058	No data	No data	No data	No data	No data	0.06314564377133222	No data	retinol dehydrogenase 11
KLC3	0.007670968653066218	No data	No data	No data	No data	No data	0.06309080476925306	No data	kinesin light chain 3
FTSJ1	0.007648325471227056	No data	No data	No data	No data	No data	0.06290457319546111	No data	FtsJ RNA 2'-O-methyltransferase 1
RGL2	0.007642706818896843	No data	No data	No data	No data	No data	0.0628583619132536	No data	ral guanine nucleotide dissociation stimulator like 2
IDH2	0.007635146822871117	No data	No data	No data	No data	0.021277577916406734	0.057476789337110076	No data	isocitrate dehydrogenase (NADP(+)) 2
GOLPH3	0.007621668817524249	No data	No data	No data	No data	0.012158615952232422	0.05964567835130943	No data	golgi phosphoprotein 3
CCND2	0.007596075257947653	No data	No data	No data	No data	0.05977986176514274	0.010779893054796381	No data	cyclin D2
UMAD1	0.0075941790320518164	No data	No data	No data	No data	No data	0.06245923929078016	No data	UBAP1-MVB12-associated (UMA) domain containing 1
LYSET	0.0075930729898180845	No data	No data	No data	No data	No data	0.06245014251333379	No data	lysosomal enzyme trafficking factor
CASP8	0.007582957329564116	No data	No data	No data	No data	0.062366945048312195	No data	No data	caspase 8
PDZK1	0.007576387021036387	No data	No data	No data	No data	0.062312906755191154	No data	No data	PDZ domain containing 1
UPB1	0.007572856605556475	No data	No data	No data	No data	No data	0.062283870428245874	No data	beta-ureidopropionase 1
DDHD2	0.007568061154523332	No data	No data	No data	No data	No data	0.06224442966416563	No data	DDHD domain containing 2
SMNDC1	0.007562627812850702	No data	No data	No data	No data	No data	0.06219974249176068	No data	survival motor neuron domain containing 1
RAB28	0.007555786733624628	No data	No data	No data	No data	No data	0.06214347721244805	No data	RAB28, member RAS oncogene family
MSANTD2	0.007550451742998987	No data	No data	No data	No data	No data	0.06209959894006408	No data	Myb/SANT DNA binding domain containing 2
CYBRD1	0.007546926973718385	No data	No data	No data	No data	0.0547137717850459	0.02942734906367424	No data	cytochrome b reductase 1
AIFM1	0.007545588699812661	No data	No data	No data	No data	0.062059602256186314	No data	No data	apoptosis inducing factor mitochondria associated 1
ZC3H13	0.007544096813902575	No data	No data	No data	No data	No data	0.062047332060993485	No data	zinc finger CCCH-type containing 13
SHTN1	0.00753254183266785	No data	No data	No data	No data	No data	0.06195229672736569	No data	shootin 1
MGME1	0.007521788584025693	No data	No data	No data	No data	0.012158615952232422	0.05882420135186346	No data	mitochondrial genome maintenance exonuclease 1
TNFSF12	0.007515030867185992	No data	No data	No data	No data	0.061808275684587036	No data	No data	TNF superfamily member 12
ZNF559	0.007509685491050554	No data	No data	No data	No data	No data	0.061764311995327996	No data	zinc finger protein 559
TOPBP1	0.007497102568744728	No data	No data	No data	No data	No data	0.061660822236664185	No data	DNA topoisomerase II binding protein 1
PPP2R5C	0.007489634159227109	No data	No data	No data	No data	No data	0.061599397403879264	No data	protein phosphatase 2 regulatory subunit B'gamma
ILDR1	0.007486844142825939	No data	No data	No data	No data	No data	0.06157645057825264	No data	immunoglobulin like domain containing receptor 1
AMIGO2	0.007483532346594614	No data	No data	No data	No data	No data	0.061549212311624794	No data	adhesion molecule with Ig like domain 2
SLC25A40	0.007474647177680493	No data	No data	No data	No data	No data	0.061476135170698325	No data	solute carrier family 25 member 40
HOOK3	0.0074693058499016845	No data	No data	No data	No data	No data	0.06143220477763555	No data	hook microtubule tethering protein 3
PLEKHO1	0.007468798218894841	No data	No data	No data	No data	0.06142802970533425	No data	No data	pleckstrin homology domain containing O1
KCNK5	0.00746568992095413	No data	No data	No data	No data	0.056233598779074946	0.020675465423241918	No data	potassium two pore domain channel subfamily K member 5
TXNDC16	0.00744694650580894	No data	No data	No data	No data	No data	0.06124830766154448	No data	thioredoxin domain containing 16
HACD1	0.00743777834242987	No data	No data	No data	No data	No data	0.06117290299858704	No data	3-hydroxyacyl-CoA dehydratase 1
ZFP36L2	0.0074362435841368	No data	No data	No data	No data	No data	0.061160280194321334	No data	ZFP36 ring finger protein like 2
TRAPPC6B	0.007433841178756989	No data	No data	No data	No data	No data	0.06114052132218285	No data	trafficking protein particle complex subunit 6B
BLNK	0.007432557258424782	No data	No data	No data	No data	No data	0.061129961564910705	No data	B cell linker
SUCLA2	0.007429374592242935	No data	No data	No data	No data	No data	0.0611037853439136	No data	succinate-CoA ligase ADP-forming subunit beta
RPS6	0.007406996254305897	No data	No data	No data	No data	0.06091973201066453	No data	No data	ribosomal protein S6
FZD10	0.0073915970936940375	No data	No data	No data	No data	0.06079307976116211	No data	No data	frizzled class receptor 10
SIL1	0.0073915970936940375	No data	No data	No data	No data	0.06079307976116211	No data	No data	SIL1 nucleotide exchange factor
WNT2B	0.0073915970936940375	No data	No data	No data	No data	0.06079307976116211	No data	No data	Wnt family member 2B
ARHGAP26	0.0073915970936940375	No data	No data	No data	No data	0.06079307976116211	No data	No data	Rho GTPase activating protein 26
FOXA2	0.0073915970936940375	No data	No data	No data	No data	0.06079307976116211	No data	No data	forkhead box A2
GABPA	0.0073915970936940375	No data	No data	No data	No data	0.06079307976116211	No data	No data	GA binding protein transcription factor subunit alpha
FOXA1	0.0073915970936940375	No data	No data	No data	No data	0.06079307976116211	No data	No data	forkhead box A1
AURKB	0.0073915970936940375	No data	No data	No data	No data	0.06079307976116211	No data	No data	aurora kinase B
ATG14	0.0073915970936940375	No data	No data	No data	No data	0.06079307976116211	No data	No data	autophagy related 14
ZNF503	0.0073915970936940375	No data	No data	No data	No data	0.06079307976116211	No data	No data	zinc finger protein 503
MAX	0.0073915970936940375	No data	No data	No data	No data	0.06079307976116211	No data	No data	MYC associated factor X
TEKT2	0.0073915970936940375	No data	No data	No data	No data	0.06079307976116211	No data	No data	tektin 2
FOSL1	0.0073915970936940375	No data	No data	No data	No data	0.06079307976116211	No data	No data	FOS like 1, AP-1 transcription factor subunit
FCGR3B	0.0073915970936940375	No data	No data	No data	No data	0.06079307976116211	No data	No data	Fc gamma receptor IIIb
FZD8	0.0073915970936940375	No data	No data	No data	No data	0.06079307976116211	No data	No data	frizzled class receptor 8
ERP44	0.0073915970936940375	No data	No data	No data	No data	0.06079307976116211	No data	No data	endoplasmic reticulum protein 44
PFN2	0.0073915970936940375	No data	No data	No data	No data	0.06079307976116211	No data	No data	profilin 2
OAS3	0.0073915970936940375	No data	No data	No data	No data	0.06079307976116211	No data	No data	2'-5'-oligoadenylate synthetase 3
CD3E	0.0073915970936940375	No data	No data	No data	No data	0.06079307976116211	No data	No data	CD3 epsilon subunit of T-cell receptor complex
SLU7	0.0073915970936940375	No data	No data	No data	No data	0.06079307976116211	No data	No data	SLU7 homolog, splicing factor
RAPGEF1	0.0073915970936940375	No data	No data	No data	No data	0.06079307976116211	No data	No data	Rap guanine nucleotide exchange factor 1
ALPI	0.0073915970936940375	No data	No data	No data	No data	0.06079307976116211	No data	No data	alkaline phosphatase, intestinal
PFAS	0.0073915970936940375	No data	No data	No data	No data	0.06079307976116211	No data	No data	phosphoribosylformylglycinamidine synthase
RALB	0.0073915970936940375	No data	No data	No data	No data	0.06079307976116211	No data	No data	RAS like proto-oncogene B
LSM14A	0.0073915970936940375	No data	No data	No data	No data	0.06079307976116211	No data	No data	LSM14A mRNA processing body assembly factor
SLC29A1	0.0073915970936940375	No data	No data	No data	No data	0.06079307976116211	No data	No data	solute carrier family 29 member 1 (Augustine blood group)
LINC00355	0.0073915970936940375	No data	No data	No data	No data	0.06079307976116211	No data	No data	long intergenic non-protein coding RNA 355
SH3BGRL3	0.0073915970936940375	No data	No data	No data	No data	0.06079307976116211	No data	No data	SH3 domain binding glutamate rich protein like 3
FRZB	0.0073915970936940375	No data	No data	No data	No data	0.06079307976116211	No data	No data	frizzled related protein
GIT2	0.0073915970936940375	No data	No data	No data	No data	0.06079307976116211	No data	No data	GIT ArfGAP 2
CHMP2A	0.0073915970936940375	No data	No data	No data	No data	0.06079307976116211	No data	No data	charged multivesicular body protein 2A
TRIP6	0.0073915970936940375	No data	No data	No data	No data	0.06079307976116211	No data	No data	thyroid hormone receptor interactor 6
TMEM216	0.0073915970936940375	No data	No data	No data	No data	0.06079307976116211	No data	No data	transmembrane protein 216
HPRT1	0.0073915970936940375	No data	No data	No data	No data	0.06079307976116211	No data	No data	hypoxanthine phosphoribosyltransferase 1
CALM3	0.0073915970936940375	No data	No data	No data	No data	0.06079307976116211	No data	No data	calmodulin 3
ITSN1	0.0073915970936940375	No data	No data	No data	No data	0.06079307976116211	No data	No data	intersectin 1
VAV1	0.0073915970936940375	No data	No data	No data	No data	0.06079307976116211	No data	No data	vav guanine nucleotide exchange factor 1
SLC29A4	0.0073915970936940375	No data	No data	No data	No data	0.06079307976116211	No data	No data	solute carrier family 29 member 4
TNFAIP2	0.0073915970936940375	No data	No data	No data	No data	0.06079307976116211	No data	No data	TNF alpha induced protein 2
ADAMTS9	0.0073915970936940375	No data	No data	No data	No data	0.06079307976116211	No data	No data	ADAM metallopeptidase with thrombospondin type 1 motif 9
GHDC	0.0073915970936940375	No data	No data	No data	No data	0.06079307976116211	No data	No data	GH3 domain containing
MT1H	0.0073915970936940375	No data	No data	No data	No data	0.06079307976116211	No data	No data	metallothionein 1H
WASL	0.0073915970936940375	No data	No data	No data	No data	0.06079307976116211	No data	No data	WASP like actin nucleation promoting factor
CHD2	0.0073915970936940375	No data	No data	No data	No data	0.06079307976116211	No data	No data	chromodomain helicase DNA binding protein 2
TRIM29	0.0073915970936940375	No data	No data	No data	No data	0.06079307976116211	No data	No data	tripartite motif containing 29
SNED1	0.0073915970936940375	No data	No data	No data	No data	0.06079307976116211	No data	No data	sushi, nidogen and EGF like domains 1
GGT1	0.0073915970936940375	No data	No data	No data	No data	0.06079307976116211	No data	No data	gamma-glutamyltransferase 1
PRSS1	0.0073915970936940375	No data	No data	No data	No data	0.06079307976116211	No data	No data	serine protease 1
CES1P1	0.0073915970936940375	No data	No data	No data	No data	0.06079307976116211	No data	No data	carboxylesterase 1 pseudogene 1
SLC4A11	0.0073915970936940375	No data	No data	No data	No data	0.06079307976116211	No data	No data	solute carrier family 4 member 11
CREG1	0.0073915970936940375	No data	No data	No data	No data	0.06079307976116211	No data	No data	cellular repressor of E1A stimulated genes 1
ACSM2B	0.0073915970936940375	No data	No data	No data	No data	0.06079307976116211	No data	No data	acyl-CoA synthetase medium chain family member 2B
SDHAF2	0.0073915970936940375	No data	No data	No data	No data	0.06079307976116211	No data	No data	succinate dehydrogenase complex assembly factor 2
KIR3DL2	0.0073915970936940375	No data	No data	No data	No data	0.06079307976116211	No data	No data	killer cell immunoglobulin like receptor, three Ig domains and long cytoplasmic tail 2
CDH4	0.0073915970936940375	No data	No data	No data	No data	0.06079307976116211	No data	No data	cadherin 4
UBE4A	0.0073915970936940375	No data	No data	No data	No data	0.06079307976116211	No data	No data	ubiquitination factor E4A
SPATA7	0.0073915970936940375	No data	No data	No data	No data	0.06079307976116211	No data	No data	spermatogenesis associated 7
ADAM9	0.0073915970936940375	No data	No data	No data	No data	0.06079307976116211	No data	No data	ADAM metallopeptidase domain 9
NFKBIL1	0.0073915970936940375	No data	No data	No data	No data	0.06079307976116211	No data	No data	NFKB inhibitor like 1
PIAS2	0.0073915970936940375	No data	No data	No data	No data	0.06079307976116211	No data	No data	protein inhibitor of activated STAT 2
RNASET2	0.0073915970936940375	No data	No data	No data	No data	0.06079307976116211	No data	No data	ribonuclease T2
MEF2D	0.0073915970936940375	No data	No data	No data	No data	0.06079307976116211	No data	No data	myocyte enhancer factor 2D
TREX1	0.0073915970936940375	No data	No data	No data	No data	0.06079307976116211	No data	No data	three prime repair exonuclease 1
NR2F2	0.0073915970936940375	No data	No data	No data	No data	0.06079307976116211	No data	No data	nuclear receptor subfamily 2 group F member 2
TGFB1I1	0.0073915970936940375	No data	No data	No data	No data	0.06079307976116211	No data	No data	transforming growth factor beta 1 induced transcript 1
ZNF136	0.0073915970936940375	No data	No data	No data	No data	0.06079307976116211	No data	No data	zinc finger protein 136
CORO2B	0.0073915970936940375	No data	No data	No data	No data	0.06079307976116211	No data	No data	coronin 2B
NMNAT3	0.0073915970936940375	No data	No data	No data	No data	0.06079307976116211	No data	No data	nicotinamide nucleotide adenylyltransferase 3
TNFRSF8	0.0073915970936940375	No data	No data	No data	No data	0.06079307976116211	No data	No data	TNF receptor superfamily member 8
TMBIM4	0.0073915970936940375	No data	No data	No data	No data	0.06079307976116211	No data	No data	transmembrane BAX inhibitor motif containing 4
CES1P1	0.0073915970936940375	No data	No data	No data	No data	0.06079307976116211	No data	No data	carboxylesterase 1 pseudogene 1 
FGF11	0.0073915970936940375	No data	No data	No data	No data	0.06079307976116211	No data	No data	fibroblast growth factor 11
ZNF652	0.0073915970936940375	No data	No data	No data	No data	0.06079307976116211	No data	No data	zinc finger protein 652
SGCD	0.0073915970936940375	No data	No data	No data	No data	0.06079307976116211	No data	No data	sarcoglycan delta
STAT5A	0.0073915970936940375	No data	No data	No data	No data	0.06079307976116211	No data	No data	signal transducer and activator of transcription 5A
CCDC63	0.0073915970936940375	No data	No data	No data	No data	0.06079307976116211	No data	No data	coiled-coil domain containing 63
TCHP	0.0073915970936940375	No data	No data	No data	No data	0.06079307976116211	No data	No data	trichoplein keratin filament binding
FUNDC1	0.0073915970936940375	No data	No data	No data	No data	0.06079307976116211	No data	No data	FUN14 domain containing 1
UHRF1	0.0073915970936940375	No data	No data	No data	No data	0.06079307976116211	No data	No data	ubiquitin like with PHD and ring finger domains 1
AKIRIN2	0.0073915970936940375	No data	No data	No data	No data	0.06079307976116211	No data	No data	akirin 2
AGO2	0.0073915970936940375	No data	No data	No data	No data	0.06079307976116211	No data	No data	argonaute RISC catalytic component 2
FERMT2	0.0073915970936940375	No data	No data	No data	No data	0.06079307976116211	No data	No data	FERM domain containing kindlin 2
MAP4K3	0.0073915970936940375	No data	No data	No data	No data	0.06079307976116211	No data	No data	mitogen-activated protein kinase kinase kinase kinase 3
FOXN1	0.0073915970936940375	No data	No data	No data	No data	0.06079307976116211	No data	No data	forkhead box N1
MFHAS1	0.0073915970936940375	No data	No data	No data	No data	0.06079307976116211	No data	No data	multifunctional ROCO family signaling regulator 1
B3GAT2	0.0073915970936940375	No data	No data	No data	No data	0.06079307976116211	No data	No data	beta-1,3-glucuronyltransferase 2
ALDH3A1	0.0073915970936940375	No data	No data	No data	No data	0.06079307976116211	No data	No data	aldehyde dehydrogenase 3 family member A1
POU2F3	0.0073915970936940375	No data	No data	No data	No data	0.06079307976116211	No data	No data	POU class 2 homeobox 3
SOCS5	0.0073915970936940375	No data	No data	No data	No data	0.06079307976116211	No data	No data	suppressor of cytokine signaling 5
TLE2	0.0073915970936940375	No data	No data	No data	No data	0.06079307976116211	No data	No data	TLE family member 2, transcriptional corepressor
IL21	0.0073915970936940375	No data	No data	No data	No data	0.06079307976116211	No data	No data	interleukin 21
HLA-DRB3	0.0073915970936940375	No data	No data	No data	No data	0.06079307976116211	No data	No data	major histocompatibility complex, class II, DR beta 3 
KDM1A	0.0073915970936940375	No data	No data	No data	No data	0.06079307976116211	No data	No data	lysine demethylase 1A
TLN1	0.007391597093694037	No data	No data	No data	No data	0.060793079761162105	No data	No data	talin 1
KIR2DS2	0.007391597093694037	No data	No data	No data	No data	0.060793079761162105	No data	No data	killer cell immunoglobulin like receptor, two Ig domains and short cytoplasmic tail 2 
ISG15	0.007391597093694037	No data	No data	No data	No data	0.060793079761162105	No data	No data	ISG15 ubiquitin like modifier
ECE1	0.007391597093694037	No data	No data	No data	No data	0.060793079761162105	No data	No data	endothelin converting enzyme 1
BIRC3	0.007388318834379106	No data	No data	No data	No data	0.0547137717850459	0.024209382151571653	No data	baculoviral IAP repeat containing 3
RHCG	0.007377962389996569	No data	No data	No data	No data	0.0547137717850459	0.02386867085932507	No data	Rh family C glycoprotein
ST8SIA4	0.007375369284362401	No data	No data	No data	No data	0.01823792392834863	0.05610013120846174	No data	ST8 alpha-N-acetyl-neuraminide alpha-2,8-sialyltransferase 4
INTS13	0.007358370081961054	No data	No data	No data	No data	No data	0.06051980020480865	No data	integrator complex subunit 13
SLC39A6	0.007356200291394077	No data	No data	No data	No data	No data	0.06050195450118989	No data	solute carrier family 39 member 6
MFSD14B	0.007353583985566797	No data	No data	No data	No data	No data	0.060480436379081605	No data	major facilitator superfamily domain containing 14B
SDHA	0.00734895574071548	No data	No data	No data	No data	No data	0.060442370822364457	No data	succinate dehydrogenase complex flavoprotein subunit A
LMCD1	0.007342208018173628	No data	No data	No data	No data	0.052180726794997474	0.03282458628535105	No data	LIM and cysteine rich domains 1
ESYT2	0.007335568052535977	No data	No data	No data	No data	No data	0.06033226216993149	No data	extended synaptotagmin 2
LBH	0.007330806017599886	No data	No data	No data	No data	No data	0.06029309624056257	No data	LBH regulator of WNT signaling pathway
ARHGEF3	0.007315636843494966	No data	No data	No data	No data	No data	0.0601683355427618	No data	Rho guanine nucleotide exchange factor 3
HNRNPR	0.007314353560345021	No data	No data	No data	No data	No data	0.060157781026071847	No data	heterogeneous nuclear ribonucleoprotein R
THAP6	0.007313515392952733	No data	No data	No data	No data	No data	0.06015088741749353	No data	THAP domain containing 6
U2SURP	0.007306993063832179	No data	No data	No data	No data	No data	0.060097243736780374	No data	U2 snRNP associated SURP domain containing
NTRK1	0.007306375834231707	No data	No data	No data	No data	0.06009216725765728	No data	No data	neurotrophic receptor tyrosine kinase 1
SCP2	0.007302319063925433	No data	No data	No data	No data	No data	0.06005880186210394	No data	sterol carrier protein 2
NAA50	0.0072782945923960335	No data	No data	No data	No data	No data	0.05986120970503784	No data	N-alpha-acetyltransferase 50, NatE catalytic subunit
FOXC2	0.00727674376402778	No data	No data	No data	No data	No data	0.05984845473050499	No data	forkhead box C2
GFM1	0.007268258416445022	No data	No data	No data	No data	No data	0.059778665968230615	No data	G elongation factor mitochondrial 1
CD1D	0.0072499446194228	No data	No data	No data	No data	No data	0.059628041940839906	No data	CD1d molecule
ACTG2	0.007245308986313114	No data	No data	No data	No data	No data	0.05958991561850275	No data	actin gamma 2, smooth muscle
VPS4B	0.007243636071591374	No data	No data	No data	No data	No data	0.05957615653006445	No data	vacuolar protein sorting 4 homolog B
CNIH1	0.0072384322228604345	No data	No data	No data	No data	No data	0.05953335684997434	No data	cornichon family AMPA receptor auxiliary protein 1
AHSP	0.007213654032507152	No data	No data	No data	No data	No data	0.05932956564174285	No data	alpha hemoglobin stabilizing protein
MTMR12	0.0072092051803050415	No data	No data	No data	No data	No data	0.059292975521456216	No data	myotubularin related protein 12
PDXDC2P-NPIPB14P	0.007207287704955817	No data	No data	No data	No data	No data	0.05927720501470811	No data	PDXDC2P-NPIPB14P readthrough, transcribed pseudogene
CACNA1B	0.007206807166351686	No data	No data	No data	No data	0.05927325276713306	No data	No data	calcium voltage-gated channel subunit alpha1 B
PPWD1	0.0072045451989565055	No data	No data	No data	No data	No data	0.05925464894409871	No data	peptidylprolyl isomerase domain and WD repeat containing 1
PLEKHF2	0.007203396853847263	No data	No data	No data	No data	No data	0.05924520424156221	No data	pleckstrin homology and FYVE domain containing 2
LLGL2	0.007198572766372228	No data	No data	No data	No data	No data	0.05920552795361967	No data	LLGL scribble cell polarity complex component 2
PLXNA3	0.007194077193579212	No data	No data	No data	No data	0.05916855357421105	No data	No data	plexin A3
EFNB2	0.007186274952202535	No data	No data	No data	No data	0.05910438310112983	No data	No data	ephrin B2
ADO	0.007186274952202535	No data	No data	No data	No data	0.05910438310112983	No data	No data	2-aminoethanethiol dioxygenase
MOAP1	0.0071831523654321125	No data	No data	No data	No data	No data	0.05907870101048159	No data	modulator of apoptosis 1
MCFD2	0.007179018989088366	No data	No data	No data	No data	No data	0.05904470555935471	No data	multiple coagulation factor deficiency 2, ER cargo receptor complex subunit
HHEX	0.007174082802531675	No data	No data	No data	No data	0.01823792392834863	0.054444626316938555	No data	hematopoietically expressed homeobox
HPCAL1	0.007160026896787273	No data	No data	No data	No data	0.012158615952232422	0.05584884882276251	No data	hippocalcin like 1
SLTM	0.007149080481433151	No data	No data	No data	No data	No data	0.05879847270050931	No data	SAFB like transcription modulator
SREK1IP1	0.007146639161863602	No data	No data	No data	No data	No data	0.05877839377393461	No data	SREK1 interacting protein 1
MROH7	0.007110973741434078	No data	No data	No data	No data	No data	0.05848505923183176	No data	maestro heat like repeat family member 7
BMI1	0.007110103133111576	No data	No data	No data	No data	No data	0.05847789880891914	No data	BMI1 proto-oncogene, polycomb ring finger
ENSG00000270055	0.007098377558386524	No data	No data	No data	No data	No data	0.058381460408601885	No data	novel transcript
IVNS1ABP	0.007091369541663532	No data	No data	No data	No data	No data	0.058323822131757505	No data	influenza virus NS1A binding protein
MTX3	0.007087586290421208	No data	No data	No data	No data	No data	0.0582927063266594	No data	metaxin 3
TRPM6	0.0070868104526720125	No data	No data	No data	No data	0.04639694073438691	0.04668709017213438	No data	transient receptor potential cation channel subfamily M member 6
MPG	0.007083613881456784	No data	No data	No data	No data	0.05826003477111368	No data	No data	N-methylpurine DNA glycosylase
STRA6	0.007073954604108848	No data	No data	No data	No data	No data	0.05818059088222136	No data	signaling receptor and transporter of retinol STRA6
SDE2	0.007070211830940808	No data	No data	No data	No data	No data	0.05814980799391611	No data	SDE2 telomere maintenance homolog
GOLGA8A	0.007063517879127924	No data	No data	No data	No data	No data	0.05809475278171776	No data	golgin A8 family member A
NHERF4	0.007057671270659518	No data	No data	No data	No data	No data	0.0580466666468207	No data	NHERF family PDZ scaffold protein 4
ASF1A	0.00705118594779735	No data	No data	No data	No data	No data	0.05799332732853276	No data	anti-silencing function 1A histone chaperone
ABCG1	0.007022017239009335	No data	No data	No data	No data	0.057753425773104	No data	No data	ATP binding cassette subfamily G member 1
SRXN1	0.007022017239009335	No data	No data	No data	No data	0.057753425773104	No data	No data	sulfiredoxin 1
MAP2K3	0.007022017239009335	No data	No data	No data	No data	0.057753425773104	No data	No data	mitogen-activated protein kinase kinase 3
SIGLEC8	0.007022017239009335	No data	No data	No data	No data	0.057753425773104	No data	No data	sialic acid binding Ig like lectin 8
TNNT1	0.007022017239009335	No data	No data	No data	No data	0.057753425773104	No data	No data	troponin T1, slow skeletal type
IL1R2	0.007022017239009335	No data	No data	No data	No data	0.057753425773104	No data	No data	interleukin 1 receptor type 2
HNRNPK	0.007022017239009335	No data	No data	No data	No data	0.057753425773104	No data	No data	heterogeneous nuclear ribonucleoprotein K
NKRF	0.007022017239009335	No data	No data	No data	No data	0.057753425773104	No data	No data	NFKB repressing factor
DOCK6	0.007022017239009335	No data	No data	No data	No data	0.057753425773104	No data	No data	dedicator of cytokinesis 6
ATAD1	0.00702045384027445	No data	No data	No data	No data	No data	0.05774056741207816	No data	ATPase family AAA domain containing 1
AATK	0.007018376260116504	No data	No data	No data	No data	No data	0.05772348010406458	No data	apoptosis associated tyrosine kinase
UBR4	0.007008189982958235	No data	No data	No data	No data	No data	0.05763970184181592	No data	ubiquitin protein ligase E3 component n-recognin 4
TRAP1	0.006993761724922541	No data	No data	No data	No data	No data	0.057521034897384256	No data	TNF receptor associated protein 1
TM2D1	0.006984619019893659	No data	No data	No data	No data	No data	0.05744583961969145	No data	TM2 domain containing 1
BLTP1	0.006983823194954167	No data	No data	No data	No data	No data	0.05743929426171141	No data	bridge-like lipid transfer protein family member 1
PTER	0.006983170462061691	No data	No data	No data	No data	0.030396539880581056	0.0498347908113457	No data	phosphotriesterase related
CDKN2AIP	0.00696179304713966	No data	No data	No data	No data	No data	0.05725810466002438	No data	CDKN2A interacting protein
RAB11FIP3	0.006957882079781791	No data	No data	No data	No data	No data	0.05722593843836532	No data	RAB11 family interacting protein 3
RBM26	0.006956684530942562	No data	No data	No data	No data	No data	0.057216089053830646	No data	RNA binding motif protein 26
MYO1C	0.006939335302545075	No data	No data	No data	No data	No data	0.057073398237164945	No data	myosin IC
RBM7	0.006939208284591553	No data	No data	No data	No data	No data	0.05707235356272156	No data	RNA binding motif protein 7
THNSL2	0.006911393603054563	No data	No data	No data	No data	No data	0.056843588367355036	No data	threonine synthase like 2
AVL9	0.006907342150273667	No data	No data	No data	No data	No data	0.056810266706429045	No data	AVL9 cell migration associated
TPD52	0.00690454990025767	No data	No data	No data	No data	No data	0.056787301510168496	No data	tumor protein D52
ACBD5	0.006892832473347459	No data	No data	No data	No data	No data	0.056690930122534865	No data	acyl-CoA binding domain containing 5
AUP1	0.0068881218051405485	No data	No data	No data	No data	No data	0.05665218666501127	No data	AUP1 lipid droplet regulating VLDL assembly factor
SLCO1B1	0.00688609398134196	No data	No data	No data	No data	0.05663550858416263	No data	No data	solute carrier organic anion transporter family member 1B1
KIFC3	0.0068844982134926005	No data	No data	No data	No data	No data	0.05662238399945966	No data	kinesin family member C3
AGO4	0.006882053212077889	No data	No data	No data	No data	No data	0.05660227479110636	No data	argonaute RISC component 4
GGT6	0.006880718314798227	No data	No data	No data	No data	No data	0.05659129576779559	No data	gamma-glutamyltransferase 6
ARRDC4	0.0068793371818547935	No data	No data	No data	No data	No data	0.0565799364737044	No data	arrestin domain containing 4
SMIM5	0.006876409965872088	No data	No data	No data	No data	No data	0.05655586123360959	No data	small integral membrane protein 5
KIF2A	0.006870424631075324	No data	No data	No data	No data	No data	0.056506634127331395	No data	kinesin family member 2A
FBN2	0.006865561767192811	No data	No data	No data	No data	0.0564666389181594	No data	No data	fibrillin 2
SLC22A7	0.006863214633502597	No data	No data	No data	No data	0.045594809820871586	0.043410099255246054	No data	solute carrier family 22 member 7
CASP12	0.006850162606580949	No data	No data	No data	No data	0.056339986668656986	No data	No data	caspase 12 (gene/pseudogene)
SPARCL1	0.006845475459690503	No data	No data	No data	No data	No data	0.05630143666503108	No data	SPARC like 1
ZNF140	0.0068440216769689805	No data	No data	No data	No data	No data	0.05628947985409771	No data	zinc finger protein 140
PBX1	0.0068372273116669826	No data	No data	No data	No data	0.056233598779074946	No data	No data	PBX homeobox 1
UGT2B7	0.006829256226040884	No data	No data	No data	No data	No data	0.05616803962614657	No data	UDP glucuronosyltransferase family 2 member B7
RNF138	0.006828913796016088	No data	No data	No data	No data	No data	0.05616522326920148	No data	ring finger protein 138
COMP	0.006816695097517833	No data	No data	No data	No data	0.05606472911307172	No data	No data	cartilage oligomeric matrix protein
SPINK1	0.006815894880076338	No data	No data	No data	No data	0.044074982826842524	0.04503940192171975	No data	serine peptidase inhibitor Kazal type 1
RAC2	0.0068152033532235465	No data	No data	No data	No data	0.05319394479101684	0.011434061166392957	No data	Rac family small GTPase 2
GPR27	0.0068069245661170575	No data	No data	No data	No data	No data	0.05598437020183412	No data	G protein-coupled receptor 27
GCLC	0.0068064289904432584	No data	No data	No data	No data	0.055980294280070106	No data	No data	glutamate-cysteine ligase catalytic subunit
RBL2	0.006804849210829236	No data	No data	No data	No data	No data	0.05596730119253261	No data	RB transcriptional corepressor like 2
IFI27	0.006784586608690088	No data	No data	No data	No data	0.03343619386863916	0.04744160051578949	No data	interferon alpha inducible protein 27
ACSF2	0.006769469801135822	No data	No data	No data	No data	No data	0.05567631898014586	No data	acyl-CoA synthetase family member 2
CEP44	0.006734648206834908	No data	No data	No data	No data	No data	0.055389924587579145	No data	centrosomal protein 44
ARG2	0.006724300133846657	No data	No data	No data	No data	0.05530481561605719	No data	No data	arginase 2
BLVRB	0.006717551834703459	No data	No data	No data	No data	0.04863446380892969	0.026459398435084505	No data	biliverdin reductase B
SS18L1	0.006705793335686783	No data	No data	No data	No data	No data	0.05515260422758516	No data	SS18L1 subunit of BAF chromatin remodeling complex
GADD45G	0.0066935018126229335	No data	No data	No data	No data	0.05505151111705235	No data	No data	growth arrest and DNA damage inducible gamma
VASN	0.006680771839850459	No data	No data	No data	No data	0.05494681192413035	No data	No data	vasorin
C21orf91	0.006676635413258693	No data	No data	No data	No data	No data	0.05491279138587158	No data	chromosome 21 open reading frame 91
AFF4	0.006670033280361339	No data	No data	No data	No data	No data	0.05485849134939298	No data	ALF transcription elongation factor 4
JKAMP	0.00666365453809256	No data	No data	No data	No data	No data	0.054806028616020706	No data	JNK1/MAPK8 associated membrane protein
RASA4	0.006652437384324632	No data	No data	No data	No data	0.0547137717850459	No data	No data	RAS p21 protein activator 4
USP11	0.006652437384324632	No data	No data	No data	No data	0.0547137717850459	No data	No data	ubiquitin specific peptidase 11
SLC9A5	0.006652437384324632	No data	No data	No data	No data	0.0547137717850459	No data	No data	solute carrier family 9 member A5
MUC2	0.006652437384324632	No data	No data	No data	No data	0.0547137717850459	No data	No data	mucin 2, oligomeric mucus/gel-forming
MOB3C	0.006652437384324632	No data	No data	No data	No data	0.0547137717850459	No data	No data	MOB kinase activator 3C
APPBP2	0.006652437384324632	No data	No data	No data	No data	0.0547137717850459	No data	No data	amyloid beta precursor protein binding protein 2
CFAP298	0.006652437384324632	No data	No data	No data	No data	0.0547137717850459	No data	No data	cilia and flagella associated protein 298
PRPH	0.006652437384324632	No data	No data	No data	No data	0.0547137717850459	No data	No data	peripherin
MEN1	0.006652437384324632	No data	No data	No data	No data	0.0547137717850459	No data	No data	menin 1
CDC20	0.006652437384324632	No data	No data	No data	No data	0.0547137717850459	No data	No data	cell division cycle 20
ATMIN	0.006652437384324632	No data	No data	No data	No data	0.0547137717850459	No data	No data	ATM interactor
NUP93	0.006652437384324632	No data	No data	No data	No data	0.0547137717850459	No data	No data	nucleoporin 93
DDR2	0.006652437384324632	No data	No data	No data	No data	0.0547137717850459	No data	No data	discoidin domain receptor tyrosine kinase 2
CTDSPL2	0.006652437384324632	No data	No data	No data	No data	0.0547137717850459	No data	No data	CTD small phosphatase like 2
ENPP3	0.006652437384324632	No data	No data	No data	No data	0.0547137717850459	No data	No data	ectonucleotide pyrophosphatase/phosphodiesterase 3
CYCSP24	0.006652437384324632	No data	No data	No data	No data	0.0547137717850459	No data	No data	CYCS pseudogene 24
FABP5	0.006652437384324632	No data	No data	No data	No data	0.0547137717850459	No data	No data	fatty acid binding protein 5
IGSF22	0.006652437384324632	No data	No data	No data	No data	0.0547137717850459	No data	No data	immunoglobulin superfamily member 22
FPR3	0.006652437384324632	No data	No data	No data	No data	0.0547137717850459	No data	No data	formyl peptide receptor 3
WDR35	0.006652437384324632	No data	No data	No data	No data	0.0547137717850459	No data	No data	WD repeat domain 35
SH3KBP1	0.006652437384324632	No data	No data	No data	No data	0.0547137717850459	No data	No data	SH3 domain containing kinase binding protein 1
TRDV2	0.006652437384324632	No data	No data	No data	No data	0.0547137717850459	No data	No data	T cell receptor delta variable 2
PTPRS	0.006652437384324632	No data	No data	No data	No data	0.0547137717850459	No data	No data	protein tyrosine phosphatase receptor type S
FBXW2	0.006642879029188472	No data	No data	No data	No data	No data	0.05463515794302875	No data	F-box and WD repeat domain containing 2
TPK1	0.006639581966588842	No data	No data	No data	No data	No data	0.054608040854927736	No data	thiamin pyrophosphokinase 1
DIO2	0.0066319051701754835	No data	No data	No data	No data	0.05454490211904267	No data	No data	iodothyronine deiodinase 2
DIAPH1	0.006631905170175482	No data	No data	No data	No data	0.054544902119042664	No data	No data	diaphanous related formin 1
QDPR	0.006631905170175482	No data	No data	No data	No data	0.054544902119042664	No data	No data	quinoid dihydropteridine reductase
ELK3	0.006631612194005962	No data	No data	No data	No data	No data	0.05454249250128131	No data	ETS transcription factor ELK3
C1QB	0.006626137150611701	No data	No data	No data	No data	0.052265161627999095	0.008929202880198208	No data	complement C1q B chain
NACC2	0.006625421962360031	No data	No data	No data	No data	No data	0.05449158019621098	No data	NACC family member 2
CALCRL	0.006621639063100907	No data	No data	No data	No data	0.05446046728604106	No data	No data	calcitonin receptor like receptor
SYNJ1	0.006617773268617452	No data	No data	No data	No data	No data	0.05442867259412346	No data	synaptojanin 1
FOXJ3	0.0066115327561314455	No data	No data	No data	No data	No data	0.054377346748233406	No data	forkhead box J3
TXNL1	0.006611372956026333	No data	No data	No data	No data	0.054376032453039444	No data	No data	thioredoxin like 1
MAFF	0.006601106848951758	No data	No data	No data	No data	0.054291597620037824	No data	No data	MAF bZIP transcription factor F
SRRM2	0.006597005264528241	No data	No data	No data	No data	No data	0.054257863645384534	No data	serine/arginine repetitive matrix 2
PLPP6	0.006593798304134874	No data	No data	No data	No data	No data	0.05423148761372135	No data	phospholipid phosphatase 6
HAGH	0.00659248971886155	No data	No data	No data	No data	No data	0.05422072499667295	No data	hydroxyacylglutathione hydrolase
ITGB2	0.006591488478757817	No data	No data	No data	No data	0.054212490176956084	No data	No data	integrin subunit beta 2
FCRL3	0.006591449580511888	No data	No data	No data	No data	No data	0.05421217025365164	No data	Fc receptor like 3
ABCE1	0.006583268856315561	No data	No data	No data	No data	No data	0.054144886903075666	No data	ATP binding cassette subfamily E member 1
DPAGT1	0.006583243822641996	No data	No data	No data	No data	0.054144681010615016	No data	No data	dolichyl-phosphate N-acetylglucosaminephosphotransferase 1
CDKN2B	0.006578110769104709	No data	No data	No data	No data	0.05410246359411421	No data	No data	cyclin dependent kinase inhibitor 2B
GRHPR	0.006572837271914353	No data	No data	No data	No data	0.03951550184475537	0.04418021562069968	No data	glyoxylate and hydroxypyruvate reductase
ARK2N	0.006572123802832597	No data	No data	No data	No data	No data	0.05405322306957069	No data	arkadia (RNF111) N-terminal like PKA signaling regulator 2N
SRSF2	0.006561940449342348	No data	No data	No data	No data	0.012158615952232422	0.05092981486532337	No data	serine and arginine rich splicing factor 2
ATP5F1B	0.006559459327171263	No data	No data	No data	No data	0.04846559414292646	0.02193387369037737	No data	ATP synthase F1 subunit beta
TPM1	0.0065591309917202465	No data	No data	No data	No data	0.04863446380892969	0.021247593288656646	No data	tropomyosin 1
PIK3R1	0.006539510206504308	No data	No data	No data	No data	0.05378498862202815	No data	No data	phosphoinositide-3-kinase regulatory subunit 1
PEX6	0.00653804471761626	No data	No data	No data	No data	0.012158615952232422	0.05073328154426144	No data	peroxisomal biogenesis factor 6
ACVR2A	0.006537511691102145	No data	No data	No data	No data	0.053768551591612736	No data	No data	activin A receptor type 2A
MIR503HG	0.006531435609363064	No data	No data	No data	No data	No data	0.05371857812618745	No data	MIR503 host gene
NIPSNAP2	0.006525681681639754	No data	No data	No data	No data	No data	0.05367125425523113	No data	nipsnap homolog 2
TMPO	0.006523627616781302	No data	No data	No data	No data	0.01823792392834863	0.049094879369540774	No data	thymopoietin
SAMD11	0.006509964574358105	No data	No data	No data	No data	No data	0.05354198701508309	No data	sterile alpha motif domain containing 11
TSG101	0.006508711885280582	No data	No data	No data	No data	0.053531684123023296	No data	No data	tumor susceptibility 101
TSPAN5	0.006501007107693245	No data	No data	No data	No data	No data	0.05346831525260576	No data	tetraspanin 5
SMIM32	0.006500042428816994	No data	No data	No data	No data	No data	0.053460381135103895	No data	small integral membrane protein 32
MFSD8	0.006498746977185922	No data	No data	No data	No data	No data	0.053449726537276636	No data	major facilitator superfamily domain containing 8
CAAP1	0.006488321323091705	No data	No data	No data	No data	No data	0.053363979490612966	No data	caspase activity and apoptosis inhibitor 1
SLC25A11	0.006475955198067727	No data	No data	No data	No data	No data	0.053262272807281894	No data	solute carrier family 25 member 11
BTNL8	0.006467647456982282	No data	No data	No data	No data	0.05319394479101685	No data	No data	butyrophilin like 8
IL13RA2	0.006467647456982282	No data	No data	No data	No data	0.05319394479101685	No data	No data	interleukin 13 receptor subunit alpha 2
SGMS2	0.006453028779166504	No data	No data	No data	No data	No data	0.053073711716189825	No data	sphingomyelin synthase 2
VPS36	0.0064455479774048795	No data	No data	No data	No data	No data	0.053012184961902874	No data	vacuolar protein sorting 36 homolog
FAH	0.00643938317319481	No data	No data	No data	No data	No data	0.05296148178783857	No data	fumarylacetoacetate hydrolase
UCP3	0.006436849135758557	No data	No data	No data	No data	0.052940640292012	No data	No data	uncoupling protein 3
TSNAX	0.006435240225960912	No data	No data	No data	No data	No data	0.052927407619773936	No data	translin associated factor X
ROBO1	0.006426583028683982	No data	No data	No data	No data	0.05285620545901039	No data	No data	roundabout guidance receptor 1
PSMD13	0.006422439691845957	No data	No data	No data	No data	No data	0.05282212808659972	No data	proteasome 26S subunit, non-ATPase 13
SPATA13	0.006412086077637659	No data	No data	No data	No data	No data	0.052736973540646694	No data	spermatogenesis associated 13
ENSG00000269887	0.006410423906117559	No data	No data	No data	No data	No data	0.052723302810963046	No data	novel transcript, sense intronic to PBX1
ANGEL2	0.006399608649926434	No data	No data	No data	No data	No data	0.052634351434970805	No data	angel homolog 2
REEP3	0.006388174001790858	No data	No data	No data	No data	No data	0.05254030579539718	No data	receptor accessory protein 3
MSANTD4	0.006378696286945004	No data	No data	No data	No data	No data	0.05246235518915147	No data	Myb/SANT DNA binding domain containing 4 with coiled-coils
ANKRA2	0.006368989898526547	No data	No data	No data	No data	No data	0.05238252382959055	No data	ankyrin repeat family A member 2
RAB29	0.006358571216569354	No data	No data	No data	No data	No data	0.052296834126106834	No data	RAB29, member RAS oncogene family
ATG12	0.006354720279161956	No data	No data	No data	No data	0.052265161627999095	No data	No data	autophagy related 12
PUS1	0.006341842551105741	No data	No data	No data	No data	No data	0.05215924720396589	No data	pseudouridine synthase 1
C1QBP	0.006333588441710486	No data	No data	No data	No data	No data	0.052091360287990565	No data	complement C1q binding protein
JOSD1	0.006325170598929593	No data	No data	No data	No data	No data	0.052022126727082285	No data	Josephin domain containing 1
PLEKHJ1	0.006321248289849085	No data	No data	No data	No data	No data	0.051989867224060585	No data	pleckstrin homology domain containing J1
ZNF121	0.006306059083366894	No data	No data	No data	No data	No data	0.051864941767562366	No data	zinc finger protein 121
ST3GAL1	0.006297772839721215	No data	No data	No data	No data	No data	0.05179679055957757	No data	ST3 beta-galactoside alpha-2,3-sialyltransferase 1
PLXNB1	0.006283841847733648	No data	No data	No data	No data	No data	0.051682213439596995	No data	plexin B1
PTPN6	0.006282857529639931	No data	No data	No data	No data	0.051674117796987794	No data	No data	protein tyrosine phosphatase non-receptor type 6
SPMIP8	0.006282857529639931	No data	No data	No data	No data	0.051674117796987794	No data	No data	sperm microtubule inner protein 8
PRKCE	0.006282857529639931	No data	No data	No data	No data	0.051674117796987794	No data	No data	protein kinase C epsilon
TCL1B	0.006282857529639931	No data	No data	No data	No data	0.051674117796987794	No data	No data	TCL1 family AKT coactivator B
PAEP	0.006282857529639931	No data	No data	No data	No data	0.051674117796987794	No data	No data	progestagen associated endometrial protein
TKFC	0.00627964772527361	No data	No data	No data	No data	No data	0.051647718374726814	No data	triokinase and FMN cyclase
EXOC1	0.006278772491118355	No data	No data	No data	No data	No data	0.051640519906096076	No data	exocyst complex component 1
PCYT2	0.006277783535438005	No data	No data	No data	No data	No data	0.05163238612109755	No data	phosphate cytidylyltransferase 2, ethanolamine
TPM3	0.006262325315490781	No data	No data	No data	No data	0.05150524813098457	No data	No data	tropomyosin 3
UBE2E1	0.006260179719425545	No data	No data	No data	No data	No data	0.051487601417956816	No data	ubiquitin conjugating enzyme E2 E1
RFX7	0.0062426790014023775	No data	No data	No data	No data	No data	0.05134366465663528	No data	regulatory factor X7
TNFSF14	0.006239329235643732	No data	No data	No data	No data	0.05131611410506094	No data	No data	TNF superfamily member 14
SLC39A10	0.006230910231933077	No data	No data	No data	No data	No data	0.05124687099594614	No data	solute carrier family 39 member 10
SDHD	0.006227025368010061	No data	No data	No data	No data	No data	0.05121491946512817	No data	succinate dehydrogenase complex subunit D
ARGLU1	0.006218799125296515	No data	No data	No data	No data	No data	0.05114726174202988	No data	arginine and glutamate rich 1
TRNT1	0.006216977353836383	No data	No data	No data	No data	No data	0.05113227836343408	No data	tRNA nucleotidyl transferase 1
ADCYAP1	0.006213663967957295	No data	No data	No data	No data	0.05110502702255692	No data	No data	adenylate cyclase activating polypeptide 1
JMY	0.0062057965826190185	No data	No data	No data	No data	No data	0.05104032076512445	No data	junction mediating and regulatory protein, p53 cofactor
PSAP	0.006204526686201652	No data	No data	No data	No data	No data	0.051029876349227475	No data	prosaposin
SGTB	0.006197225114397697	No data	No data	No data	No data	No data	0.050969823693294926	No data	small glutamine rich tetratricopeptide repeat co-chaperone beta
INSYN1	0.0061914397637138	No data	No data	No data	No data	No data	0.050922241380417975	No data	inhibitory synaptic factor 1
S100A9	0.0061900393509424145	No data	No data	No data	No data	0.05091072351706177	No data	No data	S100 calcium binding protein A9
RAPGEF6	0.00618064242398247	No data	No data	No data	No data	No data	0.050833437360505274	No data	Rap guanine nucleotide exchange factor 6
PRPF8	0.006175017495519772	No data	No data	No data	No data	0.030396539880581056	0.04318803948934563	No data	pre-mRNA processing factor 8
TUBGCP6	0.006171877323950769	No data	No data	No data	No data	No data	0.05076134774055069	No data	tubulin gamma complex associated protein 6
ACADM	0.006162071200413248	No data	No data	No data	No data	No data	0.05068069609750147	No data	acyl-CoA dehydrogenase medium chain
GBP3	0.006157233525041563	No data	No data	No data	No data	0.012158615952232422	0.04760125406620974	No data	guanylate binding protein 3
SYNCRIP	0.006157153112412014	No data	No data	No data	No data	No data	0.0506402466909197	No data	synaptotagmin binding cytoplasmic RNA interacting protein
TMX3	0.006145228236253987	No data	No data	No data	No data	No data	0.0505421691119841	No data	thioredoxin related transmembrane protein 3
S100PBP	0.006142118435798009	No data	No data	No data	No data	No data	0.05051659218391765	No data	S100P binding protein
CD74	0.006126058690296535	No data	No data	No data	No data	0.050384506874499475	No data	No data	CD74 molecule
GASK1B	0.006120926907759934	No data	No data	No data	No data	No data	0.05034229991149676	No data	golgi associated kinase 1B
AMMECR1	0.006110046288501177	No data	No data	No data	No data	No data	0.05025281094908934	No data	AMMECR nuclear protein 1
MICAL1	0.006106644840010392	No data	No data	No data	No data	0.04255515583281348	0.030678717975407273	No data	microtubule associated monooxygenase, calponin and LIM domain containing 1
PPARGC1B	0.006098067602297579	No data	No data	No data	No data	0.05015429080295874	No data	No data	PPARG coactivator 1 beta
MAN1A1	0.006076997408048527	No data	No data	No data	No data	No data	0.0499809964548863	No data	mannosidase alpha class 1A member 1
ARID4B	0.006076719865209155	No data	No data	No data	No data	No data	0.049978713770405914	No data	AT-rich interaction domain 4B
ENSG00000282408	0.006074247765773686	No data	No data	No data	No data	No data	0.049958381691120074	No data	novel transcript, antisense to AIM1
MAP3K7	0.00607056533774072	No data	No data	No data	No data	0.03647584785669726	0.04080913315446552	No data	mitogen-activated protein kinase kinase kinase 7
ZNF639	0.0060703415787434645	No data	No data	No data	No data	No data	0.049926254785840986	No data	zinc finger protein 639
LINC00482	0.006061350280225205	No data	No data	No data	No data	No data	0.04985230476921422	No data	long intergenic non-protein coding RNA 482
PROZ	0.00603954323710723	No data	No data	No data	No data	No data	0.049672950118951	No data	protein Z, vitamin K dependent plasma glycoprotein
SP7	0.006038511610521688	No data	No data	No data	No data	0.04966446538195794	No data	No data	Sp7 transcription factor
PREB	0.006033918822128673	No data	No data	No data	No data	No data	0.04962669144114874	No data	prolactin regulatory element binding
IBSP	0.006029580097366807	No data	No data	No data	No data	0.04959100707724655	No data	No data	integrin binding sialoprotein
C1orf52	0.0060147741830587735	No data	No data	No data	No data	No data	0.04946923405335795	No data	chromosome 1 open reading frame 52
ENSG00000262580	0.006005893894806521	No data	No data	No data	No data	No data	0.04939619705402234	No data	novel transcript, antisense to CARD14
EFR3A	0.0059858936784354545	No data	No data	No data	No data	No data	0.049231702867762635	No data	EFR3 homolog A
SAA1	0.005982676558779355	No data	No data	No data	No data	0.04920524328002059	No data	No data	serum amyloid A1
PRPF4B	0.005978919588025628	No data	No data	No data	No data	No data	0.0491743436219634	No data	pre-mRNA processing factor 4B
POLR2M	0.005974074491638246	No data	No data	No data	No data	No data	0.04913449454369317	No data	RNA polymerase II subunit M
KIF12	0.00597103025656394	No data	No data	No data	No data	No data	0.04910945686599805	No data	kinesin family member 12
MASP1	0.0059646082103281045	No data	No data	No data	No data	0.04905663797393776	No data	No data	MBL associated serine protease 1
UBE2G1	0.005955580048752088	No data	No data	No data	No data	No data	0.04898238477265659	No data	ubiquitin conjugating enzyme E2 G1
HADHA	0.005951564418425323	No data	No data	No data	No data	No data	0.04894935773781527	No data	hydroxyacyl-CoA dehydrogenase trifunctional multienzyme complex subunit alpha
DCXR	0.005944630960835558	No data	No data	No data	No data	0.01823792392834863	0.044332851699447	No data	dicarbonyl and L-xylulose reductase
F3	0.0059391065950968455	No data	No data	No data	No data	0.04884689687074438	No data	No data	coagulation factor III, tissue factor
ARFIP1	0.005934220248821099	No data	No data	No data	No data	No data	0.048806708527803506	No data	ADP ribosylation factor interacting protein 1
ITGA2	0.005926212969869194	No data	No data	No data	No data	0.048740851698511715	No data	No data	integrin subunit alpha 2
MDFIC	0.005925561364135854	No data	No data	No data	No data	No data	0.04873549248874722	No data	MyoD family inhibitor domain containing
DPY19L3	0.005921759999988206	No data	No data	No data	No data	No data	0.048704227711879676	No data	dpy-19 like C-mannosyltransferase 3
CCDC43	0.005913277674955229	No data	No data	No data	No data	0.04863446380892969	No data	No data	coiled-coil domain containing 43
ITPA	0.005913277674955229	No data	No data	No data	No data	0.04863446380892969	No data	No data	inosine triphosphatase
DAXX	0.005913277674955229	No data	No data	No data	No data	0.04863446380892969	No data	No data	death domain associated protein
PDX1	0.005913277674955229	No data	No data	No data	No data	0.04863446380892969	No data	No data	pancreatic and duodenal homeobox 1
EDEM3	0.005913277674955229	No data	No data	No data	No data	0.04863446380892969	No data	No data	ER degradation enhancing alpha-mannosidase like protein 3
SLC16A10	0.005913277674955229	No data	No data	No data	No data	0.04863446380892969	No data	No data	solute carrier family 16 member 10
SULT1E1	0.005913277674955229	No data	No data	No data	No data	0.04863446380892969	No data	No data	sulfotransferase family 1E member 1
POLDIP2	0.005913277674955229	No data	No data	No data	No data	0.04863446380892969	No data	No data	DNA polymerase delta interacting protein 2
RARA	0.005913277674955229	No data	No data	No data	No data	0.04863446380892969	No data	No data	retinoic acid receptor alpha
HRG	0.005913277674955229	No data	No data	No data	No data	0.04863446380892969	No data	No data	histidine rich glycoprotein
LEF1	0.005913277674955229	No data	No data	No data	No data	0.04863446380892969	No data	No data	lymphoid enhancer binding factor 1
BTG2	0.005913277674955229	No data	No data	No data	No data	0.04863446380892969	No data	No data	BTG anti-proliferation factor 2
STIM2	0.005913277674955229	No data	No data	No data	No data	0.04863446380892969	No data	No data	stromal interaction molecule 2
MRAS	0.005913277674955229	No data	No data	No data	No data	0.04863446380892969	No data	No data	muscle RAS oncogene homolog
STAMBP	0.005913277674955229	No data	No data	No data	No data	0.04863446380892969	No data	No data	STAM binding protein
CFHR3	0.005913277674955229	No data	No data	No data	No data	0.04863446380892969	No data	No data	complement factor H related 3
PEX19	0.005913277674955229	No data	No data	No data	No data	0.04863446380892969	No data	No data	peroxisomal biogenesis factor 19
CCDC171	0.005913277674955229	No data	No data	No data	No data	0.04863446380892969	No data	No data	coiled-coil domain containing 171
ITGA5	0.005913277674955229	No data	No data	No data	No data	0.04863446380892969	No data	No data	integrin subunit alpha 5
STEAP4	0.005913277674955229	No data	No data	No data	No data	0.04863446380892969	No data	No data	STEAP4 metalloreductase
TLE4	0.005913277674955229	No data	No data	No data	No data	0.04863446380892969	No data	No data	TLE family member 4, transcriptional corepressor
GDI1	0.005913277674955229	No data	No data	No data	No data	0.04863446380892969	No data	No data	GDP dissociation inhibitor 1
DCLK1	0.005913277674955229	No data	No data	No data	No data	0.04863446380892969	No data	No data	doublecortin like kinase 1
ASH2L	0.005913277674955229	No data	No data	No data	No data	0.04863446380892969	No data	No data	ASH2 like, histone lysine methyltransferase complex subunit
UBQLN2	0.005912079693491825	No data	No data	No data	No data	No data	0.04862461086622542	No data	ubiquilin 2
TMOD1	0.0059092377693872634	No data	No data	No data	No data	0.04103532883878443	0.030263633122646225	No data	tropomodulin 1
ABO	0.00590814462141794	No data	No data	No data	No data	0.04859224639242887	No data	No data	ABO, alpha 1-3-N-acetylgalactosaminyltransferase and alpha 1-3-galactosyltransferase
GCDH	0.005906235543217236	No data	No data	No data	No data	No data	0.048576544949039235	No data	glutaryl-CoA dehydrogenase
ETNK2	0.005901084420218563	No data	No data	No data	No data	No data	0.048534178918078874	No data	ethanolamine kinase 2
IFNA2	0.00589274546080608	No data	No data	No data	No data	0.04846559414292646	No data	No data	interferon alpha 2
MRPS7	0.00589274546080608	No data	No data	No data	No data	0.04846559414292646	No data	No data	mitochondrial ribosomal protein S7
RFK	0.005883835203304476	No data	No data	No data	No data	No data	0.04839231065789323	No data	riboflavin kinase
FAM174A	0.005873501461812113	No data	No data	No data	No data	No data	0.04830731955748376	No data	family with sequence similarity 174 member A
CTSZ	0.005866514534172463	No data	No data	No data	No data	0.030396539880581056	0.0406507197601978	No data	cathepsin Z
MORF4L2	0.005863768147466254	No data	No data	No data	No data	No data	0.04822726674239281	No data	mortality factor 4 like 2
MRTFA	0.0058594832738844554	No data	No data	No data	No data	0.048192025284001225	No data	No data	myocardin related transcription factor A
PTOV1	0.005857700748746242	No data	No data	No data	No data	No data	0.04817736469150273	No data	PTOV1 extended AT-hook containing adaptor protein
UBE2V2	0.005840722594438489	No data	No data	No data	No data	No data	0.048037725818341065	No data	ubiquitin conjugating enzyme E2 V2
TCFL5	0.005839809288366964	No data	No data	No data	No data	No data	0.048030214222653585	No data	transcription factor like 5
SPTLC1	0.005839745385342175	No data	No data	No data	No data	No data	0.048029688644536474	No data	serine palmitoyltransferase long chain base subunit 1
AK3	0.00583782555338879	No data	No data	No data	No data	No data	0.048013898755613856	No data	adenylate kinase 3
PPP1R15B	0.005828206266086276	No data	No data	No data	No data	No data	0.04793478376966228	No data	protein phosphatase 1 regulatory subunit 15B
RAP1B	0.005826015764821341	No data	No data	No data	No data	0.047916767728415965	No data	No data	RAP1B, member of RAS oncogene family
CHP2	0.005824661767190193	No data	No data	No data	No data	No data	0.047905631611965975	No data	calcineurin like EF-hand protein 2
SPG11	0.00582202299878189	No data	No data	No data	No data	No data	0.04788392874365704	No data	SPG11 vesicle trafficking associated, spatacsin
IFI16	0.005813283293722186	No data	No data	No data	No data	0.039346632178752144	0.033861663235813536	No data	interferon gamma inducible protein 16
RBM3	0.005812398179775909	No data	No data	No data	No data	No data	0.04780476826154465	No data	RNA binding motif protein 3
OCA2	0.005803019684974292	No data	No data	No data	No data	0.04772763370249234	No data	No data	OCA2 melanosomal transmembrane protein
AIM2	0.005802060351022947	No data	No data	No data	No data	0.047719743544968544	No data	No data	absent in melanoma 2
KCNMA1	0.005800350497134903	No data	No data	No data	No data	0.04770568064591193	No data	No data	potassium calcium-activated channel subfamily M alpha 1
PPP1CB	0.005800350497134903	No data	No data	No data	No data	0.04770568064591193	No data	No data	protein phosphatase 1 catalytic subunit beta
FAM76B	0.005797407517779875	No data	No data	No data	No data	No data	0.04768147575806457	No data	family with sequence similarity 76 member B
LINC00839	0.005797024213632487	No data	No data	No data	No data	No data	0.04767832322697967	No data	long intergenic non-protein coding RNA 839
ABI1	0.00579229449212381	No data	No data	No data	No data	No data	0.047639423063282935	No data	abl interactor 1
C6orf120	0.005788785713547216	No data	No data	No data	No data	No data	0.04761056469165266	No data	chromosome 6 open reading frame 120
RAP2C	0.005787907671793735	No data	No data	No data	No data	No data	0.04760334313159244	No data	RAP2C, member of RAS oncogene family
PTGES	0.005779818282985754	No data	No data	No data	No data	0.0475368109799087	No data	No data	prostaglandin E synthase
MOXD1	0.005779121067248992	No data	No data	No data	No data	0.041457503003792494	0.024294294565560457	No data	monooxygenase DBH like 1
YTHDC1	0.005777888661636997	No data	No data	No data	No data	No data	0.04752094057692586	No data	YTH N6-methyladenosine RNA binding protein C1
TOR1AIP1	0.005770330148370424	No data	No data	No data	No data	No data	0.047458774675015074	No data	torsin 1A interacting protein 1
ATP8A1	0.005757027307242234	No data	No data	No data	No data	No data	0.047349363857365656	No data	ATPase phospholipid transporting 8A1
SLC25A24	0.005750702894502245	No data	No data	No data	No data	No data	0.04729734796374063	No data	solute carrier family 25 member 24
MYOF	0.005750122824304464	No data	No data	No data	No data	No data	0.04729257710659653	No data	myoferlin
PKHD1	0.0057438869082247395	No data	No data	No data	No data	0.04724128906440305	No data	No data	PKHD1 ciliary IPT domain containing fibrocystin/polyductin
PDZD7	0.005740809570507454	No data	No data	No data	No data	No data	0.04721597913003736	No data	PDZ domain containing 7
FPR2	0.005739537893045907	No data	No data	No data	No data	No data	0.04720552006572821	No data	formyl peptide receptor 2
FGFBP2	0.005732860283280929	No data	No data	No data	No data	No data	0.047150599260669376	No data	fibroblast growth factor binding protein 2
FPR1	0.005728487747612879	No data	No data	No data	No data	0.04711463681490064	No data	No data	formyl peptide receptor 1
NFASC	0.005728487747612879	No data	No data	No data	No data	0.04711463681490064	No data	No data	neurofascin
PTPRO	0.005728487747612879	No data	No data	No data	No data	0.04711463681490064	No data	No data	protein tyrosine phosphatase receptor type O
MSN	0.005728487747612879	No data	No data	No data	No data	0.04711463681490064	No data	No data	moesin
RTCA	0.005716945913663169	No data	No data	No data	No data	No data	0.047019709612700536	No data	RNA 3'-terminal phosphate cyclase
HNMT	0.005715757774840405	No data	No data	No data	No data	0.04700993762197863	No data	No data	histamine N-methyltransferase
SLC4A1	0.0057092309031956025	No data	No data	No data	No data	0.039346632178752144	0.0304384976079041	No data	solute carrier family 4 member 1 (Diego blood group)
STIM1	0.005707955533463729	No data	No data	No data	No data	0.046945767148897415	No data	No data	stromal interaction molecule 1
RXRA	0.005707955533463728	No data	No data	No data	No data	0.0469457671488974	No data	No data	retinoid X receptor alpha
HERC4	0.005700246617340555	No data	No data	No data	No data	No data	0.046882364240593874	No data	HECT and RLD domain containing E3 ubiquitin protein ligase 4
ATP6V1C1	0.005699194747217267	No data	No data	No data	No data	No data	0.04687371300818862	No data	ATPase H+ transporting V1 subunit C1
ZMAT1	0.005689606933500361	No data	No data	No data	No data	No data	0.046794856880529256	No data	zinc finger matrin-type 1
NFATC3	0.005687423319314578	No data	No data	No data	No data	0.046776897482894174	No data	No data	nuclear factor of activated T cells 3
CCNB1	0.005687423319314578	No data	No data	No data	No data	0.046776897482894174	No data	No data	cyclin B1
FUT6	0.005685204529369115	No data	No data	No data	No data	No data	0.046758648777990755	No data	fucosyltransferase 6
IGHD	0.005671431034234506	No data	No data	No data	No data	No data	0.04664536700982963	No data	immunoglobulin heavy constant delta
TMEM65	0.005666267847335447	No data	No data	No data	No data	No data	0.04660290175786886	No data	transmembrane protein 65
HNRNPH3	0.0056625248108397265	No data	No data	No data	No data	No data	0.046572116703793416	No data	heterogeneous nuclear ribonucleoprotein H3
KHDC4	0.005651875375454193	No data	No data	No data	No data	No data	0.046484529140970704	No data	KH domain containing 4, pre-mRNA splicing factor
TMEM128	0.005650871437844337	No data	No data	No data	No data	No data	0.046476272135290125	No data	transmembrane protein 128
FUS	0.005648965638121261	No data	No data	No data	No data	0.04255515583281348	0.015621767293283066	No data	FUS RNA binding protein
MMAA	0.0056412258374789895	No data	No data	No data	No data	0.04639694073438691	No data	No data	metabolism of cobalamin associated A
HNRNPH2	0.00563980718528229	No data	No data	No data	No data	No data	0.04638527285868235	No data	heterogeneous nuclear ribonucleoprotein H2
PHF3	0.005635342476506478	No data	No data	No data	No data	No data	0.04634855232409724	No data	PHD finger protein 3
VWCE	0.005627641731874223	No data	No data	No data	No data	No data	0.04628521662320407	No data	von Willebrand factor C and EGF domains
HSPH1	0.005625000924126492	No data	No data	No data	No data	No data	0.0462634969821026	No data	heat shock protein family H (Hsp110) member 1
GMPR	0.005621612096022915	No data	No data	No data	No data	No data	0.046235625157571826	No data	guanosine monophosphate reductase
GGCX	0.0056182297576319404	No data	No data	No data	No data	0.046207806708463285	No data	No data	gamma-glutamyl carboxylase
H3P40	0.005615560569792552	No data	No data	No data	No data	0.04618585365188288	No data	No data	H3 histone pseudogene 40
HK1	0.005615560569792552	No data	No data	No data	No data	0.04618585365188288	No data	No data	hexokinase 1
PIGK	0.005605887065976455	No data	No data	No data	No data	No data	0.046106292755691225	No data	phosphatidylinositol glycan anchor biosynthesis class K
CCNE1	0.005605294462717976	No data	No data	No data	No data	0.04610141881888126	No data	No data	cyclin E1
ZEB2	0.005605294462717976	No data	No data	No data	No data	0.04610141881888126	No data	No data	zinc finger E-box binding homeobox 2
G3BP2	0.005605022395011186	No data	No data	No data	No data	0.03706689168770857	0.03612915791031628	No data	G3BP stress granule assembly factor 2
ARL6IP6	0.005575422714097139	No data	No data	No data	No data	No data	0.045855735027747514	No data	ADP ribosylation factor like GTPase 6 interacting protein 6
ACOT7	0.005575015750669345	No data	No data	No data	No data	No data	0.04585238790806388	No data	acyl-CoA thioesterase 7
ADNP	0.00557097874318659	No data	No data	No data	No data	No data	0.04581918505423072	No data	activity dependent neuroprotector homeobox
RNF141	0.005569676365617465	No data	No data	No data	No data	No data	0.04580847349319252	No data	ring finger protein 141
CDKAL1	0.0055483388255977255	No data	No data	No data	No data	0.02279740491043579	0.03993362910004919	No data	CDK5 regulatory subunit associated protein 1 like 1
IGKV5-2	0.005543697820270528	No data	No data	No data	No data	0.045594809820871586	No data	No data	immunoglobulin kappa variable 5-2
HRAS	0.005543697820270528	No data	No data	No data	No data	0.045594809820871586	No data	No data	HRas proto-oncogene, GTPase
PROCR	0.005543697820270528	No data	No data	No data	No data	0.045594809820871586	No data	No data	protein C receptor
GAP43	0.005543697820270526	No data	No data	No data	No data	0.04559480982087158	No data	No data	growth associated protein 43
ATP10D	0.005539911836428065	No data	No data	No data	No data	No data	0.04556367154117481	No data	ATPase phospholipid transporting 10D (putative)
LIPE	0.005523165606121377	No data	No data	No data	No data	0.04542594015486835	No data	No data	lipase E, hormone sensitive type
HLA-S	0.005523165606121377	No data	No data	No data	No data	0.04542594015486835	No data	No data	major histocompatibility complex, class I, S (pseudogene)
RAMP3	0.0055161648912677545	No data	No data	No data	No data	0.03647584785669727	0.03557005630572002	No data	receptor activity modifying protein 3
STXBP3	0.005511038120614859	No data	No data	No data	No data	No data	0.0453261961909652	No data	syntaxin binding protein 3
THRSP	0.005504664541467078	No data	No data	No data	No data	No data	0.04527377592230287	No data	thyroid hormone responsive
SERPINH1	0.005489903419199753	No data	No data	No data	No data	0.045152371295943114	No data	No data	serpin family H member 1
HDLBP	0.00548485908821217	No data	No data	No data	No data	No data	0.04511088358872874	No data	high density lipoprotein binding protein
GPAA1	0.00545745830046246	No data	No data	No data	No data	No data	0.044885522512621394	No data	glycosylphosphatidylinositol anchor attachment 1
MRFAP1L1	0.005453261654986206	No data	No data	No data	No data	No data	0.044851006696900744	No data	Morf4 family associated protein 1 like 1
SLC3A2	0.005449021166503898	No data	No data	No data	No data	0.037995674850726316	0.027281821753498664	No data	solute carrier family 3 member 2
ITGB1	0.005436874840631741	No data	No data	No data	No data	0.037553236325797865	0.028651980178182462	No data	integrin subunit beta 1
S1PR2	0.005428306776752304	No data	No data	No data	No data	0.04464576229793344	No data	No data	sphingosine-1-phosphate receptor 2
PHB1	0.005427901857717197	No data	No data	No data	No data	0.029954101355652598	0.03715390665369033	No data	prohibitin 1
TMEM123	0.005421963934223869	No data	No data	No data	No data	No data	0.0445935948262956	No data	transmembrane protein 123
TRPC5	0.005414303201444569	No data	No data	No data	No data	0.04453058820770187	No data	No data	transient receptor potential cation channel subfamily C member 5
PPP1R12C	0.005410459713439465	No data	No data	No data	No data	No data	0.04449897697809972	No data	protein phosphatase 1 regulatory subunit 12C
WNK2	0.0054103326450887935	No data	No data	No data	No data	0.04449793188915892	No data	No data	WNK lysine deficient protein kinase 2
RAB17	0.005404719091945612	No data	No data	No data	No data	No data	0.044451762545828756	No data	RAB17, member RAS oncogene family
PKDCC	0.005402257204174085	No data	No data	No data	No data	No data	0.04443151445360182	No data	protein kinase domain containing, cytoplasmic
OAT	0.005400882996155654	No data	No data	No data	No data	0.04442021211438961	No data	No data	ornithine aminotransferase
CRNKL1	0.005396010899851729	No data	No data	No data	No data	No data	0.04438014097205675	No data	crooked neck pre-mRNA splicing factor 1
SLC25A39	0.005385542924737006	No data	No data	No data	No data	No data	0.04429404585106725	No data	solute carrier family 25 member 39
INTS11	0.005384578607866003	No data	No data	No data	No data	No data	0.04428611471092111	No data	integrator complex subunit 11
EPS15	0.00538419473256132	No data	No data	No data	No data	No data	0.04428295748228431	No data	epidermal growth factor receptor pathway substrate 15
SLC22A11	0.005374725329127526	No data	No data	No data	No data	No data	0.04420507523424722	No data	solute carrier family 22 member 11
STARD3NL	0.005372332150702744	No data	No data	No data	No data	No data	0.044185392250310686	No data	STARD3 N-terminal like
IKZF5	0.005366281063420294	No data	No data	No data	No data	No data	0.044135624354801666	No data	IKAROS family zinc finger 5
BACH1	0.005360919863194089	No data	No data	No data	No data	No data	0.04409153051840395	No data	BTB domain and CNC homolog 1
UOX	0.005358907892928176	No data	No data	No data	No data	0.044074982826842524	No data	No data	urate oxidase (pseudogene)
FCN1	0.005358907892928176	No data	No data	No data	No data	0.044074982826842524	No data	No data	ficolin 1
CCNA2	0.005358907892928176	No data	No data	No data	No data	0.044074982826842524	No data	No data	cyclin A2
BRAF	0.005358907892928176	No data	No data	No data	No data	0.044074982826842524	No data	No data	B-Raf proto-oncogene, serine/threonine kinase
HPN	0.005350803443669258	No data	No data	No data	No data	No data	0.04400832680866778	No data	hepsin
NADSYN1	0.0053477972238523104	No data	No data	No data	No data	0.03647584785669726	0.030031015741336403	No data	NAD synthetase 1
MCTP2	0.005338375678779025	No data	No data	No data	No data	0.0439061131608393	No data	No data	multiple C2 and transmembrane domain containing 2
CPP	0.005338375678779025	No data	No data	No data	No data	0.0439061131608393	No data	No data	ceruloplasmin pseudogene
SPAG5	0.005338375678779025	No data	No data	No data	No data	0.0439061131608393	No data	No data	sperm associated antigen 5
C4B	0.005328109571704451	No data	No data	No data	No data	0.04382167832783768	No data	No data	complement C4B (Chido blood group)
RCOR1	0.0053219300766401915	No data	No data	No data	No data	No data	0.04377085432707529	No data	REST corepressor 1
ZNF654	0.005321362878604023	No data	No data	No data	No data	No data	0.04376618933857334	No data	zinc finger protein 654
RAX2	0.005305344346059862	No data	No data	No data	No data	No data	0.04363444299008193	No data	retina and anterior neural fold homeobox 2
FAM91A1	0.005302743030858402	No data	No data	No data	No data	No data	0.04361304816017957	No data	family with sequence similarity 91 member A1
ENGASE	0.005297088991735551	No data	No data	No data	No data	No data	0.04356654583503776	No data	endo-beta-N-acetylglucosaminidase
CERS4	0.005295664724989946	No data	No data	No data	No data	No data	0.04355483178180012	No data	ceramide synthase 4
PSMD2	0.005295664724989946	No data	No data	No data	No data	No data	0.04355483178180012	No data	proteasome 26S subunit ubiquitin receptor, non-ATPase 2
FNIP1	0.005294327963441388	No data	No data	No data	No data	0.024317231904464845	0.03746452944946927	No data	folliculin interacting protein 1
BAP1	0.005291470138131181	No data	No data	No data	No data	No data	0.04352033289742673	No data	BRCA1 associated protein 1
BDP1	0.00528985472291781	No data	No data	No data	No data	No data	0.043507046720614194	No data	B double prime 1, subunit of RNA polymerase III transcription initiation factor IIIB
MIA2	0.005288002814040786	No data	No data	No data	No data	No data	0.0434918154732066	No data	MIA SH3 domain ER export factor 2
LAMC2	0.005275395826486535	No data	No data	No data	No data	No data	0.043388127787011226	No data	laminin subunit gamma 2
PHEX	0.005274315170633677	No data	No data	No data	No data	0.043379239802909225	No data	No data	phosphate regulating endopeptidase X-linked
BTBD1	0.005272233007428089	No data	No data	No data	No data	No data	0.043362114801068816	No data	BTB domain containing 1
SLC25A42	0.005266174028586123	No data	No data	No data	No data	No data	0.04331228200047894	No data	solute carrier family 25 member 42
RNF144B	0.00526114102390024	No data	No data	No data	No data	No data	0.04327088744779583	No data	ring finger protein 144B
SOSTDC1	0.005257240226430557	No data	No data	No data	No data	0.037742370351721476	0.021985738071537878	No data	sclerostin domain containing 1
ITGA7	0.005251643577895908	No data	No data	No data	No data	No data	0.04319277456026285	No data	integrin subunit alpha 7
EIF4G1	0.005249628922186872	No data	No data	No data	No data	No data	0.043176204781951326	No data	eukaryotic translation initiation factor 4 gamma 1
SLC35B3	0.00524412691026164	No data	No data	No data	No data	No data	0.04313095282279046	No data	solute carrier family 35 member B3
PIK3CA	0.005240918330217347	No data	No data	No data	No data	0.01823792392834863	0.038545082488026156	No data	phosphatidylinositol-4,5-bisphosphate 3-kinase catalytic subunit alpha
CISD2	0.005238120506596	No data	No data	No data	No data	No data	0.04308155243306487	No data	CDGSH iron sulfur domain 2
MYOM2	0.0052357146080332755	No data	No data	No data	No data	0.043061764830823156	No data	No data	myomesin 2
F11R	0.0052357146080332755	No data	No data	No data	No data	0.043061764830823156	No data	No data	F11 receptor
PROS1	0.005233010884317855	No data	No data	No data	No data	0.043039527729774464	No data	No data	protein S
D2HGDH	0.0052305253781858374	No data	No data	No data	No data	No data	0.04301908538549957	No data	D-2-hydroxyglutarate dehydrogenase
RNF146	0.005225068667106568	No data	No data	No data	No data	No data	0.04297420600859757	No data	ring finger protein 146
CACNA1E	0.005220123379703762	No data	No data	No data	No data	No data	0.042933532897264544	No data	calcium voltage-gated channel subunit alpha1 E
ENSG00000271533	0.005213977538656428	No data	No data	No data	No data	No data	0.0428829856880141	No data	novel transcript, sense intronic FTX
TXN2	0.005208686008203	No data	No data	No data	No data	0.012158615952232422	0.03979981087098815	No data	thioredoxin 2
AFF1	0.005204987586203985	No data	No data	No data	No data	0.03647584785669726	0.025332795542281444	No data	ALF transcription elongation factor 1
UGT2B28	0.005200333838760187	No data	No data	No data	No data	No data	0.04277077143640977	No data	UDP glucuronosyltransferase family 2 member B28
SARDH	0.005196034775392491	No data	No data	No data	No data	No data	0.04273541327241656	No data	sarcosine dehydrogenase
REL	0.005193501274186014	No data	No data	No data	No data	No data	0.0427145761868763	No data	REL proto-oncogene, NF-kB subunit
SLC35E4	0.0051899729257362595	No data	No data	No data	No data	No data	0.042685556860469286	No data	solute carrier family 35 member E4
CD151	0.0051874952453824005	No data	No data	No data	No data	0.03706689168770857	0.022393148770159993	No data	CD151 molecule (Raph blood group)
MUC20-OT1	0.005184849522234001	No data	No data	No data	No data	No data	0.042643418811842804	No data	MUC20 overlapping transcript
SLCO1B3	0.0051741179655858255	No data	No data	No data	No data	0.04255515583281348	No data	No data	solute carrier organic anion transporter family member 1B3
NEU2	0.0051741179655858255	No data	No data	No data	No data	0.04255515583281348	No data	No data	neuraminidase 2
NEU4	0.0051741179655858255	No data	No data	No data	No data	0.04255515583281348	No data	No data	neuraminidase 4
EXOC3	0.0051741179655858255	No data	No data	No data	No data	0.04255515583281348	No data	No data	exocyst complex component 3
OR10H2	0.0051741179655858255	No data	No data	No data	No data	0.04255515583281348	No data	No data	olfactory receptor family 10 subfamily H member 2
UQCRQ	0.0051741179655858255	No data	No data	No data	No data	0.04255515583281348	No data	No data	ubiquinol-cytochrome c reductase complex III subunit VII
CAMK2G	0.0051741179655858255	No data	No data	No data	No data	0.04255515583281348	No data	No data	calcium/calmodulin dependent protein kinase II gamma
GLYAT	0.0051741179655858255	No data	No data	No data	No data	0.04255515583281348	No data	No data	glycine-N-acyltransferase
NME7	0.0051741179655858255	No data	No data	No data	No data	0.04255515583281348	No data	No data	NME/NM23 family member 7
HMGN4	0.0051741179655858255	No data	No data	No data	No data	0.04255515583281348	No data	No data	high mobility group nucleosomal binding domain 4
HMGA1	0.0051741179655858255	No data	No data	No data	No data	0.04255515583281348	No data	No data	high mobility group AT-hook 1
NDST2	0.0051741179655858255	No data	No data	No data	No data	0.04255515583281348	No data	No data	N-deacetylase and N-sulfotransferase 2
SNX25	0.0051741179655858255	No data	No data	No data	No data	0.04255515583281348	No data	No data	sorting nexin 25
RASGRP1	0.0051741179655858255	No data	No data	No data	No data	0.04255515583281348	No data	No data	RAS guanyl releasing protein 1
POMGNT1	0.0051741179655858255	No data	No data	No data	No data	0.04255515583281348	No data	No data	protein O-linked mannose N-acetylglucosaminyltransferase 1 (beta 1,2-)
TRPM2	0.0051741179655858255	No data	No data	No data	No data	0.04255515583281348	No data	No data	transient receptor potential cation channel subfamily M member 2
HLA-DRB6	0.0051741179655858255	No data	No data	No data	No data	0.04255515583281348	No data	No data	major histocompatibility complex, class II, DR beta 6 (pseudogene) 
OR52E4	0.0051741179655858255	No data	No data	No data	No data	0.04255515583281348	No data	No data	olfactory receptor family 52 subfamily E member 4
AMOT	0.0051741179655858255	No data	No data	No data	No data	0.04255515583281348	No data	No data	angiomotin
STS	0.0051741179655858255	No data	No data	No data	No data	0.04255515583281348	No data	No data	steroid sulfatase
CCL3L3	0.0051741179655858255	No data	No data	No data	No data	0.04255515583281348	No data	No data	C-C motif chemokine ligand 3 like 3
GLS	0.0051741179655858255	No data	No data	No data	No data	0.04255515583281348	No data	No data	glutaminase
MCF2L2	0.0051741179655858255	No data	No data	No data	No data	0.04255515583281348	No data	No data	MCF.2 cell line derived transforming sequence-like 2
HLA-DRB6	0.0051741179655858255	No data	No data	No data	No data	0.04255515583281348	No data	No data	major histocompatibility complex, class II, DR beta 6 (pseudogene)
COX17	0.0051741179655858255	No data	No data	No data	No data	0.04255515583281348	No data	No data	cytochrome c oxidase copper chaperone COX17
COX7B	0.0051741179655858255	No data	No data	No data	No data	0.04255515583281348	No data	No data	cytochrome c oxidase subunit 7B
NCR3	0.0051741179655858255	No data	No data	No data	No data	0.04255515583281348	No data	No data	natural cytotoxicity triggering receptor 3
ATP6V1G3	0.0051741179655858255	No data	No data	No data	No data	0.04255515583281348	No data	No data	ATPase H+ transporting V1 subunit G3
COX6A2	0.0051741179655858255	No data	No data	No data	No data	0.04255515583281348	No data	No data	cytochrome c oxidase subunit 6A2
CCL25	0.0051741179655858255	No data	No data	No data	No data	0.04255515583281348	No data	No data	C-C motif chemokine ligand 25
CHAF1B	0.0051741179655858255	No data	No data	No data	No data	0.04255515583281348	No data	No data	chromatin assembly factor 1 subunit B
GAL	0.0051741179655858255	No data	No data	No data	No data	0.04255515583281348	No data	No data	galanin and GMAP prepropeptide
SF3B3	0.0051741179655858255	No data	No data	No data	No data	0.04255515583281348	No data	No data	splicing factor 3b subunit 3
GRB2	0.0051741179655858255	No data	No data	No data	No data	0.04255515583281348	No data	No data	growth factor receptor bound protein 2
GCLM	0.0051741179655858255	No data	No data	No data	No data	0.04255515583281348	No data	No data	glutamate-cysteine ligase modifier subunit
PZP	0.0051741179655858255	No data	No data	No data	No data	0.04255515583281348	No data	No data	PZP alpha-2-macroglobulin like
RSU1	0.0051741179655858255	No data	No data	No data	No data	0.04255515583281348	No data	No data	Ras suppressor protein 1
STK36	0.0051741179655858255	No data	No data	No data	No data	0.04255515583281348	No data	No data	serine/threonine kinase 36
DOCK4	0.0051741179655858255	No data	No data	No data	No data	0.04255515583281348	No data	No data	dedicator of cytokinesis 4
AACS	0.0051741179655858255	No data	No data	No data	No data	0.04255515583281348	No data	No data	acetoacetyl-CoA synthetase
PPM1A	0.0051741179655858255	No data	No data	No data	No data	0.04255515583281348	No data	No data	protein phosphatase, Mg2+/Mn2+ dependent 1A
C4BPA	0.0051741179655858255	No data	No data	No data	No data	0.04255515583281348	No data	No data	complement component 4 binding protein alpha
NEFH	0.0051741179655858255	No data	No data	No data	No data	0.04255515583281348	No data	No data	neurofilament heavy chain
MPV17L	0.0051741179655858255	No data	No data	No data	No data	0.04255515583281348	No data	No data	MPV17 mitochondrial inner membrane protein like
NR4A3	0.0051741179655858255	No data	No data	No data	No data	0.04255515583281348	No data	No data	nuclear receptor subfamily 4 group A member 3
PSG2	0.0051741179655858255	No data	No data	No data	No data	0.04255515583281348	No data	No data	pregnancy specific beta-1-glycoprotein 2
MT1A	0.0051741179655858255	No data	No data	No data	No data	0.04255515583281348	No data	No data	metallothionein 1A
IGLC4	0.005174117965585825	No data	No data	No data	No data	0.04255515583281347	No data	No data	immunoglobulin lambda constant 4 (pseudogene)
BPGM	0.005174117965585825	No data	No data	No data	No data	0.04255515583281347	No data	No data	bisphosphoglycerate mutase
MCL1	0.005174117965585825	No data	No data	No data	No data	0.04255515583281347	No data	No data	MCL1 apoptosis regulator, BCL2 family member
CARMN	0.005171807416203822	No data	No data	No data	No data	No data	0.04253615244138241	No data	cardiac mesoderm enhancer-associated non-coding RNA
SRSF11	0.0051681177483581964	No data	No data	No data	No data	No data	0.04250580632419175	No data	serine and arginine rich splicing factor 11
DICER1-AS1	0.00515609823956751	No data	No data	No data	No data	No data	0.04240695042778128	No data	DICER1 antisense RNA 1
PTPN11	0.005156010589321795	No data	No data	No data	No data	0.03630697819069404	0.024397005388376056	No data	protein tyrosine phosphatase non-receptor type 11
SULF1	0.0051535857514366755	No data	No data	No data	No data	0.04238628616681025	No data	No data	sulfatase 1
PTPRD	0.0051535857514366755	No data	No data	No data	No data	0.04238628616681025	No data	No data	protein tyrosine phosphatase receptor type D
AGPS	0.0051535857514366755	No data	No data	No data	No data	0.04238628616681025	No data	No data	alkylglycerone phosphate synthase
TGM4	0.0051535857514366755	No data	No data	No data	No data	0.04238628616681025	No data	No data	transglutaminase 4
BCLAF1	0.005153091249266684	No data	No data	No data	No data	No data	0.04238221907420749	No data	BCL2 associated transcription factor 1
CYP19A1	0.005145988832201489	No data	No data	No data	No data	0.042323804390389054	No data	No data	cytochrome P450 family 19 subfamily A member 1
LCORL	0.005145629894482533	No data	No data	No data	No data	No data	0.042320852263926914	No data	ligand dependent nuclear receptor corepressor like
BZW1	0.005141932035294022	No data	No data	No data	No data	No data	0.042290438776050994	No data	basic leucine zipper and W2 domains 1
TAC1	0.005140855778664202	No data	No data	No data	No data	0.042281586973888244	No data	No data	tachykinin precursor 1
ZBTB11	0.005137307004099242	No data	No data	No data	No data	No data	0.04225239965043875	No data	zinc finger and BTB domain containing 11
ATOSA	0.005137010139711807	No data	No data	No data	No data	No data	0.04224995805356127	No data	atos homolog A
PHC3	0.005132600187106474	No data	No data	No data	No data	0.030396539880581056	0.034614552897544025	No data	polyhomeotic homolog 3
ZNF664	0.005128424289329517	No data	No data	No data	No data	No data	0.042179342693918195	No data	zinc finger protein 664
PRKAR1A	0.0051268484215036885	No data	No data	No data	No data	No data	0.042166381779353404	No data	protein kinase cAMP-dependent type I regulatory subunit alpha
FHL2	0.005120323564515051	No data	No data	No data	No data	0.04211271730788502	No data	No data	four and a half LIM domains 2
SNRK	0.005113566121892314	No data	No data	No data	No data	No data	0.042057139907880896	No data	SNF related kinase
MYO5A	0.005110701800380084	No data	No data	No data	No data	No data	0.042033581950926886	No data	myosin VA
TC2N	0.005103625528837291	No data	No data	No data	No data	No data	0.04197538230410365	No data	tandem C2 domains, nuclear
SPAST	0.005102218044070969	No data	No data	No data	No data	No data	0.04196380627627406	No data	spastin
PDS5A	0.005089197878829843	No data	No data	No data	No data	No data	0.04185672036047347	No data	PDS5 cohesin associated factor A
TCN2	0.005086295261363164	No data	No data	No data	No data	0.012158615952232422	0.03879319344577566	No data	transcobalamin 2
DIPK2A	0.005075241479965485	No data	No data	No data	No data	No data	0.041741934278577406	No data	divergent protein kinase domain 2A
ACADS	0.005073281233073658	No data	No data	No data	No data	No data	0.04172581199213026	No data	acyl-CoA dehydrogenase short chain
SOS2	0.005072652596033476	No data	No data	No data	No data	No data	0.041720641691146566	No data	SOS Ras/Rho guanine nucleotide exchange factor 2
CEBPA	0.005063859975604889	No data	No data	No data	No data	0.04164832572637613	No data	No data	CCAAT enhancer binding protein alpha
RAB11FIP5	0.005062373728724109	No data	No data	No data	No data	No data	0.0416361019100584	No data	RAB11 family interacting protein 5
FOXP1	0.0050611907877655	No data	No data	No data	No data	0.04162637266979572	No data	No data	forkhead box P1
GSTK1	0.0050589465850672186	No data	No data	No data	No data	No data	0.041607914954648724	No data	glutathione S-transferase kappa 1
CDC37	0.0050546688125326636	No data	No data	No data	No data	No data	0.04157273189967469	No data	cell division cycle 37, HSP90 cochaperone
GBA2	0.00504851284669574	No data	No data	No data	No data	No data	0.0415221014178739	No data	glucosylceramidase beta 2
ZMYM2	0.005047002193662896	No data	No data	No data	No data	No data	0.041509676870221605	No data	zinc finger MYM-type containing 2
SLPI	0.005045965071847862	No data	No data	No data	No data	No data	0.041501146937052334	No data	secretory leukocyte peptidase inhibitor
STT3B	0.005044204208698834	No data	No data	No data	No data	No data	0.041486664506190575	No data	STT3 oligosaccharyltransferase complex catalytic subunit B
NEIL1	0.005041257550602893	No data	No data	No data	No data	No data	0.04146242936209592	No data	nei like DNA glycosylase 1
ANXA3	0.005034173403365634	No data	No data	No data	No data	0.01823792392834863	0.036844683958588656	No data	annexin A3
KRT88P	0.005032433117213333	No data	No data	No data	No data	0.04138985174779977	No data	No data	keratin 88, pseudogene
CTRL	0.005030392466541775	No data	No data	No data	No data	0.04137306817079087	No data	No data	chymotrypsin like
ZNF788P	0.005030392466541775	No data	No data	No data	No data	0.04137306817079087	No data	No data	zinc finger family member 788, pseudogene
EMP1	0.005023068676378669	No data	No data	No data	No data	No data	0.04131283277728985	No data	epithelial membrane protein 1
PIK3C2A	0.005017662493769301	No data	No data	No data	No data	0.04126836897786887	No data	No data	phosphatidylinositol-4-phosphate 3-kinase catalytic subunit type 2 alpha
INE1	0.005013628352634135	No data	No data	No data	No data	0.030396539880581056	0.03363605472851111	No data	inactivation escape 1
RBM38	0.005011750033066274	No data	No data	No data	No data	No data	0.04121974123334389	No data	RNA binding motif protein 38
TRIM58	0.004990711438898763	No data	No data	No data	No data	No data	0.041046706783944654	No data	tripartite motif containing 58
MUC7	0.004989328038243475	No data	No data	No data	No data	0.04103532883878443	No data	No data	mucin 7, secreted
EIF4EBP1	0.004989328038243475	No data	No data	No data	No data	0.04103532883878443	No data	No data	eukaryotic translation initiation factor 4E binding protein 1
SLC38A7	0.004989328038243475	No data	No data	No data	No data	0.04103532883878443	No data	No data	solute carrier family 38 member 7
TPR	0.004989328038243475	No data	No data	No data	No data	0.04103532883878443	No data	No data	translocated promoter region, nuclear basket protein
HEXA	0.004989328038243475	No data	No data	No data	No data	0.04103532883878443	No data	No data	hexosaminidase subunit alpha
KHSRP	0.004989328038243475	No data	No data	No data	No data	0.04103532883878443	No data	No data	KH-type splicing regulatory protein
ARG1	0.004989328038243475	No data	No data	No data	No data	0.04103532883878443	No data	No data	arginase 1
JPH3	0.004989328038243475	No data	No data	No data	No data	0.04103532883878443	No data	No data	junctophilin 3
SLC35A2	0.004989328038243475	No data	No data	No data	No data	0.04103532883878443	No data	No data	solute carrier family 35 member A2
FASN	0.004989328038243475	No data	No data	No data	No data	0.04103532883878443	No data	No data	fatty acid synthase
OXCT1	0.004989328038243475	No data	No data	No data	No data	0.04103532883878443	No data	No data	3-oxoacid CoA-transferase 1
KRCC1	0.0049870456916020845	No data	No data	No data	No data	No data	0.04101655740418728	No data	lysine rich coiled-coil 1
SLC39A5	0.0049864328925635845	No data	No data	No data	No data	No data	0.04101151736475429	No data	solute carrier family 39 member 5
C2CD5	0.0049853175351628285	No data	No data	No data	No data	No data	0.041002343973595805	No data	C2 calcium dependent domain containing 5
HDAC3	0.004979870648991511	No data	No data	No data	No data	0.04095754540283152	No data	No data	histone deacetylase 3
SMG1	0.004978250287231494	No data	No data	No data	No data	No data	0.040944218542550856	No data	SMG1 nonsense mediated mRNA decay associated PI3K related kinase
LIG4	0.004968795824094324	No data	No data	No data	No data	0.04086645917278119	No data	No data	DNA ligase 4
LBP	0.004968795824094324	No data	No data	No data	No data	0.04086645917278119	No data	No data	lipopolysaccharide binding protein
CCL14	0.004968795824094324	No data	No data	No data	No data	0.04086645917278119	No data	No data	C-C motif chemokine ligand 14
CCNT2	0.004966822105518282	No data	No data	No data	No data	0.021277577916406734	0.03553083160774442	No data	cyclin T2
RAI2	0.0049657522072139885	No data	No data	No data	No data	No data	0.040841426579496784	No data	retinoic acid induced 2
ZBTB41	0.004965494088170617	No data	No data	No data	No data	No data	0.04083930364836395	No data	zinc finger and BTB domain containing 41
DSE	0.004953840038241312	No data	No data	No data	No data	No data	0.04074345351233622	No data	dermatan sulfate epimerase
BAG6	0.004952807778028646	No data	No data	No data	No data	No data	0.04073496356400063	No data	BAG cochaperone 6
IL17F	0.004948263609945174	No data	No data	No data	No data	0.040697589506777966	No data	No data	interleukin 17F
RELB	0.004948263609945174	No data	No data	No data	No data	0.040697589506777966	No data	No data	RELB proto-oncogene, NF-kB subunit
RAMP2	0.004948263609945174	No data	No data	No data	No data	0.040697589506777966	No data	No data	receptor activity modifying protein 2
TMEM30A	0.004943791947310151	No data	No data	No data	No data	No data	0.04066081177934097	No data	transmembrane protein 30A
KLRF1	0.004942681257325464	No data	No data	No data	No data	No data	0.0406516767759076	No data	killer cell lectin like receptor F1
ZNF514	0.004940706392816313	No data	No data	No data	No data	No data	0.040635434265107774	No data	zinc finger protein 514
ENSG00000280306	0.004938207906057934	No data	No data	No data	No data	No data	0.04061488516010935	No data	
SERINC1	0.00493052020152369	No data	No data	No data	No data	No data	0.04055165670907144	No data	serine incorporator 1
HSD17B14	0.004930098032048911	No data	No data	No data	No data	0.024317231904464845	0.03446887654930837	No data	hydroxysteroid 17-beta dehydrogenase 14
CTBS	0.004928298136062319	No data	No data	No data	No data	No data	0.04053338106429328	No data	chitobiase
SERPINA5	0.0049262246496785235	No data	No data	No data	No data	No data	0.04051632742601783	No data	serpin family A member 5
CIT	0.004921735155107973	No data	No data	No data	No data	No data	0.04047940303768129	No data	citron rho-interacting serine/threonine kinase
ZNF146	0.004921692640778087	No data	No data	No data	No data	No data	0.0404790533734592	No data	zinc finger protein 146
ARRDC3	0.004890965626206552	No data	No data	No data	No data	No data	0.04022633534459595	No data	arrestin domain containing 3
PRPF6	0.004883460896217298	No data	No data	No data	No data	No data	0.04016461178972146	No data	pre-mRNA processing factor 6
FGA	0.00487640086042315	No data	No data	No data	No data	0.04010654567576667	No data	No data	fibrinogen alpha chain
SNX10	0.004875940008874828	No data	No data	No data	No data	No data	0.040102755346751166	No data	sorting nexin 10
CYB561A3	0.004871513367810953	No data	No data	No data	No data	No data	0.04006634790464372	No data	cytochrome b561 family member A3
CDH3	0.004866134753348573	No data	No data	No data	No data	0.04002211084276505	No data	No data	cadherin 3
DLG4	0.004866134753348573	No data	No data	No data	No data	0.04002211084276505	No data	No data	discs large MAGUK scaffold protein 4
CA1	0.004864180684215518	No data	No data	No data	No data	No data	0.04000603936603831	No data	carbonic anhydrase 1
UGT2B17	0.004859986014456266	No data	No data	No data	No data	No data	0.0399715397998399	No data	UDP glucuronosyltransferase family 2 member B17
POLDIP3	0.004852421662224182	No data	No data	No data	No data	No data	0.03990932587465466	No data	DNA polymerase delta interacting protein 3
IMPA1	0.004849446243493234	No data	No data	No data	No data	No data	0.03988485418525647	No data	inositol monophosphatase 1
CDK10	0.004842263844508992	No data	No data	No data	No data	No data	0.039825781680520235	No data	cyclin dependent kinase 10
CNPPD1	0.004839682309758101	No data	No data	No data	No data	No data	0.03980454953731387	No data	cyclin Pas1/PHO80 domain containing 1
HMGN3	0.004839426566551546	No data	No data	No data	No data	No data	0.03980244614653683	No data	high mobility group nucleosomal binding domain 3
CEBPB	0.004832872566426951	No data	No data	No data	No data	0.03974854198383983	No data	No data	CCAAT enhancer binding protein beta
SELENOO	0.004828173084903058	No data	No data	No data	No data	No data	0.03970989053253685	No data	selenoprotein O
ID2	0.004804538110901123	No data	No data	No data	No data	0.03951550184475537	No data	No data	inhibitor of DNA binding 2
CA9	0.004804538110901123	No data	No data	No data	No data	0.03951550184475537	No data	No data	carbonic anhydrase 9
TRPM7	0.004804538110901123	No data	No data	No data	No data	0.03951550184475537	No data	No data	transient receptor potential cation channel subfamily M member 7
SULF2	0.004804538110901123	No data	No data	No data	No data	0.03951550184475537	No data	No data	sulfatase 2
MEMO1	0.004804538110901123	No data	No data	No data	No data	0.03951550184475537	No data	No data	mediator of cell motility 1
CSTB	0.004804538110901123	No data	No data	No data	No data	0.03951550184475537	No data	No data	cystatin B
FTHL17	0.004802993403765471	No data	No data	No data	No data	No data	0.03950279721503665	No data	ferritin heavy chain like 17
SLC23A3	0.004795534744939569	No data	No data	No data	No data	No data	0.039441452577989096	No data	solute carrier family 23 member 3
ITSN2	0.004794433312412494	No data	No data	No data	No data	0.01823792392834863	0.03487291273154269	No data	intersectin 2
ATF2	0.004792064990703	No data	No data	No data	No data	No data	0.03941291516673933	No data	activating transcription factor 2
RAP1A	0.004778985452340887	No data	No data	No data	No data	No data	0.03930534092956054	No data	RAP1A, member of RAS oncogene family
PCK2	0.004773739789677399	No data	No data	No data	No data	0.03926219734575053	No data	No data	phosphoenolpyruvate carboxykinase 2, mitochondrial
NPR1	0.004763563746602689	No data	No data	No data	No data	0.02262853524443256	0.03352136944384547	No data	natriuretic peptide receptor 1
UBA3	0.0047597990078343064	No data	No data	No data	No data	No data	0.03914753970792512	No data	ubiquitin like modifier activating enzyme 3
GNB2	0.004755284805428718	No data	No data	No data	No data	No data	0.03911041210702612	No data	G protein subunit beta 2
OGFRL1	0.004751795531921727	No data	No data	No data	No data	No data	0.03908171415718792	No data	opioid growth factor receptor like 1
MGAM	0.00475074370983035	No data	No data	No data	No data	0.039073063319826906	No data	No data	maltase-glucoamylase
GRINA	0.0047429437877316806	No data	No data	No data	No data	No data	0.039008911921926744	No data	glutamate ionotropic receptor NMDA type subunit associated protein 1
ATG16L2	0.004736325445345564	No data	No data	No data	No data	No data	0.038954478568557264	No data	autophagy related 16 like 2
AP1M1	0.004717630355722076	No data	No data	No data	No data	No data	0.0388007185542848	No data	adaptor related protein complex 1 subunit mu 1
RCAN3	0.00471587587756602	No data	No data	No data	No data	No data	0.03878628863756607	No data	RCAN family member 3
AGL	0.0047133770459738605	No data	No data	No data	No data	No data	0.038765736696440733	No data	amylo-alpha-1, 6-glucosidase, 4-alpha-glucanotransferase
PVALB	0.004696851899228113	No data	No data	No data	No data	No data	0.0386298236384852	No data	parvalbumin
DMTF1	0.004696354977926765	No data	No data	No data	No data	No data	0.03862573664944549	No data	cyclin D binding myb like transcription factor 1
RTKN	0.004692265028007495	No data	No data	No data	No data	No data	0.03859209836417241	No data	rhotekin
CD36	0.004691610933080798	No data	No data	No data	No data	0.03858671868173762	No data	No data	CD36 molecule
DUS1L	0.0046743533078743345	No data	No data	No data	No data	No data	0.03844478126653951	No data	dihydrouridine synthase 1 like
RNF168	0.0046715586335669855	No data	No data	No data	No data	No data	0.038421796131403	No data	ring finger protein 168
NPHP3	0.00466662726499312	No data	No data	No data	No data	No data	0.03838123749715352	No data	nephrocystin 3
AMPD2	0.004662993168732123	No data	No data	No data	No data	No data	0.03835134843514783	No data	adenosine monophosphate deaminase 2
SERPING1	0.004662277582665536	No data	No data	No data	No data	0.03495602086266821	0.013557768595061123	No data	serpin family G member 1
ACO1	0.004629727573350523	No data	No data	No data	No data	0.03495602086266821	0.012486922721060572	No data	aconitase 1
USH1C	0.0046287589177230505	No data	No data	No data	No data	No data	0.03806978471816253	No data	USH1 protein network component harmonin
TELO2	0.004625650950157761	No data	No data	No data	No data	No data	0.03804422286492611	No data	telomere maintenance 2
ACAP2	0.004620473131520774	No data	No data	No data	No data	No data	0.038001637272476047	No data	ArfGAP with coiled-coil, ankyrin repeat and PH domains 2
COL8A2	0.004619748183558772	No data	No data	No data	No data	0.037995674850726316	No data	No data	collagen type VIII alpha 2 chain
NFATC4	0.004619748183558772	No data	No data	No data	No data	0.037995674850726316	No data	No data	nuclear factor of activated T cells 4
IFI6	0.004619748183558772	No data	No data	No data	No data	0.037995674850726316	No data	No data	interferon alpha inducible protein 6
IGF2BP1	0.004619748183558772	No data	No data	No data	No data	0.037995674850726316	No data	No data	insulin like growth factor 2 mRNA binding protein 1
ACSL3	0.004619748183558772	No data	No data	No data	No data	0.037995674850726316	No data	No data	acyl-CoA synthetase long chain family member 3
DNM1	0.004619748183558772	No data	No data	No data	No data	0.037995674850726316	No data	No data	dynamin 1
CTSA	0.004619748183558772	No data	No data	No data	No data	0.037995674850726316	No data	No data	cathepsin A
SMG6	0.004619748183558772	No data	No data	No data	No data	0.037995674850726316	No data	No data	SMG6 nonsense mediated mRNA decay factor
IFNAR1	0.004619748183558772	No data	No data	No data	No data	0.037995674850726316	No data	No data	interferon alpha and beta receptor subunit 1
PDHA1	0.004619748183558772	No data	No data	No data	No data	0.037995674850726316	No data	No data	pyruvate dehydrogenase E1 subunit alpha 1
SOS1	0.004619748183558772	No data	No data	No data	No data	0.037995674850726316	No data	No data	SOS Ras/Rac guanine nucleotide exchange factor 1
SH3GL2	0.004619748183558772	No data	No data	No data	No data	0.037995674850726316	No data	No data	SH3 domain containing GRB2 like 2, endophilin A1
WDR13	0.004619240372333396	No data	No data	No data	No data	No data	0.037991498296196	No data	WD repeat domain 13
TDG	0.004611993168647301	No data	No data	No data	No data	No data	0.03793189279739114	No data	thymine DNA glycosylase
MAGED2	0.004600873736265899	No data	No data	No data	No data	No data	0.03784043968771907	No data	MAGE family member D2
PRDX4	0.004599215969409622	No data	No data	No data	No data	0.03782680518472309	No data	No data	peroxiredoxin 4
PYCARD	0.004599215969409622	No data	No data	No data	No data	0.03782680518472309	No data	No data	PYD and CARD domain containing
BLTP3B	0.004593220204737805	No data	No data	No data	No data	No data	0.03777749229668244	No data	bridge-like lipid transfer protein family member 3B
DHRS4	0.004591170787103956	No data	No data	No data	No data	0.012158615952232422	0.03472098262667911	No data	dehydrogenase/reductase 4
LAMTOR1	0.004587206722504838	No data	No data	No data	No data	No data	0.037728033688428066	No data	late endosomal/lysosomal adaptor, MAPK and MTOR activator 1
NUAK1	0.004584728076078647	No data	No data	No data	No data	0.030396539880581056	0.029244431528192588	No data	NUAK family kinase 1
GPC3	0.004565953782488	No data	No data	No data	No data	0.037553236325797865	No data	No data	glypican 3
FAM215A	0.004565953782488	No data	No data	No data	No data	0.037553236325797865	No data	No data	family with sequence similarity 215 member A
CD177	0.004565953782488	No data	No data	No data	No data	0.037553236325797865	No data	No data	CD177 molecule
TRAK2	0.0045605744806624165	No data	No data	No data	No data	No data	0.037508993610617804	No data	trafficking kinesin protein 2
PFDN6	0.004558663506270952	No data	No data	No data	No data	No data	0.037493276571779074	No data	prefoldin subunit 6
ZNF12	0.004556453049470036	No data	No data	No data	No data	No data	0.03747509640382574	No data	zinc finger protein 12
A2M-AS1	0.004555825366975992	No data	No data	No data	No data	No data	0.03746993395362162	No data	A2M antisense RNA 1
RAP1GAP	0.004555553725670068	No data	No data	No data	No data	No data	0.03746769980701324	No data	RAP1 GTPase activating protein
TEX264	0.004554995115066449	No data	No data	No data	No data	No data	0.037463105446883645	No data	testis expressed 264, ER-phagy receptor
RAB1A	0.004546343080748097	No data	No data	No data	No data	No data	0.03739194574949421	No data	RAB1A, member RAS oncogene family
C2CD4A	0.004537661088624055	No data	No data	No data	No data	No data	0.037320539660526925	No data	C2 calcium dependent domain containing 4A
HNF1A-AS1	0.004531861060513983	No data	No data	No data	No data	No data	0.037272836631392206	No data	HNF1A antisense RNA 1
WDR45	0.00452198169148068	No data	No data	No data	No data	No data	0.03719158257194896	No data	WD repeat domain 45
SERPINB6	0.004519072378014743	No data	No data	No data	No data	No data	0.0371676545732576	No data	serpin family B member 6
MAPKAPK2	0.004516580109825366	No data	No data	No data	No data	No data	0.03714715661362825	No data	MAPK activated protein kinase 2
SLC66A2	0.004515904306631894	No data	No data	No data	No data	No data	0.037141598388941106	No data	solute carrier family 66 member 2
TTC38	0.004514710594034061	No data	No data	No data	No data	No data	0.037131780556035436	No data	tetratricopeptide repeat domain 38
TMED5	0.00451456983050571	No data	No data	No data	No data	No data	0.0371306228294578	No data	transmembrane p24 trafficking protein 5
TENM2	0.004506821005738447	No data	No data	No data	No data	0.03706689168770857	No data	No data	teneurin transmembrane protein 2
CHAC1	0.004506821005738447	No data	No data	No data	No data	0.03706689168770857	No data	No data	ChaC glutathione specific gamma-glutamylcyclotransferase 1
ITGAX	0.004506821005738447	No data	No data	No data	No data	0.03706689168770857	No data	No data	integrin subunit alpha X
PYY	0.004506821005738447	No data	No data	No data	No data	0.03706689168770857	No data	No data	peptide YY
IGHV3-69-1	0.004506821005738447	No data	No data	No data	No data	0.03706689168770857	No data	No data	immunoglobulin heavy variable 3-69-1 (pseudogene)
TRPC3	0.004506821005738447	No data	No data	No data	No data	0.03706689168770857	No data	No data	transient receptor potential cation channel subfamily C member 3
TSKU	0.004504202730324789	No data	No data	No data	No data	No data	0.037045357366500095	No data	tsukushi, small leucine rich proteoglycan
MOB2	0.004503449616515861	No data	No data	No data	No data	No data	0.037039163291353	No data	MOB kinase activator 2
MUC20	0.00450331248776215	No data	No data	No data	No data	No data	0.03703803545941678	No data	mucin 20, cell surface associated
SMARCA5	0.004502549299347219	No data	No data	No data	No data	No data	0.037031758524460286	No data	SWI/SNF related, matrix associated, actin dependent regulator of chromatin, subfamily a, member 5
CDK17	0.004499138029737781	No data	No data	No data	No data	No data	0.03700370212706409	No data	cyclin dependent kinase 17
TIMM44	0.004497709557893471	No data	No data	No data	No data	0.021277577916406734	0.031672559009384434	No data	translocase of inner mitochondrial membrane 44
BID	0.004496554898663872	No data	No data	No data	No data	0.03698245685470695	No data	No data	BH3 interacting domain death agonist
IER3IP1	0.004489583435671665	No data	No data	No data	No data	No data	0.036925119218420094	No data	immediate early response 3 interacting protein 1
RORA	0.004479861480347771	No data	No data	No data	No data	0.021277577916406734	0.031525765347870494	No data	RAR related orphan receptor A
ZNF644	0.004471599425829606	No data	No data	No data	No data	No data	0.0367772075653774	No data	zinc finger protein 644
RXRB	0.004468214920541351	No data	No data	No data	No data	No data	0.03674937129436143	No data	retinoid X receptor beta
NPLOC4	0.004463891603414499	No data	No data	No data	No data	No data	0.036713813652407466	No data	NPL4 homolog, ubiquitin recognition factor
PLEKHA1	0.004462966128558404	No data	No data	No data	No data	0.030396539880581056	0.025238648370023622	No data	pleckstrin homology domain containing A1
THAP12	0.004462037371845939	No data	No data	No data	No data	No data	0.036698563301743835	No data	THAP domain containing 12
SCAP	0.004460538840153686	No data	No data	No data	No data	No data	0.036686238447515854	No data	SREBF chaperone
TM2D3	0.0044483041841691115	No data	No data	No data	No data	No data	0.03658561304711961	No data	TM2 domain containing 3
KPNA5	0.004447667951937147	No data	No data	No data	No data	No data	0.03658038027856714	No data	karyopherin subunit alpha 5
NIT1	0.004438149196965162	No data	No data	No data	No data	No data	0.03650209213286552	No data	nitrilase 1
RNASE2	0.004434958256216422	No data	No data	No data	No data	0.03647584785669727	No data	No data	ribonuclease A family member 2
NPC1	0.004434958256216422	No data	No data	No data	No data	0.03647584785669727	No data	No data	NPC intracellular cholesterol transporter 1
ISLR	0.004434958256216422	No data	No data	No data	No data	0.03647584785669727	No data	No data	immunoglobulin superfamily containing leucine rich repeat
ITGB5	0.004434958256216422	No data	No data	No data	No data	0.03647584785669727	No data	No data	integrin subunit beta 5
TNFSF9	0.004434958256216422	No data	No data	No data	No data	0.03647584785669727	No data	No data	TNF superfamily member 9
ANO9	0.0044349582562164215	No data	No data	No data	No data	0.03647584785669726	No data	No data	anoctamin 9
AXIN2	0.0044349582562164215	No data	No data	No data	No data	0.03647584785669726	No data	No data	axin 2
TPSAB1	0.0044349582562164215	No data	No data	No data	No data	0.03647584785669726	No data	No data	tryptase alpha/beta 1
SLC7A2	0.0044349582562164215	No data	No data	No data	No data	0.03647584785669726	No data	No data	solute carrier family 7 member 2
FBLN7	0.0044349582562164215	No data	No data	No data	No data	0.03647584785669726	No data	No data	fibulin 7
CYLD	0.0044349582562164215	No data	No data	No data	No data	0.03647584785669726	No data	No data	CYLD lysine 63 deubiquitinase
OTUD7B	0.0044349582562164215	No data	No data	No data	No data	0.03647584785669726	No data	No data	OTU deubiquitinase 7B
SAV1	0.0044349582562164215	No data	No data	No data	No data	0.03647584785669726	No data	No data	salvador family WW domain containing protein 1
RPTOR	0.0044349582562164215	No data	No data	No data	No data	0.03647584785669726	No data	No data	regulatory associated protein of MTOR complex 1
MYB	0.0044349582562164215	No data	No data	No data	No data	0.03647584785669726	No data	No data	MYB proto-oncogene, transcription factor
HILPDA	0.0044349582562164215	No data	No data	No data	No data	0.03647584785669726	No data	No data	hypoxia inducible lipid droplet associated
ZSCAN26	0.0044349582562164215	No data	No data	No data	No data	0.03647584785669726	No data	No data	zinc finger and SCAN domain containing 26
BCL6	0.0044349582562164215	No data	No data	No data	No data	0.03647584785669726	No data	No data	BCL6 transcription repressor
RLN2	0.0044349582562164215	No data	No data	No data	No data	0.03647584785669726	No data	No data	relaxin 2
PYGB	0.0044349582562164215	No data	No data	No data	No data	0.03647584785669726	No data	No data	glycogen phosphorylase B
JAM3	0.0044349582562164215	No data	No data	No data	No data	0.03647584785669726	No data	No data	junctional adhesion molecule 3
DDT	0.0044349582562164215	No data	No data	No data	No data	0.03647584785669726	No data	No data	D-dopachrome tautomerase
WRN	0.0044349582562164215	No data	No data	No data	No data	0.03647584785669726	No data	No data	WRN RecQ like helicase
BRD7	0.0044349582562164215	No data	No data	No data	No data	0.03647584785669726	No data	No data	bromodomain containing 7
STXBP4	0.0044349582562164215	No data	No data	No data	No data	0.03647584785669726	No data	No data	syntaxin binding protein 4
HEY1	0.0044349582562164215	No data	No data	No data	No data	0.03647584785669726	No data	No data	hes related family bHLH transcription factor with YRPW motif 1
ITGA8	0.0044349582562164215	No data	No data	No data	No data	0.03647584785669726	No data	No data	integrin subunit alpha 8
PPP2R2A	0.0044349582562164215	No data	No data	No data	No data	0.03647584785669726	No data	No data	protein phosphatase 2 regulatory subunit Balpha
PRKCZ	0.0044349582562164215	No data	No data	No data	No data	0.03647584785669726	No data	No data	protein kinase C zeta
EPB41L5	0.0044349582562164215	No data	No data	No data	No data	0.03647584785669726	No data	No data	erythrocyte membrane protein band 4.1 like 5
UBIAD1	0.0044349582562164215	No data	No data	No data	No data	0.03647584785669726	No data	No data	UbiA prenyltransferase domain containing 1
THRB	0.0044349582562164215	No data	No data	No data	No data	0.03647584785669726	No data	No data	thyroid hormone receptor beta
AXIN1	0.0044349582562164215	No data	No data	No data	No data	0.03647584785669726	No data	No data	axin 1
HTN1	0.0044349582562164215	No data	No data	No data	No data	0.03647584785669726	No data	No data	histatin 1
ORM2	0.0044349582562164215	No data	No data	No data	No data	0.03647584785669726	No data	No data	orosomucoid 2
SEMA4D	0.0044349582562164215	No data	No data	No data	No data	0.03647584785669726	No data	No data	semaphorin 4D
LTB4R	0.0044349582562164215	No data	No data	No data	No data	0.03647584785669726	No data	No data	leukotriene B4 receptor
HES5	0.0044349582562164215	No data	No data	No data	No data	0.03647584785669726	No data	No data	hes family bHLH transcription factor 5
CCNF	0.0044349582562164215	No data	No data	No data	No data	0.03647584785669726	No data	No data	cyclin F
OXT	0.0044349582562164215	No data	No data	No data	No data	0.03647584785669726	No data	No data	oxytocin/neurophysin I prepropeptide
HAS1	0.0044349582562164215	No data	No data	No data	No data	0.03647584785669726	No data	No data	hyaluronan synthase 1
PCMT1	0.0044349582562164215	No data	No data	No data	No data	0.03647584785669726	No data	No data	protein-L-isoaspartate (D-aspartate) O-methyltransferase
AQP7	0.0044349582562164215	No data	No data	No data	No data	0.03647584785669726	No data	No data	aquaporin 7
SLC19A2	0.0044349582562164215	No data	No data	No data	No data	0.03647584785669726	No data	No data	solute carrier family 19 member 2
PTPRR	0.0044349582562164215	No data	No data	No data	No data	0.03647584785669726	No data	No data	protein tyrosine phosphatase receptor type R
LTB	0.0044349582562164215	No data	No data	No data	No data	0.03647584785669726	No data	No data	lymphotoxin beta
GRIN1	0.0044349582562164215	No data	No data	No data	No data	0.03647584785669726	No data	No data	glutamate ionotropic receptor NMDA type subunit 1
HNRNPU	0.0044349582562164215	No data	No data	No data	No data	0.03647584785669726	No data	No data	heterogeneous nuclear ribonucleoprotein U
PCNT	0.0044349582562164215	No data	No data	No data	No data	0.03647584785669726	No data	No data	pericentrin
PTAFR	0.0044349582562164215	No data	No data	No data	No data	0.03647584785669726	No data	No data	platelet activating factor receptor
FCGR1A	0.0044349582562164215	No data	No data	No data	No data	0.03647584785669726	No data	No data	Fc gamma receptor Ia
AMBRA1	0.0044349582562164215	No data	No data	No data	No data	0.03647584785669726	No data	No data	autophagy and beclin 1 regulator 1
ARHGAP24	0.0044349582562164215	No data	No data	No data	No data	0.03647584785669726	No data	No data	Rho GTPase activating protein 24
ALDH18A1	0.0044349582562164215	No data	No data	No data	No data	0.03647584785669726	No data	No data	aldehyde dehydrogenase 18 family member A1
LGALS13	0.0044349582562164215	No data	No data	No data	No data	0.03647584785669726	No data	No data	galectin 13
GRB7	0.004434136797414436	No data	No data	No data	No data	0.030396539880581056	0.02429020715739779	No data	growth factor receptor bound protein 7
FLOT2	0.004433110356942998	No data	No data	No data	No data	0.030396539880581056	0.024256438824703675	No data	flotillin 2
CLC	0.004431151604313646	No data	No data	No data	No data	No data	0.03644453959005137	No data	Charcot-Leyden crystal galectin
UGT2B11	0.004428536095631181	No data	No data	No data	No data	No data	0.03642302802415653	No data	UDP glucuronosyltransferase family 2 member B11
RALY	0.004423212339579199	No data	No data	No data	No data	No data	0.036379242151875525	No data	RALY heterogeneous nuclear ribonucleoprotein
KCNS3	0.004423212339579199	No data	No data	No data	No data	No data	0.036379242151875525	No data	potassium voltage-gated channel modifier subfamily S member 3
DDX41	0.004421579892984323	No data	No data	No data	No data	0.012158615952232422	0.033326161910358226	No data	DEAD-box helicase 41
CD69	0.0044144260420672715	No data	No data	No data	No data	0.03630697819069404	No data	No data	CD69 molecule
PHB2	0.0044144260420672715	No data	No data	No data	No data	0.03630697819069404	No data	No data	prohibitin 2
JAML	0.0044144260420672715	No data	No data	No data	No data	0.03630697819069404	No data	No data	junction adhesion molecule like
AKAP12	0.0044144260420672715	No data	No data	No data	No data	0.03630697819069404	No data	No data	A-kinase anchoring protein 12
TRIB1	0.0044144260420672715	No data	No data	No data	No data	0.03630697819069404	No data	No data	tribbles pseudokinase 1
IARS1	0.0044144260420672715	No data	No data	No data	No data	0.03630697819069404	No data	No data	isoleucyl-tRNA synthetase 1
TBRG4	0.0044140019619679895	No data	No data	No data	No data	No data	0.036303490292886036	No data	transforming growth factor beta regulator 4
SLC10A2	0.004409866664436482	No data	No data	No data	No data	No data	0.03626947904071921	No data	solute carrier family 10 member 2
FRMD1	0.004407930909207256	No data	No data	No data	No data	No data	0.03625355818889833	No data	FERM domain containing 1
SACM1L	0.0044050168318862095	No data	No data	No data	No data	No data	0.036229591009307366	No data	SAC1 like phosphatidylinositide phosphatase
MGAT1	0.004403317916060857	No data	No data	No data	No data	No data	0.03621561807166359	No data	alpha-1,3-mannosyl-glycoprotein 2-beta-N-acetylglucosaminyltransferase
PAN3	0.0043994976229629335	No data	No data	No data	No data	No data	0.036184197611366695	No data	poly(A) specific ribonuclease subunit PAN3
DPP3	0.004393884847878057	No data	No data	No data	No data	0.030396539880581056	0.022965979146758506	No data	dipeptidyl peptidase 3
ST3GAL4	0.004393711938291943	No data	No data	No data	No data	0.030396539880581056	0.022960290683966614	No data	ST3 beta-galactoside alpha-2,3-sialyltransferase 4
ENSG00000259865	0.004390624762675344	No data	No data	No data	No data	No data	0.036111221704220285	No data	novel transcript
PDK2	0.004378599738522425	No data	No data	No data	No data	0.030396539880581056	0.02246312226187353	No data	pyruvate dehydrogenase kinase 2
PCMTD1	0.00437702869676809	No data	No data	No data	No data	No data	0.0359993992240904	No data	protein-L-isoaspartate (D-aspartate) O-methyltransferase domain containing 1
GPR78	0.0043769442312257935	No data	No data	No data	No data	No data	0.03599870452707366	No data	G protein-coupled receptor 78
SMC4	0.004373371864217217	No data	No data	No data	No data	No data	0.03596932316473266	No data	structural maintenance of chromosomes 4
ATP11A	0.004367414829670356	No data	No data	No data	No data	No data	0.03592032881726528	No data	ATPase phospholipid transporting 11A
FAM117B	0.004366235755002134	No data	No data	No data	No data	No data	0.03591063137577315	No data	family with sequence similarity 117 member B
GLUL	0.00436380316487234	No data	No data	No data	No data	No data	0.03589062424552616	No data	glutamate-ammonia ligase
SUCO	0.00435694648458538	No data	No data	No data	No data	No data	0.03583423065341091	No data	SUN domain containing ossification factor
NMRAL1	0.0043477622753616005	No data	No data	No data	No data	No data	0.0357586940194728	No data	NmrA like redox sensor 1
RNF5	0.004346259091092093	No data	No data	No data	No data	No data	0.03574633089956332	No data	ring finger protein 5
OS9	0.004338748404124061	No data	No data	No data	No data	No data	0.03568455835080005	No data	OS9 endoplasmic reticulum lectin
ANKZF1	0.004338748404124061	No data	No data	No data	No data	No data	0.03568455835080005	No data	ankyrin repeat and zinc finger peptidyl tRNA hydrolase 1
MED21	0.004335498375469457	No data	No data	No data	No data	No data	0.0356578280990397	No data	mediator complex subunit 21
CASP7	0.004333474673722987	No data	No data	No data	No data	0.030396539880581056	0.020978576159694735	No data	caspase 7
PEF1	0.004330467983394045	No data	No data	No data	No data	No data	0.03561645503408581	No data	penta-EF-hand domain containing 1
SLC35C2	0.004330234104720847	No data	No data	No data	No data	No data	0.03561453147079443	No data	solute carrier family 35 member C2
ZFP36L1	0.0043285808141617305	No data	No data	No data	No data	No data	0.03560093378364309	No data	ZFP36 ring finger protein like 1
HPX	0.004322031078396096	No data	No data	No data	No data	0.03554706469367951	No data	No data	hemopexin
RSRP1	0.004317088666716084	No data	No data	No data	No data	No data	0.035506415234074655	No data	arginine and serine rich protein 1
ABCF3	0.004316127017794676	No data	No data	No data	No data	No data	0.035498506036801	No data	ATP binding cassette subfamily F member 3
PLSCR1	0.00431379071471459	No data	No data	No data	No data	No data	0.03547929083098099	No data	phospholipid scramblase 1
SELENOT	0.004306862009374716	No data	No data	No data	No data	No data	0.035422304860150966	No data	selenoprotein T
NSMCE3	0.004301664113538233	No data	No data	No data	No data	No data	0.03537955414035766	No data	NSE3 homolog, SMC5-SMC6 complex component
GPS1	0.004299218397403619	No data	No data	No data	No data	No data	0.035359439053704526	No data	G protein pathway suppressor 1
GALK1	0.004286953274105078	No data	No data	No data	No data	No data	0.035258563071218295	No data	galactokinase 1
PRDX5	0.004286953274105078	No data	No data	No data	No data	No data	0.035258563071218295	No data	peroxiredoxin 5
CAVIN2	0.0042864590553173005	No data	No data	No data	No data	0.030396539880581056	0.01943183371498239	No data	caveolae associated protein 2
PCSK1N	0.004284734613970054	No data	No data	No data	No data	0.012158615952232422	0.032200661445898345	No data	proprotein convertase subtilisin/kexin type 1 inhibitor
SLC28A1	0.004284703540160869	No data	No data	No data	No data	No data	0.03524005986367356	No data	solute carrier family 28 member 1
SLC25A6	0.0042783172724504305	No data	No data	No data	No data	No data	0.03518753523640079	No data	solute carrier family 25 member 6
TPPP3	0.004270212499694525	No data	No data	No data	No data	No data	0.03512087655758613	No data	tubulin polymerization promoting protein family member 3
TNIP2	0.004270212499694525	No data	No data	No data	No data	No data	0.03512087655758613	No data	TNFAIP3 interacting protein 2
DDX3Y	0.004264188622934673	No data	No data	No data	No data	0.030396539880581056	0.0186991703108541	No data	DEAD-box helicase 3 Y-linked
GJB1	0.00426275071455609	No data	No data	No data	No data	0.012158615952232422	0.03201985221974685	No data	gap junction protein beta 1
TMEM170B	0.0042595632125867495	No data	No data	No data	No data	No data	0.03503329021429169	No data	transmembrane protein 170B
VPS39	0.004257418412989206	No data	No data	No data	No data	No data	0.035015650051908334	No data	VPS39 subunit of HOPS complex
PLCG1	0.0042501683288740716	No data	No data	No data	No data	0.03495602086266821	No data	No data	phospholipase C gamma 1
RAB11A	0.0042501683288740716	No data	No data	No data	No data	0.03495602086266821	No data	No data	RAB11A, member RAS oncogene family
ANKRD1	0.0042501683288740716	No data	No data	No data	No data	0.03495602086266821	No data	No data	ankyrin repeat domain 1
IL1F10	0.0042501683288740716	No data	No data	No data	No data	0.03495602086266821	No data	No data	interleukin 1 family member 10
GUCA2A	0.0042501683288740716	No data	No data	No data	No data	0.03495602086266821	No data	No data	guanylate cyclase activator 2A
AHI1	0.0042501683288740716	No data	No data	No data	No data	0.03495602086266821	No data	No data	Abelson helper integration site 1
TJP2	0.0042501683288740716	No data	No data	No data	No data	0.03495602086266821	No data	No data	tight junction protein 2
DAG1	0.0042501683288740716	No data	No data	No data	No data	0.03495602086266821	No data	No data	dystroglycan 1
SLC16A3	0.0042501683288740716	No data	No data	No data	No data	0.03495602086266821	No data	No data	solute carrier family 16 member 3
TNXA	0.0042501683288740716	No data	No data	No data	No data	0.03495602086266821	No data	No data	tenascin XA (pseudogene)
LEFTY1	0.0042501683288740716	No data	No data	No data	No data	0.03495602086266821	No data	No data	left-right determination factor 1
LIFR	0.0042501683288740716	No data	No data	No data	No data	0.03495602086266821	No data	No data	LIF receptor subunit alpha
PDLIM1	0.004249310009271965	No data	No data	No data	No data	0.030396539880581056	0.018209686516936722	No data	PDZ and LIM domain 1
DAO	0.0042492299208299255	No data	No data	No data	No data	0.028876712886552	0.024286359704937116	No data	D-amino acid oxidase
GPR160	0.004243243627131305	No data	No data	No data	No data	No data	0.03489906781990438	No data	G protein-coupled receptor 160
MIER1	0.004230113014928685	No data	No data	No data	No data	No data	0.034791073519778386	No data	MIER1 transcriptional regulator
TRPA1	0.004229636114724921	No data	No data	No data	No data	0.034787151196664985	No data	No data	transient receptor potential cation channel subfamily A member 1
PIEZO1	0.004229636114724921	No data	No data	No data	No data	0.034787151196664985	No data	No data	piezo type mechanosensitive ion channel component 1
FOXK2	0.004229636114724921	No data	No data	No data	No data	0.034787151196664985	No data	No data	forkhead box K2
DNMT3B	0.004229636114724921	No data	No data	No data	No data	0.034787151196664985	No data	No data	DNA methyltransferase 3 beta
ADCY8	0.004229636114724921	No data	No data	No data	No data	0.034787151196664985	No data	No data	adenylate cyclase 8
IRF8	0.004229636114724921	No data	No data	No data	No data	0.034787151196664985	No data	No data	interferon regulatory factor 8
HAO2	0.004224946612213011	No data	No data	No data	No data	No data	0.034748581818946876	No data	hydroxyacid oxidase 2
FBXW5	0.0042245867143575234	No data	No data	No data	No data	No data	0.03474562179572631	No data	F-box and WD repeat domain containing 5
EFEMP2	0.00422328172320705	No data	No data	No data	No data	No data	0.03473488873897378	No data	EGF containing fibulin extracellular matrix protein 2
CSRP1	0.004217708478406751	No data	No data	No data	No data	No data	0.03468905091646016	No data	cysteine and glycine rich protein 1
CTSB	0.004211144551247329	No data	No data	No data	No data	0.03463506510767065	No data	No data	cathepsin B
DYNC2LI1	0.00420517275572878	No data	No data	No data	No data	No data	0.03458594935681537	No data	dynein cytoplasmic 2 light intermediate chain 1
GCH1	0.004198169880302873	No data	No data	No data	No data	No data	0.034528353365187545	No data	GTP cyclohydrolase 1
GSTA2	0.004197430034898028	No data	No data	No data	No data	No data	0.03452226841762648	No data	glutathione S-transferase alpha 2
FMR1	0.00419255084039686	No data	No data	No data	No data	No data	0.03448213889531623	No data	fragile X messenger ribonucleoprotein 1
RPS19BP1	0.004191536828834092	No data	No data	No data	No data	No data	0.03447379903519768	No data	ribosomal protein S19 binding protein 1
NAGLU	0.0041895407412707334	No data	No data	No data	No data	No data	0.03445738197283466	No data	N-acetyl-alpha-glucosaminidase
COASY	0.004186041913168976	No data	No data	No data	No data	No data	0.034428605440082055	No data	Coenzyme A synthase
ARFGAP2	0.00418064466336007	No data	No data	No data	No data	No data	0.03438421510955339	No data	ADP ribosylation factor GTPase activating protein 2
SLC30A1	0.004175716656056862	No data	No data	No data	No data	No data	0.03434368412047891	No data	solute carrier family 30 member 1
BROX	0.004173576057054987	No data	No data	No data	No data	No data	0.03432607850640009	No data	BRO1 domain and CAAX motif containing
NOSIP	0.00416942447911043	No data	No data	No data	No data	No data	0.03429193335401707	No data	nitric oxide synthase interacting protein
ARF5	0.004166374209028723	No data	No data	No data	No data	No data	0.03426684604067737	No data	ADP ribosylation factor 5
STARD10	0.004160521216994648	No data	No data	No data	No data	No data	0.03421870740337631	No data	StAR related lipid transfer domain containing 10
RASA1	0.004158942766102804	No data	No data	No data	No data	No data	0.034205725244074246	No data	RAS p21 protein activator 1
DNAH5	0.004155215410308644	No data	No data	No data	No data	No data	0.034175069157815714	No data	dynein axonemal heavy chain 5
ESRRA	0.0041537378572951925	No data	No data	No data	No data	0.030396539880581056	0.01506550785869973	No data	estrogen related receptor alpha
NELFCD	0.004148837156530149	No data	No data	No data	No data	No data	0.034122610442090556	No data	negative elongation factor complex member C/D
URGCP	0.004148766044866396	No data	No data	No data	No data	No data	0.034122025575654844	No data	upregulator of cell proliferation
THEM6	0.004144079253047913	No data	No data	No data	No data	No data	0.03408347849236101	No data	thioesterase superfamily member 6
CITED4	0.00414312958098354	No data	No data	No data	No data	No data	0.03407566780018927	No data	Cbp/p300 interacting transactivator with Glu/Asp rich carboxy-terminal domain 4
LMBRD2	0.004140570074127375	No data	No data	No data	No data	No data	0.03405461682805379	No data	LMBR1 domain containing 2
HS6ST1	0.004125195911590992	No data	No data	No data	No data	0.030396539880581056	0.014126521190600892	No data	heparan sulfate 6-O-sulfotransferase 1
PIGQ	0.004123128979260288	No data	No data	No data	No data	No data	0.033911170444554155	No data	phosphatidylinositol glycan anchor biosynthesis class Q
FARSA	0.00412235757322407	No data	No data	No data	No data	0.012158615952232422	0.030865171934724423	No data	phenylalanyl-tRNA synthetase subunit alpha
CYC1	0.004115632766280657	No data	No data	No data	No data	No data	0.03384951693885021	No data	cytochrome c1
GPD1	0.004111350268954865	No data	No data	No data	No data	No data	0.03381429502426209	No data	glycerol-3-phosphate dehydrogenase 1
RAD9A	0.004107674467298021	No data	No data	No data	No data	No data	0.033784062951209656	No data	RAD9 checkpoint clamp component A
VPS16	0.004095465737908445	No data	No data	No data	No data	No data	0.033683650787213845	No data	VPS16 core subunit of CORVET and HOPS complexes
NEK7	0.004093474287794466	No data	No data	No data	No data	No data	0.03366727186611129	No data	NIMA related kinase 7
HEMGN	0.004086480511042788	No data	No data	No data	No data	No data	0.03360975070762455	No data	hemogen
ABHD3	0.004080831858005131	No data	No data	No data	No data	No data	0.03356329268098855	No data	abhydrolase domain containing 3, phospholipase
C1orf43	0.004079913931402019	No data	No data	No data	No data	No data	0.03355574308318303	No data	chromosome 1 open reading frame 43
HTRA1	0.004076461029596506	No data	No data	No data	No data	No data	0.033527344276780405	No data	HtrA serine peptidase 1
AZIN1	0.004072006566062401	No data	No data	No data	No data	No data	0.03349070800541855	No data	antizyme inhibitor 1
RUVBL2	0.0040719767473825	No data	No data	No data	No data	No data	0.03349046275809749	No data	RuvB like AAA ATPase 2
EHD3	0.004067926152579883	No data	No data	No data	No data	No data	0.03345714815371711	No data	EH domain containing 3
CCL18	0.00406537840153172	No data	No data	No data	No data	0.03343619386863916	No data	No data	C-C motif chemokine ligand 18
OGDH	0.00406537840153172	No data	No data	No data	No data	0.03343619386863916	No data	No data	oxoglutarate dehydrogenase
GMCL2	0.00406537840153172	No data	No data	No data	No data	0.03343619386863916	No data	No data	germ cell-less 2, spermatogenesis associated
SLC12A2	0.00406537840153172	No data	No data	No data	No data	0.03343619386863916	No data	No data	solute carrier family 12 member 2
PTPRN	0.00406537840153172	No data	No data	No data	No data	0.03343619386863916	No data	No data	protein tyrosine phosphatase receptor type N
CLCF1	0.00406537840153172	No data	No data	No data	No data	0.03343619386863916	No data	No data	cardiotrophin like cytokine factor 1
FCGR2B	0.00406537840153172	No data	No data	No data	No data	0.03343619386863916	No data	No data	Fc gamma receptor IIb
SUV39H1	0.00406537840153172	No data	No data	No data	No data	0.03343619386863916	No data	No data	SUV39H1 histone lysine methyltransferase
ANKRD11	0.00406537840153172	No data	No data	No data	No data	0.03343619386863916	No data	No data	ankyrin repeat domain containing 11
GALNT11	0.00406537840153172	No data	No data	No data	No data	0.03343619386863916	No data	No data	polypeptide N-acetylgalactosaminyltransferase 11
C1orf146	0.00406537840153172	No data	No data	No data	No data	0.03343619386863916	No data	No data	chromosome 1 open reading frame 146
GDF11	0.00406537840153172	No data	No data	No data	No data	0.03343619386863916	No data	No data	growth differentiation factor 11
TGFBR3	0.00406537840153172	No data	No data	No data	No data	0.03343619386863916	No data	No data	transforming growth factor beta receptor 3
GSTA4	0.00406537840153172	No data	No data	No data	No data	0.03343619386863916	No data	No data	glutathione S-transferase alpha 4
BMS1	0.00406537840153172	No data	No data	No data	No data	0.03343619386863916	No data	No data	BMS1 ribosome biogenesis factor
CCNT1	0.00406537840153172	No data	No data	No data	No data	0.03343619386863916	No data	No data	cyclin T1
BRIX1	0.00406537840153172	No data	No data	No data	No data	0.03343619386863916	No data	No data	biogenesis of ribosomes BRX1
LIMS1	0.00406537840153172	No data	No data	No data	No data	0.03343619386863916	No data	No data	LIM zinc finger domain containing 1
SIX2	0.00406537840153172	No data	No data	No data	No data	0.03343619386863916	No data	No data	SIX homeobox 2
FXYD2	0.00406537840153172	No data	No data	No data	No data	0.03343619386863916	No data	No data	FXYD domain containing ion transport regulator 2
KRAS	0.00406537840153172	No data	No data	No data	No data	0.03343619386863916	No data	No data	KRAS proto-oncogene, GTPase
RREB1	0.00406537840153172	No data	No data	No data	No data	0.03343619386863916	No data	No data	ras responsive element binding protein 1
TALDO1	0.00406537840153172	No data	No data	No data	No data	0.03343619386863916	No data	No data	transaldolase 1
GPX2	0.00406537840153172	No data	No data	No data	No data	0.03343619386863916	No data	No data	glutathione peroxidase 2
GLB1	0.00406537840153172	No data	No data	No data	No data	0.03343619386863916	No data	No data	galactosidase beta 1
PFKFB2	0.00406537840153172	No data	No data	No data	No data	0.03343619386863916	No data	No data	6-phosphofructo-2-kinase/fructose-2,6-biphosphatase 2
ERF	0.00406537840153172	No data	No data	No data	No data	0.03343619386863916	No data	No data	ETS2 repressor factor
LINC01619	0.00406537840153172	No data	No data	No data	No data	0.03343619386863916	No data	No data	long intergenic non-protein coding RNA 1619
COQ2	0.00406537840153172	No data	No data	No data	No data	0.03343619386863916	No data	No data	coenzyme Q2, polyprenyltransferase
NLRP2	0.00406537840153172	No data	No data	No data	No data	0.03343619386863916	No data	No data	NLR family pyrin domain containing 2
ITGB8	0.00406537840153172	No data	No data	No data	No data	0.03343619386863916	No data	No data	integrin subunit beta 8
ACMSD	0.00406537840153172	No data	No data	No data	No data	0.03343619386863916	No data	No data	aminocarboxymuconate semialdehyde decarboxylase
LYAR	0.00406537840153172	No data	No data	No data	No data	0.03343619386863916	No data	No data	Ly1 antibody reactive
DDX18	0.00406537840153172	No data	No data	No data	No data	0.03343619386863916	No data	No data	DEAD-box helicase 18
UNC5B	0.00406537840153172	No data	No data	No data	No data	0.03343619386863916	No data	No data	unc-5 netrin receptor B
GAB2	0.00406537840153172	No data	No data	No data	No data	0.03343619386863916	No data	No data	GRB2 associated binding protein 2
C1QC	0.00406537840153172	No data	No data	No data	No data	0.03343619386863916	No data	No data	complement C1q C chain
MFSD10	0.004064361495400299	No data	No data	No data	No data	No data	0.0334278302017924	No data	major facilitator superfamily domain containing 10
ARHGEF17	0.004063024704862576	No data	No data	No data	No data	No data	0.033416835607152896	No data	Rho guanine nucleotide exchange factor 17
C16orf89	0.0040593609057350795	No data	No data	No data	No data	No data	0.0333867022503474	No data	chromosome 16 open reading frame 89
HLA-DOA	0.004055275334554344	No data	No data	No data	No data	0.02735688589252295	0.02398485634405344	No data	major histocompatibility complex, class II, DO alpha
UBE2D1	0.004051212042220958	No data	No data	No data	No data	No data	0.03331968094178615	No data	ubiquitin conjugating enzyme E2 D1
FAIM	0.0040497349963377486	No data	No data	No data	No data	No data	0.03330753280018014	No data	Fas apoptotic inhibitory molecule
EID1	0.004039678263863203	No data	No data	No data	No data	No data	0.03322481999377145	No data	EP300 interacting inhibitor of differentiation 1
EIF4G2	0.004038521039662235	No data	No data	No data	No data	No data	0.0332153022640766	No data	eukaryotic translation initiation factor 4 gamma 2
EPCAM	0.004038063788615213	No data	No data	No data	No data	0.030396539880581056	0.011260006668944961	No data	epithelial cell adhesion molecule
PAQR6	0.004034277034682447	No data	No data	No data	No data	No data	0.03318039693442016	No data	progestin and adipoQ receptor family member 6
TSC22D2	0.004033830753377765	No data	No data	No data	No data	No data	0.03317672644012677	No data	TSC22 domain family member 2
SAMSN1	0.004026934288806924	No data	No data	No data	No data	No data	0.03312000563738133	No data	SAM domain, SH3 domain and nuclear localization signals 1
SPOPL	0.004021038250661318	No data	No data	No data	No data	No data	0.03307151296215605	No data	speckle type BTB/POZ protein like
KLF9	0.004017744116089486	No data	No data	No data	No data	0.02735688589252295	0.022750136253796235	No data	KLF transcription factor 9
MLLT6	0.004017742983761611	No data	No data	No data	No data	No data	0.03304441064300514	No data	MLLT6, PHD finger containing
TMX1	0.004010893995080876	No data	No data	No data	No data	No data	0.03298808031143086	No data	thioredoxin related transmembrane protein 1
ABHD14B	0.004003798286873674	No data	No data	No data	No data	No data	0.0329297208054223	No data	abhydrolase domain containing 14B
BNIP2	0.004003544726183262	No data	No data	No data	No data	No data	0.032927635365011906	No data	BCL2 interacting protein 2
SLMAP	0.003999083171827624	No data	No data	No data	No data	No data	0.03289094077433509	No data	sarcolemma associated protein
SARAF	0.0039966738710177085	No data	No data	No data	No data	No data	0.03287112518990195	No data	store-operated calcium entry associated regulatory factor
ALAD	0.0039893285314372305	No data	No data	No data	No data	0.01823792392834863	0.02825123157853745	No data	aminolevulinate dehydratase
THAP5	0.003989169115272149	No data	No data	No data	No data	No data	0.032809401423191636	No data	THAP domain containing 5
NPRL2	0.003986428984841807	No data	No data	No data	No data	No data	0.03278686489073509	No data	NPR2 like, GATOR1 complex subunit
PIP4P1	0.003986428984841807	No data	No data	No data	No data	No data	0.03278686489073509	No data	phosphatidylinositol-4,5-bisphosphate 4-phosphatase 1
PABIR2	0.003981030931050226	No data	No data	No data	No data	No data	0.03274246794775417	No data	PABIR family member 2
RNF149	0.003977313038099548	No data	No data	No data	No data	No data	0.03271188968979056	No data	ring finger protein 149
YWHAB	0.003973185014917711	No data	No data	No data	No data	No data	0.03267793826638797	No data	tyrosine 3-monooxygenase/tryptophan 5-monooxygenase activation protein beta
EMD	0.003972696140316489	No data	No data	No data	No data	No data	0.032673917458401744	No data	emerin
FCHO2	0.003960272344869879	No data	No data	No data	No data	No data	0.032571736457739996	No data	FCH and mu domain containing endocytic adaptor 2
MADD	0.003958716004405454	No data	No data	No data	No data	No data	0.0325589361483089	No data	MAP kinase activating death domain
RCBTB2	0.003952792255156917	No data	No data	No data	No data	No data	0.03251021555978296	No data	RCC1 and BTB domain containing protein 2
TBXT	0.003952451223711395	No data	No data	No data	No data	0.03250741070562141	No data	No data	T-box transcription factor T
HEXD	0.003951226647973983	No data	No data	No data	No data	No data	0.032497339035110366	No data	hexosaminidase D
GSTA5	0.003943946508546782	No data	No data	No data	No data	No data	0.03243746265233948	No data	glutathione S-transferase alpha 5
MMAB	0.003943903961278404	No data	No data	No data	No data	0.01823792392834863	0.027877631735123636	No data	metabolism of cobalamin associated B
RRM2B	0.003943417049485769	No data	No data	No data	No data	No data	0.03243310805257999	No data	ribonucleotide reductase regulatory TP53 inducible subunit M2B
MRNIP	0.003940008853675434	No data	No data	No data	No data	No data	0.03240507693601438	No data	MRN complex interacting protein
APOL6	0.003932112667545213	No data	No data	No data	No data	No data	0.03234013380300284	No data	apolipoprotein L6
SUCLG1	0.003931402242716019	No data	No data	No data	No data	No data	0.03233429082850652	No data	succinate-CoA ligase GDP/ADP-forming subunit alpha
ABHD14A	0.003931221172250181	No data	No data	No data	No data	No data	0.032332801592671205	No data	abhydrolase domain containing 14A
TRAM1	0.003926705400841959	No data	No data	No data	No data	No data	0.032295661087321244	No data	translocation associated membrane protein 1
CSRP1-AS1	0.00392652035057054	No data	No data	No data	No data	No data	0.032294139119096024	No data	CSRP1 antisense RNA 1
SFXN5	0.003923589724518449	No data	No data	No data	No data	No data	0.032270035832475195	No data	sideroflexin 5
LINC01554	0.003923482801088115	No data	No data	No data	No data	No data	0.03226915642785584	No data	long intergenic non-protein coding RNA 1554
FBXW4	0.003917077054660327	No data	No data	No data	No data	No data	0.032216471595528276	No data	F-box and WD repeat domain containing 4
DALRD3	0.003915784674818494	No data	No data	No data	No data	No data	0.03220584226200124	No data	DALR anticodon binding domain containing 3
NR0B2	0.003908922929715197	No data	No data	No data	No data	0.032149407013694564	No data	No data	nuclear receptor subfamily 0 group B member 2
ACY3	0.003901823452913325	No data	No data	No data	No data	No data	0.032091016512425644	No data	aminoacylase 3
ADCK5	0.003899471347634176	No data	No data	No data	No data	No data	0.03207167133951789	No data	aarF domain containing kinase 5
MACC1	0.003898687008250386	No data	No data	No data	No data	No data	0.03206522044587283	No data	MET transcriptional regulator MACC1
GYPB	0.0038972070623694115	No data	No data	No data	No data	No data	0.03205304845288622	No data	glycophorin B (MNS blood group)
PRMT1	0.0038959876348012316	No data	No data	No data	No data	0.03204301912411253	No data	No data	protein arginine methyltransferase 1
NUBP2	0.0038951946208740503	No data	No data	No data	No data	No data	0.0320364968856415	No data	NUBP iron-sulfur cluster assembly factor 2, cytosolic
ENSG00000277563	0.0038918491671558674	No data	No data	No data	No data	No data	0.03200898179896283	No data	
PGGHG	0.0038789944640313955	No data	No data	No data	No data	No data	0.031903256746251454	No data	protein-glucosylgalactosylhydroxylysine glucosidase
IL17RC	0.0038745546435798675	No data	No data	No data	No data	No data	0.03186674090868433	No data	interleukin 17 receptor C
MGAT4B	0.0038725404412838786	No data	No data	No data	No data	No data	0.031850174859522955	No data	alpha-1,3-mannosyl-glycoprotein 4-beta-N-acetylglucosaminyltransferase B
SLC6A8	0.0038716516057839302	No data	No data	No data	No data	No data	0.03184286452499606	No data	solute carrier family 6 member 8
SDCBP	0.003868538176494213	No data	No data	No data	No data	No data	0.03181725775114985	No data	syndecan binding protein
TMUB2	0.003861560863527063	No data	No data	No data	No data	No data	0.03175987200104013	No data	transmembrane and ubiquitin like domain containing 2
MAST4	0.0038576621817307897	No data	No data	No data	No data	No data	0.03172780682346078	No data	microtubule associated serine/threonine kinase family member 4
STOML2	0.003856895631887831	No data	No data	No data	No data	No data	0.03172150224203499	No data	stomatin like 2
GNL1	0.0038544879633798544	No data	No data	No data	No data	No data	0.03170170008266556	No data	G protein nucleolar 1 (putative)
MPHOSPH8	0.003850944813091894	No data	No data	No data	No data	No data	0.03167255901675905	No data	M-phase phosphoprotein 8
GDF6	0.0038497901529656437	No data	No data	No data	No data	0.03166306237560527	No data	No data	growth differentiation factor 6
PSMC5	0.0038494190769131744	No data	No data	No data	No data	No data	0.031660010415958485	No data	proteasome 26S subunit, ATPase 5
MAN1B1	0.0038444791697811345	No data	No data	No data	No data	No data	0.03161938155530981	No data	mannosidase alpha class 1B member 1
RHBG	0.0038428923776200417	No data	No data	No data	No data	No data	0.03160633079223508	No data	Rh family B glycoprotein
H1-10	0.0038302820413215802	No data	No data	No data	No data	No data	0.031502615563889974	No data	H1.10 linker histone
TOR4A	0.0038227271555334227	No data	No data	No data	No data	No data	0.03144047949661193	No data	torsin family 4 member A
MRPL54	0.003820656746931669	No data	No data	No data	No data	No data	0.03142345117192524	No data	mitochondrial ribosomal protein L54
EXOC8	0.0038191480330160934	No data	No data	No data	No data	No data	0.03141104257277628	No data	exocyst complex component 8
HTT	0.0038147485851976817	No data	No data	No data	No data	0.012158615952232422	0.028335204796730327	No data	huntingtin
CFAP70	0.0038125828250676216	No data	No data	No data	No data	No data	0.03135704622998311	No data	cilia and flagella associated protein 70
DBNL	0.0038073751619062384	No data	No data	No data	No data	No data	0.03131421517765082	No data	drebrin like
CCSAP	0.003804536794840651	No data	No data	No data	No data	No data	0.031290870686166435	No data	centriole, cilia and spindle associated protein
GSTA3	0.0037997996422325445	No data	No data	No data	No data	No data	0.031251909404498214	No data	glutathione S-transferase alpha 3
SCRN2	0.003796505270850999	No data	No data	No data	No data	No data	0.031224814450644192	No data	secernin 2
HLA-F	0.003795811888008998	No data	No data	No data	No data	0.012158615952232422	0.028179457651964175	No data	major histocompatibility complex, class I, F
VPS11	0.0037854385237875024	No data	No data	No data	No data	No data	0.031133794657709088	No data	VPS11 core subunit of CORVET and HOPS complexes
KLHDC3	0.0037826176607071047	No data	No data	No data	No data	No data	0.03111059412985723	No data	kelch domain containing 3
DHX38	0.0037826176607071047	No data	No data	No data	No data	No data	0.03111059412985723	No data	DEAH-box helicase 38
HMGCL	0.0037810969957270905	No data	No data	No data	No data	No data	0.031098087237740657	No data	3-hydroxy-3-methylglutaryl-CoA lyase
DGCR6L	0.0037714460683470835	No data	No data	No data	No data	No data	0.031018712024164355	No data	DiGeorge syndrome critical region gene 6 like
SLC37A4	0.003770628353972694	No data	No data	No data	No data	No data	0.03101198663389294	No data	solute carrier family 37 member 4
SUCNR1	0.0037676612963690433	No data	No data	No data	No data	0.030987583711592354	No data	No data	succinate receptor 1
MC4R	0.0037676612963690433	No data	No data	No data	No data	0.030987583711592354	No data	No data	melanocortin 4 receptor
ABCF1	0.003764261683547273	No data	No data	No data	No data	No data	0.030959623186849024	No data	ATP binding cassette subfamily F member 1
DEFB1	0.0037573951892944687	No data	No data	No data	No data	0.03090314887859074	No data	No data	defensin beta 1
PLA2G4A	0.0037573951892944687	No data	No data	No data	No data	0.03090314887859074	No data	No data	phospholipase A2 group IVA
KLB	0.0037573951892944687	No data	No data	No data	No data	0.03090314887859074	No data	No data	klotho beta
ALDH4A1	0.0037464551233747675	No data	No data	No data	No data	No data	0.03081317098996689	No data	aldehyde dehydrogenase 4 family member A1
PURA	0.0037452179086497877	No data	No data	No data	No data	No data	0.03080299536858169	No data	purine rich element binding protein A
ENSG00000280152	0.003745034234251094	No data	No data	No data	No data	No data	0.030801484716387273	No data	
TRIM41	0.003742472257596177	No data	No data	No data	No data	No data	0.030780413431094746	No data	tripartite motif containing 41
CILK1	0.0037393772641129692	No data	No data	No data	No data	No data	0.030754958284757643	No data	ciliogenesis associated kinase 1
NEURL1B	0.0037390547195095872	No data	No data	No data	No data	No data	0.030752305477853886	No data	neuralized E3 ubiquitin protein ligase 1B
ATP6V0B	0.003726099416448905	No data	No data	No data	No data	No data	0.0306457530288615	No data	ATPase H+ transporting V0 subunit b
ERGIC3	0.0037189054156833287	No data	No data	No data	No data	No data	0.030586585103878593	No data	ERGIC and golgi 3
AP1M2	0.0037071285026002315	No data	No data	No data	No data	No data	0.03048972446505782	No data	adaptor related protein complex 1 subunit mu 2
ATP1A2	0.0037059996860241743	No data	No data	No data	No data	No data	0.030480440377292473	No data	ATPase Na+/K+ transporting subunit alpha 2
TCEA2	0.0037035238499738	No data	No data	No data	No data	No data	0.030460077565767688	No data	transcription elongation factor A2
PDSS2	0.0036957985468470188	No data	No data	No data	No data	0.030396539880581056	No data	No data	decaprenyl diphosphate synthase subunit 2
KIAA0586	0.0036957985468470188	No data	No data	No data	No data	0.030396539880581056	No data	No data	KIAA0586
RASGRF1	0.0036957985468470188	No data	No data	No data	No data	0.030396539880581056	No data	No data	Ras protein specific guanine nucleotide releasing factor 1
PRDM1	0.0036957985468470188	No data	No data	No data	No data	0.030396539880581056	No data	No data	PR/SET domain 1
CCDC182	0.0036957985468470188	No data	No data	No data	No data	0.030396539880581056	No data	No data	coiled-coil domain containing 182
KCNJ15	0.0036957985468470188	No data	No data	No data	No data	0.030396539880581056	No data	No data	potassium inwardly rectifying channel subfamily J member 15
AGAP3	0.0036957985468470188	No data	No data	No data	No data	0.030396539880581056	No data	No data	ArfGAP with GTPase domain, ankyrin repeat and PH domain 3
PELI1	0.0036957985468470188	No data	No data	No data	No data	0.030396539880581056	No data	No data	pellino E3 ubiquitin protein ligase 1
CYP4F12	0.0036957985468470188	No data	No data	No data	No data	0.030396539880581056	No data	No data	cytochrome P450 family 4 subfamily F member 12
SLC8A1	0.0036957985468470188	No data	No data	No data	No data	0.030396539880581056	No data	No data	solute carrier family 8 member A1
SLURP1	0.0036957985468470188	No data	No data	No data	No data	0.030396539880581056	No data	No data	secreted LY6/PLAUR domain containing 1
SDF4	0.0036957985468470188	No data	No data	No data	No data	0.030396539880581056	No data	No data	stromal cell derived factor 4
XRCC2	0.0036957985468470188	No data	No data	No data	No data	0.030396539880581056	No data	No data	X-ray repair cross complementing 2
PAG1	0.0036957985468470188	No data	No data	No data	No data	0.030396539880581056	No data	No data	phosphoprotein membrane anchor with glycosphingolipid microdomains 1
FLCN	0.0036957985468470188	No data	No data	No data	No data	0.030396539880581056	No data	No data	folliculin
ANKRD12	0.0036957985468470188	No data	No data	No data	No data	0.030396539880581056	No data	No data	ankyrin repeat domain 12
IGHV4-59	0.0036957985468470188	No data	No data	No data	No data	0.030396539880581056	No data	No data	immunoglobulin heavy variable 4-59
CD247	0.0036957985468470188	No data	No data	No data	No data	0.030396539880581056	No data	No data	CD247 molecule
SPSB1	0.0036957985468470188	No data	No data	No data	No data	0.030396539880581056	No data	No data	splA/ryanodine receptor domain and SOCS box containing 1
TMEM237	0.0036957985468470188	No data	No data	No data	No data	0.030396539880581056	No data	No data	transmembrane protein 237
CHDH	0.0036957985468470188	No data	No data	No data	No data	0.030396539880581056	No data	No data	choline dehydrogenase
SCLT1	0.0036957985468470188	No data	No data	No data	No data	0.030396539880581056	No data	No data	sodium channel and clathrin linker 1
TCTN1	0.0036957985468470188	No data	No data	No data	No data	0.030396539880581056	No data	No data	tectonic family member 1
STXBP2	0.0036957985468470188	No data	No data	No data	No data	0.030396539880581056	No data	No data	syntaxin binding protein 2
MT1G	0.0036957985468470188	No data	No data	No data	No data	0.030396539880581056	No data	No data	metallothionein 1G
IGHV3-74	0.0036957985468470188	No data	No data	No data	No data	0.030396539880581056	No data	No data	immunoglobulin heavy variable 3-74
DHX58	0.0036957985468470188	No data	No data	No data	No data	0.030396539880581056	No data	No data	DExH-box helicase 58
CYB5R1	0.0036957985468470188	No data	No data	No data	No data	0.030396539880581056	No data	No data	cytochrome b5 reductase 1
PPP6R3	0.0036957985468470188	No data	No data	No data	No data	0.030396539880581056	No data	No data	protein phosphatase 6 regulatory subunit 3
RGCC	0.0036957985468470188	No data	No data	No data	No data	0.030396539880581056	No data	No data	regulator of cell cycle
GUK1	0.0036957985468470188	No data	No data	No data	No data	0.030396539880581056	No data	No data	guanylate kinase 1
TOLLIP	0.0036957985468470188	No data	No data	No data	No data	0.030396539880581056	No data	No data	toll interacting protein
INPP5J	0.0036957985468470188	No data	No data	No data	No data	0.030396539880581056	No data	No data	inositol polyphosphate-5-phosphatase J
PPEF2	0.0036957985468470188	No data	No data	No data	No data	0.030396539880581056	No data	No data	protein phosphatase with EF-hand domain 2
IGHV3-16	0.0036957985468470188	No data	No data	No data	No data	0.030396539880581056	No data	No data	immunoglobulin heavy variable 3-16 (non-functional)
EPX	0.0036957985468470188	No data	No data	No data	No data	0.030396539880581056	No data	No data	eosinophil peroxidase
RB1CC1	0.0036957985468470188	No data	No data	No data	No data	0.030396539880581056	No data	No data	RB1 inducible coiled-coil 1
BABAM2	0.0036957985468470188	No data	No data	No data	No data	0.030396539880581056	No data	No data	BRISC and BRCA1 A complex member 2
TAB2	0.0036957985468470188	No data	No data	No data	No data	0.030396539880581056	No data	No data	TGF-beta activated kinase 1 (MAP3K7) binding protein 2
DOCK3	0.0036957985468470188	No data	No data	No data	No data	0.030396539880581056	No data	No data	dedicator of cytokinesis 3
COL16A1	0.0036957985468470188	No data	No data	No data	No data	0.030396539880581056	No data	No data	collagen type XVI alpha 1 chain
ARMC8	0.0036957985468470188	No data	No data	No data	No data	0.030396539880581056	No data	No data	armadillo repeat containing 8
CHAT	0.0036957985468470188	No data	No data	No data	No data	0.030396539880581056	No data	No data	choline O-acetyltransferase
PLP1	0.0036957985468470188	No data	No data	No data	No data	0.030396539880581056	No data	No data	proteolipid protein 1
CYP4F24P	0.0036957985468470188	No data	No data	No data	No data	0.030396539880581056	No data	No data	cytochrome P450 family 4 subfamily F member 24, pseudogene
LRRC7	0.0036957985468470188	No data	No data	No data	No data	0.030396539880581056	No data	No data	leucine rich repeat containing 7
SH3BP5	0.0036957985468470188	No data	No data	No data	No data	0.030396539880581056	No data	No data	SH3 domain binding protein 5
KCNN3	0.0036957985468470188	No data	No data	No data	No data	0.030396539880581056	No data	No data	potassium calcium-activated channel subfamily N member 3
PNN	0.0036957985468470188	No data	No data	No data	No data	0.030396539880581056	No data	No data	pinin, desmosome associated protein
CNTN1	0.0036957985468470188	No data	No data	No data	No data	0.030396539880581056	No data	No data	contactin 1
TNFSF13	0.0036957985468470188	No data	No data	No data	No data	0.030396539880581056	No data	No data	TNF superfamily member 13
ACVR2B	0.0036957985468470188	No data	No data	No data	No data	0.030396539880581056	No data	No data	activin A receptor type 2B
MTX1	0.0036957985468470188	No data	No data	No data	No data	0.030396539880581056	No data	No data	metaxin 1
PJA2	0.0036957985468470188	No data	No data	No data	No data	0.030396539880581056	No data	No data	praja ring finger ubiquitin ligase 2
KAT6B	0.0036957985468470188	No data	No data	No data	No data	0.030396539880581056	No data	No data	lysine acetyltransferase 6B
PIK3CB	0.0036957985468470188	No data	No data	No data	No data	0.030396539880581056	No data	No data	phosphatidylinositol-4,5-bisphosphate 3-kinase catalytic subunit beta
ETV4	0.0036957985468470188	No data	No data	No data	No data	0.030396539880581056	No data	No data	ETS variant transcription factor 4
FMO1	0.0036957985468470188	No data	No data	No data	No data	0.030396539880581056	No data	No data	flavin containing dimethylaniline monoxygenase 1
TMPRSS7	0.0036957985468470188	No data	No data	No data	No data	0.030396539880581056	No data	No data	transmembrane serine protease 7
ACOX3	0.0036957985468470188	No data	No data	No data	No data	0.030396539880581056	No data	No data	acyl-CoA oxidase 3, pristanoyl
TSC22D1	0.0036957985468470188	No data	No data	No data	No data	0.030396539880581056	No data	No data	TSC22 domain family member 1
IGHV4-61	0.0036957985468470188	No data	No data	No data	No data	0.030396539880581056	No data	No data	immunoglobulin heavy variable 4-61
CCT4	0.0036957985468470188	No data	No data	No data	No data	0.030396539880581056	No data	No data	chaperonin containing TCP1 subunit 4
HAAO	0.0036957985468470188	No data	No data	No data	No data	0.030396539880581056	No data	No data	3-hydroxyanthranilate 3,4-dioxygenase
CKAP2L	0.0036957985468470188	No data	No data	No data	No data	0.030396539880581056	No data	No data	cytoskeleton associated protein 2 like
C1QTNF12	0.0036957985468470188	No data	No data	No data	No data	0.030396539880581056	No data	No data	C1q and TNF related 12
BBS2	0.0036957985468470188	No data	No data	No data	No data	0.030396539880581056	No data	No data	Bardet-Biedl syndrome 2
DEPP1	0.0036957985468470188	No data	No data	No data	No data	0.030396539880581056	No data	No data	DEPP autophagy regulator 1
COL17A1	0.0036957985468470188	No data	No data	No data	No data	0.030396539880581056	No data	No data	collagen type XVII alpha 1 chain
SIX3	0.0036957985468470188	No data	No data	No data	No data	0.030396539880581056	No data	No data	SIX homeobox 3
CTSC	0.0036957985468470188	No data	No data	No data	No data	0.030396539880581056	No data	No data	cathepsin C
OPN1MW3	0.0036957985468470188	No data	No data	No data	No data	0.030396539880581056	No data	No data	opsin 1, medium wave sensitive 3
TBX21	0.0036957985468470188	No data	No data	No data	No data	0.030396539880581056	No data	No data	T-box transcription factor 21
FGG	0.0036957985468470188	No data	No data	No data	No data	0.030396539880581056	No data	No data	fibrinogen gamma chain
EOMES	0.0036957985468470188	No data	No data	No data	No data	0.030396539880581056	No data	No data	eomesodermin
SIX4	0.0036957985468470188	No data	No data	No data	No data	0.030396539880581056	No data	No data	SIX homeobox 4
FADS2	0.0036957985468470188	No data	No data	No data	No data	0.030396539880581056	No data	No data	fatty acid desaturase 2
CYP20A1	0.0036957985468470188	No data	No data	No data	No data	0.030396539880581056	No data	No data	cytochrome P450 family 20 subfamily A member 1
STYK1	0.0036957985468470188	No data	No data	No data	No data	0.030396539880581056	No data	No data	serine/threonine/tyrosine kinase 1
SIX1	0.0036957985468470188	No data	No data	No data	No data	0.030396539880581056	No data	No data	SIX homeobox 1
TMUB1	0.0036957985468470188	No data	No data	No data	No data	0.030396539880581056	No data	No data	transmembrane and ubiquitin like domain containing 1
ECD	0.0036957985468470188	No data	No data	No data	No data	0.030396539880581056	No data	No data	ecdysoneless cell cycle regulator
COL8A1	0.0036957985468470188	No data	No data	No data	No data	0.030396539880581056	No data	No data	collagen type VIII alpha 1 chain
LAMP2	0.0036957985468470188	No data	No data	No data	No data	0.030396539880581056	No data	No data	lysosomal associated membrane protein 2
PBRM1	0.0036957985468470188	No data	No data	No data	No data	0.030396539880581056	No data	No data	polybromo 1
IGF2R	0.0036957985468470188	No data	No data	No data	No data	0.030396539880581056	No data	No data	insulin like growth factor 2 receptor
CHMP1A	0.0036957985468470188	No data	No data	No data	No data	0.030396539880581056	No data	No data	charged multivesicular body protein 1A
RP1	0.0036957985468470188	No data	No data	No data	No data	0.030396539880581056	No data	No data	RP1 axonemal microtubule associated
ORAI2	0.0036957985468470188	No data	No data	No data	No data	0.030396539880581056	No data	No data	ORAI calcium release-activated calcium modulator 2
IGHJ5	0.0036957985468470188	No data	No data	No data	No data	0.030396539880581056	No data	No data	immunoglobulin heavy joining 5
CCDC39	0.0036957985468470188	No data	No data	No data	No data	0.030396539880581056	No data	No data	coiled-coil domain containing 39
TESMIN	0.0036957985468470188	No data	No data	No data	No data	0.030396539880581056	No data	No data	testis expressed metallothionein like protein
CARD9	0.0036957985468470188	No data	No data	No data	No data	0.030396539880581056	No data	No data	caspase recruitment domain family member 9
ACSS2	0.0036957985468470188	No data	No data	No data	No data	0.030396539880581056	No data	No data	acyl-CoA synthetase short chain family member 2
ATG2A	0.0036957985468470188	No data	No data	No data	No data	0.030396539880581056	No data	No data	autophagy related 2A
PTPRZ1	0.0036957985468470188	No data	No data	No data	No data	0.030396539880581056	No data	No data	protein tyrosine phosphatase receptor type Z1
SIN3B	0.0036957985468470188	No data	No data	No data	No data	0.030396539880581056	No data	No data	SIN3 transcription regulator family member B
MYLK3	0.0036957985468470188	No data	No data	No data	No data	0.030396539880581056	No data	No data	myosin light chain kinase 3
RNU105B	0.0036957985468470188	No data	No data	No data	No data	0.030396539880581056	No data	No data	RNA, U105B small nucleolar
STX18	0.0036957985468470188	No data	No data	No data	No data	0.030396539880581056	No data	No data	syntaxin 18
IFIT3	0.0036957985468470188	No data	No data	No data	No data	0.030396539880581056	No data	No data	interferon induced protein with tetratricopeptide repeats 3
AMT	0.0036957985468470188	No data	No data	No data	No data	0.030396539880581056	No data	No data	aminomethyltransferase
COL11A2	0.0036957985468470188	No data	No data	No data	No data	0.030396539880581056	No data	No data	collagen type XI alpha 2 chain
IFI44	0.0036957985468470188	No data	No data	No data	No data	0.030396539880581056	No data	No data	interferon induced protein 44
MYH16	0.0036957985468470188	No data	No data	No data	No data	0.030396539880581056	No data	No data	myosin heavy chain 16 pseudogene
SLC3A1	0.0036957985468470188	No data	No data	No data	No data	0.030396539880581056	No data	No data	solute carrier family 3 member 1
SOWAHB	0.0036957985468470188	No data	No data	No data	No data	0.030396539880581056	No data	No data	sosondowah ankyrin repeat domain family member B
PDIA5	0.0036957985468470188	No data	No data	No data	No data	0.030396539880581056	No data	No data	protein disulfide isomerase family A member 5
TMEM17	0.0036957985468470188	No data	No data	No data	No data	0.030396539880581056	No data	No data	transmembrane protein 17
FGF20	0.0036957985468470188	No data	No data	No data	No data	0.030396539880581056	No data	No data	fibroblast growth factor 20
UQCRH	0.0036957985468470188	No data	No data	No data	No data	0.030396539880581056	No data	No data	ubiquinol-cytochrome c reductase hinge protein
DOK6	0.0036957985468470188	No data	No data	No data	No data	0.030396539880581056	No data	No data	docking protein 6
IGHV3-48	0.0036957985468470188	No data	No data	No data	No data	0.030396539880581056	No data	No data	immunoglobulin heavy variable 3-48
IGHV3-49	0.0036957985468470188	No data	No data	No data	No data	0.030396539880581056	No data	No data	immunoglobulin heavy variable 3-49
ABCB7	0.0036957985468470188	No data	No data	No data	No data	0.030396539880581056	No data	No data	ATP binding cassette subfamily B member 7
ITGA1	0.0036957985468470188	No data	No data	No data	No data	0.030396539880581056	No data	No data	integrin subunit alpha 1
MYH7B	0.0036957985468470188	No data	No data	No data	No data	0.030396539880581056	No data	No data	myosin heavy chain 7B
NLRP7	0.0036957985468470188	No data	No data	No data	No data	0.030396539880581056	No data	No data	NLR family pyrin domain containing 7
BATF	0.0036957985468470188	No data	No data	No data	No data	0.030396539880581056	No data	No data	basic leucine zipper ATF-like transcription factor
LUC7L3	0.0036957985468470188	No data	No data	No data	No data	0.030396539880581056	No data	No data	LUC7 like 3 pre-mRNA splicing factor
CDK12	0.0036957985468470188	No data	No data	No data	No data	0.030396539880581056	No data	No data	cyclin dependent kinase 12
FOXI3	0.0036957985468470188	No data	No data	No data	No data	0.030396539880581056	No data	No data	forkhead box I3
CD14	0.0036957985468470188	No data	No data	No data	No data	0.030396539880581056	No data	No data	CD14 molecule
IGHV3-20	0.0036957985468470188	No data	No data	No data	No data	0.030396539880581056	No data	No data	immunoglobulin heavy variable 3-20
C1R	0.0036957985468470188	No data	No data	No data	No data	0.030396539880581056	No data	No data	complement C1r
FLT3LG	0.0036957985468470188	No data	No data	No data	No data	0.030396539880581056	No data	No data	fms related receptor tyrosine kinase 3 ligand
USP15	0.0036957985468470188	No data	No data	No data	No data	0.030396539880581056	No data	No data	ubiquitin specific peptidase 15
CCP110	0.0036957985468470188	No data	No data	No data	No data	0.030396539880581056	No data	No data	centriolar coiled-coil protein 110
ITPR3	0.0036957985468470188	No data	No data	No data	No data	0.030396539880581056	No data	No data	inositol 1,4,5-trisphosphate receptor type 3
SEMA3G	0.0036957985468470188	No data	No data	No data	No data	0.030396539880581056	No data	No data	semaphorin 3G
VARS1	0.0036957985468470188	No data	No data	No data	No data	0.030396539880581056	No data	No data	valyl-tRNA synthetase 1
SLC38A9	0.0036957985468470188	No data	No data	No data	No data	0.030396539880581056	No data	No data	solute carrier family 38 member 9
IKZF2	0.0036957985468470188	No data	No data	No data	No data	0.030396539880581056	No data	No data	IKAROS family zinc finger 2
PAX3	0.0036957985468470188	No data	No data	No data	No data	0.030396539880581056	No data	No data	paired box 3
GPC6	0.0036957985468470188	No data	No data	No data	No data	0.030396539880581056	No data	No data	glypican 6
MYO16	0.0036957985468470188	No data	No data	No data	No data	0.030396539880581056	No data	No data	myosin XVI
UBE2N	0.0036957985468470188	No data	No data	No data	No data	0.030396539880581056	No data	No data	ubiquitin conjugating enzyme E2 N
NR2F6	0.0036957985468470188	No data	No data	No data	No data	0.030396539880581056	No data	No data	nuclear receptor subfamily 2 group F member 6
EFNA5	0.0036957985468470188	No data	No data	No data	No data	0.030396539880581056	No data	No data	ephrin A5
ACVR1C	0.0036957985468470188	No data	No data	No data	No data	0.030396539880581056	No data	No data	activin A receptor type 1C
FOXD4	0.0036957985468470188	No data	No data	No data	No data	0.030396539880581056	No data	No data	forkhead box D4
FNDC1	0.0036957985468470188	No data	No data	No data	No data	0.030396539880581056	No data	No data	fibronectin type III domain containing 1
SYN1	0.0036957985468470188	No data	No data	No data	No data	0.030396539880581056	No data	No data	synapsin I
IFIT1	0.0036957985468470188	No data	No data	No data	No data	0.030396539880581056	No data	No data	interferon induced protein with tetratricopeptide repeats 1
PPP3R1	0.0036957985468470188	No data	No data	No data	No data	0.030396539880581056	No data	No data	protein phosphatase 3 regulatory subunit B, alpha
TRPV6	0.0036957985468470188	No data	No data	No data	No data	0.030396539880581056	No data	No data	transient receptor potential cation channel subfamily V member 6
L3MBTL3	0.0036957985468470188	No data	No data	No data	No data	0.030396539880581056	No data	No data	L3MBTL histone methyl-lysine binding protein 3
ACER2	0.0036957985468470188	No data	No data	No data	No data	0.030396539880581056	No data	No data	alkaline ceramidase 2
IGHV3-73	0.0036957985468470188	No data	No data	No data	No data	0.030396539880581056	No data	No data	immunoglobulin heavy variable 3-73
DDX27	0.0036957985468470188	No data	No data	No data	No data	0.030396539880581056	No data	No data	DEAD-box helicase 27
SLC66A1	0.0036957985468470188	No data	No data	No data	No data	0.030396539880581056	No data	No data	solute carrier family 66 member 1
ALMS1P1	0.0036957985468470188	No data	No data	No data	No data	0.030396539880581056	No data	No data	ALMS1 pseudogene 1 
NPSR1	0.0036957985468470188	No data	No data	No data	No data	0.030396539880581056	No data	No data	neuropeptide S receptor 1
IGHV3-35	0.0036957985468470188	No data	No data	No data	No data	0.030396539880581056	No data	No data	immunoglobulin heavy variable 3-35 (non-functional)
BST2	0.0036957985468470188	No data	No data	No data	No data	0.030396539880581056	No data	No data	bone marrow stromal cell antigen 2
MEP1A	0.0036957985468470188	No data	No data	No data	No data	0.030396539880581056	No data	No data	meprin A subunit alpha
IGHV1-58	0.0036957985468470188	No data	No data	No data	No data	0.030396539880581056	No data	No data	immunoglobulin heavy variable 1-58
NCAPD3	0.0036957985468470188	No data	No data	No data	No data	0.030396539880581056	No data	No data	non-SMC condensin II complex subunit D3
IGHV2-5	0.0036957985468470188	No data	No data	No data	No data	0.030396539880581056	No data	No data	immunoglobulin heavy variable 2-5
HIGD1C	0.0036957985468470188	No data	No data	No data	No data	0.030396539880581056	No data	No data	HIG1 hypoxia inducible domain family member 1C
NAPRT	0.0036957985468470188	No data	No data	No data	No data	0.030396539880581056	No data	No data	nicotinate phosphoribosyltransferase
DPYS	0.0036957985468470188	No data	No data	No data	No data	0.030396539880581056	No data	No data	dihydropyrimidinase
IGHG3	0.0036957985468470188	No data	No data	No data	No data	0.030396539880581056	No data	No data	immunoglobulin heavy constant gamma 3 (G3m marker)
ITPKC	0.0036957985468470188	No data	No data	No data	No data	0.030396539880581056	No data	No data	inositol-trisphosphate 3-kinase C
SHOC2	0.0036957985468470188	No data	No data	No data	No data	0.030396539880581056	No data	No data	SHOC2 leucine rich repeat scaffold protein
SLC17A7	0.0036957985468470188	No data	No data	No data	No data	0.030396539880581056	No data	No data	solute carrier family 17 member 7
PCDH9	0.0036957985468470188	No data	No data	No data	No data	0.030396539880581056	No data	No data	protocadherin 9
RPS4Y1	0.0036957985468470188	No data	No data	No data	No data	0.030396539880581056	No data	No data	ribosomal protein S4 Y-linked 1
ERC1	0.0036957985468470188	No data	No data	No data	No data	0.030396539880581056	No data	No data	ELKS/RAB6-interacting/CAST family member 1
NMRK1	0.0036957985468470188	No data	No data	No data	No data	0.030396539880581056	No data	No data	nicotinamide riboside kinase 1
BDH1	0.0036957985468470188	No data	No data	No data	No data	0.030396539880581056	No data	No data	3-hydroxybutyrate dehydrogenase 1
PLB1	0.0036957985468470188	No data	No data	No data	No data	0.030396539880581056	No data	No data	phospholipase B1
IGHV4-39	0.0036957985468470188	No data	No data	No data	No data	0.030396539880581056	No data	No data	immunoglobulin heavy variable 4-39
WDR11	0.0036957985468470188	No data	No data	No data	No data	0.030396539880581056	No data	No data	WD repeat domain 11
WDR86	0.0036957985468470188	No data	No data	No data	No data	0.030396539880581056	No data	No data	WD repeat domain 86
SNHG17	0.0036957985468470188	No data	No data	No data	No data	0.030396539880581056	No data	No data	small nucleolar RNA host gene 17
NRP2	0.0036957985468470188	No data	No data	No data	No data	0.030396539880581056	No data	No data	neuropilin 2
COQ6	0.0036957985468470188	No data	No data	No data	No data	0.030396539880581056	No data	No data	coenzyme Q6, monooxygenase
KRT4	0.0036957985468470188	No data	No data	No data	No data	0.030396539880581056	No data	No data	keratin 4
IGHV3-38	0.0036957985468470188	No data	No data	No data	No data	0.030396539880581056	No data	No data	immunoglobulin heavy variable 3-38 (non-functional)
ITIH3	0.0036957985468470188	No data	No data	No data	No data	0.030396539880581056	No data	No data	inter-alpha-trypsin inhibitor heavy chain 3
PHYH	0.0036957985468470188	No data	No data	No data	No data	0.030396539880581056	No data	No data	phytanoyl-CoA 2-hydroxylase
AP3M1	0.0036957985468470188	No data	No data	No data	No data	0.030396539880581056	No data	No data	adaptor related protein complex 3 subunit mu 1
CCL26	0.0036957985468470188	No data	No data	No data	No data	0.030396539880581056	No data	No data	C-C motif chemokine ligand 26
MACROD2	0.0036957985468470188	No data	No data	No data	No data	0.030396539880581056	No data	No data	mono-ADP ribosylhydrolase 2
UGT1A8	0.0036957985468470188	No data	No data	No data	No data	0.030396539880581056	No data	No data	UDP glucuronosyltransferase family 1 member A8
AMER1	0.0036957985468470188	No data	No data	No data	No data	0.030396539880581056	No data	No data	APC membrane recruitment protein 1
NEDD9	0.0036957985468470188	No data	No data	No data	No data	0.030396539880581056	No data	No data	neural precursor cell expressed, developmentally down-regulated 9
CLDN8	0.0036957985468470188	No data	No data	No data	No data	0.030396539880581056	No data	No data	claudin 8
FAM53A	0.0036957985468470188	No data	No data	No data	No data	0.030396539880581056	No data	No data	family with sequence similarity 53 member A
CTSE	0.0036957985468470188	No data	No data	No data	No data	0.030396539880581056	No data	No data	cathepsin E
NINJ2	0.0036957985468470188	No data	No data	No data	No data	0.030396539880581056	No data	No data	ninjurin 2
IGHV1-24	0.0036957985468470188	No data	No data	No data	No data	0.030396539880581056	No data	No data	immunoglobulin heavy variable 1-24
CTHRC1	0.0036957985468470188	No data	No data	No data	No data	0.030396539880581056	No data	No data	collagen triple helix repeat containing 1
GDPD2	0.0036957985468470188	No data	No data	No data	No data	0.030396539880581056	No data	No data	glycerophosphodiester phosphodiesterase domain containing 2
SMG7	0.0036957985468470188	No data	No data	No data	No data	0.030396539880581056	No data	No data	SMG7 nonsense mediated mRNA decay factor
IFI44L	0.0036957985468470188	No data	No data	No data	No data	0.030396539880581056	No data	No data	interferon induced protein 44 like
IL2RG	0.0036957985468470188	No data	No data	No data	No data	0.030396539880581056	No data	No data	interleukin 2 receptor subunit gamma
CTNNAL1	0.0036957985468470188	No data	No data	No data	No data	0.030396539880581056	No data	No data	catenin alpha like 1
TCF3	0.0036957985468470188	No data	No data	No data	No data	0.030396539880581056	No data	No data	transcription factor 3
CLTRN	0.0036957985468470188	No data	No data	No data	No data	0.030396539880581056	No data	No data	collectrin, amino acid transport regulator
TFB2M	0.0036957985468470188	No data	No data	No data	No data	0.030396539880581056	No data	No data	transcription factor B2, mitochondrial
NDUFAF6	0.0036957985468470188	No data	No data	No data	No data	0.030396539880581056	No data	No data	NADH:ubiquinone oxidoreductase complex assembly factor 6
PRCP	0.0036957985468470188	No data	No data	No data	No data	0.030396539880581056	No data	No data	prolylcarboxypeptidase
CDCA3	0.0036957985468470188	No data	No data	No data	No data	0.030396539880581056	No data	No data	cell division cycle associated 3
TERF1	0.0036957985468470188	No data	No data	No data	No data	0.030396539880581056	No data	No data	telomeric repeat binding factor 1
ARL13B	0.0036957985468470188	No data	No data	No data	No data	0.030396539880581056	No data	No data	ADP ribosylation factor like GTPase 13B
HIF3A	0.0036957985468470188	No data	No data	No data	No data	0.030396539880581056	No data	No data	hypoxia inducible factor 3 subunit alpha
DBH	0.0036957985468470188	No data	No data	No data	No data	0.030396539880581056	No data	No data	dopamine beta-hydroxylase
UPK3A	0.0036957985468470188	No data	No data	No data	No data	0.030396539880581056	No data	No data	uroplakin 3A
TYRP1	0.0036957985468470188	No data	No data	No data	No data	0.030396539880581056	No data	No data	tyrosinase related protein 1
CAMK2N1	0.0036957985468470188	No data	No data	No data	No data	0.030396539880581056	No data	No data	calcium/calmodulin dependent protein kinase II inhibitor 1
TIMD4	0.0036957985468470188	No data	No data	No data	No data	0.030396539880581056	No data	No data	T cell immunoglobulin and mucin domain containing 4
ACAD11	0.0036957985468470188	No data	No data	No data	No data	0.030396539880581056	No data	No data	acyl-CoA dehydrogenase family member 11
CYP11A1	0.0036957985468470188	No data	No data	No data	No data	0.030396539880581056	No data	No data	cytochrome P450 family 11 subfamily A member 1
DNASE1	0.0036957985468470188	No data	No data	No data	No data	0.030396539880581056	No data	No data	deoxyribonuclease 1
DIO3	0.0036957985468470188	No data	No data	No data	No data	0.030396539880581056	No data	No data	iodothyronine deiodinase 3
CACNA1A	0.0036957985468470188	No data	No data	No data	No data	0.030396539880581056	No data	No data	calcium voltage-gated channel subunit alpha1 A
FBLN5	0.0036957985468470188	No data	No data	No data	No data	0.030396539880581056	No data	No data	fibulin 5
COL2A1	0.0036957985468470188	No data	No data	No data	No data	0.030396539880581056	No data	No data	collagen type II alpha 1 chain
NRN1	0.0036957985468470188	No data	No data	No data	No data	0.030396539880581056	No data	No data	neuritin 1
GIMAP6	0.0036957985468470188	No data	No data	No data	No data	0.030396539880581056	No data	No data	GTPase, IMAP family member 6
SGO2	0.0036957985468470188	No data	No data	No data	No data	0.030396539880581056	No data	No data	shugoshin 2
IFIT2	0.0036957985468470188	No data	No data	No data	No data	0.030396539880581056	No data	No data	interferon induced protein with tetratricopeptide repeats 2
S100G	0.0036957985468470188	No data	No data	No data	No data	0.030396539880581056	No data	No data	S100 calcium binding protein G
FBXW11	0.0036957985468470188	No data	No data	No data	No data	0.030396539880581056	No data	No data	F-box and WD repeat domain containing 11
GON7	0.0036957985468470188	No data	No data	No data	No data	0.030396539880581056	No data	No data	GON7 subunit of KEOPS complex
SRCAP	0.0036957985468470188	No data	No data	No data	No data	0.030396539880581056	No data	No data	Snf2 related CREBBP activator protein
GABPB1	0.0036957985468470188	No data	No data	No data	No data	0.030396539880581056	No data	No data	GA binding protein transcription factor subunit beta 1
NFKBIE	0.0036957985468470188	No data	No data	No data	No data	0.030396539880581056	No data	No data	NFKB inhibitor epsilon
AGMAT	0.0036957985468470188	No data	No data	No data	No data	0.030396539880581056	No data	No data	agmatinase
OSBPL9	0.0036957985468470188	No data	No data	No data	No data	0.030396539880581056	No data	No data	oxysterol binding protein like 9
PGRMC1	0.0036957985468470188	No data	No data	No data	No data	0.030396539880581056	No data	No data	progesterone receptor membrane component 1
SRCIN1	0.0036957985468470188	No data	No data	No data	No data	0.030396539880581056	No data	No data	SRC kinase signaling inhibitor 1
MTA2	0.0036957985468470188	No data	No data	No data	No data	0.030396539880581056	No data	No data	metastasis associated 1 family member 2
TNFSF15	0.0036957985468470188	No data	No data	No data	No data	0.030396539880581056	No data	No data	TNF superfamily member 15
COL5A3	0.0036957985468470188	No data	No data	No data	No data	0.030396539880581056	No data	No data	collagen type V alpha 3 chain
CD2BP2	0.0036918925745487684	No data	No data	No data	No data	No data	0.03036441474139091	No data	CD2 cytoplasmic tail binding protein 2
PNISR	0.0036887997674712333	No data	No data	No data	No data	No data	0.030338977577410355	No data	PNN interacting serine and arginine rich protein
TBCB	0.0036885514966763784	No data	No data	No data	No data	No data	0.030336935644382532	No data	tubulin folding cofactor B
GPAT4	0.003687798227442695	No data	No data	No data	No data	No data	0.030330740290925834	No data	glycerol-3-phosphate acyltransferase 4
UGT2B4	0.0036866570111502395	No data	No data	No data	No data	No data	0.030321354220200845	No data	UDP glucuronosyltransferase family 2 member B4
COG4	0.0036837542858985067	No data	No data	No data	No data	No data	0.030297480407070008	No data	component of oligomeric golgi complex 4
METAP2	0.003682350968230221	No data	No data	No data	No data	No data	0.03028593865203967	No data	methionyl aminopeptidase 2
SCRT2	0.003678783661784154	No data	No data	No data	No data	No data	0.030256598910903994	No data	scratch family transcriptional repressor 2
PRDM9	0.003675266332697868	No data	No data	No data	No data	0.030227670214577826	No data	No data	PR/SET domain 9
SCD5	0.003675266332697868	No data	No data	No data	No data	0.030227670214577826	No data	No data	stearoyl-CoA desaturase 5
CCL24	0.003675266332697868	No data	No data	No data	No data	0.030227670214577826	No data	No data	C-C motif chemokine ligand 24
HNRNPF	0.003675266332697868	No data	No data	No data	No data	0.030227670214577826	No data	No data	heterogeneous nuclear ribonucleoprotein F
GSDMA	0.003675266332697868	No data	No data	No data	No data	0.030227670214577826	No data	No data	gasdermin A
VSIG10L	0.003673227798892482	No data	No data	No data	No data	No data	0.0302109040479895	No data	V-set and immunoglobulin domain containing 10 like
PACS1	0.0036682037947757436	No data	No data	No data	No data	0.01823792392834863	0.02561010253948325	No data	phosphofurin acidic cluster sorting protein 1
HYI	0.0036651611771720554	No data	No data	No data	No data	No data	0.03014455914695703	No data	hydroxypyruvate isomerase (putative)
MYL9	0.0036644629441004053	No data	No data	No data	No data	No data	0.030138816445037724	No data	myosin light chain 9
LINC02470	0.0036627133442674264	No data	No data	No data	No data	No data	0.030124426650674184	No data	long intergenic non-protein coding RNA 2470
CPNE1	0.0036627133442674264	No data	No data	No data	No data	No data	0.030124426650674184	No data	copine 1
EIF4A2	0.003658128306320695	No data	No data	No data	No data	No data	0.030086716454343083	No data	eukaryotic translation initiation factor 4A2
FBXL3	0.0036574711742545707	No data	No data	No data	No data	No data	0.03008131179258959	No data	F-box and leucine rich repeat protein 3
PPP2R1A	0.003649396834587081	No data	No data	No data	No data	No data	0.030014903414372768	No data	protein phosphatase 2 scaffold subunit Aalpha
PRMT5	0.0036472060855614677	No data	No data	No data	No data	0.024317231904464845	0.022718613723696393	No data	protein arginine methyltransferase 5
CAPNS1	0.0036440337113660386	No data	No data	No data	No data	No data	0.0299707937620726	No data	calpain small subunit 1
FAM20C	0.0036423955950488753	No data	No data	No data	No data	0.024317231904464845	0.0225603558913414	No data	FAM20C golgi associated secretory pathway kinase
CA4	0.0036385762494600205	No data	No data	No data	No data	0.024317231904464845	0.02243470522176324	No data	carbonic anhydrase 4
MORC3	0.0036323195528120845	No data	No data	No data	No data	No data	0.029874449255428294	No data	MORC family CW-type zinc finger 3
BCAM	0.0036307959888918252	No data	No data	No data	No data	No data	0.029861918520628833	No data	basal cell adhesion molecule (Lutheran blood group)
ADPRS	0.0036279376815717456	No data	No data	No data	No data	No data	0.02983841002812188	No data	ADP-ribosylserine hydrolase
ATP2C1	0.0036257784119026132	No data	No data	No data	No data	No data	0.02982065085489348	No data	ATPase secretory pathway Ca2+ transporting 1
GALT	0.003622082489137031	No data	No data	No data	No data	No data	0.029790253293360967	No data	galactose-1-phosphate uridylyltransferase
CDC34	0.003617599470234497	No data	No data	No data	No data	No data	0.02975338216493528	No data	cell division cycle 34, ubiqiutin conjugating enzyme
PSMC4	0.003616390812343837	No data	No data	No data	No data	No data	0.029743441412670314	No data	proteasome 26S subunit, ATPase 4
GPR156	0.00361327746554903	No data	No data	No data	No data	No data	0.029717835317313417	No data	G protein-coupled receptor 156
TMEM120A	0.003611155966111076	No data	No data	No data	No data	No data	0.02970038678989641	No data	transmembrane protein 120A
KBTBD7	0.00361090502681604	No data	No data	No data	No data	No data	0.029698322909467736	No data	kelch repeat and BTB domain containing 7
CXXC1	0.0036052445270354444	No data	No data	No data	No data	No data	0.029651767447868863	No data	CXXC finger protein 1
CMIP	0.0036041634939381504	No data	No data	No data	No data	0.024317231904464845	0.021302577826439045	No data	c-Maf inducing protein
UBE2M	0.00359971572374725	No data	No data	No data	No data	No data	0.029606295139919383	No data	ubiquitin conjugating enzyme E2 M
MFSD4B	0.003595605694857331	No data	No data	No data	No data	No data	0.029572491712736005	No data	major facilitator superfamily domain containing 4B
UBA7	0.003586471669208247	No data	No data	No data	No data	No data	0.029497367819646785	No data	ubiquitin like modifier activating enzyme 7
RASSF4	0.0035861190454390805	No data	No data	No data	No data	No data	0.02949446762302447	No data	Ras association domain family member 4
DOT1L	0.003582871369026692	No data	No data	No data	No data	0.029467756717563298	No data	No data	DOT1 like histone lysine methyltransferase
NUDCD3	0.0035491221872567774	No data	No data	No data	No data	No data	0.029190182510906017	No data	NudC domain containing 3
TM4SF1	0.003539244488868215	No data	No data	No data	No data	No data	0.02910894219188147	No data	transmembrane 4 L six family member 1
R3HCC1	0.0035300993882267603	No data	No data	No data	No data	No data	0.029033727211184798	No data	R3H domain and coiled-coil containing 1
TPSG1	0.003526463304829372	No data	No data	No data	No data	No data	0.02900382180573673	No data	tryptase gamma 1
S100A10	0.003526463304829372	No data	No data	No data	No data	No data	0.02900382180573673	No data	S100 calcium binding protein A10
DUSP9	0.0035220952947806277	No data	No data	No data	No data	No data	0.02896789658146857	No data	dual specificity phosphatase 9
CLEC18B	0.003513984784008776	No data	No data	No data	No data	No data	0.028901190709651286	No data	C-type lectin domain family 18 member B
CLDN3	0.0035126601266081887	No data	No data	No data	No data	No data	0.02889029590545818	No data	claudin 3
XPNPEP2	0.003512093284175717	No data	No data	No data	No data	No data	0.02888563384166162	No data	X-prolyl aminopeptidase 2
ATP2B4	0.0035110086195046675	No data	No data	No data	No data	0.028876712886552	No data	No data	ATPase plasma membrane Ca2+ transporting 4
ABCC3	0.0035110086195046675	No data	No data	No data	No data	0.028876712886552	No data	No data	ATP binding cassette subfamily C member 3
ABCC2	0.0035110086195046675	No data	No data	No data	No data	0.028876712886552	No data	No data	ATP binding cassette subfamily C member 2
CBL	0.0035110086195046675	No data	No data	No data	No data	0.028876712886552	No data	No data	Cbl proto-oncogene
SLC6A3	0.0035110086195046675	No data	No data	No data	No data	0.028876712886552	No data	No data	solute carrier family 6 member 3
FAT1	0.0035110086195046675	No data	No data	No data	No data	0.028876712886552	No data	No data	FAT atypical cadherin 1
CEBPD	0.0035110086195046675	No data	No data	No data	No data	0.028876712886552	No data	No data	CCAAT enhancer binding protein delta
RBM23	0.003506253635683587	No data	No data	No data	No data	0.012158615952232422	0.025797950961868866	No data	RNA binding motif protein 23
TRAF4	0.0034982048480070864	No data	No data	No data	No data	No data	0.028771406727134817	No data	TNF receptor associated factor 4
NABP1	0.003494361292944101	No data	No data	No data	No data	No data	0.02873979494600705	No data	nucleic acid binding protein 1
SLCO2B1	0.003490476405355517	No data	No data	No data	No data	0.02870784322054877	No data	No data	solute carrier organic anion transporter family member 2B1
TRPV5	0.003490476405355517	No data	No data	No data	No data	0.02870784322054877	No data	No data	transient receptor potential cation channel subfamily V member 5
CYP2E1	0.003490476405355517	No data	No data	No data	No data	0.02870784322054877	No data	No data	cytochrome P450 family 2 subfamily E member 1
SCN10A	0.003490476405355517	No data	No data	No data	No data	0.02870784322054877	No data	No data	sodium voltage-gated channel alpha subunit 10
CCNB2	0.003490476405355517	No data	No data	No data	No data	0.02870784322054877	No data	No data	cyclin B2
CHST3	0.003490476405355517	No data	No data	No data	No data	0.02870784322054877	No data	No data	carbohydrate sulfotransferase 3
MCAT	0.003490476405355517	No data	No data	No data	No data	0.02870784322054877	No data	No data	malonyl-CoA-acyl carrier protein transacylase
GP1BA	0.003490476405355517	No data	No data	No data	No data	0.02870784322054877	No data	No data	glycoprotein Ib platelet subunit alpha
YWHAQ	0.003486680366045512	No data	No data	No data	No data	No data	0.028676622238449176	No data	tyrosine 3-monooxygenase/tryptophan 5-monooxygenase activation protein theta
PQBP1	0.0034836842325749644	No data	No data	No data	No data	No data	0.028651980178182462	No data	polyglutamine binding protein 1
IGKC	0.003479214906671091	No data	No data	No data	No data	No data	0.028615221669472	No data	immunoglobulin kappa constant
MAPKAPK3	0.0034754577303639724	No data	No data	No data	No data	No data	0.028584320320816196	No data	MAPK activated protein kinase 3
ARAF	0.0034754577303639724	No data	No data	No data	No data	No data	0.028584320320816196	No data	A-Raf proto-oncogene, serine/threonine kinase
TRIM74	0.003472890817772354	No data	No data	No data	No data	No data	0.02856320843931831	No data	tripartite motif containing 74
ARL6IP5	0.003471773364109311	No data	No data	No data	No data	0.01823792392834863	0.023994536825111244	No data	ADP ribosylation factor like GTPase 6 interacting protein 5
BIN1	0.003469331994700699	No data	No data	No data	No data	No data	0.028533938470716322	No data	bridging integrator 1
SLIT2	0.003463783100024637	No data	No data	No data	No data	0.024317231904464845	0.016684276057059154	No data	slit guidance ligand 2
REEP6	0.0034623968196719423	No data	No data	No data	No data	No data	0.028476899289151557	No data	receptor accessory protein 6
SFR1	0.0034618827472521867	No data	No data	No data	No data	No data	0.028472671238674634	No data	SWI5 dependent homologous recombination repair protein 1
ATP6V0E2	0.0034595481029153752	No data	No data	No data	No data	No data	0.02845346967538829	No data	ATPase H+ transporting V0 subunit e2
DOCK11	0.003458588436130357	No data	No data	No data	No data	No data	0.02844557678043389	No data	dedicator of cytokinesis 11
LINC00671	0.0034558603043892216	No data	No data	No data	No data	No data	0.02842313893264058	No data	long intergenic non-protein coding RNA 671
MOV10	0.0034548254616298462	No data	No data	No data	No data	No data	0.02841462774383882	No data	Mov10 RISC complex RNA helicase
MYO15B	0.0034522040327158313	No data	No data	No data	No data	No data	0.028393067486287192	No data	myosin XVB
TMED3	0.0034520440363697193	No data	No data	No data	No data	No data	0.02839175157708551	No data	transmembrane p24 trafficking protein 3
ACTR1B	0.0034487618630789567	No data	No data	No data	No data	No data	0.02836475694789698	No data	actin related protein 1B
TMEM184C	0.00344446806888071	No data	No data	No data	No data	No data	0.02832944212082196	No data	transmembrane protein 184C
ERBIN	0.0034378095750308506	No data	No data	No data	No data	No data	0.02827467853690732	No data	erbb2 interacting protein
ZBTB48	0.0034311000694636266	No data	No data	No data	No data	No data	0.02821949540098475	No data	zinc finger and BTB domain containing 48
RHBDD2	0.003426801052417992	No data	No data	No data	No data	No data	0.0281841376179729	No data	rhomboid domain containing 2
TMED1	0.0034261965322991243	No data	No data	No data	No data	No data	0.028179165669510654	No data	transmembrane p24 trafficking protein 1
PLXNB2	0.0034212284608860157	No data	No data	No data	No data	No data	0.028138305168343192	No data	plexin B2
YKT6	0.0034206228750520854	No data	No data	No data	No data	No data	0.028133324454779167	No data	YKT6 v-SNARE homolog
FAHD2A	0.0034122412515744517	No data	No data	No data	No data	No data	0.02806438878388898	No data	fumarylacetoacetate hydrolase domain containing 2A
MAF1	0.0034095013376088117	No data	No data	No data	No data	No data	0.02804185403177242	No data	MAF1 homolog, negative regulator of RNA polymerase III
TMEM50A	0.0033999126236256725	No data	No data	No data	No data	No data	0.02796299049976507	No data	transmembrane protein 50A
OXA1L	0.0033974659277181836	No data	No data	No data	No data	No data	0.027942867354852026	No data	OXA1L mitochondrial inner membrane protein
ARHGAP33	0.003373344503974871	No data	No data	No data	No data	No data	0.027744477802635885	No data	Rho GTPase activating protein 33
NT5C	0.0033725881766189674	No data	No data	No data	No data	No data	0.027738257297284994	No data	5', 3'-nucleotidase, cytosolic
POLR2E	0.003367582957022343	No data	No data	No data	No data	No data	0.027697091266412004	No data	RNA polymerase II, I and III subunit E
GOLT1B	0.0033645239893165956	No data	No data	No data	No data	No data	0.027671932418416763	No data	golgi transport 1B
NUDC	0.0033606950930137394	No data	No data	No data	No data	No data	0.027640441200025637	No data	nuclear distribution C, dynein complex regulator
MANBAL	0.0033578839035331943	No data	No data	No data	No data	No data	0.02761732023385983	No data	mannosidase beta like
UQCRC1	0.0033429304210141806	No data	No data	No data	No data	No data	0.027494333517462496	No data	ubiquinol-cytochrome c reductase core protein 1
IFRD2	0.0033418247710768506	No data	No data	No data	No data	No data	0.027485239966505107	No data	interferon related developmental regulator 2
RELL1	0.0033383906324861855	No data	No data	No data	No data	No data	0.027456995480420864	No data	RELT like 1
EPHX1	0.0033373718978463446	No data	No data	No data	No data	0.012158615952232422	0.024408962786728466	No data	epoxide hydrolase 1
FUZ	0.0033333382307373484	No data	No data	No data	No data	No data	0.027415441394259353	No data	fuzzy planar cell polarity protein
LDLRAD4	0.0033267999904912347	No data	No data	No data	No data	No data	0.027361666850579378	No data	low density lipoprotein receptor class A domain containing 4
INO80	0.003326218692162316	No data	No data	No data	No data	0.02735688589252295	No data	No data	INO80 complex ATPase subunit
NOX5	0.003326218692162316	No data	No data	No data	No data	0.02735688589252295	No data	No data	NADPH oxidase 5
CD47	0.003326218692162316	No data	No data	No data	No data	0.02735688589252295	No data	No data	CD47 molecule
NCL	0.003326218692162316	No data	No data	No data	No data	0.02735688589252295	No data	No data	nucleolin
GREM2	0.003326218692162316	No data	No data	No data	No data	0.02735688589252295	No data	No data	gremlin 2, DAN family BMP antagonist
KCNJ1	0.003326218692162316	No data	No data	No data	No data	0.02735688589252295	No data	No data	potassium inwardly rectifying channel subfamily J member 1
AGRP	0.003326218692162316	No data	No data	No data	No data	0.02735688589252295	No data	No data	agouti related neuropeptide
GPNMB	0.003326218692162316	No data	No data	No data	No data	0.02735688589252295	No data	No data	glycoprotein nmb
CKAP2	0.003326218692162316	No data	No data	No data	No data	0.02735688589252295	No data	No data	cytoskeleton associated protein 2
RARS1	0.003326218692162316	No data	No data	No data	No data	0.02735688589252295	No data	No data	arginyl-tRNA synthetase 1
BAK1	0.003326218692162316	No data	No data	No data	No data	0.02735688589252295	No data	No data	BCL2 antagonist/killer 1
HMGN1	0.003326218692162316	No data	No data	No data	No data	0.02735688589252295	No data	No data	high mobility group nucleosome binding domain 1
UROD	0.003326218692162316	No data	No data	No data	No data	0.02735688589252295	No data	No data	uroporphyrinogen decarboxylase
MYO1E	0.003326218692162316	No data	No data	No data	No data	0.02735688589252295	No data	No data	myosin IE
RIPK2	0.003326218692162316	No data	No data	No data	No data	0.02735688589252295	No data	No data	receptor interacting serine/threonine kinase 2
ROMO1	0.003326218692162316	No data	No data	No data	No data	0.02735688589252295	No data	No data	reactive oxygen species modulator 1
MIR21	0.003326218692162316	No data	No data	No data	No data	0.02735688589252295	No data	No data	microRNA 21
DUOX1	0.003326218692162316	No data	No data	No data	No data	0.02735688589252295	No data	No data	dual oxidase 1
SHOX	0.003326218692162316	No data	No data	No data	No data	0.02735688589252295	No data	No data	short stature homeobox
HBE1	0.003326218692162316	No data	No data	No data	No data	0.02735688589252295	No data	No data	hemoglobin subunit epsilon 1
RPH3A	0.003326218692162316	No data	No data	No data	No data	0.02735688589252295	No data	No data	rabphilin 3A
CYP7A1	0.003326218692162316	No data	No data	No data	No data	0.02735688589252295	No data	No data	cytochrome P450 family 7 subfamily A member 1
HOXA-AS2	0.003326218692162316	No data	No data	No data	No data	0.02735688589252295	No data	No data	HOXA cluster antisense RNA 2
YTHDF3	0.0033211931601475502	No data	No data	No data	No data	No data	0.027315552799722666	No data	YTH N6-methyladenosine RNA binding protein F3
C7orf50	0.003315012194075693	No data	No data	No data	No data	No data	0.027264716700481268	No data	chromosome 7 open reading frame 50
ZNF710	0.003313388425403541	No data	No data	No data	No data	No data	0.027251361819641776	No data	zinc finger protein 710
UBR5-DT	0.003311904773823131	No data	No data	No data	No data	No data	0.02723915934868424	No data	UBR5 divergent transcript
PPM1G	0.0033055054352139515	No data	No data	No data	No data	No data	0.027186527218231886	No data	protein phosphatase, Mg2+/Mn2+ dependent 1G
KLF3	0.0033043242388365673	No data	No data	No data	No data	No data	0.02717681232648743	No data	KLF transcription factor 3
PHYHD1	0.003303974234213132	No data	No data	No data	No data	No data	0.027173933671344356	No data	phytanoyl-CoA dioxygenase domain containing 1
BCAP31	0.003290167919299835	No data	No data	No data	No data	No data	0.02706038197296406	No data	B cell receptor associated protein 31
ACSF3	0.003280788612073832	No data	No data	No data	No data	No data	0.026983240732029637	No data	acyl-CoA synthetase family member 3
IRF2BP2	0.003278008686841329	No data	No data	No data	No data	No data	0.026960376902434025	No data	interferon regulatory factor 2 binding protein 2
AIP	0.003264712572384181	No data	No data	No data	No data	No data	0.02685102140910005	No data	aryl hydrocarbon receptor interacting protein
KLHDC8B	0.0032601023243234266	No data	No data	No data	No data	No data	0.026813103869152515	No data	kelch domain containing 8B
OR2W3	0.003254408357310664	No data	No data	No data	No data	No data	0.026766273152275425	No data	olfactory receptor family 2 subfamily W member 3
PPIAL4A	0.003251212636138095	No data	No data	No data	No data	No data	0.026739989558936153	No data	peptidylprolyl isomerase A like 4A
ZNF8	0.0032512040322829365	No data	No data	No data	No data	No data	0.02673991879549406	No data	zinc finger protein 8
ZNF384	0.0032443314932683815	No data	No data	No data	No data	No data	0.026683394771365374	No data	zinc finger protein 384
DCDC2	0.003237736860686694	No data	No data	No data	No data	0.012158615952232422	0.023589502434077418	No data	doublecortin domain containing 2
TP53I13	0.0032366321236462076	No data	No data	No data	No data	No data	0.026620070379408074	No data	tumor protein p53 inducible protein 13
CSGALNACT1	0.0032231251876411846	No data	No data	No data	No data	No data	0.026508980958884487	No data	chondroitin sulfate N-acetylgalactosaminyltransferase 1
MAFA	0.003217228692824369	No data	No data	No data	No data	No data	0.026460484527711884	No data	MAF bZIP transcription factor A
DPYSL2	0.0032082040726489226	No data	No data	No data	No data	No data	0.026386260453105846	No data	dihydropyrimidinase like 2
HTRA2	0.0032065953400708344	No data	No data	No data	No data	No data	0.026373029238431343	No data	HtrA serine peptidase 2
PDIA4	0.003206047479392121	No data	No data	No data	No data	No data	0.026368523292352734	No data	protein disulfide isomerase family A member 4
DGCR6	0.003204337978829053	No data	No data	No data	No data	No data	0.0263544632992599	No data	DiGeorge syndrome critical region gene 6
CCS	0.0032011770379597486	No data	No data	No data	No data	No data	0.026328465760710094	No data	copper chaperone for superoxide dismutase
MEPCE	0.003200353894153542	No data	No data	No data	No data	No data	0.02632169571542336	No data	methylphosphate capping enzyme
GPIHBP1	0.0032000527779829516	No data	No data	No data	No data	0.021277577916406734	0.02016656493134775	No data	glycosylphosphatidylinositol anchored high density lipoprotein binding protein 1
PFKL	0.003197466212937696	No data	No data	No data	No data	No data	0.02629794563377598	No data	phosphofructokinase, liver type
IDH3G	0.0031910214043923027	No data	No data	No data	No data	No data	0.026244939530361635	No data	isocitrate dehydrogenase (NAD(+)) 3 non-catalytic subunit gamma
STAB1	0.0031907430713839177	No data	No data	No data	No data	No data	0.026242650347041114	No data	stabilin 1
ASB16	0.0031865193030458563	No data	No data	No data	No data	No data	0.02620791145607971	No data	ankyrin repeat and SOCS box containing 16
ENDOG	0.0031822785199449814	No data	No data	No data	No data	No data	0.026173032625154094	No data	endonuclease G
SIGIRR	0.0031750398287748484	No data	No data	No data	No data	No data	0.02611349713856111	No data	single Ig and TIR domain containing
RDH12	0.0031726977367569444	No data	No data	No data	No data	No data	0.02609423432092541	No data	retinol dehydrogenase 12
RBM6	0.003170863497164929	No data	No data	No data	No data	No data	0.026079148396678586	No data	RNA binding motif protein 6
CDHR2	0.0031574550539519223	No data	No data	No data	No data	No data	0.025968869041975026	No data	cadherin related family member 2
HYAL2	0.003157058659511121	No data	No data	No data	No data	No data	0.025965608848196733	No data	hyaluronidase 2
MVD	0.0031533335550254942	No data	No data	No data	No data	No data	0.025934971278096144	No data	mevalonate diphosphate decarboxylase
PRSS8	0.003147190249808461	No data	No data	No data	No data	No data	0.025884444925087145	No data	serine protease 8
USP1	0.0031464048876954213	No data	No data	No data	No data	0.01823792392834863	0.021318504637795138	No data	ubiquitin specific peptidase 1
PMPCA	0.0031444837604445203	No data	No data	No data	No data	No data	0.02586218507762939	No data	peptidase, mitochondrial processing subunit alpha
METRN	0.0031424650934809236	No data	No data	No data	No data	No data	0.025845582308272032	No data	meteorin, glial cell differentiation regulator
RECQL5	0.003130549512657268	No data	No data	No data	No data	No data	0.025747581179932515	No data	RecQ like helicase 5
NR1I2	0.003128698792047492	No data	No data	No data	No data	0.025732359705571892	No data	No data	nuclear receptor subfamily 1 group I member 2
PRKG1	0.003128698792047492	No data	No data	No data	No data	0.025732359705571892	No data	No data	protein kinase cGMP-dependent 1
ALDH2	0.003128698792047492	No data	No data	No data	No data	0.025732359705571892	No data	No data	aldehyde dehydrogenase 2 family member
ANKRD54	0.0031283645480182395	No data	No data	No data	No data	No data	0.025729610675332217	No data	ankyrin repeat domain 54
FXYD6	0.0031204622806349828	No data	No data	No data	No data	No data	0.025664617526323298	No data	FXYD domain containing ion transport regulator 6
BICC1	0.0031195932834546802	No data	No data	No data	No data	No data	0.02565747035444357	No data	BicC family RNA binding protein 1
TMEM127	0.0031170556993579354	No data	No data	No data	No data	No data	0.025636599688681	No data	transmembrane protein 127
TSPAN33	0.0031129959787626524	No data	No data	No data	No data	No data	0.02560321002812068	No data	tetraspanin 33
ECRG4	0.003112655477486429	No data	No data	No data	No data	No data	0.025600409534400334	No data	ECRG4 augurin precursor
RSPO1	0.0031106304435962405	No data	No data	No data	No data	0.025583754399489053	No data	No data	R-spondin 1
MYO7A	0.00310880689951109	No data	No data	No data	No data	No data	0.025568756441725488	No data	myosin VIIA
PTGES2	0.0031061960588152516	No data	No data	No data	No data	No data	0.025547283268248375	No data	prostaglandin E synthase 2
MYL5	0.003105819596485921	No data	No data	No data	No data	No data	0.025544187008519396	No data	myosin light chain 5
HPS1	0.0031050540256968933	No data	No data	No data	No data	No data	0.025537890479440464	No data	HPS1 biogenesis of lysosomal organelles complex 3 subunit 1
MAP2K2	0.00309852257806973	No data	No data	No data	No data	No data	0.025484171802472432	No data	mitogen-activated protein kinase kinase 2
RNF216	0.003097280366488882	No data	No data	No data	No data	No data	0.02547395508384485	No data	ring finger protein 216
GPM6A	0.003091235884246592	No data	No data	No data	No data	No data	0.02542424151228344	No data	glycoprotein M6A
ALKAL2	0.0030870346303657863	No data	No data	No data	No data	No data	0.025389687794185004	No data	ALK and LTK ligand 2
CDIPT	0.00307426351286616	No data	No data	No data	No data	No data	0.025284650201503403	No data	CDP-diacylglycerol--inositol 3-phosphatidyltransferase
CALM2	0.0030721532390820777	No data	No data	No data	No data	No data	0.025267294000827497	No data	calmodulin 2
ECT2	0.0030720723151036137	No data	No data	No data	No data	No data	0.025266628431828673	No data	epithelial cell transforming 2
POLM	0.003062243714247769	No data	No data	No data	No data	No data	0.025185791921370097	No data	DNA polymerase mu
PRAC1	0.0030610079390630735	No data	No data	No data	No data	No data	0.02517562813965719	No data	PRAC1 small nuclear protein
NRBP1	0.0030580727898500736	No data	No data	No data	No data	No data	0.025151487651755188	No data	nuclear receptor binding protein 1
HYAL1	0.003054443987039649	No data	No data	No data	No data	No data	0.025121642126370705	No data	hyaluronidase 1
MYOZ3-AS1	0.003052599031958813	No data	No data	No data	No data	No data	0.025106468071296635	No data	MYOZ3 antisense RNA 1
RAB3D	0.003051032468267193	No data	No data	No data	No data	No data	0.025093583679703272	No data	RAB3D, member RAS oncogene family
HOOK2	0.0030510314964724765	No data	No data	No data	No data	No data	0.02509357568706068	No data	hook microtubule tethering protein 2
GET3	0.0030510314964724765	No data	No data	No data	No data	No data	0.02509357568706068	No data	guided entry of tail-anchored proteins factor 3, ATPase
LHFPL6	0.003047645942530648	No data	No data	No data	No data	No data	0.025065730791267202	No data	LHFPL tetraspan subfamily member 6
ZER1	0.0030464491010025515	No data	No data	No data	No data	No data	0.02505588722409805	No data	zyg-11 related cell cycle regulator
RBM47	0.003044413324752389	No data	No data	No data	No data	No data	0.025039143737354497	No data	RNA binding motif protein 47
PGD	0.0030402164856721506	No data	No data	No data	No data	No data	0.025004626329314574	No data	phosphogluconate dehydrogenase
ARHGAP35	0.0030399190570999488	No data	No data	No data	No data	No data	0.02500218009223159	No data	Rho GTPase activating protein 35
TRAPPC6A	0.00303763272728481	No data	No data	No data	No data	No data	0.024983375897542643	No data	trafficking protein particle complex subunit 6A
GGTLC1	0.00302850158699964	No data	No data	No data	No data	0.024908275735476142	No data	No data	gamma-glutamyltransferase light chain 1
LZTS3	0.003025214483639023	No data	No data	No data	No data	No data	0.02488124055833484	No data	leucine zipper tumor suppressor family member 3
TCAF1	0.003022996389010826	No data	No data	No data	No data	No data	0.02486299757215195	No data	TRPM8 channel associated factor 1
LINC02754	0.003021832115973063	No data	No data	No data	No data	No data	0.024853421868450663	No data	long intergenic non-protein coding RNA 2754
PGC	0.0030182354799250647	No data	No data	No data	No data	0.024823840902474525	No data	No data	progastricsin
SAMD9	0.003015079049639931	No data	No data	No data	No data	No data	0.024797880461767015	No data	sterile alpha motif domain containing 9
CDIP1	0.003006197760577585	No data	No data	No data	No data	No data	0.024724835231148348	No data	cell death inducing p53 target 1
CCDC112	0.0030028561153219906	No data	No data	No data	No data	No data	0.024697351467628526	No data	coiled-coil domain containing 112
ATP6V0D1	0.0029975643067978704	No data	No data	No data	No data	No data	0.024653828351634814	No data	ATPase H+ transporting V0 subunit d1
TMEM174	0.002987628175150319	No data	No data	No data	No data	No data	0.024572107441240186	No data	transmembrane protein 174
NUDT8	0.002985963850153805	No data	No data	No data	No data	No data	0.024558419000030654	No data	nudix hydrolase 8
MBNL3	0.0029858112488586547	No data	No data	No data	No data	No data	0.024557163912315487	No data	muscleblind like splicing regulator 3
PLCXD1	0.0029815909506771656	No data	No data	No data	No data	No data	0.024522453562074397	No data	phosphatidylinositol specific phospholipase C X domain containing 1
BEST4	0.0029720371815191516	No data	No data	No data	No data	No data	0.02444387743798636	No data	bestrophin 4
NELFB	0.0029578727310676694	No data	No data	No data	No data	No data	0.024327380210776205	No data	negative elongation factor complex member B
MLIP	0.0029566388374776143	No data	No data	No data	No data	0.024317231904464845	No data	No data	muscular LMNA interacting protein
ALDH1A1	0.0029566388374776143	No data	No data	No data	No data	0.024317231904464845	No data	No data	aldehyde dehydrogenase 1 family member A1
SLC10A1	0.0029566388374776143	No data	No data	No data	No data	0.024317231904464845	No data	No data	solute carrier family 10 member 1
DPP9	0.0029566388374776143	No data	No data	No data	No data	0.024317231904464845	No data	No data	dipeptidyl peptidase 9
UBE2V1	0.0029566388374776143	No data	No data	No data	No data	0.024317231904464845	No data	No data	ubiquitin conjugating enzyme E2 V1
ACY1	0.0029566388374776143	No data	No data	No data	No data	0.024317231904464845	No data	No data	aminoacylase 1
EIF2AK2	0.0029566388374776143	No data	No data	No data	No data	0.024317231904464845	No data	No data	eukaryotic translation initiation factor 2 alpha kinase 2
CEBPZ	0.0029566388374776143	No data	No data	No data	No data	0.024317231904464845	No data	No data	CCAAT enhancer binding protein zeta
DARS1-AS1	0.0029566388374776143	No data	No data	No data	No data	0.024317231904464845	No data	No data	DARS1 antisense RNA 1
IL23R	0.0029566388374776143	No data	No data	No data	No data	0.024317231904464845	No data	No data	interleukin 23 receptor
GRK2	0.0029566388374776143	No data	No data	No data	No data	0.024317231904464845	No data	No data	G protein-coupled receptor kinase 2
TNFAIP1	0.0029566388374776143	No data	No data	No data	No data	0.024317231904464845	No data	No data	TNF alpha induced protein 1
STARD13	0.0029566388374776143	No data	No data	No data	No data	0.024317231904464845	No data	No data	StAR related lipid transfer domain containing 13
NPB	0.0029566388374776143	No data	No data	No data	No data	0.024317231904464845	No data	No data	neuropeptide B
SHMT2	0.0029566388374776143	No data	No data	No data	No data	0.024317231904464845	No data	No data	serine hydroxymethyltransferase 2
ELOVL5	0.0029566388374776143	No data	No data	No data	No data	0.024317231904464845	No data	No data	ELOVL fatty acid elongase 5
GPBP1	0.0029566388374776143	No data	No data	No data	No data	0.024317231904464845	No data	No data	GC-rich promoter binding protein 1
CPNE5	0.0029566388374776143	No data	No data	No data	No data	0.024317231904464845	No data	No data	copine 5
RPLP0	0.0029566388374776143	No data	No data	No data	No data	0.024317231904464845	No data	No data	ribosomal protein lateral stalk subunit P0
CDR1	0.0029566388374776143	No data	No data	No data	No data	0.024317231904464845	No data	No data	cerebellar degeneration related 1
ETS2	0.0029566388374776143	No data	No data	No data	No data	0.024317231904464845	No data	No data	ETS proto-oncogene 2, transcription factor
GALNT18	0.0029566388374776143	No data	No data	No data	No data	0.024317231904464845	No data	No data	polypeptide N-acetylgalactosaminyltransferase 18
RASGRP4	0.0029566388374776143	No data	No data	No data	No data	0.024317231904464845	No data	No data	RAS guanyl releasing protein 4
ARHGEF28	0.0029566388374776143	No data	No data	No data	No data	0.024317231904464845	No data	No data	Rho guanine nucleotide exchange factor 28
PCSK7	0.0029566388374776143	No data	No data	No data	No data	0.024317231904464845	No data	No data	proprotein convertase subtilisin/kexin type 7
TRIP13	0.0029566388374776143	No data	No data	No data	No data	0.024317231904464845	No data	No data	thyroid hormone receptor interactor 13
HPR	0.0029566388374776143	No data	No data	No data	No data	0.024317231904464845	No data	No data	haptoglobin-related protein
ICOSLG	0.0029566388374776143	No data	No data	No data	No data	0.024317231904464845	No data	No data	inducible T cell costimulator ligand
CR2	0.0029566388374776143	No data	No data	No data	No data	0.024317231904464845	No data	No data	complement C3d receptor 2
DR1	0.0029566388374776143	No data	No data	No data	No data	0.024317231904464845	No data	No data	down-regulator of transcription 1
MAP4K4	0.0029566388374776143	No data	No data	No data	No data	0.024317231904464845	No data	No data	mitogen-activated protein kinase kinase kinase kinase 4
FAT4	0.0029566388374776143	No data	No data	No data	No data	0.024317231904464845	No data	No data	FAT atypical cadherin 4
SLC52A2	0.0029566388374776143	No data	No data	No data	No data	0.024317231904464845	No data	No data	solute carrier family 52 member 2
CMTM4	0.0029566388374776143	No data	No data	No data	No data	0.024317231904464845	No data	No data	CKLF like MARVEL transmembrane domain containing 4
YWHAG	0.0029566388374776143	No data	No data	No data	No data	0.024317231904464845	No data	No data	tyrosine 3-monooxygenase/tryptophan 5-monooxygenase activation protein gamma
PAX4	0.0029566388374776143	No data	No data	No data	No data	0.024317231904464845	No data	No data	paired box 4
APOLD1	0.0029566388374776143	No data	No data	No data	No data	0.024317231904464845	No data	No data	apolipoprotein L domain containing 1
ESRRG	0.0029566388374776143	No data	No data	No data	No data	0.024317231904464845	No data	No data	estrogen related receptor gamma
IL12B	0.0029566388374776143	No data	No data	No data	No data	0.024317231904464845	No data	No data	interleukin 12B
DUSP5	0.0029566388374776143	No data	No data	No data	No data	0.024317231904464845	No data	No data	dual specificity phosphatase 5
DOCK7	0.0029566388374776143	No data	No data	No data	No data	0.024317231904464845	No data	No data	dedicator of cytokinesis 7
HAUS3	0.0029566388374776143	No data	No data	No data	No data	0.024317231904464845	No data	No data	HAUS augmin like complex subunit 3
SFTPD	0.0029566388374776143	No data	No data	No data	No data	0.024317231904464845	No data	No data	surfactant protein D
CANX	0.0029566388374776143	No data	No data	No data	No data	0.024317231904464845	No data	No data	calnexin
KCNA4	0.0029566388374776143	No data	No data	No data	No data	0.024317231904464845	No data	No data	potassium voltage-gated channel subfamily A member 4
MRPL11	0.0029566388374776143	No data	No data	No data	No data	0.024317231904464845	No data	No data	mitochondrial ribosomal protein L11
GDF5	0.0029566388374776143	No data	No data	No data	No data	0.024317231904464845	No data	No data	growth differentiation factor 5
USP14	0.0029566388374776143	No data	No data	No data	No data	0.024317231904464845	No data	No data	ubiquitin specific peptidase 14
EEF2K	0.0029566388374776143	No data	No data	No data	No data	0.024317231904464845	No data	No data	eukaryotic elongation factor 2 kinase
ZUP1	0.0029566388374776143	No data	No data	No data	No data	0.024317231904464845	No data	No data	zinc finger containing ubiquitin peptidase 1
FARP2	0.0029566388374776143	No data	No data	No data	No data	0.024317231904464845	No data	No data	FERM, ARH/RhoGEF and pleckstrin domain protein 2
EDEM1	0.0029566388374776143	No data	No data	No data	No data	0.024317231904464845	No data	No data	ER degradation enhancing alpha-mannosidase like protein 1
OCRL	0.0029566388374776143	No data	No data	No data	No data	0.024317231904464845	No data	No data	OCRL inositol polyphosphate-5-phosphatase
NHERF2	0.0029566388374776143	No data	No data	No data	No data	0.024317231904464845	No data	No data	NHERF family PDZ scaffold protein 2
HNRNPD	0.0029566388374776143	No data	No data	No data	No data	0.024317231904464845	No data	No data	heterogeneous nuclear ribonucleoprotein D
CBR1	0.0029566388374776143	No data	No data	No data	No data	0.024317231904464845	No data	No data	carbonyl reductase 1
MSR1	0.0029566388374776143	No data	No data	No data	No data	0.024317231904464845	No data	No data	macrophage scavenger receptor 1
NPAS2	0.0029566388374776143	No data	No data	No data	No data	0.024317231904464845	No data	No data	neuronal PAS domain protein 2
PEAR1	0.0029566388374776143	No data	No data	No data	No data	0.024317231904464845	No data	No data	platelet endothelial aggregation receptor 1
SON	0.0029566388374776143	No data	No data	No data	No data	0.024317231904464845	No data	No data	SON DNA and RNA binding protein
RPS5	0.0029566388374776143	No data	No data	No data	No data	0.024317231904464845	No data	No data	ribosomal protein S5
FKTN	0.0029566388374776143	No data	No data	No data	No data	0.024317231904464845	No data	No data	fukutin
DCC	0.0029566388374776143	No data	No data	No data	No data	0.024317231904464845	No data	No data	DCC netrin 1 receptor
EIF4E	0.0029566388374776143	No data	No data	No data	No data	0.024317231904464845	No data	No data	eukaryotic translation initiation factor 4E
YTHDC2	0.0029566388374776143	No data	No data	No data	No data	0.024317231904464845	No data	No data	YTH N6-methyladenosine RNA binding protein C2
PDIA6	0.0029566388374776143	No data	No data	No data	No data	0.024317231904464845	No data	No data	protein disulfide isomerase family A member 6
TSPAN6	0.0029566388374776143	No data	No data	No data	No data	0.024317231904464845	No data	No data	tetraspanin 6
CDH11	0.0029566388374776143	No data	No data	No data	No data	0.024317231904464845	No data	No data	cadherin 11
GP2	0.0029566388374776143	No data	No data	No data	No data	0.024317231904464845	No data	No data	glycoprotein 2
THRA	0.0029566388374776143	No data	No data	No data	No data	0.024317231904464845	No data	No data	thyroid hormone receptor alpha
TXNDC5	0.0029566388374776143	No data	No data	No data	No data	0.024317231904464845	No data	No data	thioredoxin domain containing 5
DGAT1	0.0029566388374776143	No data	No data	No data	No data	0.024317231904464845	No data	No data	diacylglycerol O-acyltransferase 1
SERPINA7	0.0029566388374776143	No data	No data	No data	No data	0.024317231904464845	No data	No data	serpin family A member 7
SLC2A5	0.0029566388374776143	No data	No data	No data	No data	0.024317231904464845	No data	No data	solute carrier family 2 member 5
FGF12	0.0029566388374776143	No data	No data	No data	No data	0.024317231904464845	No data	No data	fibroblast growth factor 12
TMEM201	0.0029566388374776143	No data	No data	No data	No data	0.024317231904464845	No data	No data	transmembrane protein 201
TRIM67	0.0029566388374776143	No data	No data	No data	No data	0.024317231904464845	No data	No data	tripartite motif containing 67
SIDT2	0.0029566388374776143	No data	No data	No data	No data	0.024317231904464845	No data	No data	SID1 transmembrane family member 2
BRCA2	0.0029566388374776143	No data	No data	No data	No data	0.024317231904464845	No data	No data	BRCA2 DNA repair associated
QRSL1	0.0029566388374776143	No data	No data	No data	No data	0.024317231904464845	No data	No data	glutaminyl-tRNA amidotransferase subunit QRSL1
RSC1A1	0.0029566388374776143	No data	No data	No data	No data	0.024317231904464845	No data	No data	regulator of solute carriers 1
NFKB2	0.0029566388374776143	No data	No data	No data	No data	0.024317231904464845	No data	No data	nuclear factor kappa B subunit 2
BCKDHA	0.0029566388374776143	No data	No data	No data	No data	0.024317231904464845	No data	No data	branched chain keto acid dehydrogenase E1 subunit alpha
DEK	0.0029506427872034325	No data	No data	No data	No data	No data	0.024267916667453177	No data	DEK proto-oncogene
POLRMT	0.0029503817024599563	No data	No data	No data	No data	No data	0.024265769344562954	No data	RNA polymerase mitochondrial
PDXP	0.0029361066233284643	No data	No data	No data	No data	0.024148362238461615	No data	No data	pyridoxal phosphatase
SAMD9L	0.002932502064076769	No data	No data	No data	No data	No data	0.024118716107143244	No data	sterile alpha motif domain containing 9 like
AQP1	0.002928291288534335	No data	No data	No data	No data	No data	0.02408408407699296	No data	aquaporin 1 (Colton blood group)
MLF2	0.0029270591161984637	No data	No data	No data	No data	No data	0.024073949927343758	No data	myeloid leukemia factor 2
GSKIP	0.002924236124668044	No data	No data	No data	No data	No data	0.024050731893798565	No data	GSK3B interacting protein
ADAMTS7	0.002921895857300006	No data	No data	No data	No data	0.021277577916406734	0.0110156246672341	No data	ADAM metallopeptidase with thrombospondin type 1 motif 7
IL11RA	0.002909722417593515	No data	No data	No data	No data	No data	0.023931362163464552	No data	interleukin 11 receptor subunit alpha
PLA2G1B	0.002908554819558928	No data	No data	No data	No data	No data	0.023921759112926776	No data	phospholipase A2 group IB
TPRG1L	0.0029046910170130768	No data	No data	No data	No data	No data	0.023889980803939705	No data	tumor protein p63 regulated 1 like
SERPINB2	0.002902844436406841	No data	No data	No data	No data	0.023874793379536387	No data	No data	serpin family B member 2
CCK	0.002902844436406841	No data	No data	No data	No data	0.023874793379536387	No data	No data	cholecystokinin
FH	0.002902844436406841	No data	No data	No data	No data	0.023874793379536387	No data	No data	fumarate hydratase
TMCC2	0.0029008618678715245	No data	No data	No data	No data	No data	0.023858487506046296	No data	transmembrane and coiled-coil domain family 2
SPG7	0.0028989067698486355	No data	No data	No data	No data	No data	0.02384240756709132	No data	SPG7 matrix AAA peptidase subunit, paraplegin
OAF	0.0028964674043168302	No data	No data	No data	No data	No data	0.023822344711735177	No data	out at first homolog
AKAP8L	0.0028868366664820413	No data	No data	No data	No data	No data	0.02374313554950302	No data	A-kinase anchoring protein 8 like
LMO4	0.002886231014217092	No data	No data	No data	No data	No data	0.023738154289569085	No data	LIM domain only 4
CIAO1	0.0028844600098556503	No data	No data	No data	No data	No data	0.0237235884510855	No data	cytosolic iron-sulfur assembly component 1
PMF1	0.002862369060851175	No data	No data	No data	No data	0.012158615952232422	0.020502244794636977	No data	polyamine modulated factor 1
DHX30	0.002860863106447569	No data	No data	No data	No data	No data	0.023529512879484366	No data	DExH-box helicase 30
SLC36A2	0.002860863106447569	No data	No data	No data	No data	No data	0.023529512879484366	No data	solute carrier family 36 member 2
TDP2	0.002854867340994275	No data	No data	No data	No data	No data	0.02348019998501637	No data	tyrosyl-DNA phosphodiesterase 2
H3P30	0.002843711659657289	No data	No data	No data	No data	0.023388448741447087	No data	No data	H3 histone pseudogene 30
PDLIM7	0.002843711659657289	No data	No data	No data	No data	0.023388448741447087	No data	No data	PDZ and LIM domain 7
BET1L	0.002835909632122161	No data	No data	No data	No data	No data	0.023324280027131418	No data	Bet1 golgi vesicular membrane trafficking protein like
CLCNKA	0.002835895332548285	No data	No data	No data	No data	No data	0.02332416241856534	No data	chloride voltage-gated channel Ka
KCNH6	0.002833560453002502	No data	No data	No data	No data	No data	0.023304958920774506	No data	potassium voltage-gated channel subfamily H member 6
MYL12A	0.002830804639382109	No data	No data	No data	No data	No data	0.023282293400034158	No data	myosin light chain 12A
SLC4A4	0.002830309614473301	No data	No data	No data	No data	0.01823792392834863	0.018718741026015933	No data	solute carrier family 4 member 4
MAN2A2	0.0028274908702708534	No data	No data	No data	No data	No data	0.023255038907217914	No data	mannosidase alpha class 2A member 2
DAP	0.00282600070922915	No data	No data	No data	No data	No data	0.023242782898412653	No data	death associated protein
MAST2	0.0028242927484449323	No data	No data	No data	No data	No data	0.023228735569416258	No data	microtubule associated serine/threonine kinase 2
SH3GLB2	0.002821118404696341	No data	No data	No data	No data	No data	0.023202627797272935	No data	SH3 domain containing GRB2 like, endophilin B2
UROS	0.002814839655254001	No data	No data	No data	No data	No data	0.02315098746693429	No data	uroporphyrinogen III synthase
SNX22	0.002803222516079732	No data	No data	No data	No data	No data	0.02305544090785298	No data	sorting nexin 22
GCHFR	0.002799944346320036	No data	No data	No data	No data	No data	0.023028479206187467	No data	GTP cyclohydrolase I feedback regulator
POTEF	0.0027973980151826164	No data	No data	No data	No data	No data	0.0230075365993363	No data	POTE ankyrin domain family member F
RHBDL1	0.002793147010456698	No data	No data	No data	No data	No data	0.022972573699425493	No data	rhomboid like 1
B4GALT7	0.0027795579691781095	No data	No data	No data	No data	No data	0.02286080899419938	No data	beta-1,4-galactosyltransferase 7
NREP	0.002771848910135263	No data	No data	No data	No data	0.02279740491043579	No data	No data	neuronal regeneration related protein
PLIN1	0.002771848910135263	No data	No data	No data	No data	0.02279740491043579	No data	No data	perilipin 1
GZF1	0.002771848910135263	No data	No data	No data	No data	0.02279740491043579	No data	No data	GDNF inducible zinc finger protein 1
GPLD1	0.002771848910135263	No data	No data	No data	No data	0.02279740491043579	No data	No data	glycosylphosphatidylinositol specific phospholipase D1
JUP	0.002771848910135263	No data	No data	No data	No data	0.02279740491043579	No data	No data	junction plakoglobin
ATP5IF1	0.002771848910135263	No data	No data	No data	No data	0.02279740491043579	No data	No data	ATP synthase inhibitory factor subunit 1
PYGL	0.002771848910135263	No data	No data	No data	No data	0.02279740491043579	No data	No data	glycogen phosphorylase L
RARRES1	0.002771848910135263	No data	No data	No data	No data	0.02279740491043579	No data	No data	retinoic acid receptor responder 1
EXT1	0.002771848910135263	No data	No data	No data	No data	0.02279740491043579	No data	No data	exostosin glycosyltransferase 1
ARF6	0.002771848910135263	No data	No data	No data	No data	0.02279740491043579	No data	No data	ADP ribosylation factor 6
HMGB2	0.002771459328753473	No data	No data	No data	No data	No data	0.022794200751481176	No data	high mobility group box 2
ADRB2	0.002763713817823981	No data	No data	No data	No data	0.012158615952232422	0.019690842876731347	No data	adrenoceptor beta 2
ID4	0.0027621354951884807	No data	No data	No data	No data	No data	0.02271751576034713	No data	inhibitor of DNA binding 4
NSMF	0.0027621354951884807	No data	No data	No data	No data	No data	0.02271751576034713	No data	NMDA receptor synaptonuclear signaling and neuronal migration factor
SMIM24	0.0027606621740505644	No data	No data	No data	No data	No data	0.022705398253356986	No data	small integral membrane protein 24
GPX8	0.002759654816354769	No data	No data	No data	No data	No data	0.022697113118768045	No data	glutathione peroxidase 8 (putative)
SUSD2	0.002757374712172515	No data	No data	No data	No data	No data	0.02267836012754592	No data	sushi domain containing 2
PMM1	0.0027568295539045023	No data	No data	No data	No data	No data	0.022673876407769307	No data	phosphomannomutase 1
CYP4A11	0.002755659603390331	No data	No data	No data	No data	0.01823792392834863	0.01770532032252588	No data	cytochrome P450 family 4 subfamily A member 11
MTARC2	0.0027533562223546254	No data	No data	No data	No data	No data	0.022645309574475758	No data	mitochondrial amidoxime reducing component 2
GSTM2	0.002751316695986113	No data	No data	No data	No data	0.02262853524443256	No data	No data	glutathione S-transferase mu 2
AKT1S1	0.002751316695986113	No data	No data	No data	No data	0.02262853524443256	No data	No data	AKT1 substrate 1
IDH1	0.002751316695986113	No data	No data	No data	No data	0.02262853524443256	No data	No data	isocitrate dehydrogenase (NADP(+)) 1
ACSM2A	0.0027497105145374676	No data	No data	No data	No data	0.012158615952232422	0.01957567102377104	No data	acyl-CoA synthetase medium chain family member 2A
TMEM176B	0.002746683184496866	No data	No data	No data	No data	No data	0.022590426371618	No data	transmembrane protein 176B
NAP1L1	0.0027432767142309693	No data	No data	No data	No data	No data	0.022562409447000265	No data	nucleosome assembly protein 1 like 1
IFT27	0.002739195630885878	No data	No data	No data	No data	No data	0.022528844085933475	No data	intraflagellar transport 27
ANP32E	0.0027325560476953864	No data	No data	No data	No data	No data	0.02247423603501241	No data	acidic nuclear phosphoprotein 32 family member E
MPST	0.0027256856029168955	No data	No data	No data	No data	0.01823792392834863	0.016719221227326414	No data	mercaptopyruvate sulfurtransferase
CPE	0.0027251883873826554	No data	No data	No data	No data	No data	0.0224136398261867	No data	carboxypeptidase E
SEMA3B	0.002723870734776797	No data	No data	No data	No data	No data	0.02240280263377076	No data	semaphorin 3B
PLEKHA4	0.0027120358151714674	No data	No data	No data	No data	No data	0.022305464913327702	No data	pleckstrin homology domain containing A4
COMMD7	0.0026992087399313387	No data	No data	No data	No data	No data	0.02219996708947569	No data	COMM domain containing 7
PARP10	0.002688241972255111	No data	No data	No data	No data	No data	0.022109769589042146	No data	poly(ADP-ribose) polymerase family member 10
VPS51	0.0026809322658828266	No data	No data	No data	No data	No data	0.022049650029373497	No data	VPS51 subunit of GARP complex
LRRC75B	0.00267981264750024	No data	No data	No data	No data	No data	0.0220404415932572	No data	leucine rich repeat containing 75B
ATP9A	0.002676654233263745	No data	No data	No data	No data	No data	0.022014464835302977	No data	ATPase phospholipid transporting 9A (putative)
RDH5	0.002662104319144966	No data	No data	No data	No data	No data	0.02189479731577657	No data	retinol dehydrogenase 5
GALNT3	0.0026565557832036357	No data	No data	No data	No data	No data	0.02184916271424685	No data	polypeptide N-acetylgalactosaminyltransferase 3
AMOTL2	0.0026469532933024093	No data	No data	No data	No data	No data	0.021770185880543472	No data	angiomotin like 2
CREB3	0.002646906272638171	No data	No data	No data	No data	No data	0.02176979915343224	No data	cAMP responsive element binding protein 3
SMARCC2	0.0026458059762733393	No data	No data	No data	No data	No data	0.021760749633576076	No data	SWI/SNF related, matrix associated, actin dependent regulator of chromatin subfamily c member 2
TUBB8B	0.0026448552681104386	No data	No data	No data	No data	No data	0.02175293041988732	No data	tubulin beta 8B
PPIC	0.0026427675022513476	No data	No data	No data	No data	No data	0.02173575933834898	No data	peptidylprolyl isomerase C
GLYCTK	0.0026379945470598465	No data	No data	No data	No data	No data	0.021696503594025345	No data	glycerate kinase
PAOX	0.0026365245890643913	No data	No data	No data	No data	No data	0.02168441374760508	No data	polyamine oxidase
OCEL1	0.0026324791184530985	No data	No data	No data	No data	No data	0.021651141287752848	No data	occludin/ELL domain containing 1
PSMC3	0.002630196307656512	No data	No data	No data	No data	No data	0.02163236603565545	No data	proteasome 26S subunit, ATPase 3
HOGA1	0.0026238748117694455	No data	No data	No data	No data	0.01823792392834863	0.013369800814758595	No data	4-hydroxy-2-oxoglutarate aldolase 1
NR1I3	0.002621830243359776	No data	No data	No data	No data	No data	0.021563558333120854	No data	nuclear receptor subfamily 1 group I member 3
NIN	0.002618880129309318	No data	No data	No data	No data	No data	0.021539294765112387	No data	ninein
ENSG00000236529	0.002613077957475714	No data	No data	No data	No data	No data	0.021491574104665515	No data	novel transcript
NAPSA	0.0026094568086703763	No data	No data	No data	No data	No data	0.02146179153056692	No data	napsin A aspartic peptidase
ESPN	0.0026088163725691794	No data	No data	No data	No data	No data	0.021456524186786074	No data	espin
DNPEP	0.002605066617670314	No data	No data	No data	No data	No data	0.021425683876395506	No data	aspartyl aminopeptidase
TLN2	0.002599764864157836	No data	No data	No data	No data	No data	0.021382078966648323	No data	talin 2
SAMM50	0.0025992444814398746	No data	No data	No data	No data	No data	0.021377799016364458	No data	SAMM50 sorting and assembly machinery component
NFIA	0.0025870589827929123	No data	No data	No data	No data	0.021277577916406734	No data	No data	nuclear factor I A
CFL1	0.0025870589827929123	No data	No data	No data	No data	0.021277577916406734	No data	No data	cofilin 1
DECR1	0.0025870589827929123	No data	No data	No data	No data	0.021277577916406734	No data	No data	2,4-dienoyl-CoA reductase 1
SMAD5	0.0025870589827929123	No data	No data	No data	No data	0.021277577916406734	No data	No data	SMAD family member 5
INHBA	0.0025870589827929123	No data	No data	No data	No data	0.021277577916406734	No data	No data	inhibin subunit beta A
HLA-E	0.0025870589827929123	No data	No data	No data	No data	0.021277577916406734	No data	No data	major histocompatibility complex, class I, E
SKOR1	0.0025870589827929123	No data	No data	No data	No data	0.021277577916406734	No data	No data	SKI family transcriptional corepressor 1
PEA15	0.0025870589827929123	No data	No data	No data	No data	0.021277577916406734	No data	No data	proliferation and apoptosis adaptor protein 15
XCR1	0.0025870589827929123	No data	No data	No data	No data	0.021277577916406734	No data	No data	X-C motif chemokine receptor 1
IL20RB	0.0025870589827929123	No data	No data	No data	No data	0.021277577916406734	No data	No data	interleukin 20 receptor subunit beta
CAPN2	0.0025870589827929123	No data	No data	No data	No data	0.021277577916406734	No data	No data	calpain 2
KIR2DL1	0.0025870589827929123	No data	No data	No data	No data	0.021277577916406734	No data	No data	killer cell immunoglobulin like receptor, two Ig domains and long cytoplasmic tail 1
DEFB4A	0.0025870589827929123	No data	No data	No data	No data	0.021277577916406734	No data	No data	defensin beta 4A
RDX	0.0025870589827929123	No data	No data	No data	No data	0.021277577916406734	No data	No data	radixin
UBE2I	0.0025870589827929123	No data	No data	No data	No data	0.021277577916406734	No data	No data	ubiquitin conjugating enzyme E2 I
CPB2	0.0025870589827929123	No data	No data	No data	No data	0.021277577916406734	No data	No data	carboxypeptidase B2
LTA	0.0025870589827929123	No data	No data	No data	No data	0.021277577916406734	No data	No data	lymphotoxin alpha
SYVN1	0.0025870589827929123	No data	No data	No data	No data	0.021277577916406734	No data	No data	synoviolin 1
NRL	0.0025870589827929123	No data	No data	No data	No data	0.021277577916406734	No data	No data	neural retina leucine zipper
LRRC55	0.0025870589827929123	No data	No data	No data	No data	0.021277577916406734	No data	No data	leucine rich repeat containing 55
RET	0.0025870589827929123	No data	No data	No data	No data	0.021277577916406734	No data	No data	ret proto-oncogene
CES5A	0.0025870589827929123	No data	No data	No data	No data	0.021277577916406734	No data	No data	carboxylesterase 5A
H3P33	0.0025870589827929123	No data	No data	No data	No data	0.021277577916406734	No data	No data	H3 histone pseudogene 33
FOXQ1	0.0025870589827929123	No data	No data	No data	No data	0.021277577916406734	No data	No data	forkhead box Q1
PSCA	0.0025870589827929123	No data	No data	No data	No data	0.021277577916406734	No data	No data	prostate stem cell antigen
OTOR	0.0025870589827929123	No data	No data	No data	No data	0.021277577916406734	No data	No data	otoraplin
PEX11A	0.0025870589827929123	No data	No data	No data	No data	0.021277577916406734	No data	No data	peroxisomal biogenesis factor 11 alpha
IFNGR1	0.0025870589827929123	No data	No data	No data	No data	0.021277577916406734	No data	No data	interferon gamma receptor 1
GOSR2	0.0025870589827929123	No data	No data	No data	No data	0.021277577916406734	No data	No data	golgi SNAP receptor complex member 2
TRIM11	0.0025870589827929123	No data	No data	No data	No data	0.021277577916406734	No data	No data	tripartite motif containing 11
MAP2K5	0.0025870589827929123	No data	No data	No data	No data	0.021277577916406734	No data	No data	mitogen-activated protein kinase kinase 5
PEG10	0.0025870589827929123	No data	No data	No data	No data	0.021277577916406734	No data	No data	paternally expressed 10
GPR84	0.0025870589827929123	No data	No data	No data	No data	0.021277577916406734	No data	No data	G protein-coupled receptor 84
MSC	0.0025870589827929123	No data	No data	No data	No data	0.021277577916406734	No data	No data	musculin
HTN3	0.0025870589827929123	No data	No data	No data	No data	0.021277577916406734	No data	No data	histatin 3
UBE2E3	0.0025870589827929123	No data	No data	No data	No data	0.021277577916406734	No data	No data	ubiquitin conjugating enzyme E2 E3
SLC19A3	0.0025870589827929123	No data	No data	No data	No data	0.021277577916406734	No data	No data	solute carrier family 19 member 3
IGKV2D-30	0.0025870589827929123	No data	No data	No data	No data	0.021277577916406734	No data	No data	immunoglobulin kappa variable 2D-30
EBF1	0.0025870589827929123	No data	No data	No data	No data	0.021277577916406734	No data	No data	EBF transcription factor 1
RHOB	0.0025870589827929123	No data	No data	No data	No data	0.021277577916406734	No data	No data	ras homolog family member B
AREG	0.0025870589827929123	No data	No data	No data	No data	0.021277577916406734	No data	No data	amphiregulin
WIF1	0.0025870589827929123	No data	No data	No data	No data	0.021277577916406734	No data	No data	WNT inhibitory factor 1
GLS2	0.0025870589827929123	No data	No data	No data	No data	0.021277577916406734	No data	No data	glutaminase 2
DHRS3	0.0025761573993202213	No data	No data	No data	No data	No data	0.021187916531299086	No data	dehydrogenase/reductase 3
DYNC2I2	0.002566664906929549	No data	No data	No data	No data	No data	0.02110984438535776	No data	dynein 2 intermediate chain 2
GNB1	0.002564710131580174	No data	No data	No data	No data	0.01823792392834863	0.011423372687685188	No data	G protein subunit beta 1
CLEC14A	0.0025586295824027755	No data	No data	No data	No data	No data	0.021043756891860624	No data	C-type lectin domain containing 14A
PAPSS1	0.002550704507503872	No data	No data	No data	No data	No data	0.020978576159694735	No data	3'-phosphoadenosine 5'-phosphosulfate synthase 1
ANXA4	0.0025495847386339124	No data	No data	No data	No data	No data	0.02096936648587694	No data	annexin A4
ENO3	0.002546600903559175	No data	No data	No data	No data	No data	0.020944825575246483	No data	enolase 3
SGSM2	0.0025400538425015273	No data	No data	No data	No data	No data	0.020890978483740597	No data	small G protein signaling modulator 2
MPDU1	0.0025398028590501746	No data	No data	No data	No data	No data	0.020888914240142983	No data	mannose-P-dolichol utilization defect 1
TMEM134	0.0025363961296116584	No data	No data	No data	No data	No data	0.020860895183928852	No data	transmembrane protein 134
SSNA1	0.002533161665146583	No data	No data	No data	No data	No data	0.0208342929417182	No data	SS nuclear autoantigen 1
TRO	0.002530063097139464	No data	No data	No data	No data	No data	0.020808808396279046	No data	trophinin
HS3ST1	0.0025283554537833385	No data	No data	No data	No data	No data	0.020794763678008202	No data	heparan sulfate-glucosamine 3-sulfotransferase 1
SYNGR4	0.0025163572616412255	No data	No data	No data	No data	No data	0.02069608310293904	No data	synaptogyrin 4
RGS2	0.002509530323351827	No data	No data	No data	No data	0.012158615952232422	0.017600280139403637	No data	regulator of G protein signaling 2
OBSCN	0.002501605776977174	No data	No data	No data	No data	No data	0.020574757742207152	No data	obscurin, cytoskeletal calmodulin and titin-interacting RhoGEF
ATP8B2	0.00249892547364711	No data	No data	No data	No data	No data	0.0205527132649361	No data	ATPase phospholipid transporting 8B2
ATP1A4	0.002493146883020021	No data	No data	No data	No data	No data	0.020505186550959845	No data	ATPase Na+/K+ transporting subunit alpha 4
ISOC2	0.002490358118294509	No data	No data	No data	No data	No data	0.02048225001989029	No data	isochorismatase domain containing 2
R3HDM2	0.002489808607278341	No data	No data	No data	No data	No data	0.020477730500412683	No data	R3H domain containing 2
MXD4	0.0024791837964146346	No data	No data	No data	No data	No data	0.020390345464932923	No data	MAX dimerization protein 4
RETREG3	0.002462125549532507	No data	No data	No data	No data	No data	0.020250047860755405	No data	reticulophagy regulator family member 3
TMEM9B	0.002453979479804746	No data	No data	No data	No data	No data	0.02018304953002628	No data	TMEM9 domain family member B
MRPL28	0.00245131105069704	No data	No data	No data	No data	No data	0.020161102713725895	No data	mitochondrial ribosomal protein L28
CHST15	0.002448795167752191	No data	No data	No data	No data	No data	0.02014041053169849	No data	carbohydrate sulfotransferase 15
ACBD4	0.0024395053049554353	No data	No data	No data	No data	No data	0.020064004937235657	No data	acyl-CoA binding domain containing 4
ZKSCAN1	0.0024384724946063725	No data	No data	No data	No data	No data	0.02005551046423708	No data	zinc finger with KRAB and SCAN domains 1
CLDN14	0.0024346327417505984	No data	No data	No data	No data	No data	0.020023929954820063	No data	claudin 14
BOK	0.0024340935079011907	No data	No data	No data	No data	No data	0.020019494961137172	No data	BCL2 family apoptosis regulator BOK
RAD23B	0.0024300850658879373	No data	No data	No data	No data	No data	0.019986527047445343	No data	RAD23 homolog B, nucleotide excision repair protein
JCHAIN	0.002419727624481356	No data	No data	No data	No data	No data	0.019901341024239474	No data	joining chain of multimeric IgA and IgM
IL6-AS1	0.002416120787754816	No data	No data	No data	No data	No data	0.019871676161555187	No data	IL6 antisense RNA 1
RGL3	0.002413330310752569	No data	No data	No data	No data	No data	0.019848725547659575	No data	ral guanine nucleotide dissociation stimulator like 3
ACOT4	0.002405216255153232	No data	No data	No data	No data	No data	0.01978199052098207	No data	acyl-CoA thioesterase 4
ILVBL	0.0024051353151077213	No data	No data	No data	No data	No data	0.019781324819837895	No data	ilvB acetolactate synthase like
ATPAF2	0.0023916495204595106	No data	No data	No data	No data	No data	0.019670409278947445	No data	ATP synthase mitochondrial F1 complex assembly factor 2
SFXN2	0.0023909033853417925	No data	No data	No data	No data	No data	0.019664272600885983	No data	sideroflexin 2
MRPL34	0.0023871833975774954	No data	No data	No data	No data	No data	0.019633677113875685	No data	mitochondrial ribosomal protein L34
TRIM47	0.0023821815866412015	No data	No data	No data	No data	No data	0.019592539117939765	No data	tripartite motif containing 47
PCCB	0.002377758135580789	No data	No data	No data	No data	No data	0.019556157912399664	No data	propionyl-CoA carboxylase subunit beta
HSD17B8	0.002368388857203968	No data	No data	No data	No data	No data	0.019479099154942153	No data	hydroxysteroid 17-beta dehydrogenase 8
MPP3	0.0023450999084017802	No data	No data	No data	No data	No data	0.01928755639305476	No data	MAGUK p55 scaffold protein 3
ZBTB16	0.0023446288927362266	No data	No data	No data	No data	No data	0.019283682468033983	No data	zinc finger and BTB domain containing 16
RFLNB	0.002331927529303078	No data	No data	No data	No data	No data	0.019179218576065943	No data	refilin B
HS1BP3	0.002322258500715838	No data	No data	No data	No data	No data	0.019099694486932557	No data	HCLS1 binding protein 3
ELMO3	0.0023118559159969864	No data	No data	No data	No data	No data	0.01901413717712262	No data	engulfment and cell motility 3
AP2B1	0.002310088242758934	No data	No data	No data	No data	No data	0.0189995987358642	No data	adaptor related protein complex 2 subunit beta 1
LAPTM5	0.002298124701676946	No data	No data	No data	No data	No data	0.01890120315260876	No data	lysosomal protein transmembrane 5
TMEM256	0.002293401785529344	No data	No data	No data	No data	No data	0.01886235896042309	No data	transmembrane protein 256
POU3F3	0.0022761917041724967	No data	No data	No data	No data	No data	0.018720812575337323	No data	POU class 3 homeobox 3
CYRIB	0.0022748949166601076	No data	No data	No data	No data	No data	0.018710146990393407	No data	CYFIP related Rac1 interactor B
GALM	0.002258737691971055	No data	No data	No data	No data	No data	0.018577259951666883	No data	galactose mutarotase
LINC01315	0.002254820447648053	No data	No data	No data	No data	No data	0.01854504210435275	No data	long intergenic non-protein coding RNA 1315
DNPH1	0.002251697940026907	No data	No data	No data	No data	No data	0.01851936066467727	No data	2'-deoxynucleoside 5'-phosphate N-hydrolase 1
SEL1L3	0.002249598097916708	No data	No data	No data	No data	No data	0.018502090260558508	No data	SEL1L family member 3
MARVELD3	0.0022478311329846962	No data	No data	No data	No data	No data	0.01848755764484835	No data	MARVEL domain containing 3
KLHL13	0.0022372243704849894	No data	No data	No data	No data	No data	0.018400321050310142	No data	kelch like family member 13
TCTA	0.002234341876461305	No data	No data	No data	No data	No data	0.018376613631348897	No data	T cell leukemia translocation altered
DAB2IP	0.0022331761167170157	No data	No data	No data	No data	No data	0.018367025700050884	No data	DAB2 interacting protein
CRYM	0.002227796806213808	No data	No data	No data	No data	No data	0.01832278291350066	No data	crystallin mu
TMEM30B	0.0022204070880810288	No data	No data	No data	No data	No data	0.01826200528747965	No data	transmembrane protein 30B
SHMT1	0.0022174791281082107	No data	No data	No data	No data	0.01823792392834863	No data	No data	serine hydroxymethyltransferase 1
RBM10	0.0022174791281082107	No data	No data	No data	No data	0.01823792392834863	No data	No data	RNA binding motif protein 10
PLPP3	0.0022174791281082107	No data	No data	No data	No data	0.01823792392834863	No data	No data	phospholipid phosphatase 3
SCAI	0.0022174791281082107	No data	No data	No data	No data	0.01823792392834863	No data	No data	suppressor of cancer cell invasion
UGT1A6	0.0022174791281082107	No data	No data	No data	No data	0.01823792392834863	No data	No data	UDP glucuronosyltransferase family 1 member A6
CSNK1D	0.0022174791281082107	No data	No data	No data	No data	0.01823792392834863	No data	No data	casein kinase 1 delta
RAB3A	0.0022174791281082107	No data	No data	No data	No data	0.01823792392834863	No data	No data	RAB3A, member RAS oncogene family
SH2D1A	0.0022174791281082107	No data	No data	No data	No data	0.01823792392834863	No data	No data	SH2 domain containing 1A
TCF20	0.0022174791281082107	No data	No data	No data	No data	0.01823792392834863	No data	No data	transcription factor 20
FAM78B	0.0022174791281082107	No data	No data	No data	No data	0.01823792392834863	No data	No data	family with sequence similarity 78 member B
LASP1	0.0022174791281082107	No data	No data	No data	No data	0.01823792392834863	No data	No data	LIM and SH3 protein 1
UBE2O	0.0022174791281082107	No data	No data	No data	No data	0.01823792392834863	No data	No data	ubiquitin conjugating enzyme E2 O
INHBB	0.0022174791281082107	No data	No data	No data	No data	0.01823792392834863	No data	No data	inhibin subunit beta B
PITRM1	0.0022174791281082107	No data	No data	No data	No data	0.01823792392834863	No data	No data	pitrilysin metallopeptidase 1
TMEM43	0.0022174791281082107	No data	No data	No data	No data	0.01823792392834863	No data	No data	transmembrane protein 43
PLSCR3	0.0022174791281082107	No data	No data	No data	No data	0.01823792392834863	No data	No data	phospholipid scramblase 3
CRISP2	0.0022174791281082107	No data	No data	No data	No data	0.01823792392834863	No data	No data	cysteine rich secretory protein 2
AZU1	0.0022174791281082107	No data	No data	No data	No data	0.01823792392834863	No data	No data	azurocidin 1
IFITM1	0.0022174791281082107	No data	No data	No data	No data	0.01823792392834863	No data	No data	interferon induced transmembrane protein 1
C8G	0.0022174791281082107	No data	No data	No data	No data	0.01823792392834863	No data	No data	complement C8 gamma chain
BBC3	0.0022174791281082107	No data	No data	No data	No data	0.01823792392834863	No data	No data	BCL2 binding component 3
GEN1	0.0022174791281082107	No data	No data	No data	No data	0.01823792392834863	No data	No data	GEN1 Holliday junction 5' flap endonuclease
SLC38A3	0.0022174791281082107	No data	No data	No data	No data	0.01823792392834863	No data	No data	solute carrier family 38 member 3
COPS5	0.0022174791281082107	No data	No data	No data	No data	0.01823792392834863	No data	No data	COP9 signalosome subunit 5
ENSG00000275993	0.0022174791281082107	No data	No data	No data	No data	0.01823792392834863	No data	No data	novel protein, similar to salt-inducible kinase 1 SIK1
IL10RB	0.0022174791281082107	No data	No data	No data	No data	0.01823792392834863	No data	No data	interleukin 10 receptor subunit beta
CCR3	0.0022174791281082107	No data	No data	No data	No data	0.01823792392834863	No data	No data	C-C motif chemokine receptor 3
RXRG	0.0022174791281082107	No data	No data	No data	No data	0.01823792392834863	No data	No data	retinoid X receptor gamma
SLC26A3	0.0022174791281082107	No data	No data	No data	No data	0.01823792392834863	No data	No data	solute carrier family 26 member 3
PCYT1B	0.0022174791281082107	No data	No data	No data	No data	0.01823792392834863	No data	No data	phosphate cytidylyltransferase 1B, choline
MEF2A	0.0022174791281082107	No data	No data	No data	No data	0.01823792392834863	No data	No data	myocyte enhancer factor 2A
HDGF	0.0022174791281082107	No data	No data	No data	No data	0.01823792392834863	No data	No data	heparin binding growth factor
THEM4	0.0022174791281082107	No data	No data	No data	No data	0.01823792392834863	No data	No data	thioesterase superfamily member 4
EEF1B2P2	0.0022174791281082107	No data	No data	No data	No data	0.01823792392834863	No data	No data	eukaryotic translation elongation factor 1 beta 2 pseudogene 2
UPK1B	0.0022174791281082107	No data	No data	No data	No data	0.01823792392834863	No data	No data	uroplakin 1B
CREM	0.0022174791281082107	No data	No data	No data	No data	0.01823792392834863	No data	No data	cAMP responsive element modulator
PGAM5	0.0022174791281082107	No data	No data	No data	No data	0.01823792392834863	No data	No data	PGAM family member 5, mitochondrial serine/threonine protein phosphatase
FHOD1	0.0022174791281082107	No data	No data	No data	No data	0.01823792392834863	No data	No data	formin homology 2 domain containing 1
USP9X	0.0022174791281082107	No data	No data	No data	No data	0.01823792392834863	No data	No data	ubiquitin specific peptidase 9 X-linked
PCSK2	0.0022174791281082107	No data	No data	No data	No data	0.01823792392834863	No data	No data	proprotein convertase subtilisin/kexin type 2
SRSF7	0.0022174791281082107	No data	No data	No data	No data	0.01823792392834863	No data	No data	serine and arginine rich splicing factor 7
TMEM126B	0.0022174791281082107	No data	No data	No data	No data	0.01823792392834863	No data	No data	transmembrane protein 126B
CDH13	0.0022174791281082107	No data	No data	No data	No data	0.01823792392834863	No data	No data	cadherin 13
HGFAC	0.0022174791281082107	No data	No data	No data	No data	0.01823792392834863	No data	No data	HGF activator
R3HDML	0.0022174791281082107	No data	No data	No data	No data	0.01823792392834863	No data	No data	R3H domain containing like
NAT8L	0.0022174791281082107	No data	No data	No data	No data	0.01823792392834863	No data	No data	N-acetyltransferase 8 like
ATP6V1B1	0.0022174791281082107	No data	No data	No data	No data	0.01823792392834863	No data	No data	ATPase H+ transporting V1 subunit B1
WNK4	0.0022174791281082107	No data	No data	No data	No data	0.01823792392834863	No data	No data	WNK lysine deficient protein kinase 4
PRR12	0.0022174791281082107	No data	No data	No data	No data	0.01823792392834863	No data	No data	proline rich 12
OR13G1	0.0022174791281082107	No data	No data	No data	No data	0.01823792392834863	No data	No data	olfactory receptor family 13 subfamily G member 1
FFAR1	0.0022174791281082107	No data	No data	No data	No data	0.01823792392834863	No data	No data	free fatty acid receptor 1
PGLYRP1	0.0022174791281082107	No data	No data	No data	No data	0.01823792392834863	No data	No data	peptidoglycan recognition protein 1
MYO7B	0.0022174791281082107	No data	No data	No data	No data	0.01823792392834863	No data	No data	myosin VIIB
H3P37	0.0022174791281082107	No data	No data	No data	No data	0.01823792392834863	No data	No data	H3 histone pseudogene 37
SMPD2	0.0022174791281082107	No data	No data	No data	No data	0.01823792392834863	No data	No data	sphingomyelin phosphodiesterase 2
SLC9A8	0.0022174791281082107	No data	No data	No data	No data	0.01823792392834863	No data	No data	solute carrier family 9 member A8
KDM5C	0.0022174791281082107	No data	No data	No data	No data	0.01823792392834863	No data	No data	lysine demethylase 5C
MATN2	0.0022174791281082107	No data	No data	No data	No data	0.01823792392834863	No data	No data	matrilin 2
SLC5A4	0.0022174791281082107	No data	No data	No data	No data	0.01823792392834863	No data	No data	solute carrier family 5 member 4
IFI35	0.0022174791281082107	No data	No data	No data	No data	0.01823792392834863	No data	No data	interferon induced protein 35
CRIM1	0.0022174791281082107	No data	No data	No data	No data	0.01823792392834863	No data	No data	cysteine rich transmembrane BMP regulator 1
SCEL	0.0022174791281082107	No data	No data	No data	No data	0.01823792392834863	No data	No data	sciellin
COL14A1	0.0022174791281082107	No data	No data	No data	No data	0.01823792392834863	No data	No data	collagen type XIV alpha 1 chain
SPN	0.0022174791281082107	No data	No data	No data	No data	0.01823792392834863	No data	No data	sialophorin
TSPY1	0.0022174791281082107	No data	No data	No data	No data	0.01823792392834863	No data	No data	testis specific protein Y-linked 1
MAP1A	0.0022174791281082107	No data	No data	No data	No data	0.01823792392834863	No data	No data	microtubule associated protein 1A
FCER2	0.0022174791281082107	No data	No data	No data	No data	0.01823792392834863	No data	No data	Fc epsilon receptor II
ADK	0.0022174791281082107	No data	No data	No data	No data	0.01823792392834863	No data	No data	adenosine kinase
HCRTR1	0.0022174791281082107	No data	No data	No data	No data	0.01823792392834863	No data	No data	hypocretin receptor 1
HSP90AA2P	0.0022174791281082107	No data	No data	No data	No data	0.01823792392834863	No data	No data	heat shock protein 90 alpha family class A member 2, pseudogene
CST6	0.0022174791281082107	No data	No data	No data	No data	0.01823792392834863	No data	No data	cystatin E/M
GPR182	0.0022174791281082107	No data	No data	No data	No data	0.01823792392834863	No data	No data	G protein-coupled receptor 182
APC	0.0022174791281082107	No data	No data	No data	No data	0.01823792392834863	No data	No data	APC regulator of WNT signaling pathway
ADH4	0.0022174791281082107	No data	No data	No data	No data	0.01823792392834863	No data	No data	alcohol dehydrogenase 4 (class II), pi polypeptide
ALPP	0.0022174791281082107	No data	No data	No data	No data	0.01823792392834863	No data	No data	alkaline phosphatase, placental
FDPS	0.0022174791281082107	No data	No data	No data	No data	0.01823792392834863	No data	No data	farnesyl diphosphate synthase
MRE11	0.0022174791281082107	No data	No data	No data	No data	0.01823792392834863	No data	No data	MRE11 homolog, double strand break repair nuclease
LPAL2	0.0022174791281082107	No data	No data	No data	No data	0.01823792392834863	No data	No data	lipoprotein(a) like 2, pseudogene 
OPN1LW	0.0022174791281082107	No data	No data	No data	No data	0.01823792392834863	No data	No data	opsin 1, long wave sensitive
ERCC4	0.0022174791281082107	No data	No data	No data	No data	0.01823792392834863	No data	No data	ERCC excision repair 4, endonuclease catalytic subunit
NEO1	0.0022174791281082107	No data	No data	No data	No data	0.01823792392834863	No data	No data	neogenin 1
NNAT	0.0022174791281082107	No data	No data	No data	No data	0.01823792392834863	No data	No data	neuronatin
DNAJB6	0.0022174791281082107	No data	No data	No data	No data	0.01823792392834863	No data	No data	DnaJ heat shock protein family (Hsp40) member B6
PLD2	0.0022174791281082107	No data	No data	No data	No data	0.01823792392834863	No data	No data	phospholipase D2
SAMD4A	0.0022174791281082107	No data	No data	No data	No data	0.01823792392834863	No data	No data	sterile alpha motif domain containing 4A
SMOX	0.0022174791281082107	No data	No data	No data	No data	0.01823792392834863	No data	No data	spermine oxidase
DFFA	0.0022174791281082107	No data	No data	No data	No data	0.01823792392834863	No data	No data	DNA fragmentation factor subunit alpha
NODAL	0.0022174791281082107	No data	No data	No data	No data	0.01823792392834863	No data	No data	nodal growth differentiation factor
ATP7B	0.0022174791281082107	No data	No data	No data	No data	0.01823792392834863	No data	No data	ATPase copper transporting beta
EXT2	0.0022174791281082107	No data	No data	No data	No data	0.01823792392834863	No data	No data	exostosin glycosyltransferase 2
PPM1D	0.0022174791281082107	No data	No data	No data	No data	0.01823792392834863	No data	No data	protein phosphatase, Mg2+/Mn2+ dependent 1D
EPHA6	0.0022174791281082107	No data	No data	No data	No data	0.01823792392834863	No data	No data	EPH receptor A6
TNFRSF10B	0.0022174791281082107	No data	No data	No data	No data	0.01823792392834863	No data	No data	TNF receptor superfamily member 10b
OFD1	0.0022174791281082107	No data	No data	No data	No data	0.01823792392834863	No data	No data	OFD1 centriole and centriolar satellite protein
EIF2AK1	0.0022174791281082107	No data	No data	No data	No data	0.01823792392834863	No data	No data	eukaryotic translation initiation factor 2 alpha kinase 1
PPP1R1C	0.0022174791281082107	No data	No data	No data	No data	0.01823792392834863	No data	No data	protein phosphatase 1 regulatory inhibitor subunit 1C
FLNA	0.0022174791281082107	No data	No data	No data	No data	0.01823792392834863	No data	No data	filamin A
TOR2A	0.0022174791281082107	No data	No data	No data	No data	0.01823792392834863	No data	No data	torsin family 2 member A
ADAMTS12	0.0022174791281082107	No data	No data	No data	No data	0.01823792392834863	No data	No data	ADAM metallopeptidase with thrombospondin type 1 motif 12
CASP2	0.0022174791281082107	No data	No data	No data	No data	0.01823792392834863	No data	No data	caspase 2
COL20A1	0.0022174791281082107	No data	No data	No data	No data	0.01823792392834863	No data	No data	collagen type XX alpha 1 chain
PIWIL1	0.0022174791281082107	No data	No data	No data	No data	0.01823792392834863	No data	No data	piwi like RNA-mediated gene silencing 1
IDS	0.0022174791281082107	No data	No data	No data	No data	0.01823792392834863	No data	No data	iduronate 2-sulfatase
MLIP-IT1	0.0022174791281082107	No data	No data	No data	No data	0.01823792392834863	No data	No data	MLIP intronic transcript 1
EFEMP1	0.0022174791281082107	No data	No data	No data	No data	0.01823792392834863	No data	No data	EGF containing fibulin extracellular matrix protein 1
TPT1	0.0022174791281082107	No data	No data	No data	No data	0.01823792392834863	No data	No data	tumor protein, translationally-controlled 1
IPO5	0.0022174791281082107	No data	No data	No data	No data	0.01823792392834863	No data	No data	importin 5
IDE	0.0022174791281082107	No data	No data	No data	No data	0.01823792392834863	No data	No data	insulin degrading enzyme
FSTL5	0.0022174791281082107	No data	No data	No data	No data	0.01823792392834863	No data	No data	follistatin like 5
ZNF135	0.0022174791281082107	No data	No data	No data	No data	0.01823792392834863	No data	No data	zinc finger protein 135
KRT8	0.0022174791281082107	No data	No data	No data	No data	0.01823792392834863	No data	No data	keratin 8
CLRN1-AS1	0.0022174791281082107	No data	No data	No data	No data	0.01823792392834863	No data	No data	CLRN1 antisense RNA 1
KRT6B	0.0022174791281082107	No data	No data	No data	No data	0.01823792392834863	No data	No data	keratin 6B
KIR3DS1	0.0022174791281082107	No data	No data	No data	No data	0.01823792392834863	No data	No data	killer cell immunoglobulin like receptor, three Ig domains and short cytoplasmic tail 1
TRIM32	0.0022174791281082107	No data	No data	No data	No data	0.01823792392834863	No data	No data	tripartite motif containing 32
UBE2Z	0.0022174791281082107	No data	No data	No data	No data	0.01823792392834863	No data	No data	ubiquitin conjugating enzyme E2 Z
NKX6-2	0.0022174791281082107	No data	No data	No data	No data	0.01823792392834863	No data	No data	NK6 homeobox 2
DIS3L2	0.0022174791281082107	No data	No data	No data	No data	0.01823792392834863	No data	No data	DIS3 like 3'-5' exoribonuclease 2
UNC93A	0.0022174791281082107	No data	No data	No data	No data	0.01823792392834863	No data	No data	unc-93 homolog A
AICDA	0.0022174791281082107	No data	No data	No data	No data	0.01823792392834863	No data	No data	activation induced cytidine deaminase
FBLN2	0.0022174791281082107	No data	No data	No data	No data	0.01823792392834863	No data	No data	fibulin 2
SPRR3	0.0022174791281082107	No data	No data	No data	No data	0.01823792392834863	No data	No data	small proline rich protein 3
DANCR	0.0022174791281082107	No data	No data	No data	No data	0.01823792392834863	No data	No data	differentiation antagonizing non-protein coding RNA
CKB	0.0022174791281082107	No data	No data	No data	No data	0.01823792392834863	No data	No data	creatine kinase B
GYG1	0.0022174791281082107	No data	No data	No data	No data	0.01823792392834863	No data	No data	glycogenin 1
IL17RB	0.0022174791281082107	No data	No data	No data	No data	0.01823792392834863	No data	No data	interleukin 17 receptor B
LSM2	0.0022174791281082107	No data	No data	No data	No data	0.01823792392834863	No data	No data	LSM2 homolog, U6 small nuclear RNA and mRNA degradation associated
UGDH	0.0022174791281082107	No data	No data	No data	No data	0.01823792392834863	No data	No data	UDP-glucose 6-dehydrogenase
GPC1	0.0022174791281082107	No data	No data	No data	No data	0.01823792392834863	No data	No data	glypican 1
HCRT	0.0022174791281082107	No data	No data	No data	No data	0.01823792392834863	No data	No data	hypocretin neuropeptide precursor
STOM	0.0022174791281082107	No data	No data	No data	No data	0.01823792392834863	No data	No data	stomatin
EFNA4	0.0022174791281082107	No data	No data	No data	No data	0.01823792392834863	No data	No data	ephrin A4
TRAT1	0.0022174791281082107	No data	No data	No data	No data	0.01823792392834863	No data	No data	T cell receptor associated transmembrane adaptor 1
SORD	0.0022174791281082107	No data	No data	No data	No data	0.01823792392834863	No data	No data	sorbitol dehydrogenase
PBXIP1	0.0022174791281082107	No data	No data	No data	No data	0.01823792392834863	No data	No data	PBX homeobox interacting protein 1
COMMD1	0.0022174791281082107	No data	No data	No data	No data	0.01823792392834863	No data	No data	copper metabolism domain containing 1
RIOK2	0.0022174791281082107	No data	No data	No data	No data	0.01823792392834863	No data	No data	RIO kinase 2
SCT	0.0022174791281082107	No data	No data	No data	No data	0.01823792392834863	No data	No data	secretin
IL12RB1	0.0022174791281082107	No data	No data	No data	No data	0.01823792392834863	No data	No data	interleukin 12 receptor subunit beta 1
PNMT	0.0022174791281082107	No data	No data	No data	No data	0.01823792392834863	No data	No data	phenylethanolamine N-methyltransferase
SETP1	0.0022174791281082107	No data	No data	No data	No data	0.01823792392834863	No data	No data	SET pseudogene 1
DCT	0.0022174791281082107	No data	No data	No data	No data	0.01823792392834863	No data	No data	dopachrome tautomerase
TOMM40	0.0022174791281082107	No data	No data	No data	No data	0.01823792392834863	No data	No data	translocase of outer mitochondrial membrane 40
HOXA13	0.0022174791281082107	No data	No data	No data	No data	0.01823792392834863	No data	No data	homeobox A13
BMP2K	0.0022174791281082107	No data	No data	No data	No data	0.01823792392834863	No data	No data	BMP2 inducible kinase
ADAMTS10	0.0022174791281082107	No data	No data	No data	No data	0.01823792392834863	No data	No data	ADAM metallopeptidase with thrombospondin type 1 motif 10
DEFA5	0.0022174791281082107	No data	No data	No data	No data	0.01823792392834863	No data	No data	defensin alpha 5
TOX3	0.0022174791281082107	No data	No data	No data	No data	0.01823792392834863	No data	No data	TOX high mobility group box family member 3
KLRA1P	0.0022174791281082107	No data	No data	No data	No data	0.01823792392834863	No data	No data	killer cell lectin like receptor A1, pseudogene
ARL6IP4	0.0022076606579226115	No data	No data	No data	No data	No data	0.018157170738806554	No data	ADP ribosylation factor like GTPase 6 interacting protein 4
TNFAIP8L2	0.002204749155335738	No data	No data	No data	No data	0.018133224735426633	No data	No data	TNF alpha induced protein 8 like 2
SLC16A5	0.002201115587638313	No data	No data	No data	No data	No data	0.018103340020655643	No data	solute carrier family 16 member 5
ARL2	0.002199723084929473	No data	No data	No data	No data	No data	0.01809188721456068	No data	ADP ribosylation factor like GTPase 2
EXOC3L2	0.0021955421048782246	No data	No data	No data	No data	No data	0.01805750024101308	No data	exocyst complex component 3 like 2
TNFRSF25	0.002177280553553948	No data	No data	No data	No data	0.015198269940290528	0.010836143897446214	No data	TNF receptor superfamily member 25
KLC1	0.0021710197670865446	No data	No data	No data	No data	No data	0.017855813322962367	No data	kinesin light chain 1
DIPK2B	0.0021614013469832133	No data	No data	No data	No data	No data	0.01777670546939483	No data	divergent protein kinase domain 2B
PGAP4	0.0021610738223259117	No data	No data	No data	No data	No data	0.017774011703438338	No data	post-GPI attachment to proteins GalNAc transferase 4
NIBAN1	0.002153952808394872	No data	No data	No data	No data	No data	0.017715444067458914	No data	niban apoptosis regulator 1
OGDHL	0.0021524907343381926	No data	No data	No data	No data	No data	0.017703419063441823	No data	oxoglutarate dehydrogenase L
SPEG	0.0021523121350554546	No data	No data	No data	No data	No data	0.017701950152149284	No data	striated muscle enriched protein kinase
IER5	0.002147600429720119	No data	No data	No data	No data	No data	0.017663198164638152	No data	immediate early response 5
GPT2	0.0021457282085733448	No data	No data	No data	No data	No data	0.017647799856523733	No data	glutamic--pyruvic transaminase 2
TESC	0.002144835983756974	No data	No data	No data	No data	No data	0.01764046164615607	No data	tescalcin
RGS18	0.002137297186424926	No data	No data	No data	No data	No data	0.0175784579003213	No data	regulator of G protein signaling 18
NAGS	0.002135148060354073	No data	No data	No data	No data	0.012158615952232422	0.014521128166279474	No data	N-acetylglutamate synthase
C5orf58	0.002121693891177137	No data	No data	No data	No data	No data	0.01745012672094126	No data	chromosome 5 open reading frame 58
MRPS2	0.002113688098299744	No data	No data	No data	No data	No data	0.017384282114048133	No data	mitochondrial ribosomal protein S2
ECHS1	0.0021128914898781923	No data	No data	No data	No data	No data	0.01737773031222561	No data	enoyl-CoA hydratase, short chain 1
CRNDE	0.0021105899264785765	No data	No data	No data	No data	No data	0.01735880082708801	No data	colorectal neoplasia differentially expressed
CARD6	0.0021093939949755375	No data	No data	No data	No data	No data	0.01734896474452946	No data	caspase recruitment domain family member 6
ITM2C	0.0021048100521213493	No data	No data	No data	No data	No data	0.017311263554918757	No data	integral membrane protein 2C
TCEAL9	0.0021001890333429214	No data	No data	No data	No data	No data	0.01727325742990763	No data	transcription elongation factor A like 9
RBM5	0.002085258542628832	No data	No data	No data	No data	No data	0.0171504598123766	No data	RNA binding motif protein 5
MTHFD1	0.0020827734848181396	No data	No data	No data	No data	No data	0.017130021155374396	No data	methylenetetrahydrofolate dehydrogenase, cyclohydrolase and formyltetrahydrofolate synthetase 1
SOX4	0.0020752016324973336	No data	No data	No data	No data	No data	0.017067745544806927	No data	SRY-box transcription factor 4
SPPL2B	0.002072283799506944	No data	No data	No data	No data	No data	0.01704374747626152	No data	signal peptide peptidase like 2B
ESPL1	0.0020682110093230522	No data	No data	No data	No data	No data	0.017010250323296967	No data	extra spindle pole bodies like 1, separase
PRSS36	0.0020665769241969357	No data	No data	No data	No data	No data	0.01699681059354042	No data	serine protease 36
ATP6AP1	0.0020592733245510552	No data	No data	No data	No data	No data	0.01693674125937793	No data	ATPase H+ transporting accessory protein 1
ENSG00000253574	0.002057797105496964	No data	No data	No data	No data	No data	0.01692459991812749	No data	novel transcript
FHL1	0.0020427775126017306	No data	No data	No data	No data	No data	0.01680106946898557	No data	four and a half LIM domains 1
BRD1	0.0020346574136290018	No data	No data	No data	No data	No data	0.016734284737856382	No data	bromodomain containing 1
HSPB8	0.002029336583673608	No data	No data	No data	No data	0.012158615952232422	0.013650868943550774	No data	heat shock protein family B (small) member 8
SNHG11	0.0020277019501102737	No data	No data	No data	No data	No data	0.01667707869116444	No data	small nucleolar RNA host gene 11
CD53	0.0020180168698505606	No data	No data	No data	No data	0.012158615952232422	0.013557768595061123	No data	CD53 molecule
WSB1	0.002015235664774486	No data	No data	No data	No data	No data	0.016574548227296152	No data	WD repeat and SOCS box containing 1
PANDAR	0.00201215698661671	No data	No data	No data	No data	0.01654922726831635	No data	No data	promoter of CDKN1A antisense DNA damage activated RNA
PLK1	0.00201215698661671	No data	No data	No data	No data	0.01654922726831635	No data	No data	polo like kinase 1
ATP8A2	0.00201215698661671	No data	No data	No data	No data	0.01654922726831635	No data	No data	ATPase phospholipid transporting 8A2
SASH1	0.00201215698661671	No data	No data	No data	No data	0.01654922726831635	No data	No data	SAM and SH3 domain containing 1
MARK2	0.00201215698661671	No data	No data	No data	No data	0.01654922726831635	No data	No data	microtubule affinity regulating kinase 2
RAPGEF5	0.00201215698661671	No data	No data	No data	No data	0.01654922726831635	No data	No data	Rap guanine nucleotide exchange factor 5
TPO	0.00201215698661671	No data	No data	No data	No data	0.01654922726831635	No data	No data	thyroid peroxidase
GPER1	0.00201215698661671	No data	No data	No data	No data	0.01654922726831635	No data	No data	G protein-coupled estrogen receptor 1
IL4I1	0.001995703328207446	No data	No data	No data	No data	No data	0.01641390217478675	No data	interleukin 4 induced 1
RNF125	0.0019943502759572334	No data	No data	No data	No data	No data	0.01640277383373602	No data	ring finger protein 125
GSTZ1	0.001992582361460707	No data	No data	No data	No data	No data	0.016388233408218246	No data	glutathione S-transferase zeta 1
EPS8L2	0.001990054005547708	No data	No data	No data	No data	No data	0.01636743864076336	No data	EPS8 like 2
CTSV	0.0019722236497358775	No data	No data	No data	No data	No data	0.01622079073378217	No data	cathepsin V
NKD2	0.0019692136859918007	No data	No data	No data	No data	0.012158615952232422	0.013156380936708453	No data	NKD inhibitor of WNT signaling pathway 2
SLC7A8	0.0019657791002513783	No data	No data	No data	No data	No data	0.016167786761045327	No data	solute carrier family 7 member 8
FAAP100	0.0019619165603549046	No data	No data	No data	No data	No data	0.016136018836870002	No data	FA core complex associated protein 100
MAB21L4	0.0019602205129536014	No data	No data	No data	No data	No data	0.016122069490924984	No data	mab-21 like 4
PSAT1	0.0019542868181946084	No data	No data	No data	No data	No data	0.016073267104351502	No data	phosphoserine aminotransferase 1
SACS	0.0019183129569363155	No data	No data	No data	No data	No data	0.015777395753536386	No data	sacsin molecular chaperone
MFSD3	0.0019064938475358954	No data	No data	No data	No data	No data	0.015680188066026113	No data	major facilitator superfamily domain containing 3
RGS5	0.0019036760126193988	No data	No data	No data	No data	0.012158615952232422	0.012617358455614548	No data	regulator of G protein signaling 5
IL27RA	0.0018954988896956642	No data	No data	No data	No data	No data	0.015589758712196474	No data	interleukin 27 receptor subunit alpha
NFE2L3	0.0018954988896956642	No data	No data	No data	No data	No data	0.015589758712196474	No data	NFE2 like bZIP transcription factor 3
GIMAP4	0.0018750727412278007	No data	No data	No data	No data	No data	0.015421761396152346	No data	GTPase, IMAP family member 4
LCE1C	0.0018622354213611064	No data	No data	No data	No data	No data	0.015316179314136367	No data	late cornified envelope 1C
IRX2	0.0018615180065482669	No data	No data	No data	No data	No data	0.015310278849678418	No data	iroquois homeobox 2
GSS	0.0018545094694480012	No data	No data	No data	No data	No data	0.015252636292928537	No data	glutathione synthetase
TFAP2A	0.0018478992734235094	No data	No data	No data	No data	0.015198269940290528	No data	No data	transcription factor AP-2 alpha
S1PR3	0.0018478992734235094	No data	No data	No data	No data	0.015198269940290528	No data	No data	sphingosine-1-phosphate receptor 3
CDH6	0.0018478992734235094	No data	No data	No data	No data	0.015198269940290528	No data	No data	cadherin 6
RHEBP1	0.0018478992734235094	No data	No data	No data	No data	0.015198269940290528	No data	No data	RHEB pseudogene 1
ABCA4	0.0018478992734235094	No data	No data	No data	No data	0.015198269940290528	No data	No data	ATP binding cassette subfamily A member 4
BCAR1	0.0018478992734235094	No data	No data	No data	No data	0.015198269940290528	No data	No data	BCAR1 scaffold protein, Cas family member
EIF2AK4	0.0018478992734235094	No data	No data	No data	No data	0.015198269940290528	No data	No data	eukaryotic translation initiation factor 2 alpha kinase 4
TBXAS1	0.0018478992734235094	No data	No data	No data	No data	0.015198269940290528	No data	No data	thromboxane A synthase 1
ENSG00000290929	0.0018478992734235094	No data	No data	No data	No data	0.015198269940290528	No data	No data	novel transcript
SNCA	0.0018478992734235094	No data	No data	No data	No data	0.015198269940290528	No data	No data	synuclein alpha
DDN	0.0018478992734235094	No data	No data	No data	No data	0.015198269940290528	No data	No data	dendrin
PCSK4	0.0018478992734235094	No data	No data	No data	No data	0.015198269940290528	No data	No data	proprotein convertase subtilisin/kexin type 4
MPC2	0.0018478992734235094	No data	No data	No data	No data	0.015198269940290528	No data	No data	mitochondrial pyruvate carrier 2
IL5RA	0.0018478992734235094	No data	No data	No data	No data	0.015198269940290528	No data	No data	interleukin 5 receptor subunit alpha
SOX11	0.0018478992734235094	No data	No data	No data	No data	0.015198269940290528	No data	No data	SRY-box transcription factor 11
SLC25A3	0.0018478992734235094	No data	No data	No data	No data	0.015198269940290528	No data	No data	solute carrier family 25 member 3
PTPRN2	0.0018478992734235094	No data	No data	No data	No data	0.015198269940290528	No data	No data	protein tyrosine phosphatase receptor type N2
CEACAM1	0.0018478992734235094	No data	No data	No data	No data	0.015198269940290528	No data	No data	CEA cell adhesion molecule 1
LRPAP1	0.0018478992734235094	No data	No data	No data	No data	0.015198269940290528	No data	No data	LDL receptor related protein associated protein 1
PARN	0.0018478992734235094	No data	No data	No data	No data	0.015198269940290528	No data	No data	poly(A)-specific ribonuclease
AOX1	0.0018478992734235094	No data	No data	No data	No data	0.015198269940290528	No data	No data	aldehyde oxidase 1
TMPRSS11A	0.0018478992734235094	No data	No data	No data	No data	0.015198269940290528	No data	No data	transmembrane serine protease 11A
BLVRA	0.0018478992734235094	No data	No data	No data	No data	0.015198269940290528	No data	No data	biliverdin reductase A
CRTC1	0.0018478992734235094	No data	No data	No data	No data	0.015198269940290528	No data	No data	CREB regulated transcription coactivator 1
MMRN1	0.0018478992734235094	No data	No data	No data	No data	0.015198269940290528	No data	No data	multimerin 1
WNT3	0.0018478992734235094	No data	No data	No data	No data	0.015198269940290528	No data	No data	Wnt family member 3
DGKE	0.0018478992734235094	No data	No data	No data	No data	0.015198269940290528	No data	No data	diacylglycerol kinase epsilon
PCYT1A	0.0018478992734235094	No data	No data	No data	No data	0.015198269940290528	No data	No data	phosphate cytidylyltransferase 1A, choline
HSP90AB1	0.0018478992734235094	No data	No data	No data	No data	0.015198269940290528	No data	No data	heat shock protein 90 alpha family class B member 1
RBSN	0.0018478992734235094	No data	No data	No data	No data	0.015198269940290528	No data	No data	rabenosyn, RAB effector
IL15RA	0.0018478992734235094	No data	No data	No data	No data	0.015198269940290528	No data	No data	interleukin 15 receptor subunit alpha
DHODH	0.0018478992734235094	No data	No data	No data	No data	0.015198269940290528	No data	No data	dihydroorotate dehydrogenase (quinone)
RAG1	0.0018478992734235094	No data	No data	No data	No data	0.015198269940290528	No data	No data	recombination activating 1
RGMA	0.0018478992734235094	No data	No data	No data	No data	0.015198269940290528	No data	No data	repulsive guidance molecule BMP co-receptor a
DAPK1	0.0018478992734235094	No data	No data	No data	No data	0.015198269940290528	No data	No data	death associated protein kinase 1
SNHG16	0.0018478992734235094	No data	No data	No data	No data	0.015198269940290528	No data	No data	small nucleolar RNA host gene 16
COQ5	0.0018478992734235094	No data	No data	No data	No data	0.015198269940290528	No data	No data	coenzyme Q5, methyltransferase
MT1E	0.0018478992734235094	No data	No data	No data	No data	0.015198269940290528	No data	No data	metallothionein 1E
RPS6KA1	0.0018478992734235094	No data	No data	No data	No data	0.015198269940290528	No data	No data	ribosomal protein S6 kinase A1
ATXN7	0.0018478992734235094	No data	No data	No data	No data	0.015198269940290528	No data	No data	ataxin 7
INHBC	0.0018478992734235094	No data	No data	No data	No data	0.015198269940290528	No data	No data	inhibin subunit beta C
IGKV1D-22	0.0018478992734235094	No data	No data	No data	No data	0.015198269940290528	No data	No data	immunoglobulin kappa variable 1D-22 (pseudogene)
TCN1	0.0018478992734235094	No data	No data	No data	No data	0.015198269940290528	No data	No data	transcobalamin 1
APCS	0.0018478992734235094	No data	No data	No data	No data	0.015198269940290528	No data	No data	amyloid P component, serum
SPRR2A	0.0018478992734235094	No data	No data	No data	No data	0.015198269940290528	No data	No data	small proline rich protein 2A
FTL	0.0018471726381283657	No data	No data	No data	No data	0.012158615952232422	0.012134710754535639	No data	ferritin light chain
ARSA	0.0018255694919281308	No data	No data	No data	No data	No data	0.015014615965338894	No data	arylsulfatase A
HCN2	0.0017987381973366221	No data	No data	No data	No data	No data	0.014793938754240846	No data	hyperpolarization activated cyclic nucleotide gated potassium and sodium channel 2
IL27	0.0017967742301784372	No data	No data	No data	No data	No data	0.014777785870015365	No data	interleukin 27
PERP	0.001793052606980714	No data	No data	No data	No data	No data	0.01474717693218606	No data	p53 apoptosis effector related to PMP22
CELF2	0.0017527717601219697	No data	No data	No data	No data	No data	0.014415882260021102	No data	CUGBP Elav-like family member 2
DHRS1	0.001751680813299898	No data	No data	No data	No data	No data	0.014406909636604445	No data	dehydrogenase/reductase 1
C11orf96	0.001739970609204092	No data	No data	No data	No data	No data	0.014310597653877037	No data	chromosome 11 open reading frame 96
HOXB2	0.0017349856186095855	No data	No data	No data	No data	No data	0.014269597998866209	No data	homeobox B2
HCLS1	0.0017269004023290826	No data	No data	No data	No data	No data	0.014203100164636826	No data	hematopoietic cell-specific Lyn substrate 1
AGR2	0.001720600136464994	No data	No data	No data	No data	No data	0.014151282869898344	No data	anterior gradient 2, protein disulphide isomerase family member
KIAA1191	0.0016946369430235091	No data	No data	No data	No data	No data	0.013937745461171177	No data	KIAA1191
SRSF5	0.0016936429992359598	No data	No data	No data	No data	No data	0.013929570650884758	No data	serine and arginine rich splicing factor 5
TMED9	0.0016890389909471593	No data	No data	No data	No data	No data	0.013891704430692525	No data	transmembrane p24 trafficking protein 9
RESF1	0.0016887819408189576	No data	No data	No data	No data	No data	0.013889590290981132	No data	retroelement silencing factor 1
TRIM15	0.0016869829960335775	No data	No data	No data	No data	No data	0.013874794653118666	No data	tripartite motif containing 15
TPBG	0.001659756728988906	No data	No data	No data	No data	No data	0.013650868943550774	No data	trophoblast glycoprotein
FBXL16	0.0016566067436679616	No data	No data	No data	No data	No data	0.013624961510226786	No data	F-box and leucine rich repeat protein 16
ENSG00000280169	0.0016512388184113426	No data	No data	No data	No data	No data	0.01358081236300717	No data	novel transcript, antisense to GGACT
SLFN5	0.001647368448125399	No data	No data	No data	No data	No data	0.013548980036851389	No data	schlafen family member 5
DIO1	0.0016358369195275987	No data	No data	No data	No data	No data	0.01345413759225815	No data	iodothyronine deiodinase 1
ETNPPL	0.0016250112399947164	No data	No data	No data	No data	No data	0.013365100488237323	No data	ethanolamine-phosphate phospho-lyase
OR5L2	0.001623037769698909	No data	No data	No data	No data	No data	0.013348869444312909	No data	olfactory receptor family 5 subfamily L member 2
MCRIP2	0.001606860016644958	No data	No data	No data	No data	No data	0.013215813567579008	No data	MAPK regulated corepressor interacting protein 2
PDXK	0.0015906105907247607	No data	No data	No data	No data	No data	0.013082168208731945	No data	pyridoxal kinase
ARSL	0.0015810249835383837	No data	No data	No data	No data	No data	0.013003330228948423	No data	arylsulfatase L
TMEM191B	0.0015740858077153976	No data	No data	No data	No data	No data	0.012946258142370081	No data	transmembrane protein 191B
LINC01089	0.0015682175073917547	No data	No data	No data	No data	No data	0.012897993600199347	No data	long intergenic non-protein coding RNA 1089
MAPT-AS1	0.0015681799197373738	No data	No data	No data	No data	No data	0.0128976844560128	No data	MAPT antisense RNA 1
LINC00174	0.001567242313640216	No data	No data	No data	No data	No data	0.012889973001840374	No data	long intergenic non-protein coding RNA 174
MPND	0.0015630679098661065	No data	No data	No data	No data	No data	0.012855640115675455	No data	MPN domain containing
NDOR1	0.0015615087329560475	No data	No data	No data	No data	No data	0.012842816477555915	No data	NADPH dependent diflavin oxidoreductase 1
RIPOR2	0.001558872384683096	No data	No data	No data	No data	No data	0.012821133513941397	No data	RHO family interacting cell polarization regulator 2
LMO7DN	0.0015567913301193614	No data	No data	No data	No data	No data	0.012804017630259321	No data	LMO7 downstream neighbor
KIAA2012	0.0015549927641670908	No data	No data	No data	No data	No data	0.01278922510815535	No data	KIAA2012
CRLF1	0.0015500792516852763	No data	No data	No data	No data	No data	0.012748813333483643	No data	cytokine receptor like factor 1
CLUH	0.0015483346399546756	No data	No data	No data	No data	No data	0.012734464564368352	No data	clustered mitochondria homolog
ORC6	0.0015219440510063611	No data	No data	No data	No data	No data	0.012517411989864849	No data	origin recognition complex subunit 6
CCDC3	0.0015014062757484506	No data	No data	No data	No data	No data	0.012348496585853424	No data	coiled-coil domain containing 3
GZMA	0.0014955623528863447	No data	No data	No data	No data	No data	0.01230043253904855	No data	granzyme A
PSME3	0.0014783194187388072	No data	No data	No data	No data	0.012158615952232422	No data	No data	proteasome activator subunit 3
RPL37A	0.0014783194187388072	No data	No data	No data	No data	0.012158615952232422	No data	No data	ribosomal protein L37a
XRCC6	0.0014783194187388072	No data	No data	No data	No data	0.012158615952232422	No data	No data	X-ray repair cross complementing 6
HGD	0.0014783194187388072	No data	No data	No data	No data	0.012158615952232422	No data	No data	homogentisate 1,2-dioxygenase
NNT	0.0014783194187388072	No data	No data	No data	No data	0.012158615952232422	No data	No data	nicotinamide nucleotide transhydrogenase
LAMA4	0.0014783194187388072	No data	No data	No data	No data	0.012158615952232422	No data	No data	laminin subunit alpha 4
CD83	0.0014783194187388072	No data	No data	No data	No data	0.012158615952232422	No data	No data	CD83 molecule
COX6A1	0.0014783194187388072	No data	No data	No data	No data	0.012158615952232422	No data	No data	cytochrome c oxidase subunit 6A1
XRCC5	0.0014783194187388072	No data	No data	No data	No data	0.012158615952232422	No data	No data	X-ray repair cross complementing 5
TRIM8	0.0014783194187388072	No data	No data	No data	No data	0.012158615952232422	No data	No data	tripartite motif containing 8
TP53INP1	0.0014783194187388072	No data	No data	No data	No data	0.012158615952232422	No data	No data	tumor protein p53 inducible nuclear protein 1
RHAG	0.0014783194187388072	No data	No data	No data	No data	0.012158615952232422	No data	No data	Rh associated glycoprotein
OPN1SW	0.0014783194187388072	No data	No data	No data	No data	0.012158615952232422	No data	No data	opsin 1, short wave sensitive
HAS2	0.0014783194187388072	No data	No data	No data	No data	0.012158615952232422	No data	No data	hyaluronan synthase 2
ERVW-1	0.0014783194187388072	No data	No data	No data	No data	0.012158615952232422	No data	No data	endogenous retrovirus group W member 1, envelope
FAR2	0.0014783194187388072	No data	No data	No data	No data	0.012158615952232422	No data	No data	fatty acyl-CoA reductase 2
B3GALT2	0.0014783194187388072	No data	No data	No data	No data	0.012158615952232422	No data	No data	beta-1,3-galactosyltransferase 2
LIPG	0.0014783194187388072	No data	No data	No data	No data	0.012158615952232422	No data	No data	lipase G, endothelial type
LPO	0.0014783194187388072	No data	No data	No data	No data	0.012158615952232422	No data	No data	lactoperoxidase
NLRP12	0.0014783194187388072	No data	No data	No data	No data	0.012158615952232422	No data	No data	NLR family pyrin domain containing 12
EPHX3	0.0014783194187388072	No data	No data	No data	No data	0.012158615952232422	No data	No data	epoxide hydrolase 3
RAB27B	0.0014783194187388072	No data	No data	No data	No data	0.012158615952232422	No data	No data	RAB27B, member RAS oncogene family
USF1	0.0014783194187388072	No data	No data	No data	No data	0.012158615952232422	No data	No data	upstream transcription factor 1
ADGRG3	0.0014783194187388072	No data	No data	No data	No data	0.012158615952232422	No data	No data	adhesion G protein-coupled receptor G3
ANOS2P	0.0014783194187388072	No data	No data	No data	No data	0.012158615952232422	No data	No data	anosmin 2, pseudogene
FAM47E	0.0014783194187388072	No data	No data	No data	No data	0.012158615952232422	No data	No data	family with sequence similarity 47 member E
OTOL1	0.0014783194187388072	No data	No data	No data	No data	0.012158615952232422	No data	No data	otolin 1
TTN	0.0014783194187388072	No data	No data	No data	No data	0.012158615952232422	No data	No data	titin
SLC27A1	0.0014783194187388072	No data	No data	No data	No data	0.012158615952232422	No data	No data	solute carrier family 27 member 1
NUPR1	0.0014783194187388072	No data	No data	No data	No data	0.012158615952232422	No data	No data	nuclear protein 1, transcriptional regulator
NFE2	0.0014783194187388072	No data	No data	No data	No data	0.012158615952232422	No data	No data	nuclear factor, erythroid 2
ATG9B	0.0014783194187388072	No data	No data	No data	No data	0.012158615952232422	No data	No data	autophagy related 9B
MARCHF7	0.0014783194187388072	No data	No data	No data	No data	0.012158615952232422	No data	No data	membrane associated ring-CH-type finger 7
TST	0.0014783194187388072	No data	No data	No data	No data	0.012158615952232422	No data	No data	thiosulfate sulfurtransferase
HOXD13	0.0014783194187388072	No data	No data	No data	No data	0.012158615952232422	No data	No data	homeobox D13
HDC	0.0014783194187388072	No data	No data	No data	No data	0.012158615952232422	No data	No data	histidine decarboxylase
ADAT1	0.0014783194187388072	No data	No data	No data	No data	0.012158615952232422	No data	No data	adenosine deaminase tRNA specific 1
KCNJ16	0.0014783194187388072	No data	No data	No data	No data	0.012158615952232422	No data	No data	potassium inwardly rectifying channel subfamily J member 16
NOX3	0.0014783194187388072	No data	No data	No data	No data	0.012158615952232422	No data	No data	NADPH oxidase 3
MSI2	0.0014783194187388072	No data	No data	No data	No data	0.012158615952232422	No data	No data	musashi RNA binding protein 2
XBP1	0.0014783194187388072	No data	No data	No data	No data	0.012158615952232422	No data	No data	X-box binding protein 1
GALNT1	0.0014783194187388072	No data	No data	No data	No data	0.012158615952232422	No data	No data	polypeptide N-acetylgalactosaminyltransferase 1
STK3	0.0014783194187388072	No data	No data	No data	No data	0.012158615952232422	No data	No data	serine/threonine kinase 3
WTAP	0.0014783194187388072	No data	No data	No data	No data	0.012158615952232422	No data	No data	WT1 associated protein
FDFT1	0.0014783194187388072	No data	No data	No data	No data	0.012158615952232422	No data	No data	farnesyl-diphosphate farnesyltransferase 1
NRAS	0.0014783194187388072	No data	No data	No data	No data	0.012158615952232422	No data	No data	NRAS proto-oncogene, GTPase
ADCY3	0.0014783194187388072	No data	No data	No data	No data	0.012158615952232422	No data	No data	adenylate cyclase 3
IMMT	0.0014783194187388072	No data	No data	No data	No data	0.012158615952232422	No data	No data	inner membrane mitochondrial protein
USP46	0.0014783194187388072	No data	No data	No data	No data	0.012158615952232422	No data	No data	ubiquitin specific peptidase 46
LARP7	0.0014783194187388072	No data	No data	No data	No data	0.012158615952232422	No data	No data	La ribonucleoprotein 7, transcriptional regulator
PGAP3	0.0014783194187388072	No data	No data	No data	No data	0.012158615952232422	No data	No data	post-GPI attachment to proteins phospholipase 3
TAAR1	0.0014783194187388072	No data	No data	No data	No data	0.012158615952232422	No data	No data	trace amine associated receptor 1
BPTF	0.0014783194187388072	No data	No data	No data	No data	0.012158615952232422	No data	No data	bromodomain PHD finger transcription factor
DEFB104A	0.0014783194187388072	No data	No data	No data	No data	0.012158615952232422	No data	No data	defensin beta 104A
COMETT	0.0014783194187388072	No data	No data	No data	No data	0.012158615952232422	No data	No data	cytosolic oncogenic antisense to MET transcript
NOXO1	0.0014783194187388072	No data	No data	No data	No data	0.012158615952232422	No data	No data	NADPH oxidase organizer 1
TMEM252	0.0014783194187388072	No data	No data	No data	No data	0.012158615952232422	No data	No data	transmembrane protein 252
PADI2	0.0014783194187388072	No data	No data	No data	No data	0.012158615952232422	No data	No data	peptidyl arginine deiminase 2
OTX2	0.0014783194187388072	No data	No data	No data	No data	0.012158615952232422	No data	No data	orthodenticle homeobox 2
SLC35A1	0.0014783194187388072	No data	No data	No data	No data	0.012158615952232422	No data	No data	solute carrier family 35 member A1
VCL	0.0014783194187388072	No data	No data	No data	No data	0.012158615952232422	No data	No data	vinculin
TSHR	0.0014783194187388072	No data	No data	No data	No data	0.012158615952232422	No data	No data	thyroid stimulating hormone receptor
ELL	0.0014783194187388072	No data	No data	No data	No data	0.012158615952232422	No data	No data	elongation factor for RNA polymerase II
KAT2B	0.0014783194187388072	No data	No data	No data	No data	0.012158615952232422	No data	No data	lysine acetyltransferase 2B
INAVA	0.0014783194187388072	No data	No data	No data	No data	0.012158615952232422	No data	No data	innate immunity activator
LAMC3	0.0014783194187388072	No data	No data	No data	No data	0.012158615952232422	No data	No data	laminin subunit gamma 3
IMMTP1	0.0014783194187388072	No data	No data	No data	No data	0.012158615952232422	No data	No data	inner membrane mitochondrial protein pseudogene 1
HOXC11	0.0014783194187388072	No data	No data	No data	No data	0.012158615952232422	No data	No data	homeobox C11
CYP7B1	0.0014783194187388072	No data	No data	No data	No data	0.012158615952232422	No data	No data	cytochrome P450 family 7 subfamily B member 1
HES1	0.0014783194187388072	No data	No data	No data	No data	0.012158615952232422	No data	No data	hes family bHLH transcription factor 1
GRK6	0.0014783194187388072	No data	No data	No data	No data	0.012158615952232422	No data	No data	G protein-coupled receptor kinase 6
ESR2	0.0014783194187388072	No data	No data	No data	No data	0.012158615952232422	No data	No data	estrogen receptor 2
LINC02875	0.0014783194187388072	No data	No data	No data	No data	0.012158615952232422	No data	No data	long intergenic non-protein coding RNA 2875
MAPK9	0.0014783194187388072	No data	No data	No data	No data	0.012158615952232422	No data	No data	mitogen-activated protein kinase 9
CAPRIN1	0.0014783194187388072	No data	No data	No data	No data	0.012158615952232422	No data	No data	cell cycle associated protein 1
SKAP2	0.0014783194187388072	No data	No data	No data	No data	0.012158615952232422	No data	No data	src kinase associated phosphoprotein 2
CTNNA1	0.0014783194187388072	No data	No data	No data	No data	0.012158615952232422	No data	No data	catenin alpha 1
NOC2L	0.0014783194187388072	No data	No data	No data	No data	0.012158615952232422	No data	No data	NOC2 like nucleolar associated transcriptional repressor
IGHG1	0.0014783194187388072	No data	No data	No data	No data	0.012158615952232422	No data	No data	immunoglobulin heavy constant gamma 1 (G1m marker)
PLCL1	0.0014783194187388072	No data	No data	No data	No data	0.012158615952232422	No data	No data	phospholipase C like 1 (inactive)
HBB	0.0014783194187388072	No data	No data	No data	No data	0.012158615952232422	No data	No data	hemoglobin subunit beta
ABL2	0.0014783194187388072	No data	No data	No data	No data	0.012158615952232422	No data	No data	ABL proto-oncogene 2, non-receptor tyrosine kinase
NTN4	0.0014783194187388072	No data	No data	No data	No data	0.012158615952232422	No data	No data	netrin 4
DYRK1A	0.0014783194187388072	No data	No data	No data	No data	0.012158615952232422	No data	No data	dual specificity tyrosine phosphorylation regulated kinase 1A
DDC	0.0014783194187388072	No data	No data	No data	No data	0.012158615952232422	No data	No data	dopa decarboxylase
ICAM3	0.0014783194187388072	No data	No data	No data	No data	0.012158615952232422	No data	No data	intercellular adhesion molecule 3
RPS12	0.0014783194187388072	No data	No data	No data	No data	0.012158615952232422	No data	No data	ribosomal protein S12
MIR3916	0.0014783194187388072	No data	No data	No data	No data	0.012158615952232422	No data	No data	microRNA 3916
NLRP6	0.0014783194187388072	No data	No data	No data	No data	0.012158615952232422	No data	No data	NLR family pyrin domain containing 6
GM2A	0.0014783194187388072	No data	No data	No data	No data	0.012158615952232422	No data	No data	ganglioside GM2 activator
SKAP1-AS2	0.0014783194187388072	No data	No data	No data	No data	0.012158615952232422	No data	No data	SKAP1 antisense RNA 2
HIVEP3	0.0014783194187388072	No data	No data	No data	No data	0.012158615952232422	No data	No data	HIVEP zinc finger 3
PPIH	0.0014783194187388072	No data	No data	No data	No data	0.012158615952232422	No data	No data	peptidylprolyl isomerase H
ARHGAP20	0.0014783194187388072	No data	No data	No data	No data	0.012158615952232422	No data	No data	Rho GTPase activating protein 20
CRKL	0.0014783194187388072	No data	No data	No data	No data	0.012158615952232422	No data	No data	CRK like proto-oncogene, adaptor protein
RAB18	0.0014783194187388072	No data	No data	No data	No data	0.012158615952232422	No data	No data	RAB18, member RAS oncogene family
SLC5A7	0.0014783194187388072	No data	No data	No data	No data	0.012158615952232422	No data	No data	solute carrier family 5 member 7
HOTTIP	0.0014783194187388072	No data	No data	No data	No data	0.012158615952232422	No data	No data	HOXA distal transcript antisense RNA
PALLD	0.0014783194187388072	No data	No data	No data	No data	0.012158615952232422	No data	No data	palladin, cytoskeletal associated protein
MBTPS2	0.0014783194187388072	No data	No data	No data	No data	0.012158615952232422	No data	No data	membrane bound transcription factor peptidase, site 2
FBXO40	0.0014783194187388072	No data	No data	No data	No data	0.012158615952232422	No data	No data	F-box protein 40
CXCL2	0.0014783194187388072	No data	No data	No data	No data	0.012158615952232422	No data	No data	C-X-C motif chemokine ligand 2
MCC	0.0014783194187388072	No data	No data	No data	No data	0.012158615952232422	No data	No data	MCC regulator of WNT signaling pathway
DIP2A	0.0014783194187388072	No data	No data	No data	No data	0.012158615952232422	No data	No data	disco interacting protein 2 homolog A
RBM4	0.0014783194187388072	No data	No data	No data	No data	0.012158615952232422	No data	No data	RNA binding motif protein 4
ST8SIA6-AS1	0.0014783194187388072	No data	No data	No data	No data	0.012158615952232422	No data	No data	ST8SIA6 antisense RNA 1
GUCY2C	0.0014783194187388072	No data	No data	No data	No data	0.012158615952232422	No data	No data	guanylate cyclase 2C
GATC	0.0014783194187388072	No data	No data	No data	No data	0.012158615952232422	No data	No data	glutamyl-tRNA amidotransferase subunit C
KMT2A	0.0014783194187388072	No data	No data	No data	No data	0.012158615952232422	No data	No data	lysine methyltransferase 2A
TIMM8A	0.0014783194187388072	No data	No data	No data	No data	0.012158615952232422	No data	No data	translocase of inner mitochondrial membrane 8A
CCT2	0.0014783194187388072	No data	No data	No data	No data	0.012158615952232422	No data	No data	chaperonin containing TCP1 subunit 2
OAZ1	0.0014783194187388072	No data	No data	No data	No data	0.012158615952232422	No data	No data	ornithine decarboxylase antizyme 1
CTSG	0.0014783194187388072	No data	No data	No data	No data	0.012158615952232422	No data	No data	cathepsin G
TJP3	0.0014783194187388072	No data	No data	No data	No data	0.012158615952232422	No data	No data	tight junction protein 3
SLC25A19	0.0014783194187388072	No data	No data	No data	No data	0.012158615952232422	No data	No data	solute carrier family 25 member 19
MS4A4A	0.0014783194187388072	No data	No data	No data	No data	0.012158615952232422	No data	No data	membrane spanning 4-domains A4A
SLC47A1	0.0014783194187388072	No data	No data	No data	No data	0.012158615952232422	No data	No data	solute carrier family 47 member 1
PPY	0.0014783194187388072	No data	No data	No data	No data	0.012158615952232422	No data	No data	pancreatic polypeptide
CDC5L	0.0014783194187388072	No data	No data	No data	No data	0.012158615952232422	No data	No data	cell division cycle 5 like
KRT27	0.0014783194187388072	No data	No data	No data	No data	0.012158615952232422	No data	No data	keratin 27
P4HA2	0.0014783194187388072	No data	No data	No data	No data	0.012158615952232422	No data	No data	prolyl 4-hydroxylase subunit alpha 2
ARRB2	0.0014783194187388072	No data	No data	No data	No data	0.012158615952232422	No data	No data	arrestin beta 2
SLC25A45	0.0014783194187388072	No data	No data	No data	No data	0.012158615952232422	No data	No data	solute carrier family 25 member 45
PLEKHH3	0.0014783194187388072	No data	No data	No data	No data	0.012158615952232422	No data	No data	pleckstrin homology, MyTH4 and FERM domain containing H3
LAP3	0.0014783194187388072	No data	No data	No data	No data	0.012158615952232422	No data	No data	leucine aminopeptidase 3
INIP	0.0014783194187388072	No data	No data	No data	No data	0.012158615952232422	No data	No data	INTS3 and NABP interacting protein
LYPD3	0.0014783194187388072	No data	No data	No data	No data	0.012158615952232422	No data	No data	LY6/PLAUR domain containing 3
SYCP3	0.0014783194187388072	No data	No data	No data	No data	0.012158615952232422	No data	No data	synaptonemal complex protein 3
EBF2	0.0014783194187388072	No data	No data	No data	No data	0.012158615952232422	No data	No data	EBF transcription factor 2
SNRPN	0.0014783194187388072	No data	No data	No data	No data	0.012158615952232422	No data	No data	small nuclear ribonucleoprotein polypeptide N
GBAP1	0.0014783194187388072	No data	No data	No data	No data	0.012158615952232422	No data	No data	glucosylceramidase beta pseudogene 1
DEFB104B	0.0014783194187388072	No data	No data	No data	No data	0.012158615952232422	No data	No data	defensin beta 104B
HLA-DRB5	0.0014783194187388072	No data	No data	No data	No data	0.012158615952232422	No data	No data	major histocompatibility complex, class II, DR beta 5
BNIP3L	0.0014783194187388072	No data	No data	No data	No data	0.012158615952232422	No data	No data	BCL2 interacting protein 3 like
PRKACA	0.0014783194187388072	No data	No data	No data	No data	0.012158615952232422	No data	No data	protein kinase cAMP-activated catalytic subunit alpha
TNFRSF10A	0.0014783194187388072	No data	No data	No data	No data	0.012158615952232422	No data	No data	TNF receptor superfamily member 10a
IL18BP	0.0014783194187388072	No data	No data	No data	No data	0.012158615952232422	No data	No data	interleukin 18 binding protein
ITGB6	0.0014783194187388072	No data	No data	No data	No data	0.012158615952232422	No data	No data	integrin subunit beta 6
BMPR1A	0.0014783194187388072	No data	No data	No data	No data	0.012158615952232422	No data	No data	bone morphogenetic protein receptor type 1A
PI4KB	0.0014783194187388072	No data	No data	No data	No data	0.012158615952232422	No data	No data	phosphatidylinositol 4-kinase beta
WIPF1	0.0014783194187388072	No data	No data	No data	No data	0.012158615952232422	No data	No data	WAS/WASL interacting protein family member 1
EMP2	0.0014783194187388072	No data	No data	No data	No data	0.012158615952232422	No data	No data	epithelial membrane protein 2
IFNL4	0.0014783194187388072	No data	No data	No data	No data	0.012158615952232422	No data	No data	interferon lambda 4 (gene/pseudogene)
TPTE	0.0014783194187388072	No data	No data	No data	No data	0.012158615952232422	No data	No data	transmembrane phosphatase with tensin homology
VIP	0.0014783194187388072	No data	No data	No data	No data	0.012158615952232422	No data	No data	vasoactive intestinal peptide
DACT3	0.0014783194187388072	No data	No data	No data	No data	0.012158615952232422	No data	No data	dishevelled binding antagonist of beta catenin 3
TFPT	0.0014783194187388072	No data	No data	No data	No data	0.012158615952232422	No data	No data	TCF3 fusion partner
H1-0	0.0014783194187388072	No data	No data	No data	No data	0.012158615952232422	No data	No data	H1.0 linker histone
GBAP1	0.0014783194187388072	No data	No data	No data	No data	0.012158615952232422	No data	No data	glucosylceramidase beta pseudogene 1 
NCR2	0.0014783194187388072	No data	No data	No data	No data	0.012158615952232422	No data	No data	natural cytotoxicity triggering receptor 2
STAT5B	0.0014783194187388072	No data	No data	No data	No data	0.012158615952232422	No data	No data	signal transducer and activator of transcription 5B
LRRK2	0.0014783194187388072	No data	No data	No data	No data	0.012158615952232422	No data	No data	leucine rich repeat kinase 2
COL12A1	0.0014783194187388072	No data	No data	No data	No data	0.012158615952232422	No data	No data	collagen type XII alpha 1 chain
CHSY1	0.0014783194187388072	No data	No data	No data	No data	0.012158615952232422	No data	No data	chondroitin sulfate synthase 1
LINC00968	0.0014783194187388072	No data	No data	No data	No data	0.012158615952232422	No data	No data	long intergenic non-protein coding RNA 968
GPHA2	0.0014783194187388072	No data	No data	No data	No data	0.012158615952232422	No data	No data	glycoprotein hormone subunit alpha 2
MT1P3	0.0014783194187388072	No data	No data	No data	No data	0.012158615952232422	No data	No data	metallothionein 1 pseudogene 3
SMC1A	0.0014783194187388072	No data	No data	No data	No data	0.012158615952232422	No data	No data	structural maintenance of chromosomes 1A
MYBPC3	0.0014783194187388072	No data	No data	No data	No data	0.012158615952232422	No data	No data	myosin binding protein C3
LTBP1	0.0014783194187388072	No data	No data	No data	No data	0.012158615952232422	No data	No data	latent transforming growth factor beta binding protein 1
KIR2DS4	0.0014783194187388072	No data	No data	No data	No data	0.012158615952232422	No data	No data	killer cell immunoglobulin like receptor, two Ig domains and short cytoplasmic tail 4
MIR146A	0.0014783194187388072	No data	No data	No data	No data	0.012158615952232422	No data	No data	microRNA 146a
CRAT	0.0014783194187388072	No data	No data	No data	No data	0.012158615952232422	No data	No data	carnitine O-acetyltransferase
CNPY1	0.0014783194187388072	No data	No data	No data	No data	0.012158615952232422	No data	No data	canopy FGF signaling regulator 1
YBX3	0.0014783194187388072	No data	No data	No data	No data	0.012158615952232422	No data	No data	Y-box binding protein 3
ACAN	0.0014783194187388072	No data	No data	No data	No data	0.012158615952232422	No data	No data	aggrecan
CNTN4	0.0014783194187388072	No data	No data	No data	No data	0.012158615952232422	No data	No data	contactin 4
GLIS3	0.0014783194187388072	No data	No data	No data	No data	0.012158615952232422	No data	No data	GLIS family zinc finger 3
IFITM3	0.0014783194187388072	No data	No data	No data	No data	0.012158615952232422	No data	No data	interferon induced transmembrane protein 3
CEP164	0.0014783194187388072	No data	No data	No data	No data	0.012158615952232422	No data	No data	centrosomal protein 164
LMO2	0.0014783194187388072	No data	No data	No data	No data	0.012158615952232422	No data	No data	LIM domain only 2
P2RY14	0.0014783194187388072	No data	No data	No data	No data	0.012158615952232422	No data	No data	purinergic receptor P2Y14
ANK1	0.0014783194187388072	No data	No data	No data	No data	0.012158615952232422	No data	No data	ankyrin 1
CSTA	0.0014783194187388072	No data	No data	No data	No data	0.012158615952232422	No data	No data	cystatin A
HDAC8	0.0014783194187388072	No data	No data	No data	No data	0.012158615952232422	No data	No data	histone deacetylase 8
DLGAP5	0.0014783194187388072	No data	No data	No data	No data	0.012158615952232422	No data	No data	DLG associated protein 5
SLC24A3	0.0014783194187388072	No data	No data	No data	No data	0.012158615952232422	No data	No data	solute carrier family 24 member 3
SLC30A7	0.0014783194187388072	No data	No data	No data	No data	0.012158615952232422	No data	No data	solute carrier family 30 member 7
H2AC6	0.0014783194187388072	No data	No data	No data	No data	0.012158615952232422	No data	No data	H2A clustered histone 6
ZFPM2	0.0014783194187388072	No data	No data	No data	No data	0.012158615952232422	No data	No data	zinc finger protein, FOG family member 2
LINC01800	0.0014783194187388072	No data	No data	No data	No data	0.012158615952232422	No data	No data	long intergenic non-protein coding RNA 1800
TOR1A	0.0014783194187388072	No data	No data	No data	No data	0.012158615952232422	No data	No data	torsin family 1 member A
WDTC1	0.0014783194187388072	No data	No data	No data	No data	0.012158615952232422	No data	No data	WD and tetratricopeptide repeats 1
PLA2G2A	0.0014783194187388072	No data	No data	No data	No data	0.012158615952232422	No data	No data	phospholipase A2 group IIA
SLC5A8	0.0014783194187388072	No data	No data	No data	No data	0.012158615952232422	No data	No data	solute carrier family 5 member 8
TBCE	0.0014783194187388072	No data	No data	No data	No data	0.012158615952232422	No data	No data	tubulin folding cofactor E
PLEC	0.0014783194187388072	No data	No data	No data	No data	0.012158615952232422	No data	No data	plectin
USP38	0.0014783194187388072	No data	No data	No data	No data	0.012158615952232422	No data	No data	ubiquitin specific peptidase 38
RHPN2	0.0014783194187388072	No data	No data	No data	No data	0.012158615952232422	No data	No data	rhophilin Rho GTPase binding protein 2
PTF1A	0.0014783194187388072	No data	No data	No data	No data	0.012158615952232422	No data	No data	pancreas associated transcription factor 1a
SLC27A4	0.0014783194187388072	No data	No data	No data	No data	0.012158615952232422	No data	No data	solute carrier family 27 member 4
FZD4	0.0014783194187388072	No data	No data	No data	No data	0.012158615952232422	No data	No data	frizzled class receptor 4
PKD2L1	0.0014783194187388072	No data	No data	No data	No data	0.012158615952232422	No data	No data	polycystin 2 like 1, transient receptor potential cation channel
POU2F1	0.0014783194187388072	No data	No data	No data	No data	0.012158615952232422	No data	No data	POU class 2 homeobox 1
PREP	0.0014783194187388072	No data	No data	No data	No data	0.012158615952232422	No data	No data	prolyl endopeptidase
CD22	0.0014783194187388072	No data	No data	No data	No data	0.012158615952232422	No data	No data	CD22 molecule
ZC3H12A	0.0014783194187388072	No data	No data	No data	No data	0.012158615952232422	No data	No data	zinc finger CCCH-type containing 12A
FOXJ1	0.0014783194187388072	No data	No data	No data	No data	0.012158615952232422	No data	No data	forkhead box J1
SKP2	0.0014783194187388072	No data	No data	No data	No data	0.012158615952232422	No data	No data	S-phase kinase associated protein 2
ANKRD36C	0.0014783194187388072	No data	No data	No data	No data	0.012158615952232422	No data	No data	ankyrin repeat domain 36C
COLEC11	0.0014783194187388072	No data	No data	No data	No data	0.012158615952232422	No data	No data	collectin subfamily member 11
GPRC5A	0.0014783194187388072	No data	No data	No data	No data	0.012158615952232422	No data	No data	G protein-coupled receptor class C group 5 member A
SLX1A-SULT1A3	0.0014783194187388072	No data	No data	No data	No data	0.012158615952232422	No data	No data	SLX1A-SULT1A3 readthrough (NMD candidate)
DNMBP	0.0014783194187388072	No data	No data	No data	No data	0.012158615952232422	No data	No data	dynamin binding protein
SCX	0.0014783194187388072	No data	No data	No data	No data	0.012158615952232422	No data	No data	scleraxis bHLH transcription factor
TUBGCP5	0.0014783194187388072	No data	No data	No data	No data	0.012158615952232422	No data	No data	tubulin gamma complex associated protein 5
MFAP5	0.0014783194187388072	No data	No data	No data	No data	0.012158615952232422	No data	No data	microfibril associated protein 5
TNFRSF21	0.0014783194187388072	No data	No data	No data	No data	0.012158615952232422	No data	No data	TNF receptor superfamily member 21
DCX	0.0014783194187388072	No data	No data	No data	No data	0.012158615952232422	No data	No data	doublecortin
UCN2	0.0014783194187388072	No data	No data	No data	No data	0.012158615952232422	No data	No data	urocortin 2
GCM1	0.0014783194187388072	No data	No data	No data	No data	0.012158615952232422	No data	No data	glial cells missing transcription factor 1
CPLANE2	0.0014783194187388072	No data	No data	No data	No data	0.012158615952232422	No data	No data	ciliogenesis and planar polarity effector complex subunit 2
LINC00354	0.0014783194187388072	No data	No data	No data	No data	0.012158615952232422	No data	No data	long intergenic non-protein coding RNA 354
TSPAN8	0.0014783194187388072	No data	No data	No data	No data	0.012158615952232422	No data	No data	tetraspanin 8
CBR3	0.0014783194187388072	No data	No data	No data	No data	0.012158615952232422	No data	No data	carbonyl reductase 3
LAMA5	0.0014783194187388072	No data	No data	No data	No data	0.012158615952232422	No data	No data	laminin subunit alpha 5
LAMA1	0.0014783194187388072	No data	No data	No data	No data	0.012158615952232422	No data	No data	laminin subunit alpha 1
CORO1A	0.0014783194187388072	No data	No data	No data	No data	0.012158615952232422	No data	No data	coronin 1A
UTP20	0.0014783194187388072	No data	No data	No data	No data	0.012158615952232422	No data	No data	UTP20 small subunit processome component
IFNGR2	0.0014783194187388072	No data	No data	No data	No data	0.012158615952232422	No data	No data	interferon gamma receptor 2
DYNLRB1	0.0014783194187388072	No data	No data	No data	No data	0.012158615952232422	No data	No data	dynein light chain roadblock-type 1
LYPLAL1	0.0014783194187388072	No data	No data	No data	No data	0.012158615952232422	No data	No data	lysophospholipase like 1
GAN	0.0014783194187388072	No data	No data	No data	No data	0.012158615952232422	No data	No data	gigaxonin
RAPGEF4	0.0014783194187388072	No data	No data	No data	No data	0.012158615952232422	No data	No data	Rap guanine nucleotide exchange factor 4
YEATS2	0.0014783194187388072	No data	No data	No data	No data	0.012158615952232422	No data	No data	YEATS domain containing 2
NPS	0.0014783194187388072	No data	No data	No data	No data	0.012158615952232422	No data	No data	neuropeptide S
TNFAIP6	0.0014783194187388072	No data	No data	No data	No data	0.012158615952232422	No data	No data	TNF alpha induced protein 6
CAMP	0.0014783194187388072	No data	No data	No data	No data	0.012158615952232422	No data	No data	cathelicidin antimicrobial peptide
CPQ	0.0014783194187388072	No data	No data	No data	No data	0.012158615952232422	No data	No data	carboxypeptidase Q
MUC13	0.0014783194187388072	No data	No data	No data	No data	0.012158615952232422	No data	No data	mucin 13, cell surface associated
CIB1	0.0014783194187388072	No data	No data	No data	No data	0.012158615952232422	No data	No data	calcium and integrin binding 1
CPSF4	0.0014783194187388072	No data	No data	No data	No data	0.012158615952232422	No data	No data	cleavage and polyadenylation specific factor 4
ZFHX3	0.0014783194187388072	No data	No data	No data	No data	0.012158615952232422	No data	No data	zinc finger homeobox 3
RYBP	0.0014783194187388072	No data	No data	No data	No data	0.012158615952232422	No data	No data	RING1 and YY1 binding protein
SCHIP1	0.0014783194187388072	No data	No data	No data	No data	0.012158615952232422	No data	No data	schwannomin interacting protein 1
RASSF9	0.0014783194187388072	No data	No data	No data	No data	0.012158615952232422	No data	No data	Ras association domain family member 9
FANCD2	0.0014783194187388072	No data	No data	No data	No data	0.012158615952232422	No data	No data	FA complementation group D2
ADCY1	0.0014783194187388072	No data	No data	No data	No data	0.012158615952232422	No data	No data	adenylate cyclase 1
MYRF	0.0014783194187388072	No data	No data	No data	No data	0.012158615952232422	No data	No data	myelin regulatory factor
BANF1	0.0014783194187388072	No data	No data	No data	No data	0.012158615952232422	No data	No data	BAF nuclear assembly factor 1
HSD17B10	0.0014783194187388072	No data	No data	No data	No data	0.012158615952232422	No data	No data	hydroxysteroid 17-beta dehydrogenase 10
TK1	0.0014783194187388072	No data	No data	No data	No data	0.012158615952232422	No data	No data	thymidine kinase 1
MPC1	0.0014783194187388072	No data	No data	No data	No data	0.012158615952232422	No data	No data	mitochondrial pyruvate carrier 1
MYO1B	0.0014783194187388072	No data	No data	No data	No data	0.012158615952232422	No data	No data	myosin IB
RPL3P3	0.0014783194187388072	No data	No data	No data	No data	0.012158615952232422	No data	No data	ribosomal protein L3 pseudogene 3
HMBS	0.0014783194187388072	No data	No data	No data	No data	0.012158615952232422	No data	No data	hydroxymethylbilane synthase
LECT2	0.0014783194187388072	No data	No data	No data	No data	0.012158615952232422	No data	No data	leukocyte cell derived chemotaxin 2
STK24	0.0014783194187388072	No data	No data	No data	No data	0.012158615952232422	No data	No data	serine/threonine kinase 24
TOP1MT	0.0014783194187388072	No data	No data	No data	No data	0.012158615952232422	No data	No data	DNA topoisomerase I mitochondrial
PAQR9	0.0014783194187388072	No data	No data	No data	No data	0.012158615952232422	No data	No data	progestin and adipoQ receptor family member 9
RPRML	0.0014783194187388072	No data	No data	No data	No data	0.012158615952232422	No data	No data	reprimo like
FUT2	0.0014783194187388072	No data	No data	No data	No data	0.012158615952232422	No data	No data	fucosyltransferase 2
HBG2	0.0014783194187388072	No data	No data	No data	No data	0.012158615952232422	No data	No data	hemoglobin subunit gamma 2
HBQ1	0.0014783194187388072	No data	No data	No data	No data	0.012158615952232422	No data	No data	hemoglobin subunit theta 1
KCNQ5	0.0014783194187388072	No data	No data	No data	No data	0.012158615952232422	No data	No data	potassium voltage-gated channel subfamily Q member 5
TBXA2R	0.0014783194187388072	No data	No data	No data	No data	0.012158615952232422	No data	No data	thromboxane A2 receptor
PTMA	0.0014783194187388072	No data	No data	No data	No data	0.012158615952232422	No data	No data	prothymosin alpha
SAG	0.0014783194187388072	No data	No data	No data	No data	0.012158615952232422	No data	No data	S-antigen visual arrestin
FGF10	0.0014783194187388072	No data	No data	No data	No data	0.012158615952232422	No data	No data	fibroblast growth factor 10
HBZ	0.0014783194187388072	No data	No data	No data	No data	0.012158615952232422	No data	No data	hemoglobin subunit zeta
COL28A1	0.0014783194187388072	No data	No data	No data	No data	0.012158615952232422	No data	No data	collagen type XXVIII alpha 1 chain
KIR2DL3	0.0014783194187388072	No data	No data	No data	No data	0.012158615952232422	No data	No data	killer cell immunoglobulin like receptor, two Ig domains and long cytoplasmic tail 3
WWTR1	0.0014783194187388072	No data	No data	No data	No data	0.012158615952232422	No data	No data	WW domain containing transcription regulator 1
GOT1	0.0014783194187388072	No data	No data	No data	No data	0.012158615952232422	No data	No data	glutamic-oxaloacetic transaminase 1
EEF2	0.0014783194187388072	No data	No data	No data	No data	0.012158615952232422	No data	No data	eukaryotic translation elongation factor 2
QPCTL	0.0014783194187388072	No data	No data	No data	No data	0.012158615952232422	No data	No data	glutaminyl-peptide cyclotransferase like
IGLC1	0.0014783194187388072	No data	No data	No data	No data	0.012158615952232422	No data	No data	immunoglobulin lambda constant 1
PRB2	0.0014783194187388072	No data	No data	No data	No data	0.012158615952232422	No data	No data	proline rich protein BstNI subfamily 2
PDCD1	0.0014783194187388072	No data	No data	No data	No data	0.012158615952232422	No data	No data	programmed cell death 1
SIGMAR1	0.0014783194187388072	No data	No data	No data	No data	0.012158615952232422	No data	No data	sigma non-opioid intracellular receptor 1
CDC25B	0.0014783194187388072	No data	No data	No data	No data	0.012158615952232422	No data	No data	cell division cycle 25B
EIF2A	0.0014783194187388072	No data	No data	No data	No data	0.012158615952232422	No data	No data	eukaryotic translation initiation factor 2A
SLC17A1	0.0014783194187388072	No data	No data	No data	No data	0.012158615952232422	No data	No data	solute carrier family 17 member 1
PPP1R9A	0.0014783194187388072	No data	No data	No data	No data	0.012158615952232422	No data	No data	protein phosphatase 1 regulatory subunit 9A
LIN28A	0.0014783194187388072	No data	No data	No data	No data	0.012158615952232422	No data	No data	lin-28 homolog A
CTNNBL1	0.0014783194187388072	No data	No data	No data	No data	0.012158615952232422	No data	No data	catenin beta like 1
COX8A	0.0014783194187388072	No data	No data	No data	No data	0.012158615952232422	No data	No data	cytochrome c oxidase subunit 8A
MFGE8	0.0014783194187388072	No data	No data	No data	No data	0.012158615952232422	No data	No data	milk fat globule EGF and factor V/VIII domain containing
TOP1	0.0014783194187388072	No data	No data	No data	No data	0.012158615952232422	No data	No data	DNA topoisomerase I
H3P28	0.0014783194187388072	No data	No data	No data	No data	0.012158615952232422	No data	No data	H3 histone pseudogene 28
ADGRG2	0.0014783194187388072	No data	No data	No data	No data	0.012158615952232422	No data	No data	adhesion G protein-coupled receptor G2
EGR2	0.0014783194187388072	No data	No data	No data	No data	0.012158615952232422	No data	No data	early growth response 2
NEUROG1	0.0014783194187388072	No data	No data	No data	No data	0.012158615952232422	No data	No data	neurogenin 1
FJX1	0.0014783194187388072	No data	No data	No data	No data	0.012158615952232422	No data	No data	four-jointed box kinase 1
HMCN1	0.0014783194187388072	No data	No data	No data	No data	0.012158615952232422	No data	No data	hemicentin 1
BMPER	0.0014783194187388072	No data	No data	No data	No data	0.012158615952232422	No data	No data	BMP binding endothelial regulator
SEMA6D	0.0014783194187388072	No data	No data	No data	No data	0.012158615952232422	No data	No data	semaphorin 6D
SCN9A	0.0014783194187388072	No data	No data	No data	No data	0.012158615952232422	No data	No data	sodium voltage-gated channel alpha subunit 9
PI16	0.0014783194187388072	No data	No data	No data	No data	0.012158615952232422	No data	No data	peptidase inhibitor 16
WAS	0.0014783194187388072	No data	No data	No data	No data	0.012158615952232422	No data	No data	WASP actin nucleation promoting factor
SCN11A	0.0014783194187388072	No data	No data	No data	No data	0.012158615952232422	No data	No data	sodium voltage-gated channel alpha subunit 11
KLRC1	0.0014783194187388072	No data	No data	No data	No data	0.012158615952232422	No data	No data	killer cell lectin like receptor C1
VDAC2	0.0014783194187388072	No data	No data	No data	No data	0.012158615952232422	No data	No data	voltage dependent anion channel 2
PRG4	0.0014783194187388072	No data	No data	No data	No data	0.012158615952232422	No data	No data	proteoglycan 4
MYH2	0.0014783194187388072	No data	No data	No data	No data	0.012158615952232422	No data	No data	myosin heavy chain 2
KLRD1	0.0014783194187388072	No data	No data	No data	No data	0.012158615952232422	No data	No data	killer cell lectin like receptor D1
SYNE1	0.0014783194187388072	No data	No data	No data	No data	0.012158615952232422	No data	No data	spectrin repeat containing nuclear envelope protein 1
WNT6	0.0014783194187388072	No data	No data	No data	No data	0.012158615952232422	No data	No data	Wnt family member 6
ESRP1	0.0014783194187388072	No data	No data	No data	No data	0.012158615952232422	No data	No data	epithelial splicing regulatory protein 1
CD276	0.0014783194187388072	No data	No data	No data	No data	0.012158615952232422	No data	No data	CD276 molecule
LYPLA1	0.0014783194187388072	No data	No data	No data	No data	0.012158615952232422	No data	No data	lysophospholipase 1
NR0B1	0.0014783194187388072	No data	No data	No data	No data	0.012158615952232422	No data	No data	nuclear receptor subfamily 0 group B member 1
PTK2B	0.0014783194187388072	No data	No data	No data	No data	0.012158615952232422	No data	No data	protein tyrosine kinase 2 beta
SELENBP1	0.0014783194187388072	No data	No data	No data	No data	0.012158615952232422	No data	No data	selenium binding protein 1
RCC2	0.0014783194187388072	No data	No data	No data	No data	0.012158615952232422	No data	No data	regulator of chromosome condensation 2
ERCC1	0.0014783194187388072	No data	No data	No data	No data	0.012158615952232422	No data	No data	ERCC excision repair 1, endonuclease non-catalytic subunit
GRIK1	0.0014783194187388072	No data	No data	No data	No data	0.012158615952232422	No data	No data	glutamate ionotropic receptor kainate type subunit 1
TTBK1	0.0014783194187388072	No data	No data	No data	No data	0.012158615952232422	No data	No data	tau tubulin kinase 1
APAF1	0.0014783194187388072	No data	No data	No data	No data	0.012158615952232422	No data	No data	apoptotic peptidase activating factor 1
STK3	0.0014783194187388072	No data	No data	No data	No data	0.012158615952232422	No data	No data	serine/threonine kinase 3
NRAS	0.0014783194187388072	No data	No data	No data	No data	0.012158615952232422	No data	No data	NRAS proto-oncogene, GTPase
USP46	0.0014783194187388072	No data	No data	No data	No data	0.012158615952232422	No data	No data	ubiquitin specific peptidase 46
DEFB104A	0.0014783194187388072	No data	No data	No data	No data	0.012158615952232422	No data	No data	defensin beta 104A
SLC35A1	0.0014783194187388072	No data	No data	No data	No data	0.012158615952232422	No data	No data	solute carrier family 35 member A1
TSHR	0.0014783194187388072	No data	No data	No data	No data	0.012158615952232422	No data	No data	thyroid stimulating hormone receptor
IMMTP1	0.0014783194187388072	No data	No data	No data	No data	0.012158615952232422	No data	No data	inner membrane mitochondrial protein pseudogene 1
ESR2	0.0014783194187388072	No data	No data	No data	No data	0.012158615952232422	No data	No data	estrogen receptor 2
LINC02875	0.0014783194187388072	No data	No data	No data	No data	0.012158615952232422	No data	No data	long intergenic non-protein coding RNA 2875
ABL2	0.0014783194187388072	No data	No data	No data	No data	0.012158615952232422	No data	No data	ABL proto-oncogene 2, non-receptor tyrosine kinase
DDC	0.0014783194187388072	No data	No data	No data	No data	0.012158615952232422	No data	No data	dopa decarboxylase
RPS12	0.0014783194187388072	No data	No data	No data	No data	0.012158615952232422	No data	No data	ribosomal protein S12
PPIH	0.0014783194187388072	No data	No data	No data	No data	0.012158615952232422	No data	No data	peptidylprolyl isomerase H
FBXO40	0.0014783194187388072	No data	No data	No data	No data	0.012158615952232422	No data	No data	F-box protein 40
KCNJ16	0.0014783194187388072	No data	No data	No data	No data	0.012158615952232422	No data	No data	potassium inwardly rectifying channel subfamily J member 16
RBM4	0.0014783194187388072	No data	No data	No data	No data	0.012158615952232422	No data	No data	RNA binding motif protein 4
PALLD	0.0014783194187388072	No data	No data	No data	No data	0.012158615952232422	No data	No data	palladin, cytoskeletal associated protein
HOTTIP	0.0014783194187388072	No data	No data	No data	No data	0.012158615952232422	No data	No data	HOXA distal transcript antisense RNA
RAB18	0.0014783194187388072	No data	No data	No data	No data	0.012158615952232422	No data	No data	RAB18, member RAS oncogene family
DYRK1A	0.0014783194187388072	No data	No data	No data	No data	0.012158615952232422	No data	No data	dual specificity tyrosine phosphorylation regulated kinase 1A
NTN4	0.0014783194187388072	No data	No data	No data	No data	0.012158615952232422	No data	No data	netrin 4
IGHG1	0.0014783194187388072	No data	No data	No data	No data	0.012158615952232422	No data	No data	immunoglobulin heavy constant gamma 1 (G1m marker)
NOC2L	0.0014783194187388072	No data	No data	No data	No data	0.012158615952232422	No data	No data	NOC2 like nucleolar associated transcriptional repressor
SKAP2	0.0014783194187388072	No data	No data	No data	No data	0.012158615952232422	No data	No data	src kinase associated phosphoprotein 2
MAPK9	0.0014783194187388072	No data	No data	No data	No data	0.012158615952232422	No data	No data	mitogen-activated protein kinase 9
VCL	0.0014783194187388072	No data	No data	No data	No data	0.012158615952232422	No data	No data	vinculin
OTX2	0.0014783194187388072	No data	No data	No data	No data	0.012158615952232422	No data	No data	orthodenticle homeobox 2
NOXO1	0.0014783194187388072	No data	No data	No data	No data	0.012158615952232422	No data	No data	NADPH oxidase organizer 1
COMETT	0.0014783194187388072	No data	No data	No data	No data	0.012158615952232422	No data	No data	cytosolic oncogenic antisense to MET transcript
BPTF	0.0014783194187388072	No data	No data	No data	No data	0.012158615952232422	No data	No data	bromodomain PHD finger transcription factor
GALNT1	0.0014783194187388072	No data	No data	No data	No data	0.012158615952232422	No data	No data	polypeptide N-acetylgalactosaminyltransferase 1
MSI2	0.0014783194187388072	No data	No data	No data	No data	0.012158615952232422	No data	No data	musashi RNA binding protein 2
HOXD13	0.0014783194187388072	No data	No data	No data	No data	0.012158615952232422	No data	No data	homeobox D13
MARCHF7	0.0014783194187388072	No data	No data	No data	No data	0.012158615952232422	No data	No data	membrane associated ring-CH-type finger 7
TTN	0.0014783194187388072	No data	No data	No data	No data	0.012158615952232422	No data	No data	titin
NLRP12	0.0014783194187388072	No data	No data	No data	No data	0.012158615952232422	No data	No data	NLR family pyrin domain containing 12
LPO	0.0014783194187388072	No data	No data	No data	No data	0.012158615952232422	No data	No data	lactoperoxidase
TRIM8	0.0014783194187388072	No data	No data	No data	No data	0.012158615952232422	No data	No data	tripartite motif containing 8
COX6A1	0.0014783194187388072	No data	No data	No data	No data	0.012158615952232422	No data	No data	cytochrome c oxidase subunit 6A1
CD83	0.0014783194187388072	No data	No data	No data	No data	0.012158615952232422	No data	No data	CD83 molecule
LAMA4	0.0014783194187388072	No data	No data	No data	No data	0.012158615952232422	No data	No data	laminin subunit alpha 4
NNT	0.0014783194187388072	No data	No data	No data	No data	0.012158615952232422	No data	No data	nicotinamide nucleotide transhydrogenase
HGD	0.0014783194187388072	No data	No data	No data	No data	0.012158615952232422	No data	No data	homogentisate 1,2-dioxygenase
RPL37A	0.0014783194187388072	No data	No data	No data	No data	0.012158615952232422	No data	No data	ribosomal protein L37a
XRCC5	0.0014783194187388072	No data	No data	No data	No data	0.012158615952232422	No data	No data	X-ray repair cross complementing 5
OPN1SW	0.0014783194187388072	No data	No data	No data	No data	0.012158615952232422	No data	No data	opsin 1, short wave sensitive
ERVW-1	0.0014783194187388072	No data	No data	No data	No data	0.012158615952232422	No data	No data	endogenous retrovirus group W member 1, envelope
TP53INP1	0.0014783194187388072	No data	No data	No data	No data	0.012158615952232422	No data	No data	tumor protein p53 inducible nuclear protein 1
FAR2	0.0014783194187388072	No data	No data	No data	No data	0.012158615952232422	No data	No data	fatty acyl-CoA reductase 2
EPHX3	0.0014783194187388072	No data	No data	No data	No data	0.012158615952232422	No data	No data	epoxide hydrolase 3
RAB27B	0.0014783194187388072	No data	No data	No data	No data	0.012158615952232422	No data	No data	RAB27B, member RAS oncogene family
USF1	0.0014783194187388072	No data	No data	No data	No data	0.012158615952232422	No data	No data	upstream transcription factor 1
ADGRG3	0.0014783194187388072	No data	No data	No data	No data	0.012158615952232422	No data	No data	adhesion G protein-coupled receptor G3
ANOS2P	0.0014783194187388072	No data	No data	No data	No data	0.012158615952232422	No data	No data	anosmin 2, pseudogene
SLC27A1	0.0014783194187388072	No data	No data	No data	No data	0.012158615952232422	No data	No data	solute carrier family 27 member 1
ATG9B	0.0014783194187388072	No data	No data	No data	No data	0.012158615952232422	No data	No data	autophagy related 9B
HDC	0.0014783194187388072	No data	No data	No data	No data	0.012158615952232422	No data	No data	histidine decarboxylase
ADAT1	0.0014783194187388072	No data	No data	No data	No data	0.012158615952232422	No data	No data	adenosine deaminase tRNA specific 1
IMMT	0.0014783194187388072	No data	No data	No data	No data	0.012158615952232422	No data	No data	inner membrane mitochondrial protein
PGAP3	0.0014783194187388072	No data	No data	No data	No data	0.012158615952232422	No data	No data	post-GPI attachment to proteins phospholipase 3
PADI2	0.0014783194187388072	No data	No data	No data	No data	0.012158615952232422	No data	No data	peptidyl arginine deiminase 2
ELL	0.0014783194187388072	No data	No data	No data	No data	0.012158615952232422	No data	No data	elongation factor for RNA polymerase II
LAMC3	0.0014783194187388072	No data	No data	No data	No data	0.012158615952232422	No data	No data	laminin subunit gamma 3
HOXC11	0.0014783194187388072	No data	No data	No data	No data	0.012158615952232422	No data	No data	homeobox C11
CAPRIN1	0.0014783194187388072	No data	No data	No data	No data	0.012158615952232422	No data	No data	cell cycle associated protein 1
CTNNA1	0.0014783194187388072	No data	No data	No data	No data	0.012158615952232422	No data	No data	catenin alpha 1
PLCL1	0.0014783194187388072	No data	No data	No data	No data	0.012158615952232422	No data	No data	phospholipase C like 1 (inactive)
HBB	0.0014783194187388072	No data	No data	No data	No data	0.012158615952232422	No data	No data	hemoglobin subunit beta
ICAM3	0.0014783194187388072	No data	No data	No data	No data	0.012158615952232422	No data	No data	intercellular adhesion molecule 3
NLRP6	0.0014783194187388072	No data	No data	No data	No data	0.012158615952232422	No data	No data	NLR family pyrin domain containing 6
GM2A	0.0014783194187388072	No data	No data	No data	No data	0.012158615952232422	No data	No data	ganglioside GM2 activator
SKAP1-AS2	0.0014783194187388072	No data	No data	No data	No data	0.012158615952232422	No data	No data	SKAP1 antisense RNA 2
ARHGAP20	0.0014783194187388072	No data	No data	No data	No data	0.012158615952232422	No data	No data	Rho GTPase activating protein 20
CRKL	0.0014783194187388072	No data	No data	No data	No data	0.012158615952232422	No data	No data	CRK like proto-oncogene, adaptor protein
SLC5A7	0.0014783194187388072	No data	No data	No data	No data	0.012158615952232422	No data	No data	solute carrier family 5 member 7
CXCL2	0.0014783194187388072	No data	No data	No data	No data	0.012158615952232422	No data	No data	C-X-C motif chemokine ligand 2
MCC	0.0014783194187388072	No data	No data	No data	No data	0.012158615952232422	No data	No data	MCC regulator of WNT signaling pathway
DIP2A	0.0014783194187388072	No data	No data	No data	No data	0.012158615952232422	No data	No data	disco interacting protein 2 homolog A
ANKRD9	0.0014255109195206658	No data	No data	No data	No data	No data	0.011724286095728934	No data	ankyrin repeat domain 9
EHF	0.0014204612367152661	No data	No data	No data	No data	No data	0.01168275437184491	No data	ETS homologous factor
EAF2	0.0014125410383701625	No data	No data	No data	No data	No data	0.01161761374748257	No data	ELL associated factor 2
SCARA3	0.0014052740966002083	No data	No data	No data	No data	No data	0.011557845910431838	No data	scavenger receptor class A member 3
SPR	0.0013960328013837317	No data	No data	No data	No data	No data	0.011481839765877369	No data	sepiapterin reductase
ASPA	0.001385728736148288	No data	No data	No data	No data	No data	0.011397092741414016	No data	aspartoacylase
KRTAP5-8	0.0013848136350199229	No data	No data	No data	No data	No data	0.011389566382065548	No data	keratin associated protein 5-8
GRM8	0.0013794875706500801	No data	No data	No data	No data	No data	0.011345761524746532	No data	glutamate metabotropic receptor 8
DPF3	0.0013775044103762116	No data	No data	No data	No data	No data	0.011329450784431516	No data	double PHD fingers 3
SCRN1	0.0013486111341869994	No data	No data	No data	No data	No data	0.01109181455755565	No data	secernin 1
ZNF157	0.001345126192445636	No data	No data	No data	No data	No data	0.011063152234845115	No data	zinc finger protein 157
GLIS1	0.0013276017742946857	No data	No data	No data	No data	No data	0.010919020548970685	No data	GLIS family zinc finger 1
LCE1D	0.001325904865087031	No data	No data	No data	No data	No data	0.010905064114995623	No data	late cornified envelope 1D
IDNK	0.0013161975448372101	No data	No data	No data	No data	No data	0.010825225091475528	No data	IDNK gluconokinase
PSD3	0.0013106857965940679	No data	No data	No data	No data	No data	0.010779893054796381	No data	pleckstrin and Sec7 domain containing 3
GBP2	0.0013009251090940037	No data	No data	No data	No data	No data	0.01069961510590474	No data	guanylate binding protein 2
C7	0.0012858983753756426	No data	No data	No data	No data	No data	0.010576025926203724	No data	complement C7
TTTY14	0.0012855034096342411	No data	No data	No data	No data	No data	0.010572777482935563	No data	testis-specific transcript, Y-linked 14
CXADR	0.0012839728327245826	No data	No data	No data	No data	No data	0.010560189068960887	No data	CXADR Ig-like cell adhesion molecule
APOBEC3G	0.001251158521277725	No data	No data	No data	No data	No data	0.010290303815772731	No data	apolipoprotein B mRNA editing enzyme catalytic subunit 3G
BHLHE41	0.001251158521277725	No data	No data	No data	No data	No data	0.010290303815772731	No data	basic helix-loop-helix family member e41
CYP26B1	0.0012198421655970923	No data	No data	No data	No data	No data	0.01003273868003964	No data	cytochrome P450 family 26 subfamily B member 1
TPM2	0.0012067620387048695	No data	No data	No data	No data	No data	0.00992515960242414	No data	tropomyosin 2
KCTD12	0.0011964498823090754	No data	No data	No data	No data	No data	0.00984034603123884	No data	potassium channel tetramerization domain containing 12
DIRC1	0.0011705056776590288	No data	No data	No data	No data	No data	0.009626964798111863	No data	disrupted in renal carcinoma 1
GLIPR1	0.0011465348019537728	No data	No data	No data	No data	No data	0.009429813446350854	No data	GLI pathogenesis related 1
GPR37	0.0011353105100483064	No data	No data	No data	No data	No data	0.00933749790690489	No data	G protein-coupled receptor 37
PHACTR2	0.0011353105100483064	No data	No data	No data	No data	No data	0.00933749790690489	No data	phosphatase and actin regulator 2
SLC25A4	0.0011329586359528944	No data	No data	No data	No data	No data	0.0093181546353956	No data	solute carrier family 25 member 4
MICAL2	0.001097839385181356	No data	No data	No data	No data	No data	0.009029312131367909	No data	microtubule associated monooxygenase, calponin and LIM domain containing 2
NLGN4X	0.001097839385181356	No data	No data	No data	No data	No data	0.009029312131367909	No data	neuroligin 4 X-linked
FZD7	0.001097839385181356	No data	No data	No data	No data	No data	0.009029312131367909	No data	frizzled class receptor 7
NR1D2	0.001097839385181356	No data	No data	No data	No data	No data	0.009029312131367909	No data	nuclear receptor subfamily 1 group D member 2
TREH	0.001097839385181356	No data	No data	No data	No data	No data	0.009029312131367909	No data	trehalase
MARCKSL1	0.001068555811408033	No data	No data	No data	No data	No data	0.008788465855045263	No data	MARCKS like 1
B4GALT5	0.001061792364931826	No data	No data	No data	No data	No data	0.00873283907562581	No data	beta-1,4-galactosyltransferase 5