symbol	overallAssociationScore	geneticAssociations	somaticMutations	drugs	pathwaysSystemsBiology	textMining	rnaExpression	animalModels	targetName
NR3C1	0.6846907492850699	No data	No data	0.9956719515425421	0.49839408043646427	0.2697219103474714	No data	No data	nuclear receptor subfamily 3 group C member 1
HMGCR	0.6620994421392159	No data	No data	0.8856880919654808	0.8055170742702947	0.09161759347388984	No data	No data	3-hydroxy-3-methylglutaryl-CoA reductase
KEAP1	0.6353963246602367	0.24750779144572602	No data	0.9816905380071611	No data	0.07250492626738646	No data	No data	kelch like ECH associated protein 1
IL2RA	0.6119835074468967	0.7657477673440987	No data	0.8086126682451745	No data	0.29775554383504643	No data	No data	interleukin 2 receptor subunit alpha
KCNH8	0.6109573582556235	0.1543783007286377	No data	0.9663838872610871	No data	No data	No data	No data	potassium voltage-gated channel subfamily H member 8
IFNAR1	0.6083293160556361	No data	No data	0.992876858857961	No data	0.15557347443404512	No data	No data	interferon alpha and beta receptor subunit 1
S1PR1	0.6077964226576656	No data	No data	0.9904142757956741	No data	0.18729375217152477	No data	No data	sphingosine-1-phosphate receptor 1
IFNAR2	0.6066628945030885	No data	No data	0.992876858857961	No data	0.10075073608637765	No data	No data	interferon alpha and beta receptor subunit 2
S1PR2	0.602637740921913	No data	No data	0.9846957546825623	No data	0.13195137962160236	No data	No data	sphingosine-1-phosphate receptor 2
S1PR3	0.6008025171480408	No data	No data	0.9846957546825623	No data	0.0715753045458768	No data	No data	sphingosine-1-phosphate receptor 3
MS4A1	0.6003465098890892	No data	No data	0.9869164917973149	No data	0.012158615952232422	No data	No data	membrane spanning 4-domains A1
S1PR5	0.5997172814779043	No data	No data	0.9846957546825623	No data	0.03587269910459746	No data	No data	sphingosine-1-phosphate receptor 5
S1PR4	0.5986268755489472	No data	No data	0.9846957546825623	No data	No data	No data	No data	sphingosine-1-phosphate receptor 4
ITGA4	0.5976185601423852	No data	No data	0.9759455207456011	No data	0.14183263315365915	No data	No data	integrin subunit alpha 4
KCNA3	0.5949257280328875	No data	No data	0.9663838872610871	No data	0.24447521594335575	No data	No data	potassium voltage-gated channel subfamily A member 3
GRIN1	0.5931431426339857	No data	No data	0.8297356089415386	0.5815977542462042	0.024317231904464845	No data	No data	glutamate ionotropic receptor NMDA type subunit 1
DHODH	0.5906343342527985	No data	No data	0.9597554006251923	No data	0.23586461047314064	No data	No data	dihydroorotate dehydrogenase (quinone)
KCNH7	0.5893424266550751	No data	No data	0.9663838872610871	No data	0.06079307976116211	No data	No data	potassium voltage-gated channel subfamily H member 7
KCND3	0.5886186661063175	No data	No data	0.9663838872610871	No data	0.03698245685470695	No data	No data	potassium voltage-gated channel subfamily D member 3
KCNQ5	0.5884184770183634	No data	No data	0.9663838872610871	No data	0.030396539880581056	No data	No data	potassium voltage-gated channel subfamily Q member 5
KCNA1	0.5881823565556482	No data	No data	0.9663838872610871	No data	0.02262853524443256	No data	No data	potassium voltage-gated channel subfamily A member 1
KCNA4	0.5878641072363363	No data	No data	0.9663838872610871	No data	0.012158615952232422	No data	No data	potassium voltage-gated channel subfamily A member 4
KCNC3	0.5874945273816516	No data	No data	0.9663838872610871	No data	No data	No data	No data	potassium voltage-gated channel subfamily C member 3
KCNG4	0.5874945273816516	No data	No data	0.9663838872610871	No data	No data	No data	No data	potassium voltage-gated channel modifier subfamily G member 4
KCNH6	0.5874945273816516	No data	No data	0.9663838872610871	No data	No data	No data	No data	potassium voltage-gated channel subfamily H member 6
KCNV1	0.5874945273816516	No data	No data	0.9663838872610871	No data	No data	No data	No data	potassium voltage-gated channel modifier subfamily V member 1
KCNV2	0.5874945273816516	No data	No data	0.9663838872610871	No data	No data	No data	No data	potassium voltage-gated channel modifier subfamily V member 2
KCNQ3	0.5874945273816516	No data	No data	0.9663838872610871	No data	No data	No data	No data	potassium voltage-gated channel subfamily Q member 3
KCNS2	0.5874945273816516	No data	No data	0.9663838872610871	No data	No data	No data	No data	potassium voltage-gated channel modifier subfamily S member 2
KCNA7	0.5874945273816516	No data	No data	0.9663838872610871	No data	No data	No data	No data	potassium voltage-gated channel subfamily A member 7
KCNS3	0.5874945273816516	No data	No data	0.9663838872610871	No data	No data	No data	No data	potassium voltage-gated channel modifier subfamily S member 3
KCNG2	0.5874945273816516	No data	No data	0.9663838872610871	No data	No data	No data	No data	potassium voltage-gated channel modifier subfamily G member 2
KCNQ4	0.5874945273816516	No data	No data	0.9663838872610871	No data	No data	No data	No data	potassium voltage-gated channel subfamily Q member 4
KCNC2	0.5874945273816516	No data	No data	0.9663838872610871	No data	No data	No data	No data	potassium voltage-gated channel subfamily C member 2
KCNH5	0.5874945273816516	No data	No data	0.9663838872610871	No data	No data	No data	No data	potassium voltage-gated channel subfamily H member 5
KCNC4	0.5874945273816516	No data	No data	0.9663838872610871	No data	No data	No data	No data	potassium voltage-gated channel subfamily C member 4
KCNA2	0.5874945273816516	No data	No data	0.9663838872610871	No data	No data	No data	No data	potassium voltage-gated channel subfamily A member 2
KCND2	0.5874945273816516	No data	No data	0.9663838872610871	No data	No data	No data	No data	potassium voltage-gated channel subfamily D member 2
KCNF1	0.5874945273816516	No data	No data	0.9663838872610871	No data	No data	No data	No data	potassium voltage-gated channel modifier subfamily F member 1
KCNA10	0.5874945273816516	No data	No data	0.9663838872610871	No data	No data	No data	No data	potassium voltage-gated channel subfamily A member 10
KCNB1	0.5874945273816516	No data	No data	0.9663838872610871	No data	No data	No data	No data	potassium voltage-gated channel subfamily B member 1
KCNH1	0.5874945273816516	No data	No data	0.9663838872610871	No data	No data	No data	No data	potassium voltage-gated channel subfamily H member 1
KCNH2	0.5874945273816516	No data	No data	0.9663838872610871	No data	No data	No data	No data	potassium voltage-gated channel subfamily H member 2
KCNG3	0.5874945273816516	No data	No data	0.9663838872610871	No data	No data	No data	No data	potassium voltage-gated channel modifier subfamily G member 3
KCNC1	0.5874945273816516	No data	No data	0.9663838872610871	No data	No data	No data	No data	potassium voltage-gated channel subfamily C member 1
KCNA5	0.5874945273816516	No data	No data	0.9663838872610871	No data	No data	No data	No data	potassium voltage-gated channel subfamily A member 5
KCNA6	0.5874945273816516	No data	No data	0.9663838872610871	No data	No data	No data	No data	potassium voltage-gated channel subfamily A member 6
KCNS1	0.5874945273816516	No data	No data	0.9663838872610871	No data	No data	No data	No data	potassium voltage-gated channel modifier subfamily S member 1
KCNH4	0.5874945273816516	No data	No data	0.9663838872610871	No data	No data	No data	No data	potassium voltage-gated channel subfamily H member 4
KCNG1	0.5874945273816516	No data	No data	0.9663838872610871	No data	No data	No data	No data	potassium voltage-gated channel modifier subfamily G member 1
KCNB2	0.5874945273816516	No data	No data	0.9663838872610871	No data	No data	No data	No data	potassium voltage-gated channel subfamily B member 2
KCND1	0.5874945273816516	No data	No data	0.9663838872610871	No data	No data	No data	No data	potassium voltage-gated channel subfamily D member 1
KCNH3	0.5874945273816516	No data	No data	0.9663838872610871	No data	No data	No data	No data	potassium voltage-gated channel subfamily H member 3
KCNQ1	0.5874945273816516	No data	No data	0.9663838872610871	No data	No data	No data	No data	potassium voltage-gated channel subfamily Q member 1
KCNQ2	0.5874945273816516	No data	No data	0.9663838872610871	No data	No data	No data	No data	potassium voltage-gated channel subfamily Q member 2
CD52	0.5775039188213323	No data	No data	0.9426125318132202	No data	0.14675125968076233	No data	No data	CD52 molecule
MC2R	0.5684551891026876	No data	No data	0.9350656215082023	No data	No data	No data	No data	melanocortin 2 receptor
GABBR1	0.5662902396658793	No data	No data	0.9315044440759785	No data	No data	No data	No data	gamma-aminobutyric acid type B receptor subunit 1
GABBR2	0.5662902396658793	No data	No data	0.9315044440759785	No data	No data	No data	No data	gamma-aminobutyric acid type B receptor subunit 2
PTGS2	0.5616591373352725	No data	No data	0.9154955997388725	No data	0.16782065314444813	No data	No data	prostaglandin-endoperoxide synthase 2
HRH1	0.5613352245452162	No data	No data	0.9216820107587231	No data	0.03343619386863916	No data	No data	histamine receptor H1
TOP2A	0.5578907723306147	No data	No data	0.917687958107076	No data	No data	No data	No data	DNA topoisomerase II alpha
PTGS1	0.5569275500138668	No data	No data	0.9154955997388725	No data	0.012158615952232422	No data	No data	prostaglandin-endoperoxide synthase 1
NDUFA8	0.5507368633860374	No data	No data	0.16185313138079396	0.865457038266544	No data	No data	No data	NADH:ubiquinone oxidoreductase subunit A8
NDUFS5	0.5505102013637948	No data	No data	0.16185313138079396	0.8648140049855001	0.012158615952232422	No data	No data	NADH:ubiquinone oxidoreductase subunit S5
IL6ST	0.5491606394064246	0.15580542919785334	No data	0.8626369148442898	No data	0.07826760940958472	No data	No data	interleukin 6 cytokine family signal transducer
SLC6A3	0.5491453238848715	No data	No data	0.7841063612408403	0.47462246124321905	0.024317231904464845	No data	No data	solute carrier family 6 member 3
NDUFV2	0.549133924401917	No data	No data	0.16185313138079396	0.8628203253537947	No data	No data	No data	NADH:ubiquinone oxidoreductase core subunit V2
ADRA2B	0.5464000816226579	No data	No data	0.7666682836546554	0.5284734430464738	No data	No data	No data	adrenoceptor alpha 2B
NDUFS1	0.545570989351537	No data	No data	0.16185313138079396	0.8569595677406294	No data	No data	No data	NADH:ubiquinone oxidoreductase core subunit S1
IL6R	0.5390417253740336	No data	No data	0.8660681569098911	No data	0.4122910044041952	No data	No data	interleukin 6 receptor
VDR	0.5367061618329957	No data	No data	0.8687246818180531	No data	0.2823240126724872	No data	No data	vitamin D receptor
NDUFS2	0.5334304489674446	No data	No data	0.16185313138079396	0.8367191092120806	0.012158615952232422	No data	No data	NADH:ubiquinone oxidoreductase core subunit S2
CDK4	0.5322389944205745	0.04014277199031381	No data	No data	0.865457038266544	No data	No data	No data	cyclin dependent kinase 4
AXL	0.5277087019543812	No data	No data	No data	0.865457038266544	0.051674117796987794	No data	No data	AXL receptor tyrosine kinase
CDKN1A	0.5261379875719714	No data	No data	No data	0.865457038266544	No data	No data	No data	cyclin dependent kinase inhibitor 1A
PSAP	0.5261379875719714	No data	No data	No data	0.865457038266544	No data	No data	No data	prosaposin
LSM6	0.5261379875719714	No data	No data	No data	0.865457038266544	No data	No data	No data	LSM6 homolog, U6 small nuclear RNA and mRNA degradation associated
PLK1	0.5261379875719714	No data	No data	No data	0.865457038266544	No data	No data	No data	polo like kinase 1
AURKB	0.5261379875719714	No data	No data	No data	0.865457038266544	No data	No data	No data	aurora kinase B
NDUFA9	0.5252188460828902	No data	No data	0.16185313138079396	0.8234818374650712	No data	No data	No data	NADH:ubiquinone oxidoreductase subunit A9
CDKN1C	0.524734889441257	No data	No data	No data	0.860109394395054	0.06079307976116211	No data	No data	cyclin dependent kinase inhibitor 1C
IMPDH2	0.5245953478497244	No data	No data	0.8629195130608668	No data	No data	No data	No data	inosine monophosphate dehydrogenase 2
IMPDH1	0.5245953478497244	No data	No data	0.8629195130608668	No data	No data	No data	No data	inosine monophosphate dehydrogenase 1
RIOK2	0.5244154453403582	No data	No data	No data	0.8626235870935149	No data	No data	No data	RIO kinase 2
GSK3B	0.5241473290541524	No data	No data	0.06079307976116211	0.8434018784372057	0.1612083502850092	No data	No data	glycogen synthase kinase 3 beta
NDUFAB1	0.5192281575907121	No data	No data	0.16185313138079396	0.8136276097869971	No data	No data	No data	NADH:ubiquinone oxidoreductase subunit AB1
NDUFB7	0.5190294035147477	No data	No data	0.16185313138079396	0.8133006744240491	No data	No data	No data	NADH:ubiquinone oxidoreductase subunit B7
SMPD1	0.5189283992438274	No data	No data	No data	0.8476183448053145	0.11958936215673706	No data	No data	sphingomyelin phosphodiesterase 1
ATP6V1B2	0.5174172760263839	No data	No data	No data	0.8511121299647298	No data	No data	No data	ATPase H+ transporting V1 subunit B2
HNRNPA1	0.5157642011972229	No data	0.842254010199738	No data	No data	0.12277874388242262	No data	No data	heterogeneous nuclear ribonucleoprotein A1
CDK1	0.5117992170461133	No data	No data	No data	0.841870849538829	No data	No data	No data	cyclin dependent kinase 1
GRIN2A	0.5108276386174178	No data	No data	0.8402726767985884	No data	No data	No data	No data	glutamate ionotropic receptor NMDA type subunit 2A
TRPV1	0.5106650649807778	No data	No data	0.836225699081385	No data	0.07559112859302498	No data	No data	transient receptor potential cation channel subfamily V member 1
FAAH	0.5096095551819054	No data	No data	0.836225699081385	No data	0.04086645917278119	No data	No data	fatty acid amide hydrolase
SCN8A	0.5074809790861159	No data	No data	0.8301350373964321	No data	0.0926527719080697	No data	No data	sodium voltage-gated channel alpha subunit 8
SCN5A	0.5071266218778551	No data	No data	0.8301350373964321	No data	0.08099495790512827	No data	No data	sodium voltage-gated channel alpha subunit 5
SCN10A	0.5070234884148694	No data	No data	0.8301350373964321	No data	0.07760202359777406	No data	No data	sodium voltage-gated channel alpha subunit 10
GRIN2B	0.5064545197513596	No data	No data	0.8297356089415386	No data	0.06687238773727831	No data	No data	glutamate ionotropic receptor NMDA type subunit 2B
SCN2A	0.505219025191793	No data	No data	0.8301350373964321	No data	0.01823792392834863	No data	No data	sodium voltage-gated channel alpha subunit 2
SCN3A	0.505219025191793	No data	No data	0.8301350373964321	No data	0.01823792392834863	No data	No data	sodium voltage-gated channel alpha subunit 3
SCN1A	0.505219025191793	No data	No data	0.8301350373964321	No data	0.01823792392834863	No data	No data	sodium voltage-gated channel alpha subunit 1
SCN11A	0.5050342352644506	No data	No data	0.8301350373964321	No data	0.012158615952232422	No data	No data	sodium voltage-gated channel alpha subunit 11
CDC25B	0.5049953710005523	No data	No data	No data	0.8306790394310152	No data	No data	No data	cell division cycle 25B
SCN4A	0.5046646554097659	No data	No data	0.8301350373964321	No data	No data	No data	No data	sodium voltage-gated channel alpha subunit 4
SCN7A	0.5046646554097659	No data	No data	0.8301350373964321	No data	No data	No data	No data	sodium voltage-gated channel alpha subunit 7
SCN9A	0.5046646554097659	No data	No data	0.8301350373964321	No data	No data	No data	No data	sodium voltage-gated channel alpha subunit 9
GRIN2D	0.5044218305505936	No data	No data	0.8297356089415386	No data	No data	No data	No data	glutamate ionotropic receptor NMDA type subunit 2D
GRIN2C	0.5044218305505936	No data	No data	0.8297356089415386	No data	No data	No data	No data	glutamate ionotropic receptor NMDA type subunit 2C
GRIN3A	0.5044218305505936	No data	No data	0.8297356089415386	No data	No data	No data	No data	glutamate ionotropic receptor NMDA type subunit 3A
GRIN3B	0.5044218305505936	No data	No data	0.8297356089415386	No data	No data	No data	No data	glutamate ionotropic receptor NMDA type subunit 3B
NR1H2	0.503849535484513	No data	No data	No data	0.8256025903265142	0.06383273374922022	No data	No data	nuclear receptor subfamily 1 group H member 2
TARS2	0.5030392466541774	No data	No data	No data	0.8274613634158176	No data	No data	No data	threonyl-tRNA synthetase 2, mitochondrial
MASTL	0.5030392466541774	No data	No data	No data	0.8274613634158176	No data	No data	No data	microtubule associated serine/threonine kinase like
MTMR3	0.5030392466541774	No data	No data	No data	0.8274613634158176	No data	No data	No data	myotubularin related protein 3
DDX39B	0.5030392466541774	No data	No data	No data	0.8274613634158176	No data	No data	No data	DExD-box helicase 39B
AKAP11	0.5026949781071668	No data	No data	No data	0.8268950677973637	No data	No data	No data	A-kinase anchoring protein 11
ATP6V1C1	0.5014761923729811	No data	No data	No data	0.8248902578108095	No data	No data	No data	ATPase H+ transporting V1 subunit C1
CDK12	0.5012604633931973	No data	No data	No data	0.8245354000200357	No data	No data	No data	cyclin dependent kinase 12
PI4KB	0.499342162977125	No data	No data	No data	0.8213799414980975	No data	No data	No data	phosphatidylinositol 4-kinase beta
CDKN2A	0.4992945007823728	No data	No data	No data	0.8172794927063161	0.08044096201104627	No data	No data	cyclin dependent kinase inhibitor 2A
AURKA	0.4985026490371032	No data	No data	No data	0.819999004813659	No data	No data	No data	aurora kinase A
UQCRC1	0.4980865060822472	No data	No data	No data	0.8193144812519462	No data	No data	No data	ubiquinol-cytochrome c reductase core protein 1
ATP6V1A	0.4980865060822472	No data	No data	No data	0.8193144812519462	No data	No data	No data	ATPase H+ transporting V1 subunit A
MTMR6	0.4976720718834108	No data	No data	No data	0.8186327684641345	No data	No data	No data	myotubularin related protein 6
PIKFYVE	0.4966449838625583	No data	No data	No data	0.8169432866598113	No data	No data	No data	phosphoinositide kinase, FYVE-type zinc finger containing
CSNK1A1	0.49624077041144043	No data	No data	No data	0.8162783862259035	No data	No data	No data	casein kinase 1 alpha 1
CDKN2B	0.4950283247408023	No data	No data	No data	0.8142840051624642	No data	No data	No data	cyclin dependent kinase inhibitor 2B
CAMLG	0.49420155075608413	No data	No data	No data	0.812924024737116	No data	No data	No data	calcium modulating ligand
DHFR	0.49187485521057706	No data	No data	0.8090967872379665	No data	No data	No data	No data	dihydrofolate reductase
NDUFB9	0.4916911754410046	No data	No data	0.16185313138079396	0.768331365119196	No data	No data	No data	NADH:ubiquinone oxidoreductase subunit B9
IL7R	0.49055398969581615	0.6405580072904073	No data	No data	No data	0.2801949592766028	No data	No data	interleukin 7 receptor
NDUFC2	0.4894515456387856	No data	No data	0.16185313138079396	0.7646473441565834	No data	No data	No data	NADH:ubiquinone oxidoreductase subunit C2
NDUFA6	0.4865736941699434	No data	No data	0.16185313138079396	0.7599134970145264	No data	No data	No data	NADH:ubiquinone oxidoreductase subunit A6
NDUFS8	0.4865736941699434	No data	No data	0.16185313138079396	0.7599134970145264	No data	No data	No data	NADH:ubiquinone oxidoreductase core subunit S8
NDUFA5	0.48550132244534144	No data	No data	0.16185313138079396	0.7581495269560674	No data	No data	No data	NADH:ubiquinone oxidoreductase subunit A5
COPB1	0.48333000471657744	0.14051063999125163	No data	No data	0.7599134970145264	No data	No data	No data	COPI coat complex subunit beta 1
KIF1A	0.4821035446859868	No data	No data	No data	0.793023723390932	No data	No data	No data	kinesin family member 1A
JAZF1	0.4795366240366319	0.6368186344340847	No data	No data	0.607930797611621	No data	No data	No data	JAZF zinc finger 1
GABRP	0.47696301831288285	No data	No data	0.12158615952232422	0.754171407962707	No data	No data	No data	gamma-aminobutyric acid type A receptor subunit pi
NDUFC1	0.4731100586163788	No data	No data	0.16185313138079396	0.7377668388645211	No data	No data	No data	NADH:ubiquinone oxidoreductase subunit C1
CD58	0.47231407418578697	0.7531573696609255	No data	No data	No data	0.4752683620407456	No data	No data	CD58 molecule
TP53	0.4697833061909406	No data	No data	No data	0.7599134970145264	0.25688739131955884	No data	No data	tumor protein p53
MTOR	0.46818150495402	No data	No data	No data	0.7599134970145264	0.20419056321959442	No data	No data	mechanistic target of rapamycin kinase
TNPO3	0.4677219123244945	0.037814132734816916	No data	No data	0.7599134970145264	No data	No data	No data	transportin 3
NDUFV1	0.4672040765245774	No data	No data	0.16185313138079396	0.728051946783047	No data	No data	No data	NADH:ubiquinone oxidoreductase core subunit V1
RYR1	0.467005210822419	No data	No data	0.7666682836546554	No data	0.030396539880581056	No data	No data	ryanodine receptor 1
ADRA2A	0.46608126118570725	No data	No data	0.7666682836546554	No data	No data	No data	No data	adrenoceptor alpha 2A
ADRA2C	0.46608126118570725	No data	No data	0.7666682836546554	No data	No data	No data	No data	adrenoceptor alpha 2C
RYR3	0.46608126118570725	No data	No data	0.7666682836546554	No data	No data	No data	No data	ryanodine receptor 3
FADS2	0.4657630118663954	No data	No data	No data	0.7599134970145264	0.12462581351038234	No data	No data	fatty acid desaturase 2
MMP1	0.4657322135451717	No data	No data	0.7599134970145264	No data	0.12361259551436296	No data	No data	matrix metallopeptidase 1
MMP7	0.464680128263818	No data	No data	0.7599134970145264	No data	0.08900058751980051	No data	No data	matrix metallopeptidase 7
MMP8	0.4644049512580663	No data	No data	0.7599134970145264	No data	0.07994768193143999	No data	No data	matrix metallopeptidase 8
ERG	0.4643769934513689	0.6465006058300502	No data	No data	0.46945714724781573	No data	No data	No data	ETS transcription factor ERG
TGFBR2	0.46400432506344996	No data	No data	No data	0.7599134970145264	0.06676768854435633	No data	No data	transforming growth factor beta receptor 2
MMP13	0.4629911629562602	No data	No data	0.7599134970145264	No data	0.03343619386863916	No data	No data	matrix metallopeptidase 13
PTPN1	0.46271397806524667	No data	No data	No data	0.7599134970145264	0.024317231904464845	No data	No data	protein tyrosine phosphatase non-receptor type 1
XPO1	0.46250095634344923	No data	No data	No data	0.7599134970145264	0.01730914076533088	No data	No data	exportin 1
SCD	0.4623443982105619	No data	No data	No data	0.7599134970145264	0.012158615952232422	No data	No data	stearoyl-CoA desaturase
NUP205	0.4619748183558772	No data	No data	No data	0.7599134970145264	No data	No data	No data	nucleoporin 205
SF3B1	0.4619748183558772	No data	No data	No data	0.7599134970145264	No data	No data	No data	splicing factor 3b subunit 1
SON	0.4619748183558772	No data	No data	No data	0.7599134970145264	No data	No data	No data	SON DNA and RNA binding protein
PPP1R15B	0.4619748183558772	No data	No data	No data	0.7599134970145264	No data	No data	No data	protein phosphatase 1 regulatory subunit 15B
ZNF207	0.4619748183558772	No data	No data	No data	0.7599134970145264	No data	No data	No data	zinc finger protein 207
KIF18B	0.4619748183558772	No data	No data	No data	0.7599134970145264	No data	No data	No data	kinesin family member 18B
FCF1	0.4619748183558772	No data	No data	No data	0.7599134970145264	No data	No data	No data	FCF1 rRNA-processing protein
AP2M1	0.4619748183558772	No data	No data	No data	0.7599134970145264	No data	No data	No data	adaptor related protein complex 2 subunit mu 1
MED1	0.4619748183558772	No data	No data	No data	0.7599134970145264	No data	No data	No data	mediator complex subunit 1
COPB2	0.4619748183558772	No data	No data	No data	0.7599134970145264	No data	No data	No data	COPI coat complex subunit beta 2
HSD17B12	0.4619748183558772	No data	No data	No data	0.7599134970145264	No data	No data	No data	hydroxysteroid 17-beta dehydrogenase 12
NAGPA	0.4619748183558772	No data	No data	No data	0.7599134970145264	No data	No data	No data	N-acetylglucosamine-1-phosphodiester alpha-N-acetylglucosaminidase
COPA	0.4619748183558772	No data	No data	No data	0.7599134970145264	No data	No data	No data	COPI coat complex subunit alpha
SNRPD3	0.4619748183558772	No data	No data	No data	0.7599134970145264	No data	No data	No data	small nuclear ribonucleoprotein D3 polypeptide
MTMR14	0.4619748183558772	No data	No data	No data	0.7599134970145264	No data	No data	No data	myotubularin related protein 14
SNX3	0.4619748183558772	No data	No data	No data	0.7599134970145264	No data	No data	No data	sorting nexin 3
NUP93	0.4619748183558772	No data	No data	No data	0.7599134970145264	No data	No data	No data	nucleoporin 93
PXK	0.4619748183558772	No data	No data	No data	0.7599134970145264	No data	No data	No data	PX domain containing serine/threonine kinase like
GM2A	0.4619748183558772	No data	No data	No data	0.7599134970145264	No data	No data	No data	ganglioside GM2 activator
COPG1	0.4619748183558772	No data	No data	No data	0.7599134970145264	No data	No data	No data	COPI coat complex subunit gamma 1
SUPT6H	0.4619748183558772	No data	No data	No data	0.7599134970145264	No data	No data	No data	SPT6 homolog, histone chaperone and transcription elongation factor
NOP16	0.4619748183558772	No data	No data	No data	0.7599134970145264	No data	No data	No data	NOP16 nucleolar protein
SEC13	0.4619748183558772	No data	No data	No data	0.7599134970145264	No data	No data	No data	SEC13 homolog, nuclear pore and COPII coat complex component
BMP2K	0.4619748183558772	No data	No data	No data	0.7599134970145264	No data	No data	No data	BMP2 inducible kinase
MDN1	0.4619748183558772	No data	No data	No data	0.7599134970145264	No data	No data	No data	midasin AAA ATPase 1
IMP3	0.4619748183558772	No data	No data	No data	0.7599134970145264	No data	No data	No data	IMP U3 small nucleolar ribonucleoprotein 3
PPAN	0.4619748183558772	No data	No data	No data	0.7599134970145264	No data	No data	No data	peter pan homolog
PLRG1	0.4619748183558772	No data	No data	No data	0.7599134970145264	No data	No data	No data	pleiotropic regulator 1
MCM10	0.4619748183558772	No data	No data	No data	0.7599134970145264	No data	No data	No data	minichromosome maintenance 10 replication initiation factor
NEU1	0.4619748183558772	No data	No data	No data	0.7599134970145264	No data	No data	No data	neuraminidase 1
KAT8	0.4619748183558772	No data	No data	No data	0.7599134970145264	No data	No data	No data	lysine acetyltransferase 8
SNRPE	0.4619748183558772	No data	No data	No data	0.7599134970145264	No data	No data	No data	small nuclear ribonucleoprotein polypeptide E
DSTYK	0.4619748183558772	No data	No data	No data	0.7599134970145264	No data	No data	No data	dual serine/threonine and tyrosine protein kinase
DHX37	0.4619748183558772	No data	No data	No data	0.7599134970145264	No data	No data	No data	DEAH-box helicase 37
CLTC	0.4619748183558772	No data	No data	No data	0.7599134970145264	No data	No data	No data	clathrin heavy chain
PPP1R10	0.4619748183558772	No data	No data	No data	0.7599134970145264	No data	No data	No data	protein phosphatase 1 regulatory subunit 10
LTV1	0.4619748183558772	No data	No data	No data	0.7599134970145264	No data	No data	No data	LTV1 ribosome biogenesis factor
HEATR1	0.4619748183558772	No data	No data	No data	0.7599134970145264	No data	No data	No data	HEAT repeat containing 1
COPZ1	0.4619748183558772	No data	No data	No data	0.7599134970145264	No data	No data	No data	COPI coat complex subunit zeta 1
BMS1	0.4619748183558772	No data	No data	No data	0.7599134970145264	No data	No data	No data	BMS1 ribosome biogenesis factor
RRP15	0.46188830355999916	No data	No data	No data	0.7597711867446437	No data	No data	No data	ribosomal RNA processing 15 homolog
PAF1	0.46188830355999916	No data	No data	No data	0.7597711867446437	No data	No data	No data	PAF1 homolog, Paf1/RNA polymerase II complex component
NDUFB4	0.4614085558410646	No data	No data	0.16185313138079396	0.7185187553305302	No data	No data	No data	NADH:ubiquinone oxidoreductase subunit B4
PIK3CB	0.46139472858132263	No data	No data	No data	0.7589592933834	No data	No data	No data	phosphatidylinositol-4,5-bisphosphate 3-kinase catalytic subunit beta
AP2S1	0.46041117282038735	No data	No data	No data	0.7573414188411011	No data	No data	No data	adaptor related protein complex 2 subunit sigma 1
ACACA	0.459921094358024	No data	No data	No data	0.756535276983691	No data	No data	No data	acetyl-CoA carboxylase alpha
ANKRD55	0.4596785300036421	0.7483107864841975	No data	No data	No data	0.15650981110398351	No data	No data	ankyrin repeat domain 55
NOC4L	0.4594322460947265	No data	No data	No data	0.7557311587103316	No data	No data	No data	nucleolar complex associated 4 homolog
WDHD1	0.4594322460947265	No data	No data	No data	0.7557311587103316	No data	No data	No data	WD repeat and HMG-box DNA binding protein 1
PPT1	0.45834223119639206	No data	No data	No data	0.7533302361731721	0.012158615952232422	No data	No data	palmitoyl-protein thioesterase 1
B4GALT2	0.4579725560186721	No data	No data	No data	0.7533300793740172	No data	No data	No data	beta-1,4-galactosyltransferase 2
ADRB3	0.4570052700463669	No data	No data	0.607930797611621	0.5752326791479128	No data	No data	No data	adrenoceptor beta 3
ELMO2	0.45604266554808764	No data	No data	No data	0.7501555560924753	No data	No data	No data	engulfment and cell motility 2
SCARB1	0.45516797379154017	No data	No data	No data	0.7487167545710128	No data	No data	No data	scavenger receptor class B member 1
RSL24D1	0.4546073984531161	No data	No data	No data	0.7477946507055294	No data	No data	No data	ribosomal L24 domain containing 1
TGFBR1	0.45459328303024105	No data	No data	No data	0.7470115184097132	0.015198269940290528	No data	No data	transforming growth factor beta receptor 1
GBF1	0.454131338068696	No data	No data	No data	0.7470115675219	No data	No data	No data	golgi brefeldin A resistant guanine nucleotide exchange factor 1
PTPN12	0.4522385494312291	No data	No data	No data	0.7438980739385792	No data	No data	No data	protein tyrosine phosphatase non-receptor type 12
LAMTOR3	0.451993023774034	No data	No data	No data	0.743494202876018	No data	No data	No data	late endosomal/lysosomal adaptor, MAPK and MTOR activator 3
PIK3R1	0.45176825864331527	No data	No data	No data	0.7431244813030992	No data	No data	No data	phosphoinositide-3-kinase regulatory subunit 1
DIMT1	0.4512991540879212	No data	No data	No data	0.7423528399300399	No data	No data	No data	DIM1 rRNA methyltransferase and ribosome maturation factor
DHX15	0.4512991540879212	No data	No data	No data	0.7423528399300399	No data	No data	No data	DEAH-box helicase 15
BLOC1S5	0.4512991540879212	No data	No data	No data	0.7423528399300399	No data	No data	No data	biogenesis of lysosomal organelles complex 1 subunit 5
AP3B1	0.4512991540879212	No data	No data	No data	0.7423528399300399	No data	No data	No data	adaptor related protein complex 3 subunit beta 1
RAB7A	0.45083115206903435	No data	No data	No data	0.7415830121458159	No data	No data	No data	RAB7A, member RAS oncogene family
SBF1	0.45036441949062855	No data	No data	No data	0.7408152724947907	No data	No data	No data	SET binding factor 1
CYSLTR1	0.44927653059443573	No data	No data	0.607930797611621	0.5223684956677823	0.02262853524443256	No data	No data	cysteinyl leukotriene receptor 1
ATP1A1	0.44758780934765474	No data	No data	No data	0.7362479596462194	No data	No data	No data	ATPase Na+/K+ transporting subunit alpha 1
SMG8	0.4471290296464374	No data	No data	No data	0.7354933018742826	No data	No data	No data	SMG8 nonsense mediated mRNA decay factor
IPO7	0.44544164365021677	No data	No data	No data	0.7327176800389522	No data	No data	No data	importin 7
WRAP53	0.443500770651178	No data	No data	No data	0.7295250913320404	No data	No data	No data	WD repeat containing antisense to TP53
AHI1	0.4431659136457339	0.7289742769848159	No data	No data	No data	No data	No data	No data	Abelson helper integration site 1
SNRPD2	0.4430524239448081	No data	No data	No data	0.7287875950444179	No data	No data	No data	small nuclear ribonucleoprotein D2 polypeptide
PTDSS1	0.4421591550293404	No data	No data	No data	0.727318235507153	No data	No data	No data	phosphatidylserine synthase 1
TAOK1	0.4417929730107979	No data	No data	No data	0.7267158938919871	No data	No data	No data	TAO kinase 1
CLK2	0.44075630946181343	No data	No data	No data	0.7250106610709864	No data	No data	No data	CDC like kinase 2
NRIP1	0.4389863582133693	No data	No data	No data	0.722099225665184	No data	No data	No data	nuclear receptor interacting protein 1
ACHE	0.43897195475538847	No data	No data	0.7143186871936548	No data	0.15513691753700223	No data	No data	acetylcholinesterase (Cartwright blood group)
ATP4A	0.4383627720843546	No data	No data	0.7210734738337838	No data	No data	No data	No data	ATPase H+/K+ transporting subunit alpha
LRP1	0.4369316706581201	No data	No data	No data	0.7130285129112895	0.11381815488617571	No data	No data	LDL receptor related protein 1
TAGAP	0.4362458397225784	0.7136990512990901	No data	No data	No data	0.07784459089624662	No data	No data	T cell activation RhoGTPase activating protein
SLC18A2	0.43504514734280914	No data	No data	0.15198269940290526	0.6776205582007524	No data	No data	No data	solute carrier family 18 member A2
SQLE	0.43475199896113503	No data	No data	No data	0.7151340262232907	No data	No data	No data	squalene epoxidase
TRAPPC5	0.4347519297404281	No data	No data	No data	0.7151339123604838	No data	No data	No data	trafficking protein particle complex subunit 5
OPRM1	0.4342563292545246	No data	No data	0.7143186871936548	No data	No data	No data	No data	opioid receptor mu 1
HRH2	0.4342563292545246	No data	No data	0.7143186871936548	No data	No data	No data	No data	histamine receptor H2
SKP2	0.4339442590379273	No data	No data	No data	0.7138053553838117	No data	No data	No data	S-phase kinase associated protein 2
PDGFRA	0.43348145579978337	No data	No data	0.5454490211904267	0.5752332974331604	0.06518369107724604	No data	No data	platelet derived growth factor receptor alpha
GGPS1	0.43179796129608056	No data	No data	No data	0.7102748585735187	No data	No data	No data	geranylgeranyl diphosphate synthase 1
CD86	0.4311956089938933	0.6609019798195315	No data	0.1587374860430344	No data	0.3913957550074133	No data	No data	CD86 molecule
CTSH	0.43044735091409303	0.4782986614367278	No data	No data	0.5882083502263977	0.012158615952232422	No data	No data	cathepsin H
TNFRSF1A	0.4282553142052339	0.5611954123983863	No data	No data	No data	0.13289434268737824	No data	No data	TNF receptor superfamily member 1A
BTF3	0.4275241302723829	No data	No data	No data	0.703244731064782	No data	No data	No data	basic transcription factor 3
ELMO1	0.42672254361622436	0.6413112384540651	No data	No data	0.23948766759153203	0.03343619386863916	No data	No data	engulfment and cell motility 1
NISCH	0.4262949772360544	No data	No data	No data	0.7012228676534242	No data	No data	No data	nischarin
MTMR12	0.4253095044537733	No data	No data	No data	0.6996018397565769	No data	No data	No data	myotubularin related protein 12
STAT3	0.42512393043283514	0.5723670496713441	No data	No data	0.4854431075534621	0.25059411106357576	No data	No data	signal transducer and activator of transcription 3
NUP160	0.4240722022491339	No data	No data	No data	0.6975665715821393	No data	No data	No data	nucleoporin 160
TFCP2L1	0.4240345034892911	No data	No data	No data	0.6968966291871701	0.012158615952232422	No data	No data	transcription factor CP2 like 1
PAPOLA	0.4238803911593987	No data	No data	No data	0.6972510569043359	No data	No data	No data	poly(A) polymerase alpha
SNRK	0.4234983394351971	No data	No data	No data	0.6966226108283967	No data	No data	No data	SNF related kinase
CALR	0.42255567066622507	No data	No data	No data	0.687359710663993	0.15424563238416417	No data	No data	calreticulin
RANBP3	0.4224839941923149	No data	No data	No data	0.6949540899262361	No data	No data	No data	RAN binding protein 3
RIPK1	0.42154303357923556	No data	No data	No data	0.6873382372551742	0.12136087825208672	No data	No data	receptor interacting serine/threonine kinase 1
MTMR9	0.42112433554190787	No data	No data	No data	0.6927175546894151	No data	No data	No data	myotubularin related protein 9
TTN	0.41899032272737874	No data	No data	No data	0.6885993348541153	0.012158615952232422	No data	No data	titin
AP3D1	0.4174836045082134	No data	No data	No data	0.6867288285909878	No data	No data	No data	adaptor related protein complex 3 subunit delta 1
EOMES	0.4167871659525794	0.6557835060502486	No data	No data	No data	0.5959946799892194	No data	No data	eomesodermin
PIP5K1A	0.4138555996493766	No data	No data	No data	0.6807610360838634	No data	No data	No data	phosphatidylinositol-4-phosphate 5-kinase type 1 alpha
BTK	0.41089634171881917	No data	No data	0.6675072532930224	No data	0.1677205640141504	No data	No data	Bruton tyrosine kinase
VPS28	0.4104109009779012	No data	No data	No data	0.6750947683359411	No data	No data	No data	VPS28 subunit of ESCRT-I
CD19	0.41034328904975775	No data	No data	0.655636478257533	No data	0.3869414718119093	No data	No data	CD19 molecule
CLK3	0.4099922479076303	No data	No data	No data	0.6744061158249716	No data	No data	No data	CDC like kinase 3
MMP25	0.4090314119738596	No data	No data	No data	0.6716097520779484	0.024317231904464845	No data	No data	matrix metallopeptidase 25
CYP24A1	0.4083040446325424	0.6658805274706043	No data	No data	No data	0.11497244314717502	No data	No data	cytochrome P450 family 24 subfamily A member 1
GPR65	0.40785273973164565	0.66885190785963	No data	No data	No data	0.040697589506777966	No data	No data	G protein-coupled receptor 65
EEF2	0.4072700244946994	No data	No data	No data	0.6699282650175677	No data	No data	No data	eukaryotic translation elongation factor 2
PANK1	0.4067961095659921	No data	No data	No data	0.6674009099025413	0.03495602086266821	No data	No data	pantothenate kinase 1
MPV17L2	0.4054997410286575	0.561925509237046	No data	No data	0.41766118095193777	0.030396539880581056	No data	No data	MPV17 mitochondrial inner membrane protein like 2
RGS1	0.4050875122456218	0.6635107430422581	No data	No data	No data	0.05654910101003271	No data	No data	regulator of G protein signaling 1
ING3	0.402255164135787	No data	No data	No data	0.6616792005210588	No data	No data	No data	inhibitor of growth family member 3
RXRG	0.39846495997096987	No data	No data	No data	0.6548366716742815	0.012158615952232422	No data	No data	retinoid X receptor gamma
EPM2A	0.39834606167660414	No data	No data	No data	0.6552490238059777	No data	No data	No data	EPM2A glucan phosphatase, laforin
L3MBTL3	0.39782873246574196	0.520828810426806	No data	No data	0.5223686751804598	0.08199804372118746	No data	No data	L3MBTL histone methyl-lysine binding protein 3
MTMR10	0.39713959239432517	No data	No data	No data	0.6532644734475836	No data	No data	No data	myotubularin related protein 10
QPCT	0.39704704895018	No data	No data	No data	0.6522003503126582	0.01823792392834863	No data	No data	glutaminyl-peptide cyclotransferase
ADRA1D	0.3944751643405463	No data	No data	0.6488816916174039	No data	No data	No data	No data	adrenoceptor alpha 1D
ADRA1A	0.3944751643405463	No data	No data	0.6488816916174039	No data	No data	No data	No data	adrenoceptor alpha 1A
ADRA1B	0.3944751643405463	No data	No data	0.6488816916174039	No data	No data	No data	No data	adrenoceptor alpha 1B
NDUFB6	0.39417873049876795	No data	No data	0.16185313138079396	0.607930797611621	No data	No data	No data	NADH:ubiquinone oxidoreductase subunit B6
NDUFB10	0.39417873049876795	No data	No data	0.16185313138079396	0.607930797611621	No data	No data	No data	NADH:ubiquinone oxidoreductase subunit B10
UQCRB	0.39014327278328115	No data	No data	No data	0.6417560589396651	No data	No data	No data	ubiquinol-cytochrome c reductase binding protein
GABRB1	0.38805884741893687	No data	No data	0.12158615952232422	0.607930797611621	No data	No data	No data	gamma-aminobutyric acid type A receptor subunit beta1
RAP2B	0.38791879451561884	No data	No data	No data	0.6380969611008953	No data	No data	No data	RAP2B, member of RAS oncogene family
DLD	0.3877918900509288	No data	No data	No data	0.6378882128927298	No data	No data	No data	dihydrolipoamide dehydrogenase
CREB3L3	0.38740467232137743	No data	No data	No data	0.6372512691302611	No data	No data	No data	cAMP responsive element binding protein 3 like 3
COG8	0.38730446790706036	No data	No data	No data	0.6370864404775415	No data	No data	No data	component of oligomeric golgi complex 8
NOC3L	0.38563381679235326	No data	No data	No data	0.6343383462515694	No data	No data	No data	NOC3 like DNA replication regulator
STAT4	0.38498520416708626	0.6255886372162268	No data	No data	No data	0.15365581035893755	No data	No data	signal transducer and activator of transcription 4
CNR1	0.38378330800292376	No data	No data	0.6231290675519116	No data	0.1633066451183717	No data	No data	cannabinoid receptor 1
MYC	0.381487734105352	0.6233472743060913	No data	No data	No data	0.08342161500559467	No data	No data	MYC proto-oncogene, bHLH transcription factor
TSPO	0.37994606195666064	No data	No data	No data	0.5889433651208591	0.7207811262972543	No data	No data	translocator protein
EPS15L1	0.3793216386304388	0.45482110171136386	No data	No data	0.5102500170506459	No data	No data	No data	epidermal growth factor receptor pathway substrate 15 like 1
LBH	0.3786161221974986	0.6227947715183513	No data	No data	No data	No data	No data	No data	LBH regulator of WNT signaling pathway
ZKSCAN1	0.37587936770371305	No data	No data	No data	0.6182930181863315	No data	No data	No data	zinc finger with KRAB and SCAN domains 1
EMC4	0.3754826204967271	No data	No data	No data	0.6176403991570857	No data	No data	No data	ER membrane protein complex subunit 4
TTK	0.3751572323810912	No data	No data	No data	0.6171051604145935	No data	No data	No data	TTK protein kinase
CREB1	0.3751338393389113	No data	No data	No data	0.607930797611621	0.18271766049785557	No data	No data	cAMP responsive element binding protein 1
BRD2	0.3746175584338573	No data	No data	No data	0.607930797611621	0.1657328027777886	No data	No data	bromodomain containing 2
RELA	0.3736554991933081	No data	No data	No data	0.607930797611621	0.1340825148065631	No data	No data	RELA proto-oncogene, NF-kB subunit
PDCD1	0.3733603387545901	0.607930797611621	No data	No data	No data	0.12437218462169586	No data	No data	programmed cell death 1
FASTK	0.372901622679242	No data	No data	No data	0.6133948537304925	No data	No data	No data	Fas activated serine/threonine kinase
MVP	0.37251765841435164	0.2755758453922663	No data	No data	0.543869300322279	No data	No data	No data	major vault protein
CXXC1	0.37050380432141355	No data	No data	No data	0.607930797611621	0.030396539880581056	No data	No data	CXXC finger protein 1
PPP3CC	0.37015415801015017	No data	No data	No data	0.6088754829733508	No data	No data	No data	protein phosphatase 3 catalytic subunit gamma
ABCC9	0.37013422446672883	No data	No data	No data	0.607930797611621	0.01823792392834863	No data	No data	ATP binding cassette subfamily C member 9
SV2A	0.36994943453938645	No data	No data	0.607930797611621	No data	0.012158615952232422	No data	No data	synaptic vesicle glycoprotein 2A
CTSL	0.3699363397207843	No data	No data	No data	0.607930797611621	No data	0.011727816306824658	No data	cathepsin L
SPTLC2	0.36987549787132695	No data	No data	No data	0.607930797611621	No data	0.009726211857886212	No data	serine palmitoyltransferase long chain base subunit 2
ATF5	0.3695798546847018	No data	No data	No data	0.607930797611621	No data	No data	No data	activating transcription factor 5
B4GALT1	0.3695798546847018	No data	No data	No data	0.607930797611621	No data	No data	No data	beta-1,4-galactosyltransferase 1
CACNA1B	0.3695798546847018	No data	No data	0.607930797611621	No data	No data	No data	No data	calcium voltage-gated channel subunit alpha1 B
GTF2I	0.3695798546847018	No data	No data	No data	0.607930797611621	No data	No data	No data	general transcription factor IIi
CDYL	0.3695798546847018	No data	No data	No data	0.607930797611621	No data	No data	No data	chromodomain Y like
ACSL4	0.3695798546847018	No data	No data	No data	0.607930797611621	No data	No data	No data	acyl-CoA synthetase long chain family member 4
DRD1	0.3695798546847018	No data	No data	No data	0.607930797611621	No data	No data	No data	dopamine receptor D1
VEZF1	0.3695798546847018	No data	No data	No data	0.607930797611621	No data	No data	No data	vascular endothelial zinc finger 1
CDC5L	0.3695798546847018	No data	No data	No data	0.607930797611621	No data	No data	No data	cell division cycle 5 like
NFKB2	0.3695798546847018	No data	No data	No data	0.607930797611621	No data	No data	No data	nuclear factor kappa B subunit 2
ZC3H8	0.3695798546847018	No data	No data	No data	0.607930797611621	No data	No data	No data	zinc finger CCCH-type containing 8
FOSL1	0.3695798546847018	No data	No data	No data	0.607930797611621	No data	No data	No data	FOS like 1, AP-1 transcription factor subunit
PTPRA	0.3695798546847018	No data	No data	No data	0.607930797611621	No data	No data	No data	protein tyrosine phosphatase receptor type A
ULK1	0.3695798546847018	No data	No data	No data	0.607930797611621	No data	No data	No data	unc-51 like autophagy activating kinase 1
ZNF629	0.3695798546847018	No data	No data	No data	0.607930797611621	No data	No data	No data	zinc finger protein 629
DLX2	0.3695798546847018	No data	No data	No data	0.607930797611621	No data	No data	No data	distal-less homeobox 2
NVL	0.3695798546847018	No data	No data	No data	0.607930797611621	No data	No data	No data	nuclear VCP like
PFKL	0.3695798546847018	No data	No data	No data	0.607930797611621	No data	No data	No data	phosphofructokinase, liver type
VARS2	0.3695798546847018	No data	No data	No data	0.607930797611621	No data	No data	No data	valyl-tRNA synthetase 2, mitochondrial
ZNF827	0.3695798546847018	No data	No data	No data	0.607930797611621	No data	No data	No data	zinc finger protein 827
SLC36A1	0.3695798546847018	No data	No data	No data	0.607930797611621	No data	No data	No data	solute carrier family 36 member 1
SREBF1	0.3695798546847018	No data	No data	No data	0.607930797611621	No data	No data	No data	sterol regulatory element binding transcription factor 1
TIMM44	0.3695798546847018	No data	No data	No data	0.607930797611621	No data	No data	No data	translocase of inner mitochondrial membrane 44
BRD8	0.3695798546847018	No data	No data	No data	0.607930797611621	No data	No data	No data	bromodomain containing 8
COX7C	0.3695798546847018	No data	No data	No data	0.607930797611621	No data	No data	No data	cytochrome c oxidase subunit 7C
PSKH1	0.3695798546847018	No data	No data	No data	0.607930797611621	No data	No data	No data	protein serine kinase H1
PTPRO	0.3695798546847018	No data	No data	No data	0.607930797611621	No data	No data	No data	protein tyrosine phosphatase receptor type O
RAD51C	0.3695798546847018	No data	No data	No data	0.607930797611621	No data	No data	No data	RAD51 paralog C
MLPH	0.36923379550118957	No data	No data	No data	0.6073615565320907	No data	No data	No data	melanophilin
SLC35C1	0.36923379550118957	No data	No data	No data	0.6073615565320907	No data	No data	No data	solute carrier family 35 member C1
CYB5R4	0.36923379550118957	No data	No data	No data	0.6073615565320907	No data	No data	No data	cytochrome b5 reductase 4
NGLY1	0.36923379550118957	No data	No data	No data	0.6073615565320907	No data	No data	No data	N-glycanase 1
KAT5	0.36923366764860077	No data	No data	No data	0.6073613462242904	No data	No data	No data	lysine acetyltransferase 5
HINFP	0.36914800427307054	No data	No data	No data	0.6072204364762289	No data	No data	No data	histone H4 transcription factor
FOXK1	0.36907368770923915	No data	No data	No data	0.6036785806352482	0.06839221473130737	No data	No data	forkhead box K1
VMP1	0.3685510376144322	0.6044146792594641	No data	No data	No data	0.03647584785669727	No data	No data	vacuole membrane protein 1
SPI1	0.36812150627807233	No data	No data	No data	0.6036785806352482	0.03706689168770857	No data	No data	Spi-1 proto-oncogene
ZNF438	0.367464673115024	0.6029316575477695	No data	No data	No data	0.030396539880581056	No data	No data	zinc finger protein 438
PTPRJ	0.36725949558648374	No data	No data	No data	0.604113983087116	No data	No data	No data	protein tyrosine phosphatase receptor type J
MTFR1	0.366049995566836	No data	No data	No data	0.6021244473958834	No data	No data	No data	mitochondrial fission regulator 1
C5	0.36582331154015857	No data	No data	0.5933742324021427	No data	0.16754673965355144	No data	No data	complement C5
SLC6A2	0.36580844919607935	No data	No data	0.6017271219573539	No data	No data	No data	No data	solute carrier family 6 member 2
PPP2R1A	0.3652903677862938	No data	No data	No data	0.6008749173777851	No data	No data	No data	protein phosphatase 2 scaffold subunit Aalpha
SLC39A10	0.365290109127023	No data	No data	No data	0.6008744919029254	No data	No data	No data	solute carrier family 39 member 10
CBLB	0.3633663306943923	0.5977100224597114	No data	No data	No data	No data	No data	No data	Cbl proto-oncogene B
MRPL35	0.36332527254274216	No data	No data	No data	0.5976424849179197	No data	No data	No data	mitochondrial ribosomal protein L35
CTDSP1	0.3633251389177283	No data	No data	No data	0.5976422651149185	No data	No data	No data	CTD small phosphatase 1
MAP2K4	0.36313880145385696	No data	No data	No data	0.5973357541360318	No data	No data	No data	mitogen-activated protein kinase kinase 4
ATOH8	0.36270505647000295	No data	No data	No data	0.5966222765731939	No data	No data	No data	atonal bHLH transcription factor 8
PIK3R2	0.36264480521035786	0.06399180559792987	No data	No data	0.5805252164266603	No data	No data	No data	phosphoinositide-3-kinase regulatory subunit 2
IL12A	0.362092314389589	0.5934833960630249	No data	No data	No data	0.0426193263058947	No data	No data	interleukin 12A
ILF3	0.3620723062164654	No data	No data	No data	0.5955814504528141	No data	No data	No data	interleukin enhancer binding factor 3
SHMT1	0.36195677032953927	0.09998101667869586	No data	No data	0.5688988374835828	0.06737899673528801	No data	No data	serine hydroxymethyltransferase 1
DNPEP	0.36022826689603626	No data	No data	No data	0.5925481457943335	No data	No data	No data	aspartyl aminopeptidase
ABHD6	0.3600080976929883	No data	No data	No data	0.5879924067096549	0.08387154927590183	No data	No data	abhydrolase domain containing 6, acylglycerol lipase
MAP2K7	0.3597790182330791	No data	No data	No data	0.5912012350590018	0.012158615952232422	No data	No data	mitogen-activated protein kinase kinase 7
COX7B	0.3594098060238688	No data	No data	No data	0.5912018398078907	No data	No data	No data	cytochrome c oxidase subunit 7B
AP3M1	0.3594095656400988	No data	No data	No data	0.5912014443948421	No data	No data	No data	adaptor related protein complex 3 subunit mu 1
PHKG2	0.35940943837839445	No data	No data	No data	0.5912012350590018	No data	No data	No data	phosphorylase kinase catalytic subunit gamma 2
HHEX	0.3593049682967165	0.5898135281121557	No data	No data	No data	0.024317231904464845	No data	No data	hematopoietically expressed homeobox
GNPAT	0.3591863939280819	No data	No data	No data	0.5908343438746946	No data	No data	No data	glyceronephosphate O-acyltransferase
PPP1CB	0.3578285210666495	No data	No data	No data	0.5879928153275249	0.012158615952232422	No data	No data	protein phosphatase 1 catalytic subunit beta
CCDC88A	0.3574586928005772	No data	No data	No data	0.5879924067096549	No data	No data	No data	coiled-coil domain containing 88A
NDUFS4	0.35711945482841073	No data	No data	0.16185313138079396	0.546971103159634	No data	No data	No data	NADH:ubiquinone oxidoreductase subunit S4
PICK1	0.3555127298431541	No data	No data	No data	0.5847914454076971	No data	No data	No data	protein interacting with PRKCA 1
TRAPPC11	0.35551248738349167	No data	No data	No data	0.5847910465799632	No data	No data	No data	trafficking protein particle complex subunit 11
GOT1	0.35551236615393517	No data	No data	No data	0.5847908471665481	No data	No data	No data	glutamic-oxaloacetic transaminase 1
RREB1	0.3551887740133206	0.584258562666592	No data	No data	No data	No data	No data	No data	ras responsive element binding protein 1
ZBTB9	0.35496469856909607	0.23389049083146157	No data	No data	0.5254173528677208	No data	No data	No data	zinc finger and BTB domain containing 9
S100A4	0.3548515021934344	No data	No data	No data	0.5815971270495844	0.0421329816678054	No data	No data	S100 calcium binding protein A4
MMEL1	0.3545577458855212	0.5756214343421397	No data	No data	No data	0.15198269940290526	No data	No data	membrane metalloendopeptidase like 1
TNFSF14	0.35451076447490387	0.5657549079994844	No data	0.06079307976116211	No data	0.0985549733769999	No data	No data	TNF superfamily member 14
CDK5	0.3544023600089217	No data	No data	No data	0.5815971270495844	0.02735688589252295	No data	No data	cyclin dependent kinase 5
ARPC5L	0.3535709368157252	No data	No data	No data	0.5815973433239442	No data	No data	No data	actin related protein 2/3 complex subunit 5 like
GNG4	0.35328439619516083	No data	No data	No data	0.5811260057610339	No data	No data	No data	G protein subunit gamma 4
IRF8	0.3529663789724161	0.5745725147769621	No data	No data	No data	0.12060753601381788	No data	No data	interferon regulatory factor 8
ZPLD1	0.3528351789888176	0.5803870775670551	No data	No data	No data	No data	No data	No data	zona pellucida like domain containing 1
ARNT	0.3523552969346463	No data	No data	No data	0.5795977080268762	No data	No data	No data	aryl hydrocarbon receptor nuclear translocator
FAHD2A	0.35227884596967113	No data	No data	No data	0.579471951994651	No data	No data	No data	fumarylacetoacetate hydrolase domain containing 2A
KAT7	0.35207769504436026	No data	No data	No data	0.5791410739965283	No data	No data	No data	lysine acetyltransferase 7
WIPF2	0.351634028330351	No data	No data	No data	0.5784112759409727	No data	No data	No data	WAS/WASL interacting protein family member 2
BATF	0.3515055178700635	0.5763465414076122	No data	No data	No data	0.03706689168770857	No data	No data	basic leucine zipper ATF-like transcription factor
XPO7	0.35095449715838656	No data	No data	No data	0.5772934987620009	No data	No data	No data	exportin 7
CD33	0.35016545552980866	No data	No data	No data	0.5688988374835828	0.1419349542757132	No data	No data	CD33 molecule
IL22RA2	0.34986192319507564	0.5671809863312194	No data	No data	No data	0.16630622447329907	No data	No data	interleukin 22 receptor subunit alpha 2
CDK2	0.3494623786832633	No data	No data	No data	0.5742311463739955	0.012158615952232422	No data	No data	cyclin dependent kinase 2
MRPS27	0.347774196736569	No data	No data	No data	0.5720621460581865	No data	No data	No data	mitochondrial ribosomal protein S27
RAB9A	0.34777407441871455	No data	No data	No data	0.5720619448546039	No data	No data	No data	RAB9A, member RAS oncogene family
CAMK1G	0.34777407441871455	No data	No data	No data	0.5720619448546039	No data	No data	No data	calcium/calmodulin dependent protein kinase IG
GALC	0.3460160672865229	0.5664270377585267	No data	No data	No data	0.05486237709112874	No data	No data	galactosylceramidase
MPRIP	0.3458511240317185	No data	No data	No data	0.5688988374835828	No data	No data	No data	myosin phosphatase Rho interacting protein
ARPC4	0.3458511240317185	No data	No data	No data	0.5688988374835828	No data	No data	No data	actin related protein 2/3 complex subunit 4
MAK	0.3458511240317185	No data	No data	No data	0.5688988374835828	No data	No data	No data	male germ cell associated kinase
ZNF462	0.3457677512708182	No data	No data	No data	0.5687616956226542	No data	No data	No data	zinc finger protein 462
HIC1	0.3457677512708182	No data	No data	No data	0.5687616956226542	No data	No data	No data	HIC ZBTB transcriptional repressor 1
PRKAB1	0.3443987661874505	No data	No data	No data	0.566509819111798	No data	No data	No data	protein kinase AMP-activated non-catalytic subunit beta 1
TRMT10C	0.34393294753990283	No data	No data	No data	0.5657435828076368	No data	No data	No data	tRNA methyltransferase 10C, mitochondrial RNase P subunit
EXOC2	0.34393294753990283	No data	No data	No data	0.5657435828076368	No data	No data	No data	exocyst complex component 2
MGAT1	0.34393283093877364	No data	No data	No data	0.5657433910076332	No data	No data	No data	alpha-1,3-mannosyl-glycoprotein 2-beta-N-acetylglucosaminyltransferase
KRT86	0.3438370687582503	No data	No data	No data	0.5655858694921917	No data	No data	No data	keratin 86
PNO1	0.3436948013096752	No data	No data	No data	0.5653518503420943	No data	No data	No data	partner of NOB1 homolog
IPO13	0.343607978924132	No data	No data	No data	0.5652090341105687	No data	No data	No data	importin 13
ALPK2	0.3432553556178308	0.5646289955474847	No data	No data	No data	No data	No data	No data	alpha kinase 2
NDUFA7	0.3421631078216078	No data	No data	0.16185313138079396	0.5223690480152624	No data	No data	No data	NADH:ubiquinone oxidoreductase subunit A7
LAMTOR1	0.3420193042179064	No data	No data	No data	0.5625957848518257	No data	No data	No data	late endosomal/lysosomal adaptor, MAPK and MTOR activator 1
KIT	0.341335894892737	No data	No data	0.5579116025414649	No data	0.07120051727694106	No data	No data	KIT proto-oncogene, receptor tyrosine kinase
NDUFS6	0.3412382610059269	No data	No data	0.16185313138079396	0.5208477452299547	No data	No data	No data	NADH:ubiquinone oxidoreductase subunit S6
INAVA	0.340989183114844	0.5609013138575787	No data	No data	No data	No data	No data	No data	innate immunity activator
ETS1	0.3409675993163724	0.5550005168072717	No data	No data	No data	0.11730586681491874	No data	No data	ETS proto-oncogene 1, transcription factor
NR1H3	0.3408167645613462	0.44703698614819765	No data	No data	No data	0.08196595848464684	No data	No data	nuclear receptor subfamily 1 group H member 3
MAP4K2	0.3401105419594362	No data	No data	No data	0.559456015874881	No data	No data	No data	mitogen-activated protein kinase kinase kinase kinase 2
ACY3	0.3401101750736569	No data	No data	No data	0.5594554123756329	No data	No data	No data	aminoacylase 3
PDE7B	0.3401101750736569	No data	No data	No data	0.5594554123756329	No data	No data	No data	phosphodiesterase 7B
NUAK2	0.3401101750736569	No data	No data	No data	0.5594554123756329	No data	No data	No data	NUAK family kinase 2
PDGFRB	0.340003200202851	No data	No data	0.5579116025414649	No data	0.02735688589252295	No data	No data	platelet derived growth factor receptor beta
PPP1R12A	0.33975732059424574	No data	No data	No data	0.5588749935503367	No data	No data	No data	protein phosphatase 1 regulatory subunit 12A
EVX2	0.33950759424609156	No data	No data	No data	0.5584642126701193	No data	No data	No data	even-skipped homeobox 2
LRRK2	0.33841290917368155	No data	No data	No data	0.555469799179861	0.023874793379536387	No data	No data	leucine rich repeat kinase 2
PTH	0.3383259941524924	No data	No data	No data	0.5500813165695068	0.12878507338404183	No data	No data	parathyroid hormone
GDI1	0.33832569209249796	No data	No data	No data	0.5531985759123368	0.06642994921234986	No data	No data	GDP dissociation inhibitor 1
FUZ	0.33820593353597705	No data	No data	No data	0.556323079641116	No data	No data	No data	fuzzy planar cell polarity protein
S100A13	0.33820581410873346	No data	No data	No data	0.5563228831923688	No data	No data	No data	S100 calcium binding protein A13
SLC6A4	0.33760093114740053	No data	No data	0.5530481561605719	No data	0.045594809820871586	No data	No data	solute carrier family 6 member 4
KMT2B	0.33743193460301746	No data	No data	No data	0.5550499101685372	No data	No data	No data	lysine methyltransferase 2B
CLEC2D	0.3370775180825678	0.5544669219043432	No data	No data	No data	No data	No data	No data	C-type lectin domain family 2 member D
CANX	0.33695286633692867	No data	No data	No data	0.5531980003521402	0.021277577916406734	No data	No data	calnexin
TPST2	0.33630621822465073	No data	No data	No data	0.5531981922052602	No data	No data	No data	tyrosylprotein sulfotransferase 2
EPHA1	0.3363061015912304	No data	No data	No data	0.5531980003521402	No data	No data	No data	EPH receptor A1
IRF4	0.33527853208901764	No data	No data	No data	0.5482485419936775	0.06518369107724604	No data	No data	interferon regulatory factor 4
PAPSS1	0.3344113735333509	No data	No data	No data	0.5500813165695068	No data	No data	No data	3'-phosphoadenosine 5'-phosphosulfate synthase 1
COX7A1	0.3344113735333509	No data	No data	No data	0.5500813165695068	No data	No data	No data	cytochrome c oxidase subunit 7A1
FECH	0.3344113735333509	No data	No data	No data	0.5500813165695068	No data	No data	No data	ferrochelatase
CSNK2B	0.3344113735333509	No data	No data	No data	0.5500813165695068	No data	No data	No data	casein kinase 2 beta
MRPS17	0.33441113535417627	No data	No data	No data	0.5500809247828502	No data	No data	No data	mitochondrial ribosomal protein S17
ITGB4	0.33441113535417627	No data	No data	No data	0.5500809247828502	No data	No data	No data	integrin subunit beta 4
NME4	0.334411021442647	No data	No data	No data	0.5500807374070342	No data	No data	No data	NME/NM23 nucleoside diphosphate kinase 4
PFKP	0.334411021442647	No data	No data	No data	0.5500807374070342	No data	No data	No data	phosphofructokinase, platelet
CACNA1A	0.334411021442647	No data	No data	No data	0.5500807374070342	No data	No data	No data	calcium voltage-gated channel subunit alpha1 A
FGFR3	0.3337447246775133	No data	No data	0.5454490211904267	No data	0.07071417263885175	No data	No data	fibroblast growth factor receptor 3
NKX2-3	0.333648251263309	No data	No data	No data	0.5488260383815289	No data	No data	No data	NK2 homeobox 3
TRAF3	0.33358042171741964	0.5487144639290487	No data	No data	No data	No data	No data	No data	TNF receptor associated factor 3
NFIB	0.33329717342362464	No data	No data	No data	0.5482485419936775	No data	No data	No data	nuclear factor I B
PPP4R1	0.3325209330226628	No data	No data	No data	0.5469716854764365	No data	No data	No data	protein phosphatase 4 regulatory subunit 1
TRRAP	0.3325209330226628	No data	No data	No data	0.5469716854764365	No data	No data	No data	transformation/transcription domain associated protein
COMP	0.3325205790143446	No data	No data	No data	0.546971103159634	No data	No data	No data	cartilage oligomeric matrix protein
CGA	0.3325205790143446	No data	No data	No data	0.546971103159634	No data	No data	No data	glycoprotein hormones, alpha polypeptide
CD226	0.332366808094962	0.5353155818453261	No data	No data	No data	0.22805159656453008	No data	No data	CD226 molecule
HES4	0.3312380762813593	No data	No data	No data	0.5448614835482838	No data	No data	No data	hes family bHLH transcription factor 4
MRPS36	0.3309929215212611	No data	No data	No data	0.5444582225832836	No data	No data	No data	mitochondrial ribosomal protein S36
KIAA2026	0.3309062290301631	0.5443156200182571	No data	No data	No data	No data	No data	No data	KIAA2026
GAK	0.3306519566396698	No data	No data	No data	0.5438973612435869	No data	No data	No data	cyclin G associated kinase
BRSK2	0.33063513465249866	No data	No data	No data	0.543869690352036	No data	No data	No data	BR serine/threonine kinase 2
LCMT1	0.33063513465249866	No data	No data	No data	0.543869690352036	No data	No data	No data	leucine carboxyl methyltransferase 1
CDC42EP5	0.33063489754139735	No data	No data	No data	0.543869300322279	No data	No data	No data	CDC42 effector protein 5
MRPL33	0.33063489754139735	No data	No data	No data	0.543869300322279	No data	No data	No data	mitochondrial ribosomal protein L33
FGGY	0.33063477898610943	No data	No data	No data	0.5438691053078326	No data	No data	No data	FGGY carbohydrate kinase domain containing
ARL1	0.33063477898610943	No data	No data	No data	0.5438691053078326	No data	No data	No data	ADP ribosylation factor like GTPase 1
ADORA2B	0.33049720579071296	No data	No data	0.42555155832813474	0.43725491826573115	No data	No data	No data	adenosine A2b receptor
HLA-DRA	0.33039273719263734	0.5390590604724053	No data	No data	No data	0.0882380892830002	No data	No data	major histocompatibility complex, class II, DR alpha
ZFP36L2	0.33018348348569315	0.5425188276803035	No data	No data	No data	0.012158615952232422	No data	No data	ZFP36 ring finger protein like 2
MRPL42	0.3287537316430808	No data	No data	No data	0.5407749252623099	No data	No data	No data	mitochondrial ribosomal protein L42
TRAPPC3	0.3287536158344536	No data	No data	No data	0.5407747347659119	No data	No data	No data	trafficking protein particle complex subunit 3
DYRK1B	0.3287536158344536	No data	No data	No data	0.5407747347659119	No data	No data	No data	dual specificity tyrosine phosphorylation regulated kinase 1B
GABRA3	0.32775755658927347	No data	No data	0.4559480982087158	0.3327527789309708	No data	No data	No data	gamma-aminobutyric acid type A receptor subunit alpha3
PTGFR	0.3275776793794332	No data	No data	No data	0.5388404085899058	No data	No data	No data	prostaglandin F receptor
PTPRD	0.32687743330532615	No data	No data	No data	0.5376885569698561	No data	No data	No data	protein tyrosine phosphatase receptor type D
AKAP8L	0.32687743330532615	No data	No data	No data	0.5376885569698561	No data	No data	No data	A-kinase anchoring protein 8 like
AASS	0.32687743330532615	No data	No data	No data	0.5376885569698561	No data	No data	No data	aminoadipate-semialdehyde synthase
NME9	0.3268771976128776	No data	No data	No data	0.537688169273675	No data	No data	No data	NME/NM23 family member 9
TOX2	0.32646341361150727	0.5370075260113235	No data	No data	No data	No data	No data	No data	TOX high mobility group box family member 2
FCRL2	0.32606576153481664	0.08023561372739407	No data	No data	0.5162945151082745	No data	No data	No data	Fc receptor like 2
SNAP25	0.3255998519772223	No data	No data	0.5319394479101685	No data	0.07295169571339452	No data	No data	synaptosome associated protein 25
SIGMAR1	0.32532266708620877	No data	No data	0.5319394479101685	No data	0.06383273374922022	No data	No data	sigma non-opioid intracellular receptor 1
BACH2	0.32531524432830317	0.532932735415326	No data	No data	No data	0.04372278618363437	No data	No data	BTB domain and CNC homolog 2
PURA	0.3250938786114083	No data	No data	No data	0.5347547449292013	No data	No data	No data	purine rich element binding protein A
PRDX2	0.32507822051588264	No data	No data	No data	0.5315373518635683	0.06383273374922022	No data	No data	peroxiredoxin 2
PANK3	0.32500553031976526	No data	No data	No data	0.5346094186980083	No data	No data	No data	pantothenate kinase 3
PPP1CA	0.32500553031976526	No data	No data	No data	0.5346094186980083	No data	No data	No data	protein phosphatase 1 catalytic subunit alpha
RAB20	0.32500530006120454	No data	No data	No data	0.5346090399401602	No data	No data	No data	RAB20, member RAS oncogene family
ARHGEF17	0.32500530006120454	No data	No data	No data	0.5346090399401602	No data	No data	No data	Rho guanine nucleotide exchange factor 17
DHX30	0.32500530006120454	No data	No data	No data	0.5346090399401602	No data	No data	No data	DExH-box helicase 30
MRPL45	0.32500530006120454	No data	No data	No data	0.5346090399401602	No data	No data	No data	mitochondrial ribosomal protein L45
ECE1	0.32500518953733	No data	No data	No data	0.5346088581367789	No data	No data	No data	endothelin converting enzyme 1
SLC25A4	0.32500518953733	No data	No data	No data	0.5346088581367789	No data	No data	No data	solute carrier family 25 member 4
MYL6B	0.32500518953733	No data	No data	No data	0.5346088581367789	No data	No data	No data	myosin light chain 6B
PIK3C2A	0.3235075061334726	No data	No data	No data	0.5315373518635683	0.012158615952232422	No data	No data	phosphatidylinositol-4-phosphate 3-kinase catalytic subunit type 2 alpha
GNG2	0.323490667582401	0.5290779305352125	No data	No data	No data	0.06079307976116211	No data	No data	G protein subunit gamma 2
SHROOM1	0.32313803426077253	No data	No data	No data	0.5315375294857335	No data	No data	No data	shroom family member 1
PAM16	0.32313803426077253	No data	No data	No data	0.5315375294857335	No data	No data	No data	presequence translocase associated motor 16
DSTN	0.32313792627878796	No data	No data	No data	0.5315373518635683	No data	No data	No data	destrin, actin depolymerizing factor
TNFAIP8	0.32312124492434796	0.5315099123021815	No data	No data	No data	No data	No data	No data	TNF alpha induced protein 8
NEK1	0.32295555593662606	No data	No data	No data	0.5312373664986577	No data	No data	No data	NIMA related kinase 1
PTPRS	0.3224187200423161	No data	No data	No data	0.5303543122161324	No data	No data	No data	protein tyrosine phosphatase receptor type S
WNT2	0.3212753960444872	No data	No data	No data	0.5284736310558413	No data	No data	No data	Wnt family member 2
DYNC1I2	0.3212753960444872	No data	No data	No data	0.5284736310558413	No data	No data	No data	dynein cytoplasmic 1 intermediate chain 2
MRPL34	0.3212753960444872	No data	No data	No data	0.5284736310558413	No data	No data	No data	mitochondrial ribosomal protein L34
HCN2	0.3212752817478024	No data	No data	No data	0.5284734430464738	No data	No data	No data	hyperpolarization activated cyclic nucleotide gated potassium and sodium channel 2
WNK3	0.3212752817478024	No data	No data	No data	0.5284734430464738	No data	No data	No data	WNK lysine deficient protein kinase 3
FTCD	0.3212752817478024	No data	No data	No data	0.5284734430464738	No data	No data	No data	formimidoyltransferase cyclodeaminase
NEK6	0.31941761377014916	No data	No data	No data	0.5254177202817257	No data	No data	No data	NIMA related kinase 6
ST3GAL4	0.3194173904078601	No data	No data	No data	0.5254173528677208	No data	No data	No data	ST3 beta-galactoside alpha-2,3-sialyltransferase 4
ESRP2	0.3194173904078601	No data	No data	No data	0.5254173528677208	No data	No data	No data	epithelial splicing regulatory protein 2
TJP2	0.3194173904078601	No data	No data	No data	0.5254173528677208	No data	No data	No data	tight junction protein 2
PDE9A	0.3194172787269486	No data	No data	No data	0.5254171691611017	No data	No data	No data	phosphodiesterase 9A
PIM1	0.3173865280930937	No data	No data	No data	0.5220767385696049	No data	No data	No data	Pim-1 proto-oncogene, serine/threonine kinase
JADE2	0.31738647565572925	0.5220766523141221	No data	No data	No data	No data	No data	No data	jade family PHD finger 2
GRIK5	0.31698891170471216	No data	No data	0.15198269940290526	0.48342701495223667	No data	No data	No data	glutamate ionotropic receptor kainate type subunit 5
TNIP3	0.31657723021586026	0.520745505014054	No data	No data	No data	No data	No data	No data	TNFAIP3 interacting protein 3
MINK1	0.31608471165330665	No data	No data	No data	0.5193274185795038	0.012158615952232422	No data	No data	misshapen like kinase 1
TFPI	0.31608471165330665	No data	No data	No data	0.5193274185795038	0.012158615952232422	No data	No data	tissue factor pathway inhibitor
ABCG1	0.31585749136918106	No data	No data	No data	0.5162939612261073	0.06535256074324927	No data	No data	ATP binding cassette subfamily G member 1
ALDH8A1	0.315715246648169	No data	No data	No data	0.5193276074982879	No data	No data	No data	aldehyde dehydrogenase 8 family member A1
SH3BGRL	0.315715246648169	No data	No data	No data	0.5193276074982879	No data	No data	No data	SH3 domain binding glutamate rich protein like
COX6A2	0.315715131798622	No data	No data	No data	0.5193274185795038	No data	No data	No data	cytochrome c oxidase subunit 6A2
RPS6KC1	0.315715131798622	No data	No data	No data	0.5193274185795038	No data	No data	No data	ribosomal protein S6 kinase C1
CSNK2A2	0.315715131798622	No data	No data	No data	0.5193274185795038	No data	No data	No data	casein kinase 2 alpha 2
ZFP36L1	0.3151568149341622	0.5178010989345873	No data	No data	No data	0.012158615952232422	No data	No data	ZFP36 ring finger protein like 1
ESR1	0.3142714099114825	No data	No data	0.48777899635441	No data	0.583472186940609	No data	No data	estrogen receptor 1
CKMT1B	0.3138713363722785	No data	No data	No data	0.5162945151082745	No data	No data	No data	creatine kinase, mitochondrial 1B
CDK11B	0.3138713363722785	No data	No data	No data	0.5162945151082745	No data	No data	No data	cyclin dependent kinase 11B
SLIT3	0.3138711118907697	No data	No data	No data	0.5162941458532382	No data	No data	No data	slit guidance ligand 3
MRPS15	0.3138711118907697	No data	No data	No data	0.5162941458532382	No data	No data	No data	mitochondrial ribosomal protein S15
DUSP2	0.3138709996502508	No data	No data	No data	0.5162939612261073	No data	No data	No data	dual specificity phosphatase 2
PPP3R1	0.3138709996502508	No data	No data	No data	0.5162939612261073	No data	No data	No data	protein phosphatase 3 regulatory subunit B, alpha
SCLY	0.3138709996502508	No data	No data	No data	0.5162939612261073	No data	No data	No data	selenocysteine lyase
HLA-DQA2	0.313338572470109	No data	No data	No data	0.5102498406861066	0.10336636515029514	No data	No data	major histocompatibility complex, class II, DQ alpha 2
BPIFA1	0.3131949118561084	No data	No data	No data	0.5151818481421864	No data	No data	No data	BPI fold containing family A member 1
SLC25A6	0.3124010694148143	No data	No data	No data	0.513268106807565	0.012158615952232422	No data	No data	solute carrier family 25 member 6
DYNLRB1	0.3120315992572071	No data	No data	No data	0.5132682872509277	No data	No data	No data	dynein light chain roadblock-type 1
COQ5	0.3120315992572071	No data	No data	No data	0.5132682872509277	No data	No data	No data	coenzyme Q5, methyltransferase
SP140	0.3116269573126673	0.5075817369671479	No data	No data	No data	0.10041890021459593	No data	No data	SP140 nuclear body protein
NUP88	0.31151604974705943	No data	No data	No data	0.5124202474540082	No data	No data	No data	nucleoporin 88
TET2	0.31135404134794736	0.508962119251808	No data	No data	No data	0.06383273374922022	No data	No data	tet methylcytosine dioxygenase 2
HNF4G	0.3109502204288414	No data	No data	No data	0.5114895011907147	No data	No data	No data	hepatocyte nuclear factor 4 gamma
ZNF579	0.3109502204288414	No data	No data	No data	0.5114895011907147	No data	No data	No data	zinc finger protein 579
SEC14L1	0.3101966998469424	No data	No data	No data	0.5102500170506459	No data	No data	No data	SEC14 like lipid binding 1
CORO1C	0.3101966998469424	No data	No data	No data	0.5102500170506459	No data	No data	No data	coronin 1C
OLFM4	0.3101966998469424	No data	No data	No data	0.5102500170506459	No data	No data	No data	olfactomedin 4
HIPK1	0.31019659262950733	No data	No data	No data	0.5102498406861066	No data	No data	No data	homeodomain interacting protein kinase 1
CTCF	0.3089517018205661	No data	No data	No data	0.5082020898338186	No data	No data	No data	CCCTC-binding factor
ITPKB	0.3083666455546618	No data	No data	No data	0.5072397167015431	No data	No data	No data	inositol-trisphosphate 3-kinase B
HAGH	0.3083666455546618	No data	No data	No data	0.5072397167015431	No data	No data	No data	hydroxyacylglutathione hydrolase
MRPL36	0.30836642846874623	No data	No data	No data	0.507239359611696	No data	No data	No data	mitochondrial ribosomal protein L36
RGMB	0.30836642846874623	No data	No data	No data	0.507239359611696	No data	No data	No data	repulsive guidance molecule BMP co-receptor b
SLC7A14	0.30836642846874623	No data	No data	No data	0.507239359611696	No data	No data	No data	solute carrier family 7 member 14
ACTR2	0.3083663161831583	No data	No data	No data	0.50723917491043	No data	No data	No data	actin related protein 2
WWOX	0.3071066901917884	0.5036178066163555	No data	No data	No data	0.030987583711592354	No data	No data	WW domain containing oxidoreductase
CALU	0.3065407698311298	No data	No data	No data	0.5042362897807401	No data	No data	No data	calumenin
PEX13	0.3063827832908492	0.34526093186579504	No data	No data	0.41766118095193777	No data	No data	No data	peroxisomal biogenesis factor 13
MAPK14	0.30588035390769064	No data	No data	No data	0.4982527354200186	0.09794440628187227	No data	No data	mitogen-activated protein kinase 14
IKZF1	0.30576639916084647	0.5011387164356561	No data	No data	No data	0.03647584785669726	No data	No data	IKAROS family zinc finger 1
HTR2C	0.30543954124581524	No data	No data	0.07599134970145263	0.48342701495223667	No data	No data	No data	5-hydroxytryptamine receptor 2C
FOXP1	0.30540759956987606	0.4986571780940394	No data	No data	No data	0.07430265304142035	No data	No data	forkhead box P1
GABRA4	0.3052416146064566	No data	No data	0.12158615952232422	0.4717027382044574	No data	No data	No data	gamma-aminobutyric acid type A receptor subunit alpha4
NR2F2	0.30497115170797073	No data	No data	No data	0.501654387154116	No data	No data	No data	nuclear receptor subfamily 2 group F member 2
NICN1	0.30471972480808185	No data	No data	No data	0.5012408089954232	No data	No data	No data	nicolin 1, tubulin polyglutamylase complex subunit
PRR5L	0.30314642208874304	0.4974369838926431	No data	No data	No data	0.024317231904464845	No data	No data	proline rich 5 like
ATM	0.30301378188595424	No data	No data	No data	0.48933457333144165	0.16438848106529957	0.03962992686093869	No data	ATM serine/threonine kinase
ZNF341	0.30298911084465013	No data	No data	No data	0.49839408043646427	No data	No data	No data	zinc finger protein 341
GPX1	0.3029031828560639	No data	No data	No data	0.4982527354200186	No data	No data	No data	glutathione peroxidase 1
UBASH3B	0.3026671528212393	0.49695258773880735	No data	No data	No data	0.01823792392834863	No data	No data	ubiquitin associated and SH3 domain containing B
ZBTB38	0.3024282116502065	0.49747144385242004	No data	No data	No data	No data	No data	No data	zinc finger and BTB domain containing 38
ATP10D	0.30109147459941293	No data	No data	No data	0.4952726129064552	No data	No data	No data	ATPase phospholipid transporting 10D (putative)
DDR2	0.3010913652078142	No data	No data	No data	0.49527243296558165	No data	No data	No data	discoidin domain receptor tyrosine kinase 2
ZNF628	0.30101255997108317	No data	No data	No data	0.49514280433508523	No data	No data	No data	zinc finger protein 628
PLXNC1	0.30005922757166453	0.4905349909394695	No data	No data	No data	0.06079307976116211	No data	No data	plexin C1
MYB	0.2996891440533328	0.4929658856414614	No data	No data	No data	No data	No data	No data	MYB proto-oncogene, transcription factor
PECAM1	0.2993879800621918	No data	No data	No data	0.4804847676120516	0.23971452264597606	No data	No data	platelet and endothelial cell adhesion molecule 1
MYOM2	0.29928426035715605	No data	No data	No data	0.49229988270532554	No data	No data	No data	myomesin 2
REEP5	0.29928426035715605	No data	No data	No data	0.49229988270532554	No data	No data	No data	receptor accessory protein 5
CYB5B	0.29928416008613445	No data	No data	No data	0.4922997177671089	No data	No data	No data	cytochrome b5 type B
E2F1	0.2990414972619798	No data	No data	No data	0.49190055584751546	No data	No data	No data	E2F transcription factor 1
ZNF813	0.2990414972619798	No data	No data	No data	0.49190055584751546	No data	No data	No data	zinc finger protein 813
LEF1	0.29815189581166246	0.48891740201791184	No data	No data	No data	0.030396539880581056	No data	No data	lymphoid enhancer binding factor 1
DIAPH3	0.2974816620444852	No data	No data	No data	0.48933474535786303	No data	No data	No data	diaphanous related formin 3
ALDH9A1	0.2974815574643256	No data	No data	No data	0.48933457333144165	No data	No data	No data	aldehyde dehydrogenase 9 family member A1
PRKD2	0.2974815574643256	No data	No data	No data	0.48933457333144165	No data	No data	No data	protein kinase D2
FADS1	0.2974815574643256	No data	No data	No data	0.48933457333144165	No data	No data	No data	fatty acid desaturase 1
PRKCZ	0.2965154294571928	No data	No data	No data	0.48637752182617827	0.02735688589252295	No data	No data	protein kinase C zeta
HIF1A	0.29582105547301407	No data	No data	No data	0.4822279018000344	0.08750543685532909	No data	No data	hypoxia inducible factor 1 subunit alpha
SIK3	0.2956838747841522	No data	No data	No data	0.48637752182617827	No data	No data	No data	SIK family kinase 3
CDK8	0.2956838747841522	No data	No data	No data	0.48637752182617827	No data	No data	No data	cyclin dependent kinase 8
SERPINB6	0.2956838747841522	No data	No data	No data	0.48637752182617827	No data	No data	No data	serpin family B member 6
NECAP2	0.2956836638659051	No data	No data	No data	0.4863771748816775	No data	No data	No data	NECAP endocytosis associated 2
CDK5R2	0.29568356160271214	No data	No data	No data	0.4863770066664902	No data	No data	No data	cyclin dependent kinase 5 regulatory subunit 2
PKN1	0.29568356160271214	No data	No data	No data	0.4863770066664902	No data	No data	No data	protein kinase N1
ATXN1	0.29541759486780655	0.48122804790175966	No data	No data	No data	0.09422927362980127	No data	No data	ataxin 1
PCYT2	0.295374742453354	No data	No data	No data	0.48586902261539194	No data	No data	No data	phosphate cytidylyltransferase 2, ethanolamine
CMC1	0.29455668595727535	0.4845233817969098	No data	No data	No data	No data	No data	No data	C-X9-C motif containing 1
TRIM14	0.2942538986916691	0.48402531973656376	No data	No data	No data	No data	No data	No data	tripartite motif containing 14
GSTO1	0.2938904832976348	No data	No data	No data	0.48342752900863534	No data	No data	No data	glutathione S-transferase omega 1
ATPAF1	0.29389027704042536	No data	No data	No data	0.4834271897311876	No data	No data	No data	ATP synthase mitochondrial F1 complex assembly factor 1
MTHFS	0.29389027704042536	No data	No data	No data	0.4834271897311876	No data	No data	No data	methenyltetrahydrofolate synthetase
FRMD1	0.29389027704042536	No data	No data	No data	0.4834271897311876	No data	No data	No data	FERM domain containing 1
MCM9	0.2927200419849488	0.4815022419245062	No data	No data	No data	No data	No data	No data	minichromosome maintenance 9 homologous recombination repair factor
CAMK2N1	0.29253752412353357	No data	No data	No data	0.4812020139016255	No data	No data	No data	calcium/calmodulin dependent protein kinase II inhibitor 1
PGR	0.29223500398485336	No data	No data	0.4770568064591193	No data	0.07295169571339452	No data	No data	progesterone receptor
MAP3K11	0.2921016958378143	No data	No data	No data	0.4804851094654109	No data	No data	No data	mitogen-activated protein kinase kinase kinase 11
HEXB	0.2921016958378143	No data	No data	No data	0.4804851094654109	No data	No data	No data	hexosaminidase subunit beta
SH3GLB2	0.29210148801462893	No data	No data	No data	0.4804847676120516	No data	No data	No data	SH3 domain containing GRB2 like, endophilin B2
DHPS	0.2921013841032381	No data	No data	No data	0.480484596685704	No data	No data	No data	deoxyhypusine synthase
SPEN	0.291212050779866	No data	No data	No data	0.4790217108985947	No data	No data	No data	spen family transcriptional repressor
ANXA2	0.29084748551976025	No data	No data	No data	0.47462246124321905	0.07599134970145263	No data	No data	annexin A2
NDUFA10	0.29041988898723925	No data	No data	0.16185313138079396	0.4372553820558271	No data	No data	No data	NADH:ubiquinone oxidoreductase subunit A10
RDH8	0.2903175062591342	No data	No data	No data	0.477550253087531	No data	No data	No data	retinol dehydrogenase 8
MRPL16	0.29031730300528563	No data	No data	No data	0.4775499187503838	No data	No data	No data	mitochondrial ribosomal protein L16
SEH1L	0.29031730300528563	No data	No data	No data	0.4775499187503838	No data	No data	No data	SEH1 like nucleoporin
KIF12	0.29031730300528563	No data	No data	No data	0.4775499187503838	No data	No data	No data	kinesin family member 12
SRR	0.2903172013785544	No data	No data	No data	0.47754975158212765	No data	No data	No data	serine racemase
CD40	0.2900203081707616	0.4581249718698035	No data	No data	No data	0.3787282585905436	No data	No data	CD40 molecule
POU5F1B	0.2889272547024617	0.47526339484291763	No data	No data	No data	No data	No data	No data	POU class 5 homeobox 1B
TXNDC12	0.2887977613895441	No data	No data	No data	0.4750503881759971	No data	No data	No data	thioredoxin domain containing 12
SFT2D2	0.2885377166729172	No data	No data	No data	0.4746226343631478	No data	No data	No data	SFT2 domain containing 2
SNTG1	0.2885377166729172	No data	No data	No data	0.4746226343631478	No data	No data	No data	syntrophin gamma 1
ULK3	0.28853761142798084	No data	No data	No data	0.47462246124321905	No data	No data	No data	unc-51 like kinase 3
TAF1	0.28853761142798084	No data	No data	No data	0.47462246124321905	No data	No data	No data	TATA-box binding protein associated factor 1
SLC12A4	0.28806293466293487	No data	No data	No data	0.4738416540083975	No data	No data	No data	solute carrier family 12 member 4
CARD11	0.28785758625545715	0.47350387147083817	No data	No data	No data	No data	No data	No data	caspase recruitment domain family member 11
GFI1B	0.2873301854760702	No data	No data	No data	0.4726363372359237	No data	No data	No data	growth factor independent 1B transcriptional repressor
PRLR	0.2872097083052074	No data	No data	No data	0.46879057665238993	0.07295169571339452	No data	No data	prolactin receptor
ZNF746	0.286336770524902	0.47100224507433053	No data	No data	No data	No data	No data	No data	zinc finger protein 746
PPAT	0.2861369363825558	No data	No data	0.46945767148897405	No data	0.024317231904464845	No data	No data	phosphoribosyl pyrophosphate amidotransferase
RNASEL	0.2856205742122653	0.46982415652305065	No data	No data	No data	No data	No data	No data	ribonuclease L
FST	0.28545420399545507	No data	No data	No data	0.46879057665238993	0.015198269940290528	No data	No data	follistatin
CSF3R	0.28507952735387454	No data	No data	0.468934175524364	No data	No data	No data	No data	colony stimulating factor 3 receptor
RAB31	0.28499232987378637	No data	No data	No data	0.46879074229079415	No data	No data	No data	RAB31, member RAS oncogene family
RYR2	0.28499232987378637	No data	No data	No data	0.46879074229079415	No data	No data	No data	ryanodine receptor 2
CERKL	0.2849922291770992	No data	No data	No data	0.46879057665238993	No data	No data	No data	ceramide kinase like
CD6	0.2841142478342896	0.4593012499672073	No data	No data	No data	0.16090228088215136	No data	No data	CD6 molecule
PHGDH	0.2837486213869934	0.46674493626866276	No data	No data	No data	No data	No data	No data	phosphoglycerate dehydrogenase
SPRED2	0.2836702433579468	0.46661601036236805	No data	No data	No data	No data	No data	No data	sprouty related EVH1 domain containing 2
ACVR2B	0.28359601064936674	No data	No data	No data	0.46588597239586194	0.012158615952232422	No data	No data	activin A receptor type 2B
ZNF800	0.283470201552012	No data	No data	No data	0.4662869567814001	No data	No data	No data	zinc finger protein 800
HOXB9	0.283470201552012	No data	No data	No data	0.4662869567814001	No data	No data	No data	homeobox B9
CSAD	0.2832267317833898	No data	No data	No data	0.4658864674994312	No data	No data	No data	cysteine sulfinic acid decarboxylase
ACP5	0.283226430794682	No data	No data	No data	0.46588597239586194	No data	No data	No data	acid phosphatase 5, tartrate resistant
INPP4B	0.281834804937619	No data	No data	No data	0.4629889227338494	0.012158615952232422	No data	No data	inositol polyphosphate-4-phosphatase type II B
ZIC3	0.281548411489648	No data	No data	No data	0.4631257580562916	No data	No data	No data	Zic family member 3
E2F3	0.281548411489648	No data	No data	No data	0.4631257580562916	No data	No data	No data	E2F transcription factor 3
GATA3	0.28153504283537856	0.458720440020043	No data	No data	No data	0.08766655230197501	No data	No data	GATA binding protein 3
UBA1	0.2814655248919463	No data	No data	No data	0.46298941589690884	No data	No data	No data	ubiquitin like modifier activating enzyme 1
PTPRF	0.28146522508293426	No data	No data	No data	0.4629889227338494	No data	No data	No data	protein tyrosine phosphatase receptor type F
MAF	0.2807225117177352	0.45765515484261493	No data	No data	No data	0.0822412160402321	No data	No data	MAF bZIP transcription factor
IKZF2	0.2798873623165192	No data	No data	No data	0.4568303083424425	0.07126299905336225	No data	No data	IKAROS family zinc finger 2
ARPC2	0.27970890978449287	No data	No data	No data	0.46009991743038153	No data	No data	No data	actin related protein 2/3 complex subunit 2
ZBTB37	0.2796320814056194	No data	No data	No data	0.45997354058095186	No data	No data	No data	zinc finger and BTB domain containing 37
PBX2	0.2796320814056194	No data	No data	No data	0.45997354058095186	No data	No data	No data	PBX homeobox 2
MALT1	0.279484290082232	0.45459536700705366	No data	No data	No data	0.10270136138359179	No data	No data	MALT1 paracaspase
EXTL2	0.27932708062107153	0.45947183745002623	No data	No data	No data	No data	No data	No data	exostosin like glycosyltransferase 2
CXCR4	0.27915712190107334	0.4547604797211359	No data	No data	No data	0.08863577079972115	No data	No data	C-X-C motif chemokine receptor 4
UQCC2	0.2789650521006756	0.0751682150418497	No data	No data	0.440084274263461	No data	No data	No data	ubiquinol-cytochrome c reductase complex assembly factor 2
PKIA	0.2779601689234694	0.45722337150131576	No data	No data	No data	No data	No data	No data	cAMP-dependent protein kinase inhibitor alpha
RSAD1	0.27795668141865204	No data	No data	No data	0.45721763482070826	No data	No data	No data	radical S-adenosyl methionine domain containing 1
SULT1A2	0.27795668141865204	No data	No data	No data	0.45721763482070826	No data	No data	No data	sulfotransferase family 1A member 2
VAMP3	0.27795668141865204	No data	No data	No data	0.45721763482070826	No data	No data	No data	vesicle associated membrane protein 3
HMMR	0.27795668141865204	No data	No data	No data	0.45721763482070826	No data	No data	No data	hyaluronan mediated motility receptor
CDKN2D	0.2779565840492458	No data	No data	No data	0.4572174746554285	No data	No data	No data	cyclin dependent kinase inhibitor 2D
NEDD8-MDP1	0.2779565840492458	No data	No data	No data	0.4572174746554285	No data	No data	No data	NEDD8-MDP1 readthrough
GABRG2	0.27718489101352634	No data	No data	0.4559480982087158	No data	No data	No data	No data	gamma-aminobutyric acid type A receptor subunit gamma2
GABRA1	0.27718489101352634	No data	No data	0.4559480982087158	No data	No data	No data	No data	gamma-aminobutyric acid type A receptor subunit alpha1
GABRA5	0.27718489101352634	No data	No data	0.4559480982087158	No data	No data	No data	No data	gamma-aminobutyric acid type A receptor subunit alpha5
GABRG3	0.27718489101352634	No data	No data	0.4559480982087158	No data	No data	No data	No data	gamma-aminobutyric acid type A receptor subunit gamma3
GABRA2	0.27718489101352634	No data	No data	0.4559480982087158	No data	No data	No data	No data	gamma-aminobutyric acid type A receptor subunit alpha2
GABRG1	0.27718489101352634	No data	No data	0.4559480982087158	No data	No data	No data	No data	gamma-aminobutyric acid type A receptor subunit gamma1
TTC34	0.27692995402785053	0.4540089192314061	No data	No data	No data	0.030396539880581056	No data	No data	tetratricopeptide repeat domain 34
KIF25	0.2762092447887982	No data	No data	No data	0.4543432342528821	No data	No data	No data	kinesin family member 25
PCBP2	0.2762092447887982	No data	No data	No data	0.4543432342528821	No data	No data	No data	poly(rC) binding protein 2
DNAH6	0.2762092447887982	No data	No data	No data	0.4543432342528821	No data	No data	No data	dynein axonemal heavy chain 6
TRIOBP	0.2762092447887982	No data	No data	No data	0.4543432342528821	No data	No data	No data	TRIO and F-actin binding protein
GLRX2	0.27620914450227685	No data	No data	No data	0.4543430692891695	No data	No data	No data	glutaredoxin 2
SLC16A7	0.27620914450227685	No data	No data	No data	0.4543430692891695	No data	No data	No data	solute carrier family 16 member 7
NLRC5	0.27605525273689835	0.44976686557091833	No data	No data	No data	0.08646126899365278	No data	No data	NLR family CARD domain containing 5
HLA-F	0.27593917414648644	0.45329105775596923	No data	No data	No data	0.012158615952232422	No data	No data	major histocompatibility complex, class I, F
PLEK	0.27583341447322834	0.45311709112411963	No data	No data	No data	0.012158615952232422	No data	No data	pleckstrin
LHX6	0.27581580371035225	No data	No data	No data	0.4536960535540399	No data	No data	No data	LIM homeobox 6
ZNF619	0.27581580371035225	No data	No data	No data	0.4536960535540399	No data	No data	No data	zinc finger protein 619
ZC2HC1A	0.2756819845965222	0.45347593127308994	No data	No data	No data	No data	No data	No data	zinc finger C2HC-type containing 1A
PTGDS	0.27549006360518496	No data	No data	No data	0.45147636614316855	0.03367739344655549	No data	No data	prostaglandin D2 synthase
ERBB2	0.2749583324366977	No data	No data	No data	0.4486168849254116	0.07337386987840261	No data	No data	erb-b2 receptor tyrosine kinase 2
STRADA	0.2744665836367364	No data	No data	No data	0.4514766889834071	No data	No data	No data	STE20 related adaptor alpha
RGPD8	0.27446638737221274	No data	No data	No data	0.45147636614316855	No data	No data	No data	RANBP2 like and GRIP domain containing 8
AP1M2	0.27446638737221274	No data	No data	No data	0.45147636614316855	No data	No data	No data	adaptor related protein complex 1 subunit mu 2
SEC24C	0.27446638737221274	No data	No data	No data	0.45147636614316855	No data	No data	No data	SEC24 homolog C, COPII coat complex component
PTPN18	0.2744662892401309	No data	No data	No data	0.45147620472334543	No data	No data	No data	protein tyrosine phosphatase non-receptor type 18
IARS2	0.2744662892401309	No data	No data	No data	0.45147620472334543	No data	No data	No data	isoleucyl-tRNA synthetase 2, mitochondrial
FOLR3	0.2744662892401309	No data	No data	No data	0.45147620472334543	No data	No data	No data	folate receptor gamma
PKN3	0.2744662892401309	No data	No data	No data	0.45147620472334543	No data	No data	No data	protein kinase N3
PLK3	0.2744662892401309	No data	No data	No data	0.45147620472334543	No data	No data	No data	polo like kinase 3
FOXM1	0.2742854347826211	No data	No data	No data	0.45057078207597007	0.012158615952232422	No data	No data	forkhead box M1
IRF2	0.2739158549279364	No data	No data	No data	0.45057078207597007	No data	No data	No data	interferon regulatory factor 2
KIN	0.2739158549279364	No data	No data	No data	0.45057078207597007	No data	No data	No data	Kin17 DNA and RNA binding protein
RUNX3	0.2733050450329934	0.44559760902840295	No data	No data	No data	0.0793687430215172	No data	No data	RUNX family transcription factor 3
FOXRED2	0.2727281167041603	No data	No data	No data	0.44861704288650583	No data	No data	No data	FAD dependent oxidoreductase domain containing 2
BCAR3	0.2727281167041603	No data	No data	No data	0.44861704288650583	No data	No data	No data	BCAR3 adaptor protein, NSP family member
SIX6	0.2720213544999954	No data	No data	No data	0.447454472727301	No data	No data	No data	SIX homeobox 6
JAK2	0.2719879773978953	No data	No data	No data	0.44292131525603357	0.0895650934547921	No data	No data	Janus kinase 2
RGS14	0.2716919800853824	0.44691267682568353	No data	No data	No data	No data	No data	No data	regulator of G protein signaling 14
CLEC16A	0.2712993009855659	0.4387931921196796	No data	No data	No data	0.14947114808295595	No data	No data	C-type lectin domain containing 16A
HOMEZ	0.2710762751517147	No data	No data	No data	0.44589988896218546	No data	No data	No data	homeobox and leucine zipper encoding
UQCRQ	0.2709946189128396	No data	No data	No data	0.44576557064964745	No data	No data	No data	ubiquinol-cytochrome c reductase complex III subunit VII
MKNK2	0.2709946189128396	No data	No data	No data	0.44576557064964745	No data	No data	No data	MAPK interacting serine/threonine kinase 2
AP4S1	0.270994426259311	No data	No data	No data	0.4457652537492217	No data	No data	No data	adaptor related protein complex 4 subunit sigma 1
LPP	0.2701550558855354	0.44438455322035686	No data	No data	No data	No data	No data	No data	LIM domain containing preferred translocation partner in lipoma
ZHX1	0.2701323075508159	No data	No data	No data	0.4443471339370949	No data	No data	No data	zinc fingers and homeoboxes 1
RRAS2	0.2696853129574984	0.44361186177277356	No data	No data	No data	No data	No data	No data	RAS related 2
REL	0.26943403701599666	0.4399097951837519	No data	No data	No data	0.06577473490825733	No data	No data	REL proto-oncogene, NF-kB subunit
TENT4A	0.2692753627399635	0.4429375247937202	No data	No data	No data	No data	No data	No data	terminal nucleotidyltransferase 4A
CMPK1	0.26926521874428766	No data	No data	No data	0.4429208386910985	No data	No data	No data	cytidine/uridine monophosphate kinase 1
PPP1R3B	0.26926521874428766	No data	No data	No data	0.4429208386910985	No data	No data	No data	protein phosphatase 1 regulatory subunit 3B
RAB26	0.26754078386931723	No data	No data	No data	0.440084274263461	No data	No data	No data	RAB26, member RAS oncogene family
RHOV	0.26754078386931723	No data	No data	No data	0.440084274263461	No data	No data	No data	ras homolog family member V
MRPL10	0.26754078386931723	No data	No data	No data	0.440084274263461	No data	No data	No data	mitochondrial ribosomal protein L10
AUH	0.26754078386931723	No data	No data	No data	0.440084274263461	No data	No data	No data	AU RNA binding methylglutaconyl-CoA hydratase
NUP188	0.26754078386931723	No data	No data	No data	0.440084274263461	No data	No data	No data	nucleoporin 188
GLYATL3	0.26754078386931723	No data	No data	No data	0.440084274263461	No data	No data	No data	glycine-N-acyltransferase like 3
STK38L	0.26754068484874244	No data	No data	No data	0.4400841113821344	No data	No data	No data	serine/threonine kinase 38 like
BMPR1B	0.26754068484874244	No data	No data	No data	0.4400841113821344	No data	No data	No data	bone morphogenetic protein receptor type 1B
BAK1	0.2673047258897825	0.43650434012427985	No data	No data	No data	0.06383273374922022	No data	No data	BCL2 antagonist/killer 1
MERTK	0.26660195980133744	0.4321275694830485	No data	No data	No data	0.08543359368643172	0.09027772344532572	No data	MER proto-oncogene, tyrosine kinase
TFDP1	0.2663705572602598	No data	No data	No data	0.43815934035049775	No data	No data	No data	transcription factor Dp-1
ZNF615	0.2663705572602598	No data	No data	No data	0.43815934035049775	No data	No data	No data	zinc finger protein 615
BCL6	0.26632504014068503	0.43808446814505325	No data	No data	No data	No data	No data	No data	BCL6 transcription repressor
STK25	0.26609066378862767	No data	No data	No data	0.4376989368428423	No data	No data	No data	serine/threonine kinase 25
TRIM33	0.2658207312208901	No data	No data	No data	0.43725491826573115	No data	No data	No data	tripartite motif containing 33
PHTF2	0.2658148038848588	No data	No data	No data	0.43724516824804066	No data	No data	No data	putative homeodomain transcription factor 2
BCL10	0.26580849384860183	0.43723478871753857	No data	No data	No data	No data	No data	No data	BCL10 immune signaling adaptor
SLC12A2	0.2650293000675372	No data	No data	No data	0.43443324712025894	0.030396539880581056	No data	No data	solute carrier family 12 member 2
MAP3K14	0.2649494422002167	0.4352137831887896	No data	No data	No data	0.012158615952232422	No data	No data	mitogen-activated protein kinase kinase kinase 14
ZNF837	0.2644978510178908	No data	No data	No data	0.43507888078219437	No data	No data	No data	zinc finger protein 837
DBF4	0.2641056307327787	No data	No data	No data	0.4344337081956878	No data	No data	No data	DBF4 zinc finger
SLCO2A1	0.26410544098981104	No data	No data	No data	0.4344333960829137	No data	No data	No data	solute carrier organic anion transporter family member 2A1
APBB3	0.26410544098981104	No data	No data	No data	0.4344333960829137	No data	No data	No data	amyloid beta precursor protein binding family B member 3
PTCD1	0.26410544098981104	No data	No data	No data	0.4344333960829137	No data	No data	No data	pentatricopeptide repeat domain 1
CHST12	0.26372885529424706	0.43320601041141926	No data	No data	No data	0.012158615952232422	No data	No data	carbohydrate sulfotransferase 12
IFNGR2	0.2633433123968197	0.4308455575199493	No data	No data	No data	0.03495602086266821	0.026387723481667978	No data	interferon gamma receptor 2
IQCB1	0.2632528027791413	0.43303087096982606	No data	No data	No data	No data	No data	No data	IQ motif containing B1
ACSL1	0.2623948191120044	No data	No data	No data	0.4316195529867469	No data	No data	No data	acyl-CoA synthetase long chain family member 1
TRMT61B	0.2623946333710997	No data	No data	No data	0.4316192474570626	No data	No data	No data	tRNA methyltransferase 61B
ATL2	0.2623946333710997	No data	No data	No data	0.4316192474570626	No data	No data	No data	atlastin GTPase 2
ATP8B2	0.2623946333710997	No data	No data	No data	0.4316192474570626	No data	No data	No data	ATPase phospholipid transporting 8B2
SYNE2	0.2623946333710997	No data	No data	No data	0.4316192474570626	No data	No data	No data	spectrin repeat containing nuclear envelope protein 2
MTM1	0.26239453627943427	No data	No data	No data	0.43161908774864544	No data	No data	No data	myotubularin 1
ADORA2A	0.262008270795087	No data	No data	0.42555155832813474	No data	0.10864304058191537	No data	No data	adenosine A2a receptor
ADORA1	0.2615156291245317	No data	No data	0.42555155832813474	No data	0.09243587777684698	No data	No data	adenosine A1 receptor
TCF7	0.261338638685471	0.41516522499197406	No data	No data	No data	0.29433982784362656	No data	No data	transcription factor 7
AKT1	0.26123937327071556	No data	No data	No data	0.4148919368630368	0.29653990902753163	No data	No data	AKT serine/threonine kinase 1
ATXN2	0.26108655820487864	0.07928392457536364	No data	No data	0.4093763905253876	0.012158615952232422	No data	No data	ataxin 2
HLA-A	0.26100662647082756	0.42123358404964	No data	No data	No data	0.16204994904288167	No data	No data	major histocompatibility complex, class I, A
ZBTB40	0.26076876040192937	No data	No data	No data	0.428944809880355	No data	No data	No data	zinc finger and BTB domain containing 40
SCYL3	0.26068857710573295	No data	No data	No data	0.42881291444667824	No data	No data	No data	SCY1 like pseudokinase 3
LRAT	0.26068857710573295	No data	No data	No data	0.42881291444667824	No data	No data	No data	lecithin retinol acyltransferase
CPSF1	0.26068839113954934	No data	No data	No data	0.4288126085464272	No data	No data	No data	cleavage and polyadenylation specific factor 1
ARPC3	0.2606883002229053	No data	No data	No data	0.42881245899545134	No data	No data	No data	actin related protein 2/3 complex subunit 3
OPRK1	0.25994553070854615	No data	No data	0.42555155832813474	No data	0.04078202433977958	No data	No data	opioid receptor kappa 1
PPA2	0.25963415645964066	0.26399171864033927	No data	No data	0.3610805428892019	No data	No data	No data	inorganic pyrophosphatase 2
VANGL2	0.2591579223041449	0.42629510352543276	No data	No data	No data	No data	No data	No data	VANGL planar cell polarity protein 2
GKAP1	0.2589869041993594	No data	No data	No data	0.4260137917289957	No data	No data	No data	G kinase anchoring protein 1
MRPS7	0.2589867180889744	No data	No data	No data	0.42601348559154434	No data	No data	No data	mitochondrial ribosomal protein S7
PPP2CA	0.2589866290798124	No data	No data	No data	0.42601333917823164	No data	No data	No data	protein phosphatase 2 catalytic subunit alpha
AAK1	0.2589866290798124	No data	No data	No data	0.42601333917823164	No data	No data	No data	AP2 associated kinase 1
KLF17	0.2589123732016681	No data	No data	No data	0.4258911938971634	No data	No data	No data	KLF transcription factor 17
OPRD1	0.25870589827929125	No data	No data	0.42555155832813474	No data	No data	No data	No data	opioid receptor delta 1
VKORC1	0.25870589827929125	No data	No data	0.42555155832813474	No data	No data	No data	No data	vitamin K epoxide reductase complex subunit 1
ADORA3	0.25870589827929125	No data	No data	0.42555155832813474	No data	No data	No data	No data	adenosine A3 receptor
DIPK1A	0.2573508448107064	0.4218027712716966	No data	No data	No data	0.030396539880581056	No data	No data	divergent protein kinase domain 1A
PGAM2	0.2572897965327054	No data	No data	No data	0.423222178483999	No data	No data	No data	phosphoglycerate mutase 2
GBA2	0.2572896143166527	No data	No data	No data	0.42322187875242856	No data	No data	No data	glucosylceramidase beta 2
MAP3K8	0.25728952320878146	No data	No data	No data	0.4232217288868985	No data	No data	No data	mitogen-activated protein kinase kinase kinase 8
PHACTR2	0.2572381240758466	0.42161735422208724	No data	No data	No data	0.030396539880581056	No data	No data	phosphatase and actin regulator 2
IRF5	0.257126941235397	0.4069631385615807	No data	No data	No data	0.3198231064890782	No data	No data	interferon regulatory factor 5
ZNF227	0.25706141662306425	No data	No data	No data	0.4228465108742343	No data	No data	No data	zinc finger protein 227
GATAD2A	0.25706141662306425	No data	No data	No data	0.4228465108742343	No data	No data	No data	GATA zinc finger domain containing 2A
CDC42EP1	0.2563913300755349	No data	No data	No data	0.4204377763258572	No data	0.026129861188826216	No data	CDC42 effector protein 1
RPS6KB1	0.25604307767787565	0.41718922060617863	No data	No data	No data	0.07964400057710244	No data	No data	ribosomal protein S6 kinase B1
BATF3	0.2557859928757709	0.4207485356568179	No data	No data	No data	No data	No data	No data	basic leucine zipper ATF-like transcription factor 3
MMP26	0.25559725499974106	No data	No data	No data	0.42043807618220114	No data	No data	No data	matrix metallopeptidase 26
NTS	0.2555970727078347	No data	No data	No data	0.4204377763258572	No data	No data	No data	neurotensin
PPP2R5E	0.25559698350130805	No data	No data	No data	0.42043762958789455	No data	No data	No data	protein phosphatase 2 regulatory subunit B'epsilon
TUBB	0.25559698350130805	No data	No data	No data	0.42043762958789455	No data	No data	No data	tubulin beta class I
TBX22	0.25521589597352484	No data	No data	No data	0.41981076954184926	No data	No data	No data	T-box transcription factor 22
TGFBR3	0.25394496919268633	0.4162003644987534	No data	No data	No data	0.030396539880581056	No data	No data	transforming growth factor beta receptor 3
FARS2	0.2539092771631242	No data	No data	No data	0.41766148081435933	No data	No data	No data	phenylalanyl-tRNA synthetase 2, mitochondrial
STK11IP	0.2539092771631242	No data	No data	No data	0.41766148081435933	No data	No data	No data	serine/threonine kinase 11 interacting protein
CACNB1	0.2539092771631242	No data	No data	No data	0.41766148081435933	No data	No data	No data	calcium voltage-gated channel auxiliary subunit beta 1
DNAI2	0.2539090948675231	No data	No data	No data	0.41766118095193777	No data	No data	No data	dynein axonemal intermediate chain 2
MCCC2	0.25390900371987785	No data	No data	No data	0.4176610310209824	No data	No data	No data	methylcrotonyl-CoA carboxylase subunit 2
PHOX2A	0.2533758033248561	No data	No data	No data	0.4167839568587315	No data	No data	No data	paired like homeobox 2A
SYPL1	0.2526586258078451	0.41560425430076176	No data	No data	No data	No data	No data	No data	synaptophysin like 1
AGTR1	0.25225526328470144	No data	No data	No data	0.41213034533177884	0.05620816493958304	No data	No data	angiotensin II receptor type 1
COPG2	0.2522256790743779	No data	No data	No data	0.41489208979919656	No data	No data	No data	COPI coat complex subunit gamma 2
YWHAB	0.2522256790743779	No data	No data	No data	0.41489208979919656	No data	No data	No data	tyrosine 3-monooxygenase/tryptophan 5-monooxygenase activation protein beta
TSGA10	0.2522256790743779	No data	No data	No data	0.41489208979919656	No data	No data	No data	testis specific 10
CYTH1	0.2522256790743779	No data	No data	No data	0.41489208979919656	No data	No data	No data	cytohesin 1
MAN1A1	0.2522255860997763	No data	No data	No data	0.4148919368630368	No data	No data	No data	mannosidase alpha class 1A member 1
MLANA	0.251548565488824	0.41377828936629524	No data	No data	No data	No data	No data	No data	melan-A
SYDE2	0.2508011017653235	0.4125487682983759	No data	No data	No data	No data	No data	No data	synapse defective Rho GTPase homolog 2
UTP15	0.2506151491174761	No data	No data	No data	0.4122428903126283	No data	No data	No data	UTP15 small subunit processome component
L3MBTL4	0.24971189565919305	No data	No data	No data	0.41075710696058937	No data	No data	No data	L3MBTL histone methyl-lysine binding protein 4
IKBKB	0.24937546569216945	No data	No data	No data	0.40937624384759064	0.01654922726831635	No data	No data	inhibitor of nuclear factor kappa B kinase subunit beta
NDUFA11	0.2489024646419963	No data	No data	0.16185313138079396	0.36896237155471	No data	No data	No data	NADH:ubiquinone oxidoreductase subunit A11
SLC39A7	0.24887251561546536	No data	No data	No data	0.4093763905253876	No data	No data	No data	solute carrier family 39 member 7
NCF4	0.2487351644195952	0.40915045823768353	No data	No data	No data	No data	No data	No data	neutrophil cytosolic factor 4
IL12B	0.24851483391189796	0.3681318006273893	No data	0.15198269940290526	No data	0.11972501121531601	No data	No data	interleukin 12B
ZNF114	0.24788807437237284	No data	No data	No data	0.4077570594321775	No data	No data	No data	zinc finger protein 114
ZFP42	0.24788807437237284	No data	No data	No data	0.4077570594321775	No data	No data	No data	ZFP42 zinc finger protein
CA4	0.2474020881384837	No data	No data	0.15198269940290526	0.36896197412914566	No data	No data	No data	carbonic anhydrase 4
CRAT	0.24720268068480158	No data	No data	No data	0.4066296388601914	No data	No data	No data	carnitine O-acetyltransferase
IFI30	0.24614554349385848	0.3966720106780848	No data	No data	No data	0.16437435549422216	No data	No data	IFI30 lysosomal thiol reductase
RIPK4	0.24553774952512106	No data	No data	No data	0.4038909535259041	No data	No data	No data	receptor interacting serine/threonine kinase 4
PRPS1L1	0.24553748606037334	No data	No data	No data	0.4038905201463998	No data	No data	No data	phosphoribosyl pyrophosphate synthetase 1 like 1
PRKCE	0.24553748606037334	No data	No data	No data	0.4038905201463998	No data	No data	No data	protein kinase C epsilon
SEPSECS	0.24553748606037334	No data	No data	No data	0.4038905201463998	No data	No data	No data	Sep (O-phosphoserine) tRNA:Sec (selenocysteine) tRNA synthase
NR2C1	0.2442566900847783	No data	No data	No data	0.4017837080213571	No data	No data	No data	nuclear receptor subfamily 2 group C member 1
TKT	0.24416112919979252	No data	No data	No data	0.3984348809343289	0.06383273374922022	No data	No data	transketolase
NADSYN1	0.24399979687987983	0.4007532074083854	No data	No data	No data	0.012158615952232422	No data	No data	NAD synthetase 1
ZSCAN23	0.24392970416567805	0.40124584101349225	No data	No data	No data	No data	No data	No data	zinc finger and SCAN domain containing 23
KPNA3	0.24387693112692202	No data	No data	No data	0.40115903337195913	No data	No data	No data	karyopherin subunit alpha 3
FFAR1	0.24387684398683057	No data	No data	No data	0.4011588900331255	No data	No data	No data	free fatty acid receptor 1
AGXT2	0.24387684398683057	No data	No data	No data	0.4011588900331255	No data	No data	No data	alanine--glyoxylate aminotransferase 2
F5	0.24314469923910262	No data	No data	No data	0.3984347405231056	0.030396539880581056	No data	No data	coagulation factor V
SCNN1G	0.2425465053211296	No data	No data	No data	0.3989705839447887	No data	No data	No data	sodium channel epithelial 1 subunit gamma
UBP1	0.24244912072931996	No data	No data	No data	0.39881039368597593	No data	No data	No data	upstream binding protein 1
SGK3	0.24222100896668167	No data	No data	No data	0.39843516715766963	No data	No data	No data	serum/glucocorticoid regulated kinase family member 3
COPE	0.24222083496269783	No data	No data	No data	0.3984348809343289	No data	No data	No data	COPI coat complex subunit epsilon
MTX1	0.24222083496269783	No data	No data	No data	0.3984348809343289	No data	No data	No data	metaxin 1
ZNF84	0.24171174865443645	No data	No data	No data	0.39759747261374134	No data	No data	No data	zinc finger protein 84
GRK6	0.2409387818885968	No data	No data	No data	0.3957180701800876	0.012158615952232422	No data	No data	G protein-coupled receptor kinase 6
NMT2	0.2405694593314554	No data	No data	No data	0.3957184934150089	No data	No data	No data	N-myristoyltransferase 2
WDR20	0.24056928887174076	No data	No data	No data	0.3957182130217219	No data	No data	No data	WD repeat domain 20
NUP155	0.24056928887174076	No data	No data	No data	0.3957182130217219	No data	No data	No data	nucleoporin 155
GCK	0.2405692020339121	No data	No data	No data	0.3957180701800876	No data	No data	No data	glucokinase
GLT6D1	0.2405692020339121	No data	No data	No data	0.3957180701800876	No data	No data	No data	glycosyltransferase 6 domain containing 1
PTGR1	0.2405692020339121	No data	No data	No data	0.3957180701800876	No data	No data	No data	prostaglandin reductase 1
HOXA1	0.24028571329838463	0.3952517527363239	No data	No data	No data	No data	No data	No data	homeobox A1
RMI2	0.23947890871903083	0.39331668966884953	No data	No data	No data	0.012158615952232422	No data	No data	RecQ mediated genome instability 2
CHRM1	0.2389224560613363	No data	No data	No data	0.39300929809772994	No data	No data	No data	cholinergic receptor muscarinic 1
PDCD6IP	0.23781160661589312	0.3911820351102199	No data	No data	No data	No data	No data	No data	programmed cell death 6 interacting protein
C4BPA	0.2372798231246851	No data	No data	No data	0.3903072916471526	No data	No data	No data	complement component 4 binding protein alpha
NCK2	0.2372798231246851	No data	No data	No data	0.3903072916471526	No data	No data	No data	NCK adaptor protein 2
TPTE	0.23727973668720165	No data	No data	No data	0.3903071494640558	No data	No data	No data	transmembrane phosphatase with tensin homology
TUBD1	0.2372100526086984	0.3901925244462462	No data	No data	No data	No data	No data	No data	tubulin delta 1
EVI5	0.23705911191932688	0.38564591443001156	No data	No data	No data	0.08596648087226332	No data	No data	ecotropic viral integration site 5
NR1D1	0.2364249464030486	0.38738125735947265	No data	No data	No data	0.030396539880581056	No data	No data	nuclear receptor subfamily 1 group D member 1
SSB	0.236403007259888	No data	No data	No data	0.3849261111693844	0.0787776991905059	No data	No data	small RNA binding exonuclease protection factor La
MBD2	0.23638167061317802	No data	No data	No data	0.38700610657239465	0.03647584785669726	No data	No data	methyl-CpG binding domain protein 2
DDX19A	0.23564190414753164	No data	No data	No data	0.3876130393020035	No data	No data	No data	DEAD-box helicase 19A
THEMIS	0.2353283240646622	0.3829936909929132	No data	No data	No data	0.08207065767756885	No data	No data	thymocyte selection associated
CSF2RB	0.23453600559156876	0.3833621969613057	No data	No data	No data	0.04863446380892969	No data	No data	colony stimulating factor 2 receptor subunit beta
PPP2R5C	0.23400868970358898	No data	No data	No data	0.38492652555675644	No data	No data	No data	protein phosphatase 2 regulatory subunit B'gamma
ANKZF1	0.23349239030317587	No data	No data	No data	0.3840772522472918	No data	No data	No data	ankyrin repeat and zinc finger peptidyl tRNA hydrolase 1
FDX1	0.23237984285440239	No data	No data	No data	0.38224719617323805	No data	No data	No data	ferredoxin 1
SVIL	0.23237967731467554	No data	No data	No data	0.38224692387295733	No data	No data	No data	supervillin
FERMT3	0.23237967731467554	No data	No data	No data	0.38224692387295733	No data	No data	No data	FERM domain containing kindlin 3
DDR1	0.23237959309284023	No data	No data	No data	0.38224678533443346	No data	No data	No data	discoidin domain receptor tyrosine kinase 1
SOX9	0.23171724888637268	No data	No data	No data	0.38115727940864436	No data	No data	No data	SRY-box transcription factor 9
DYRK3	0.2307555316921557	No data	No data	No data	0.37957532765032703	No data	No data	No data	dual specificity tyrosine phosphorylation regulated kinase 3
CLNS1A	0.23075536662322732	No data	No data	No data	0.379575056124474	No data	No data	No data	chloride nucleotide-sensitive channel 1A
TSBP1	0.23046734933039786	0.3761460703927595	No data	No data	No data	0.05910438310112983	No data	No data	testis expressed basic protein 1
CHRNA9	0.22998168997723034	0.37830241678947646	No data	No data	No data	No data	No data	No data	cholinergic receptor nicotinic alpha 9 subunit
GATAD2B	0.22994750451960463	No data	No data	No data	0.37824618430749	No data	No data	No data	GATA zinc finger domain containing 2B
MAP7	0.2293682398705131	No data	No data	No data	0.3742536839570379	0.06079307976116211	No data	No data	microtubule associated protein 7
GRAP2	0.22933182200789304	0.37723343332640724	No data	No data	No data	No data	No data	No data	GRB2 related adaptor protein 2
EFHD1	0.2291355878968861	No data	No data	No data	0.37691064311446554	No data	No data	No data	EF-hand domain family member D1
TMED4	0.2291355878968861	No data	No data	No data	0.37691064311446554	No data	No data	No data	transmembrane p24 trafficking protein 4
SSX2IP	0.2291355878968861	No data	No data	No data	0.37691064311446554	No data	No data	No data	SSX family member 2 interacting protein
LETM2	0.2291355878968861	No data	No data	No data	0.37691064311446554	No data	No data	No data	leucine zipper and EF-hand containing transmembrane protein 2
FGFR1	0.22860101238112643	No data	No data	No data	0.374253953748334	0.03554706469367951	No data	No data	fibroblast growth factor receptor 1
SLC15A2	0.2285514818623225	0.3759498330405914	No data	No data	No data	No data	No data	No data	solute carrier family 15 member 2
HMGCS1	0.22752050461152742	No data	No data	No data	0.374253953748334	No data	No data	No data	3-hydroxy-3-methylglutaryl-CoA synthase 1
TNK2	0.22752050461152742	No data	No data	No data	0.374253953748334	No data	No data	No data	tyrosine kinase non receptor 2
MAP3K7	0.22724467102270893	No data	No data	No data	0.3663277457189847	0.14944965441285685	No data	No data	mitogen-activated protein kinase kinase kinase 7
JAK1	0.22697618835887334	0.3693151795615581	No data	No data	No data	0.08086830565562585	No data	No data	Janus kinase 1
ABO	0.2267410933339337	No data	No data	No data	0.37160403708518197	0.02735688589252295	No data	No data	ABO, alpha 1-3-N-acetylgalactosaminyltransferase and alpha 1-3-galactosyltransferase
GFI1	0.22652812762996058	0.37262156896791887	No data	No data	No data	No data	No data	No data	growth factor independent 1 transcriptional repressor
DDT	0.22633611783250976	No data	No data	No data	0.36896210804414786	0.06687238773727831	No data	No data	D-dopachrome tautomerase
GTPBP2	0.22590962171772624	No data	No data	No data	0.37160417370736576	No data	No data	No data	GTP binding protein 2
FRMD4A	0.22590962171772624	No data	No data	No data	0.37160417370736576	No data	No data	No data	FERM domain containing 4A
SLAMF7	0.22576742891885052	0.3698504503563264	No data	No data	No data	0.030396539880581056	No data	No data	SLAM family member 7
LPAR2	0.22467300848642863	No data	No data	No data	0.36896210804414786	0.012158615952232422	No data	No data	lysophosphatidic acid receptor 2
BBS1	0.22430342863174393	No data	No data	No data	0.36896210804414786	No data	No data	No data	Bardet-Biedl syndrome 1
SLC30A7	0.22400085026500755	0.36694456261255143	No data	No data	No data	0.030396539880581056	No data	No data	solute carrier family 30 member 7
SLC2A4	0.22270175903720313	No data	No data	No data	0.36632748318086855	No data	No data	No data	solute carrier family 2 member 4
NIT1	0.22270175903720313	No data	No data	No data	0.36632748318086855	No data	No data	No data	nitrilase 1
PPM1D	0.2227016766605498	No data	No data	No data	0.36632734767752895	No data	No data	No data	protein phosphatase, Mg2+/Mn2+ dependent 1D
CD3D	0.2216002958855171	No data	No data	0.07599134970145263	0.3455178225084955	No data	No data	No data	CD3 delta subunit of T-cell receptor complex
CXCR5	0.22122666982539768	0.3568341383328653	No data	No data	No data	0.14133870205365054	No data	No data	C-X-C motif chemokine receptor 5
ISOC2	0.2211046109067975	No data	No data	No data	0.3637002957827628	No data	No data	No data	isochorismatase domain containing 2
COQ10A	0.2211046109067975	No data	No data	No data	0.3637002957827628	No data	No data	No data	coenzyme Q10A
CLEC3B	0.22110453015334464	No data	No data	No data	0.3637001629494647	No data	No data	No data	C-type lectin domain family 3 member B
DUSP14	0.22110453015334464	No data	No data	No data	0.3637001629494647	No data	No data	No data	dual specificity phosphatase 14
CD69	0.22083570417351192	0.3596047700928456	No data	No data	No data	0.07306389065169525	No data	No data	CD69 molecule
SPRY1	0.21951198244066966	No data	No data	No data	0.3610805428892019	No data	No data	No data	sprouty RTK signaling antagonist 1
EMC2	0.21951198244066966	No data	No data	No data	0.3610805428892019	No data	No data	No data	ER membrane protein complex subunit 2
KRT8	0.21951190327397438	No data	No data	No data	0.36108041266599955	No data	No data	No data	keratin 8
CASZ1	0.21863407689671646	No data	No data	No data	0.35811662793746085	0.030396539880581056	No data	No data	castor zinc finger 1
SLC44A2	0.21804073777456406	0.35866045712962913	No data	No data	No data	No data	No data	No data	solute carrier family 44 member 2
PDPR	0.21792379198138853	No data	No data	No data	0.3584680901799122	No data	No data	No data	pyruvate dehydrogenase phosphatase regulatory subunit
ZNF700	0.21771012726000472	No data	No data	No data	0.35811662793746085	No data	No data	No data	zinc finger protein 700
ZNF763	0.21771012726000472	No data	No data	No data	0.35811662793746085	No data	No data	No data	zinc finger protein 763
KCNRG	0.21714340814671185	0.35718441802883416	No data	No data	No data	No data	No data	No data	potassium channel regulator
ARHGAP1	0.21634027579961876	No data	No data	No data	0.3558633263021963	No data	No data	No data	Rho GTPase activating protein 1
PDLIM5	0.216340197322576	No data	No data	No data	0.35586319721341997	No data	No data	No data	PDZ and LIM domain 5
PUS10	0.21560177784455817	0.354648553242562	No data	No data	No data	No data	No data	No data	pseudouridine synthase 10
FCRL3	0.21499798550882884	0.3324504146421016	No data	No data	No data	0.42409892112020925	No data	No data	Fc receptor like 3
CCR4	0.21495652100578638	0.3526752585427182	No data	No data	No data	0.01823792392834863	No data	No data	C-C motif chemokine receptor 4
CADPS2	0.21476119254136597	No data	No data	No data	0.3532658542470602	No data	No data	No data	calcium dependent secretion activator 2
CLEC2L	0.21476119254136597	No data	No data	No data	0.3532658542470602	No data	No data	No data	C-type lectin domain family 2 member L
RBM17	0.213745537316609	0.3515951785241865	No data	No data	No data	No data	No data	No data	RNA binding motif protein 17
TIMMDC1	0.21330201895363254	0.35086562449481523	No data	No data	No data	No data	No data	No data	translocase of inner mitochondrial membrane domain containing 1
DOCK6	0.2131866210787977	No data	No data	No data	0.3506758037532305	No data	No data	No data	dedicator of cytokinesis 6
EXOC4	0.2131866210787977	No data	No data	No data	0.3506758037532305	No data	No data	No data	exocyst complex component 4
PRRX2	0.212546193088748	No data	No data	No data	0.34962234833928246	No data	No data	No data	paired related homeobox 2
TXK	0.21150573279454182	0.34791087016069067	No data	No data	No data	No data	No data	No data	TXK tyrosine kinase
PVR	0.21048078255972513	0.3462249048520677	No data	No data	No data	No data	No data	No data	PVR cell adhesion molecule
GSTA4	0.21005115410637787	No data	No data	No data	0.34551819866933253	No data	No data	No data	glutathione S-transferase alpha 4
AHCY	0.21005115410637787	No data	No data	No data	0.34551819866933253	No data	No data	No data	adenosylhomocysteinase
MAST2	0.21005115410637787	No data	No data	No data	0.34551819866933253	No data	No data	No data	microtubule associated serine/threonine kinase 2
DDX1	0.2100510023860813	No data	No data	No data	0.3455179491009652	No data	No data	No data	DEAD-box helicase 1
SLC13A3	0.21005092542662018	No data	No data	No data	0.3455178225084955	No data	No data	No data	solute carrier family 13 member 3
ETV7	0.20947289567482608	0.3435157532219771	No data	No data	No data	No data	0.021025084728181306	No data	ETS variant transcription factor 7
EGR2	0.20906870319335247	0.3428382626221306	No data	No data	No data	0.021277577916406734	No data	No data	early growth response 2
OLIG3	0.20874994543261857	0.3433778092058091	No data	No data	No data	No data	No data	No data	oligodendrocyte transcription factor 3
TGM2	0.20872251791498903	No data	No data	No data	0.33783696849994316	0.10991449044043647	No data	No data	transglutaminase 2
CHRNA7	0.20849009974180424	No data	No data	No data	0.3429503827753088	No data	No data	No data	cholinergic receptor nicotinic alpha 7 subunit
SANBR	0.20758240357834762	0.34145729151060783	No data	No data	No data	No data	No data	No data	SANT and BTB domain regulator of CSR
PCGF2	0.20743054070201392	No data	No data	No data	0.34120748861045813	No data	No data	No data	polycomb group ring finger 2
CENPO	0.20742908399370347	0.3412050924358998	No data	No data	No data	No data	No data	No data	centromere protein O
SKAP2	0.20720622463726457	0.3402305749193484	No data	No data	No data	0.012158615952232422	No data	No data	src kinase associated phosphoprotein 2
ABL2	0.20693354866297048	No data	No data	No data	0.34038997444437874	No data	No data	No data	ABL proto-oncogene 2, non-receptor tyrosine kinase
WDFY1	0.20693339849342504	No data	No data	No data	0.34038972742687934	No data	No data	No data	WD repeat and FYVE domain containing 1
AFF1	0.20654799102076493	0.33881612220652824	No data	No data	No data	No data	0.01879278386020079	No data	ALF transcription elongation factor 1
DMBX1	0.20573603694702455	No data	No data	No data	0.3384201586024267	No data	No data	No data	diencephalon/mesencephalon homeobox 1
PLEC	0.20555777000003428	0.3381269230109899	No data	No data	No data	No data	No data	No data	plectin
P4HA2	0.20538149772286254	No data	No data	No data	0.33783696849994316	No data	No data	No data	prolyl 4-hydroxylase subunit alpha 2
SCYL1	0.20538127367125142	No data	No data	No data	0.3378365999520558	No data	No data	No data	SCY1 like pseudokinase 1
IL7	0.2051892955061972	0.31015152323600537	No data	No data	No data	0.5473857442406749	No data	No data	interleukin 7
CD28	0.20482865101841427	0.3206530419771491	No data	No data	No data	0.32549071346683356	No data	No data	CD28 molecule
ETV4	0.20404688886502517	No data	No data	No data	0.3356416382697909	No data	No data	No data	ETS variant transcription factor 4
SNAP29	0.20383379527173603	No data	No data	No data	0.33529111548968776	No data	No data	No data	synaptosome associated protein 29
GRM8	0.20273881044102682	No data	No data	No data	0.3302223205516032	0.06535256074324927	No data	No data	glutamate metabotropic receptor 8
RHOT2	0.2022907361615142	No data	No data	No data	0.3327529004226373	No data	No data	No data	ras homolog family member T2
PTGER4	0.20129133987765624	0.32890805401799367	No data	No data	No data	0.04401830809914002	No data	No data	prostaglandin E receptor 4
BTNL2	0.20122051554978398	0.32773328422764936	No data	No data	No data	0.06518369107724604	No data	No data	butyrophilin like 2
SOX8	0.20086564757088832	0.3287369282090227	No data	No data	No data	0.03343619386863916	No data	No data	SRY-box transcription factor 8
PRKCI	0.20075209743722108	No data	No data	No data	0.3302219565547859	No data	No data	No data	protein kinase C iota
FLT4	0.20075209743722108	No data	No data	No data	0.3302219565547859	No data	No data	No data	fms related receptor tyrosine kinase 4
TAL1	0.20068463792041294	No data	No data	No data	0.33011099077204686	No data	No data	No data	TAL bHLH transcription factor 1, erythroid differentiation factor
PXT1	0.19966553975569193	0.3284346516743655	No data	No data	No data	No data	No data	No data	peroxisomal testis enriched protein 1
BMPR1A	0.199218024071636	No data	No data	No data	0.3276985223553474	No data	No data	No data	bone morphogenetic protein receptor type 1A
PDE11A	0.199218024071636	No data	No data	No data	0.3276985223553474	No data	No data	No data	phosphodiesterase 11A
IKZF3	0.19891244027668117	0.31923829938033504	No data	No data	No data	0.15915121672474228	No data	No data	IKAROS family zinc finger 3
RND3	0.19884939934024917	0.3270921626630353	No data	No data	No data	No data	No data	No data	Rho family GTPase 3
NTRK1	0.1984246504792032	No data	No data	No data	0.32267379607553964	0.07439373927147068	No data	No data	neurotrophic receptor tyrosine kinase 1
RORA	0.19834302363841327	0.31643443268466936	No data	No data	No data	0.19649560799047253	No data	No data	RAR related orphan receptor A
FPR1	0.19805801678623577	No data	No data	No data	0.3251824676562037	0.012158615952232422	No data	No data	formyl peptide receptor 1
NR2E1	0.19734376230525114	No data	No data	No data	0.32461550406815376	No data	No data	No data	nuclear receptor subfamily 2 group E member 1
NUP107	0.19616340849534597	No data	No data	No data	0.32267391167878573	No data	No data	No data	nucleoporin 107
WNT9B	0.1948598977437814	0.3174900814840184	No data	No data	No data	0.06079307976116211	No data	No data	Wnt family member 9B
MYH1	0.1946427913212266	No data	No data	No data	0.320172611892538	No data	No data	No data	myosin heavy chain 1
TBX6	0.19436919242408143	0.3197225624819471	No data	No data	No data	No data	No data	No data	T-box transcription factor 6
MTHFR	0.19398822109253847	0.3093386885170613	No data	No data	No data	0.19514410105664926	No data	No data	methylenetetrahydrofolate reductase
PRXL2B	0.19388279727030347	0.31892247938747503	No data	No data	No data	No data	No data	No data	peroxiredoxin like 2B
NDFIP1	0.1931458291972703	0.3140626380819374	No data	No data	No data	0.07295169571339452	No data	No data	Nedd4 family interacting protein 1
NHP2	0.19312665685531258	No data	No data	No data	0.3176786858209021	No data	No data	No data	NHP2 ribonucleoprotein
ACTN2	0.19312665685531258	No data	No data	No data	0.3176786858209021	No data	No data	No data	actinin alpha 2
SLC2A4RG	0.19236334689697093	0.3164230988999228	No data	No data	No data	No data	No data	No data	SLC2A4 regulator
OSBPL2	0.19161499929404685	No data	No data	No data	0.31519212391746737	No data	No data	No data	oxysterol binding protein like 2
SPOPL	0.19124928584914497	0.31459055307036	No data	No data	No data	No data	No data	No data	speckle type BTB/POZ protein like
MAPK1	0.19095509409579578	0.31232927674030897	No data	No data	No data	0.03554706469367951	No data	No data	mitogen-activated protein kinase 1
ASF1A	0.1907716821257728	0.31380493121134495	No data	No data	No data	No data	No data	No data	anti-silencing function 1A histone chaperone
LCK	0.19055924233306046	0.31284755308593387	No data	No data	No data	0.012158615952232422	No data	No data	LCK proto-oncogene, Src family tyrosine kinase
TERF2	0.18908493738444712	No data	No data	No data	0.3110303641916243	No data	No data	No data	telomeric repeat binding factor 2
NOL7	0.1886051118971545	No data	No data	No data	0.31024108769966546	No data	No data	No data	nucleolar protein 7
PIEZO1	0.18751232661394213	No data	No data	No data	0.2931439471474647	0.30599183479784925	No data	No data	piezo type mechanosensitive ion channel component 1
GFM2	0.18710687628211722	No data	No data	No data	0.30777660387860656	No data	No data	No data	GTP dependent ribosome recycling factor mitochondrial 2
WEE1	0.18657020733484997	No data	No data	No data	0.30286991337493174	0.08047821672715841	No data	No data	WEE1 G2 checkpoint kinase
SLC9B1	0.18622031535811237	0.3063182784779394	No data	No data	No data	No data	No data	No data	solute carrier family 9 member B1
LTF	0.18616741279890425	No data	No data	No data	0.30531936158868006	0.01823792392834863	No data	No data	lactotransferrin
CIMAP1B	0.18591969950192846	0.3058237882212113	No data	No data	No data	No data	No data	No data	ciliary microtubule associated protein 1B
ADO	0.1849957667073633	0.3034765275678187	No data	No data	No data	0.01654922726831635	No data	No data	2-aminoethanethiol dioxygenase
ZNF217	0.18419353826138946	No data	No data	No data	0.30298438405330175	No data	No data	No data	zinc finger protein 217
PROX2	0.18419353826138946	No data	No data	No data	0.30298438405330175	No data	No data	No data	prospero homeobox 2
SPMIP7	0.1831343952439952	0.3012421742137027	No data	No data	No data	No data	No data	No data	sperm microtubule inner protein 7
HTR7	0.1826389098502824	No data	No data	No data	0.30042713836478796	No data	No data	No data	5-hydroxytryptamine receptor 7
CKMT2	0.1826389098502824	No data	No data	No data	0.30042713836478796	No data	No data	No data	creatine kinase, mitochondrial 2
CC2D1A	0.18257370181969418	No data	No data	No data	0.30031987610591837	No data	No data	No data	coiled-coil and C2 domain containing 1A
ITPR3	0.1824113204405772	0.2985329440733637	No data	No data	No data	0.030396539880581056	No data	No data	inositol 1,4,5-trisphosphate receptor type 3
ZBTB7B	0.1820085316446304	0.2993902140830629	No data	No data	No data	No data	No data	No data	zinc finger and BTB domain containing 7B
ACE2	0.18189240347642407	No data	No data	No data	0.295564272503616	0.07269839121438969	No data	No data	angiotensin converting enzyme 2
MAPK3	0.18161984553325666	0.2917255442684084	No data	No data	No data	0.14050621351173445	No data	No data	mitogen-activated protein kinase 3
ZHX3	0.1815323157278434	0.29860687506049993	No data	No data	No data	No data	No data	No data	zinc fingers and homeoboxes 3
SLC9B2	0.18138178767572666	0.059295299894290436	No data	No data	0.2835354428712572	No data	No data	No data	solute carrier family 9 member B2
FER	0.18115873793254436	No data	No data	No data	0.29799236795415374	No data	No data	No data	FER tyrosine kinase
SNTB2	0.18115860446946874	No data	No data	No data	0.29799214841752864	No data	No data	No data	syntrophin beta 2
MAVS	0.1804319845445243	No data	No data	No data	0.2955643815102382	0.024650646105229785	No data	No data	mitochondrial antiviral signaling protein
COMTD1	0.1796828242403394	No data	No data	No data	0.2955646020011812	No data	No data	No data	catechol-O-methyltransferase domain containing 1
MEMO1	0.17821123360437713	No data	No data	No data	0.2931439471474647	No data	No data	No data	mediator of cell motility 1
RPS6KA6	0.17821116853986624	No data	No data	No data	0.29314384012128486	No data	No data	No data	ribosomal protein S6 kinase A6
ZC3HAV1	0.1774229540301223	0.28688171974553206	No data	No data	No data	0.09118961964174316	0.01827388695192701	No data	zinc finger CCCH-type containing, antiviral 1
KXD1	0.17674423202843317	No data	No data	No data	0.29073084094901686	No data	No data	No data	KxDL motif containing 1
TTC33	0.1765419167171777	0.2903980476244307	No data	No data	No data	No data	No data	No data	tetratricopeptide repeat domain 33
SHROOM4	0.17528168233807384	No data	No data	No data	0.2883250577643102	No data	No data	No data	shroom family member 4
CLINT1	0.17528168233807384	No data	No data	No data	0.2883250577643102	No data	No data	No data	clathrin interactor 1
SATB1	0.17477828438099832	0.2868890755518777	No data	No data	No data	0.012158615952232422	No data	No data	SATB homeobox 1
S100A12	0.17454114496039275	No data	No data	No data	0.2835353365733566	0.07143186871936548	No data	No data	S100 calcium binding protein A12
TACR1	0.1741930963961378	No data	No data	No data	0.2859264857519209	0.012158615952232422	No data	No data	tachykinin receptor 1
PDHA2	0.17382370975026346	No data	No data	No data	0.285926803565743	No data	No data	No data	pyruvate dehydrogenase E1 subunit alpha 2
SH2B3	0.17268124518278055	0.28065004729279297	No data	No data	No data	0.06794977620637892	No data	No data	SH2B adaptor protein 3
SAE1	0.17236539063079073	0.2835279793489045	No data	No data	No data	No data	No data	No data	SUMO1 activating enzyme subunit 1
APOE	0.17217142347267964	No data	No data	No data	0.26700204627896834	0.32413743646742665	No data	No data	apolipoprotein E
TRIB2	0.17210741756488018	0.2824957024465651	No data	No data	No data	0.012158615952232422	No data	No data	tribbles pseudokinase 2
ILDR1	0.16971101545464107	0.27514343359152726	No data	No data	No data	0.012158615952232422	0.07496217363892499	No data	immunoglobulin like domain containing receptor 1
ZBTB46	0.16897793574406275	0.27734794248258193	No data	No data	No data	0.012158615952232422	No data	No data	zinc finger and BTB domain containing 46
SREK1	0.16803562062783528	No data	No data	No data	0.27640583646690897	No data	No data	No data	splicing regulatory glutamic acid and lysine rich protein 1
ZC3HAV1L	0.1673719744227489	0.2753141888522567	No data	No data	No data	No data	No data	No data	zinc finger CCCH-type containing, antiviral 1 like
GRB2	0.16706524713875676	0.2748096457608437	No data	No data	No data	No data	No data	No data	growth factor receptor bound protein 2
LTBR	0.16703405682703493	0.27301898250660517	No data	No data	No data	0.034787151196664985	No data	No data	lymphotoxin beta receptor
HLA-DQB1	0.16676051551512688	0.27430838537918995	No data	No data	No data	No data	No data	No data	major histocompatibility complex, class II, DQ beta 1
COQ10B	0.1651682703345431	No data	No data	No data	0.27168926296124496	No data	No data	No data	coenzyme Q10B
RARG	0.1651682087452911	No data	No data	No data	0.27168916165160206	No data	No data	No data	retinoic acid receptor gamma
NEFH	0.1636139011937983	No data	No data	No data	0.2623435519627608	0.13577783580058114	No data	No data	neurofilament heavy chain
OS9	0.16288338938155916	0.2679308072916843	No data	No data	No data	No data	No data	No data	OS9 endoplasmic reticulum lectin
CD5	0.16280217697975627	0.25389048427460353	No data	No data	No data	0.27813469565649146	No data	No data	CD5 molecule
LRRIQ4	0.16099441940411235	0.2648235951141338	No data	No data	No data	No data	No data	No data	leucine rich repeats and IQ motif containing 4
ISCA1	0.16090047396744162	No data	No data	No data	0.26466906200437884	No data	No data	No data	iron-sulfur cluster assembly 1
GPR183	0.16046050471870918	0.25729838780953723	No data	No data	No data	0.1329391637781298	No data	No data	G protein-coupled receptor 183
ESPN	0.1593718091619708	0.2621545244756396	No data	No data	No data	No data	No data	No data	espin
DPH5	0.1560448430148047	0.25668191779041033	No data	No data	No data	No data	No data	No data	diphthamide biosynthesis 5
ZPBP	0.1559122606749873	0.256463829908799	No data	No data	No data	No data	No data	No data	zona pellucida binding protein
ACTRT3	0.1552926931494256	0.25544468837493395	No data	No data	No data	No data	No data	No data	actin related protein T3
FBXO48	0.15451237136108498	0.2541611182853674	No data	No data	No data	No data	No data	No data	F-box protein 48
TYMP	0.152655350918572	0.2511064606667558	No data	No data	No data	No data	No data	No data	thymidine phosphorylase
SP110	0.15222150195876855	0.2503928120713763	No data	No data	No data	No data	No data	No data	SP110 nuclear body protein
POLG	0.15115816056604306	0.24317231904464845	No data	No data	No data	0.1094275435700918	No data	No data	DNA polymerase gamma, catalytic subunit
LRRC34	0.15089133202747038	0.2482047835383196	No data	No data	No data	No data	No data	No data	leucine rich repeat containing 34
ZCWPW2	0.1507492661070701	0.2479710958867671	No data	No data	No data	No data	No data	No data	zinc finger CW-type and PWWP domain containing 2
NPEPPS	0.15064923550193685	0.24780655313695701	No data	No data	No data	No data	No data	No data	aminopeptidase puromycin sensitive
DCLK1	0.1501031333756912	No data	No data	No data	0.24174084482681246	0.10334823559397559	No data	No data	doublecortin like kinase 1
CD80	0.14893076554197215	0.20140333431042975	No data	0.1587374860430344	No data	0.17514426241714987	No data	No data	CD80 molecule
PPP3CB	0.14833576566993711	No data	No data	No data	0.24400107093225765	No data	No data	No data	protein phosphatase 3 catalytic subunit beta
POLGARF	0.1478319418738807	0.24317231904464845	No data	No data	No data	No data	No data	No data	POLG alternative reading frame
TBC1D5	0.14705773524598514	0.24189880792967086	No data	No data	No data	No data	No data	No data	TBC1 domain family member 5
PHLDB1	0.14694025631711913	0.24170556401222576	No data	No data	No data	No data	No data	No data	pleckstrin homology like domain family B member 1
INTS8	0.1454060581659215	0.23918192454992998	No data	No data	No data	No data	No data	No data	integrator complex subunit 8
HLA-DQA1	0.14376738861692148	0.2313083456327476	No data	No data	No data	0.10356183876677924	No data	No data	major histocompatibility complex, class II, DQ alpha 1
MARCHF1	0.14364490958070136	0.2362849688567176	No data	No data	No data	No data	No data	No data	membrane associated ring-CH-type finger 1
EAF2	0.14362012722464185	0.23624420376280084	No data	No data	No data	No data	No data	No data	ELL associated factor 2
RTP2	0.1428714827679346	0.2350127404784131	No data	No data	No data	No data	No data	No data	receptor transporter protein 2
UBAC2	0.14174268935466783	0.23315596102637443	No data	No data	No data	No data	No data	No data	UBA domain containing 2
PLAUR	0.1396275803180046	No data	No data	No data	0.2261214697546541	0.07110595026397926	No data	No data	plasminogen activator, urokinase receptor
FLVCR2	0.13907861700828944	0.2287737643078585	No data	No data	No data	No data	No data	No data	FLVCR heme transporter 2
WDSUB1	0.13880955425897373	No data	No data	No data	0.2283311765160033	No data	No data	No data	WD repeat, sterile alpha motif and U-box domain containing 1
MYL5	0.138809447464393	No data	No data	No data	0.22833100084702726	No data	No data	No data	myosin light chain 5
SCNN1A	0.13773723051935896	0.1961707455086236	No data	0.12158615952232422	No data	No data	No data	No data	sodium channel epithelial 1 subunit alpha
DLEU7	0.13761768514526854	0.22637064232627696	No data	No data	No data	No data	No data	No data	deleted in lymphocytic leukemia 7
SMARCA4	0.13729439564294613	0.2243190286493022	No data	No data	No data	0.030396539880581056	No data	No data	SWI/SNF related, matrix associated, actin dependent regulator of chromatin, subfamily a, member 4
KRT15	0.13612712661963886	No data	No data	No data	0.22391878673434834	No data	No data	No data	keratin 15
PPIF	0.13609058269256885	0.22385867474921192	No data	No data	No data	No data	No data	No data	peptidylprolyl isomerase F
PTRHD1	0.13569547636064677	0.2232087548348494	No data	No data	No data	No data	No data	No data	peptidyl-tRNA hydrolase domain containing 1
TEC	0.135279817274059	0.22252502719969622	No data	No data	No data	No data	No data	No data	tec protein tyrosine kinase
BCL9L	0.13499992091737956	0.2220646189463571	No data	No data	No data	No data	No data	No data	BCL9 like
TSFM	0.13487716625524213	0.22004734793874856	No data	No data	No data	0.03630697819069404	No data	No data	Ts translation elongation factor, mitochondrial
PGD	0.1343007087139039	0.22091446796499103	No data	No data	No data	No data	No data	No data	phosphogluconate dehydrogenase
APLF	0.13404240045966	0.22048957050090678	No data	No data	No data	No data	No data	No data	aprataxin and PNKP like factor
ITGA2B	0.13383198147549827	No data	No data	No data	0.21953551645211522	0.012158615952232422	No data	No data	integrin subunit alpha 2b
ADK	0.13346240162081358	No data	No data	No data	0.21953551645211522	No data	No data	No data	adenosine kinase
PITPNM2	0.13297997689171812	0.21555032771729826	No data	No data	No data	0.06383273374922022	No data	No data	phosphatidylinositol transfer protein membrane associated 2
CCNE2	0.13274190453166496	0.21835035345004455	No data	No data	No data	No data	No data	No data	cyclin E2
ZNF785	0.13207788090761244	No data	No data	No data	0.21725808500985158	No data	No data	No data	zinc finger protein 785
DDX6	0.13140776407960764	0.21342010512258064	No data	No data	No data	0.0547137717850459	No data	No data	DEAD-box helicase 6
FAM184A	0.13035811542058742	0.21442920137082316	No data	No data	No data	No data	No data	No data	family with sequence similarity 184 member A
SENP7	0.13002185869647812	0.21387608459267937	No data	No data	No data	No data	No data	No data	SUMO specific peptidase 7
MYNN	0.12915160483855279	0.21244458307746694	No data	No data	No data	No data	No data	No data	myoneurin
TRIM13	0.12677734586581776	0.20853910735216605	No data	No data	No data	No data	No data	No data	tripartite motif containing 13
HLA-DRB1	0.12434462291363986	0.14303456218165933	No data	0.12158615952232422	No data	0.7763462449717988	No data	No data	major histocompatibility complex, class II, DR beta 1
ZMIZ1	0.12337230060147589	0.19829938559252952	No data	No data	No data	0.09277361710885344	No data	No data	zinc finger MIZ-type containing 1
TNFSF13B	0.12300689117156358	No data	No data	0.1649687767185535	No data	0.7395057744106968	0.01768186095072778	No data	TNF superfamily member 13b
GALK2	0.122977521845882	No data	No data	No data	0.20228868537179565	No data	No data	No data	galactokinase 2
GATM	0.1216864866562419	No data	No data	No data	0.20016503051714413	No data	No data	No data	glycine amidinotransferase
THRA	0.12131055882327156	0.17791023182061072	No data	0.08654570382665439	No data	No data	No data	No data	thyroid hormone receptor alpha
IL17A	0.12107439623623499	No data	No data	0.1654922726831635	No data	0.6733183114198682	No data	No data	interleukin 17A
RNFT1	0.12092532040119354	0.19891296982530426	No data	No data	No data	No data	No data	No data	ring finger protein, transmembrane 1
TEX101	0.12039969543270825	No data	No data	No data	0.19804835666448017	No data	No data	No data	testis expressed 101
TYK2	0.12006573398256917	0.19073714560771007	No data	No data	No data	0.13523739660040207	No data	No data	tyrosine kinase 2
C4orf36	0.11967030850695173	0.19684857055622237	No data	No data	No data	No data	No data	No data	chromosome 4 open reading frame 36
AQP4	0.11950339658337882	No data	No data	No data	No data	0.9828700655804249	No data	No data	aquaporin 4
HSD17B4	0.11945277533189985	0.19649074500123073	No data	No data	No data	No data	No data	No data	hydroxysteroid 17-beta dehydrogenase 4
NUDT16L1	0.11783931237978494	No data	No data	No data	0.19383672096024823	No data	No data	No data	nudix hydrolase 16 like 1
POGLUT1	0.11739778686593827	0.1925025142187606	No data	No data	No data	0.012158615952232422	No data	No data	protein O-glucosyltransferase 1
ERVW-1	0.11651313314764172	No data	No data	0.1808842257914006	No data	0.21542062065749248	No data	No data	endogenous retrovirus group W member 1, envelope
ERMP1	0.11603746103814087	0.19087281232340503	No data	No data	No data	No data	No data	No data	endoplasmic reticulum metallopeptidase 1
TNFAIP3	0.11430489350616105	0.18361463472975742	No data	No data	No data	0.08816471125534998	No data	No data	TNF alpha induced protein 3
CCDC92	0.11403120620970772	No data	No data	No data	0.18757267547178452	No data	No data	No data	coiled-coil domain containing 92
ESR2	0.11341414197543899	No data	No data	0.18133224735426628	No data	0.10450808615494948	No data	No data	estrogen receptor 2
SMCR8	0.1124703238858873	0.18500514257173628	No data	No data	No data	No data	No data	No data	SMCR8-C9orf72 complex subunit
MADD	0.11206601908380419	0.18312423027720398	No data	No data	No data	0.024317231904464845	No data	No data	MAP kinase activating death domain
KIF21B	0.11173096402191339	0.17604185927353405	No data	No data	No data	0.15494184927705812	No data	No data	kinesin family member 21B
RGMA	0.11117525623062773	No data	No data	0.16253705352810702	No data	0.4067560217846261	No data	No data	repulsive guidance molecule BMP co-receptor a
ZPBP2	0.11113448294732306	0.182807785662344	No data	No data	No data	No data	No data	No data	zona pellucida binding protein 2
DKKL1	0.11028081668239158	0.18140356947805908	No data	No data	No data	No data	No data	No data	dickkopf like acrosomal protein 1
GOLGB1	0.1094337820815166	0.1800102618775843	No data	No data	No data	No data	No data	No data	golgin B1
TNFRSF25	0.10932219697416083	0.17352787430706695	No data	No data	No data	0.12597677083840814	No data	No data	TNF receptor superfamily member 25
PDE4C	0.1084978894811087	0.10595236084894438	No data	0.15198269940290526	No data	No data	No data	No data	phosphodiesterase 4C
IL20RA	0.10660280086681645	0.1753535127445872	No data	No data	No data	No data	No data	No data	interleukin 20 receptor subunit alpha
AR	0.10655962490732035	No data	No data	0.16929184016823612	No data	0.11981302802929032	No data	No data	androgen receptor
FAM76B	0.10489782609367673	0.1725489587067953	No data	No data	No data	No data	No data	No data	family with sequence similarity 76 member B
MOG	0.10424200365931158	No data	No data	No data	No data	0.8573509030044811	No data	No data	myelin oligodendrocyte glycoprotein
PLAU	0.10412363256061832	0.1631177052595064	No data	No data	No data	0.15375583089593914	0.021148754738723796	No data	plasminogen activator, urokinase
CAMK2G	0.10311908485712235	0.16962306443800265	No data	No data	No data	No data	No data	No data	calcium/calmodulin dependent protein kinase II gamma
POLE	0.10213236623140988	No data	No data	0.16739205642569982	No data	0.012158615952232422	No data	No data	DNA polymerase epsilon, catalytic subunit
PRIM2	0.10176278637672517	No data	No data	0.16739205642569982	No data	No data	No data	No data	DNA primase subunit 2
PRIM1	0.10176278637672517	No data	No data	0.16739205642569982	No data	No data	No data	No data	DNA primase subunit 1
POLD1	0.10176278637672517	No data	No data	0.16739205642569982	No data	No data	No data	No data	DNA polymerase delta 1, catalytic subunit
POLE2	0.10176278637672517	No data	No data	0.16739205642569982	No data	No data	No data	No data	DNA polymerase epsilon 2, accessory subunit
POLA1	0.10176278637672517	No data	No data	0.16739205642569982	No data	No data	No data	No data	DNA polymerase alpha 1, catalytic subunit
POLD3	0.10176278637672517	No data	No data	0.16739205642569982	No data	No data	No data	No data	DNA polymerase delta 3, accessory subunit
POLE3	0.10176278637672517	No data	No data	0.16739205642569982	No data	No data	No data	No data	DNA polymerase epsilon 3, accessory subunit
POLD4	0.10176278637672517	No data	No data	0.16739205642569982	No data	No data	No data	No data	DNA polymerase delta 4, accessory subunit
POLA2	0.10176278637672517	No data	No data	0.16739205642569982	No data	No data	No data	No data	DNA polymerase alpha 2, accessory subunit
POLD2	0.10176278637672517	No data	No data	0.16739205642569982	No data	No data	No data	No data	DNA polymerase delta 2, accessory subunit
ACP2	0.101737666588008	0.16735073628068353	No data	No data	No data	No data	No data	No data	acid phosphatase 2, lysosomal
TSGA10IP	0.1014583319625654	0.16689125203257502	No data	No data	No data	No data	No data	No data	testis specific 10 interacting protein
PTPRK	0.10093710044646512	0.1660338657673158	No data	No data	No data	No data	No data	No data	protein tyrosine phosphatase receptor type K
DRD2	0.1009081329627668	No data	No data	0.16253705352810702	No data	0.06898325856231867	No data	No data	dopamine receptor D2
MT-ND4	0.1008545952143729	No data	No data	0.16185313138079396	No data	0.08090039089216647	No data	No data	mitochondrially encoded NADH:ubiquinone oxidoreductase core subunit 4
GOSR2	0.10061645103926962	0.16550642184038328	No data	No data	No data	No data	No data	No data	golgi SNAP receptor complex member 2
TOP2B	0.10060784933083547	No data	No data	0.1654922726831635	No data	No data	No data	No data	DNA topoisomerase II beta
SART1	0.1004878256003706	0.1652948427603229	No data	No data	No data	No data	No data	No data	spliceosome associated factor 1, recruiter of U4/U6.U5 tri-snRNP
MT-ND3	0.09961203694460172	No data	No data	0.16185313138079396	No data	0.04002211084276505	No data	No data	mitochondrially encoded NADH:ubiquinone oxidoreductase core subunit 3
MT-ND5	0.09951964198093054	No data	No data	0.16185313138079396	No data	0.03698245685470695	No data	No data	mitochondrially encoded NADH:ubiquinone oxidoreductase core subunit 5
MT-ND2	0.09945804533848308	No data	No data	0.16185313138079396	No data	0.03495602086266821	No data	No data	mitochondrially encoded NADH:ubiquinone oxidoreductase core subunit 2
MT-ND6	0.09945804533848308	No data	No data	0.16185313138079396	No data	0.03495602086266821	No data	No data	mitochondrially encoded NADH:ubiquinone oxidoreductase core subunit 6
MT-ND4L	0.09894987303829163	No data	No data	0.16185313138079396	No data	0.01823792392834863	No data	No data	mitochondrially encoded NADH:ubiquinone oxidoreductase core subunit 4L
MT-ND1	0.09885747807462043	No data	No data	0.16185313138079396	No data	0.015198269940290528	No data	No data	mitochondrially encoded NADH:ubiquinone oxidoreductase core subunit 1
DDC	0.09881128059278485	No data	No data	0.16253705352810702	No data	No data	No data	No data	dopa decarboxylase
NDUFA13	0.09876508311094927	No data	No data	0.16185313138079396	No data	0.012158615952232422	No data	No data	NADH:ubiquinone oxidoreductase subunit A13
ITGB1	0.09862330817224937	No data	No data	0.1587374860430344	No data	0.06980734253241443	No data	No data	integrin subunit beta 1
NDUFB5	0.09839550325626457	No data	No data	0.16185313138079396	No data	No data	No data	No data	NADH:ubiquinone oxidoreductase subunit B5
NDUFS7	0.09839550325626457	No data	No data	0.16185313138079396	No data	No data	No data	No data	NADH:ubiquinone oxidoreductase core subunit S7
NDUFA2	0.09839550325626457	No data	No data	0.16185313138079396	No data	No data	No data	No data	NADH:ubiquinone oxidoreductase subunit A2
NDUFS3	0.09839550325626457	No data	No data	0.16185313138079396	No data	No data	No data	No data	NADH:ubiquinone oxidoreductase core subunit S3
NDUFB8	0.09839550325626457	No data	No data	0.16185313138079396	No data	No data	No data	No data	NADH:ubiquinone oxidoreductase subunit B8
NDUFA4L2	0.09839550325626457	No data	No data	0.16185313138079396	No data	No data	No data	No data	NDUFA4 mitochondrial complex associated like 2
NDUFB3	0.09839550325626457	No data	No data	0.16185313138079396	No data	No data	No data	No data	NADH:ubiquinone oxidoreductase subunit B3
NDUFAF4	0.09839550325626457	No data	No data	0.16185313138079396	No data	No data	No data	No data	NADH:ubiquinone oxidoreductase complex assembly factor 4
NDUFB2	0.09839550325626457	No data	No data	0.16185313138079396	No data	No data	No data	No data	NADH:ubiquinone oxidoreductase subunit B2
GPD2	0.09839550325626457	No data	No data	0.16185313138079396	No data	No data	No data	No data	glycerol-3-phosphate dehydrogenase 2
NDUFAF2	0.09839550325626457	No data	No data	0.16185313138079396	No data	No data	No data	No data	NADH:ubiquinone oxidoreductase complex assembly factor 2
NDUFB11	0.09839550325626457	No data	No data	0.16185313138079396	No data	No data	No data	No data	NADH:ubiquinone oxidoreductase subunit B11
NDUFA3	0.09839550325626457	No data	No data	0.16185313138079396	No data	No data	No data	No data	NADH:ubiquinone oxidoreductase subunit A3
NDUFA1	0.09839550325626457	No data	No data	0.16185313138079396	No data	No data	No data	No data	NADH:ubiquinone oxidoreductase subunit A1
NDUFA4	0.09839550325626457	No data	No data	0.16185313138079396	No data	No data	No data	No data	NDUFA4 mitochondrial complex associated
NDUFB1	0.09839550325626457	No data	No data	0.16185313138079396	No data	No data	No data	No data	NADH:ubiquinone oxidoreductase subunit B1
NDUFAF1	0.09839550325626457	No data	No data	0.16185313138079396	No data	No data	No data	No data	NADH:ubiquinone oxidoreductase complex assembly factor 1
NDUFA12	0.09839550325626457	No data	No data	0.16185313138079396	No data	No data	No data	No data	NADH:ubiquinone oxidoreductase subunit A12
NDUFV3	0.09839550325626457	No data	No data	0.16185313138079396	No data	No data	No data	No data	NADH:ubiquinone oxidoreductase subunit V3
NDUFAF3	0.09839550325626457	No data	No data	0.16185313138079396	No data	No data	No data	No data	NADH:ubiquinone oxidoreductase complex assembly factor 3
TLR9	0.09837429486337014	No data	No data	0.15198269940290526	No data	0.1967109156399281	No data	No data	toll like receptor 9
CCR2	0.09826951125166623	No data	No data	0.15198269940290526	No data	0.1932636939457626	No data	No data	C-C motif chemokine receptor 2
TLR7	0.09714419794612957	No data	No data	0.15198269940290526	No data	0.156242595164201	No data	No data	toll like receptor 7
IFNGR1	0.09686290870823318	0.15842023352752266	No data	No data	No data	0.01823792392834863	No data	No data	interferon gamma receptor 1
SYNGAP1	0.09653674025247362	0.15879560738119816	No data	No data	No data	No data	No data	No data	synaptic Ras GTPase activating protein 1
FKBP1A	0.09650140650100547	No data	No data	0.1587374860430344	No data	No data	No data	No data	FKBP prolyl isomerase 1A
ITGB7	0.09650140650100547	No data	No data	0.1587374860430344	No data	No data	No data	No data	integrin subunit beta 7
IMPG2	0.0954800687242823	0.15705746295367012	No data	No data	No data	No data	No data	No data	interphotoreceptor matrix proteoglycan 2
PDE4B	0.09535160250865306	No data	No data	0.15198269940290526	No data	0.09726892761785938	No data	No data	phosphodiesterase 4B
GJA1	0.09487337106170018	No data	No data	No data	No data	0.7802974568357893	No data	No data	gap junction protein alpha 1
GSR	0.09476900093217093	No data	No data	0.15198269940290526	No data	0.07810222052649297	No data	No data	glutathione-disulfide reductase
PDE4A	0.09454247064560142	No data	No data	0.15198269940290526	No data	0.07064971812130226	No data	No data	phosphodiesterase 4A
GRIA2	0.09448924951438875	No data	No data	0.15198269940290526	No data	0.06889882372931705	No data	No data	glutamate ionotropic receptor AMPA type subunit 2
GPR25	0.09427126066148897	0.1520294114908626	No data	No data	No data	0.06079307976116211	No data	No data	G protein-coupled receptor 25
GRIA3	0.09424286294459895	No data	No data	0.15198269940290526	No data	0.06079307976116211	No data	No data	glutamate ionotropic receptor AMPA type subunit 3
LINGO1	0.09362525528706173	No data	No data	0.1473387835878165	No data	0.13335304206726523	No data	No data	leucine rich repeat and Ig domain containing 1
PDE4D	0.09345750575339395	No data	No data	0.15198269940290526	No data	0.03495602086266821	No data	No data	phosphodiesterase 4D
CA2	0.0929493334532025	No data	No data	0.15198269940290526	No data	0.01823792392834863	No data	No data	carbonic anhydrase 2
IL6	0.09284350343510725	No data	No data	No data	No data	0.7636025662777878	No data	No data	interleukin 6
PPARG	0.0926448995610319	No data	No data	0.14353921610274387	No data	0.17709217721135825	No data	No data	peroxisome proliferator activated receptor gamma
ABL1	0.09239496367117545	No data	No data	0.15198269940290526	No data	No data	No data	No data	ABL proto-oncogene 1, non-receptor tyrosine kinase
GRIK1	0.09239496367117545	No data	No data	0.15198269940290526	No data	No data	No data	No data	glutamate ionotropic receptor kainate type subunit 1
GRIK4	0.09239496367117545	No data	No data	0.15198269940290526	No data	No data	No data	No data	glutamate ionotropic receptor kainate type subunit 4
GRIK3	0.09239496367117545	No data	No data	0.15198269940290526	No data	No data	No data	No data	glutamate ionotropic receptor kainate type subunit 3
GRIA1	0.09239496367117545	No data	No data	0.15198269940290526	No data	No data	No data	No data	glutamate ionotropic receptor AMPA type subunit 1
GRIA4	0.09239496367117545	No data	No data	0.15198269940290526	No data	No data	No data	No data	glutamate ionotropic receptor AMPA type subunit 4
BCR	0.09239496367117545	No data	No data	0.15198269940290526	No data	No data	No data	No data	BCR activator of RhoGEF and GTPase
GRIK2	0.09239496367117545	No data	No data	0.15198269940290526	No data	No data	No data	No data	glutamate ionotropic receptor kainate type subunit 2
ST6GALNAC3	0.09232709882772824	0.15187106688862267	No data	No data	No data	No data	No data	No data	ST6 N-acetylgalactosaminide alpha-2,6-sialyltransferase 3
KASH5	0.09226647040433214	0.15177133773584034	No data	No data	No data	No data	No data	No data	KASH domain containing 5
HDGFL2	0.09196224337506083	0.151270907373591	No data	No data	No data	No data	No data	No data	HDGF like 2
AZI2	0.09174985327475806	0.15092154178603204	No data	No data	No data	No data	No data	No data	5-azacytidine induced 2
TOP3A	0.09169365874348409	0.15082910604911143	No data	No data	No data	No data	No data	No data	DNA topoisomerase III alpha
CXCL13	0.09134256041504181	No data	No data	No data	No data	0.7512578797940448	No data	No data	C-X-C motif chemokine ligand 13
ABCB9	0.09106309340145202	0.14979187394225096	No data	No data	No data	No data	No data	No data	ATP binding cassette subfamily B member 9
SEC14L4	0.09081249129481735	No data	No data	No data	0.14937965250583218	No data	No data	No data	SEC14 like lipid binding 4
ENTHD1	0.08936699549632589	0.1470019216782933	No data	No data	No data	No data	No data	No data	ENTH domain containing 1
RANBP6	0.08934997834415094	0.14697392975513066	No data	No data	No data	No data	No data	No data	RAN binding protein 6
AVIL	0.0889432904358457	0.14630495902704285	No data	No data	No data	No data	No data	No data	advillin
HMGCS2	0.08887783773241553	0.146197294299927	No data	No data	No data	No data	No data	No data	3-hydroxy-3-methylglutaryl-CoA synthase 2
SLC9A8	0.08885643387782569	0.1437303633939413	No data	No data	No data	0.04863446380892969	No data	No data	solute carrier family 9 member A8
SPP1	0.08729279990231258	No data	No data	No data	No data	0.7179501371312325	No data	No data	secreted phosphoprotein 1
SOCS1	0.0861070338974163	0.13195659815674346	No data	No data	No data	0.18958317886806927	0.009169887912116174	No data	suppressor of cytokine signaling 1
IL1B	0.08592037626624206	No data	No data	No data	No data	0.7066624737864705	No data	No data	interleukin 1 beta
MTNR1B	0.08590165094650672	No data	No data	0.1401618227826793	No data	0.02279740491043579	No data	No data	melatonin receptor 1B
HRH3	0.08546592285091541	No data	No data	0.13678442946261474	No data	0.07601047869048934	No data	No data	histamine receptor H3
DEXI	0.08546486565919718	0.1389114047036066	No data	No data	No data	0.03343619386863916	No data	No data	Dexi homolog
MTNR1A	0.08520868871897291	No data	No data	0.1401618227826793	No data	No data	No data	No data	melatonin receptor 1A
CCL2	0.08456944445673092	No data	No data	No data	No data	0.6955515725554543	No data	No data	C-C motif chemokine ligand 2
IFNA1	0.08433420690122492	No data	No data	No data	No data	0.6936168329730036	No data	No data	interferon alpha 1
KIF1B	0.08302441361758736	0.13138960318239087	No data	No data	No data	0.10358505834585469	No data	No data	kinesin family member 1B
IL15	0.08044413547777882	No data	No data	No data	No data	0.6616224724411055	No data	No data	interleukin 15
PRM1	0.0803115037568935	0.13210632537850273	No data	No data	No data	No data	No data	No data	protamine 1
LRRC31	0.07978877299052452	0.1312464729603942	No data	No data	No data	No data	No data	No data	leucine rich repeat containing 31
AK5	0.07976655707082428	0.131209929459411	No data	No data	No data	No data	No data	No data	adenylate kinase 5
ST6GALNAC5	0.0795631387698903	0.13087532180055717	No data	No data	No data	No data	No data	No data	ST6 N-acetylgalactosaminide alpha-2,6-sialyltransferase 5
APOA1	0.07947467381307258	No data	No data	No data	No data	0.6536490183200528	No data	No data	apolipoprotein A1
CD4	0.07942888751118017	No data	No data	No data	No data	0.6532724433704674	No data	No data	CD4 molecule
RRM1	0.07853571912049913	No data	No data	0.1291852944924695	No data	No data	No data	No data	ribonucleotide reductase catalytic subunit M1
SCHIP1	0.0778269645076376	0.1280194469722484	No data	No data	No data	No data	No data	No data	schwannomin interacting protein 1
LPIN3	0.07773301289308726	0.1278649037003506	No data	No data	No data	No data	No data	No data	lipin 3
NR4A2	0.07760115457225283	No data	No data	No data	No data	0.6382400338749463	No data	No data	nuclear receptor subfamily 4 group A member 2
CD38	0.07740991171694941	No data	No data	0.12158615952232422	No data	0.11494534554708177	No data	No data	CD38 molecule
LMF1	0.07651107122354639	0.125854902439777	No data	No data	No data	No data	No data	No data	lipase maturation factor 1
IGF1R	0.07637152108810796	No data	No data	0.12158615952232422	No data	0.08078387082262424	No data	No data	insulin like growth factor 1 receptor
EZH2	0.07611190090104102	No data	No data	No data	No data	0.6259914878474818	No data	No data	enhancer of zeste 2 polycomb repressive complex 2 subunit
SLAMF1	0.0760700398604529	0.12452150853875597	No data	No data	No data	0.012158615952232422	No data	No data	signaling lymphocytic activation molecule family member 1
TNFRSF13C	0.07604813871525885	No data	No data	0.12158615952232422	No data	0.07014508186442087	No data	No data	TNF receptor superfamily member 13C
KRTAP5-7	0.07575382447326828	0.12460928903566405	No data	No data	No data	No data	No data	No data	keratin associated protein 5-7
PSMB5	0.07483992057365212	No data	No data	0.12158615952232422	No data	0.030396539880581056	No data	No data	proteasome 20S subunit beta 5
TMA16	0.07481105772126932	0.1230585093158295	No data	No data	No data	No data	No data	No data	translation machinery associated 16 homolog
PDE5A	0.07464168204604207	No data	No data	0.12158615952232422	No data	0.023874793379536387	No data	No data	phosphodiesterase 5A
SST	0.07410808101693275	0.11570046542810035	No data	No data	No data	0.124034011765942	No data	No data	somatostatin
CA12	0.07391597093694036	No data	No data	0.12158615952232422	No data	No data	No data	No data	carbonic anhydrase 12
EPOR	0.07391597093694036	No data	No data	0.12158615952232422	No data	No data	No data	No data	erythropoietin receptor
SLC12A3	0.07391597093694036	No data	No data	0.12158615952232422	No data	No data	No data	No data	solute carrier family 12 member 3
GABRQ	0.07391597093694036	No data	No data	0.12158615952232422	No data	No data	No data	No data	gamma-aminobutyric acid type A receptor subunit theta
GABRE	0.07391597093694036	No data	No data	0.12158615952232422	No data	No data	No data	No data	gamma-aminobutyric acid type A receptor subunit epsilon
GABRD	0.07391597093694036	No data	No data	0.12158615952232422	No data	No data	No data	No data	gamma-aminobutyric acid type A receptor subunit delta
CA1	0.07391597093694036	No data	No data	0.12158615952232422	No data	No data	No data	No data	carbonic anhydrase 1
PDE3A	0.07391597093694036	No data	No data	0.12158615952232422	No data	No data	No data	No data	phosphodiesterase 3A
PDE10A	0.07391597093694036	No data	No data	0.12158615952232422	No data	No data	No data	No data	phosphodiesterase 10A
GABRB3	0.07391597093694036	No data	No data	0.12158615952232422	No data	No data	No data	No data	gamma-aminobutyric acid type A receptor subunit beta3
GABRB2	0.07391597093694036	No data	No data	0.12158615952232422	No data	No data	No data	No data	gamma-aminobutyric acid type A receptor subunit beta2
CACNA2D1	0.07391597093694036	No data	No data	0.12158615952232422	No data	No data	No data	No data	calcium voltage-gated channel auxiliary subunit alpha2delta 1
GABRA6	0.07391597093694036	No data	No data	0.12158615952232422	No data	No data	No data	No data	gamma-aminobutyric acid type A receptor subunit alpha6
CISD2	0.07379841050197332	0.12139278153353192	No data	No data	No data	No data	No data	No data	CDGSH iron sulfur domain 2
CD8A	0.073280867785529	No data	No data	No data	No data	0.6027073153180238	No data	No data	CD8 subunit alpha
ICAM1	0.07247806325871223	No data	No data	No data	No data	0.5961045528821449	No data	No data	intercellular adhesion molecule 1
DHCR7	0.07212974006070477	0.11560829137690946	No data	No data	No data	0.06079307976116211	No data	No data	7-dehydrocholesterol reductase
CLCN6	0.07209965263422567	0.11859845383304106	No data	No data	No data	No data	No data	No data	chloride voltage-gated channel 6
CD59	0.07203909731960952	No data	No data	No data	No data	0.5924942246932516	No data	No data	CD59 molecule (CD59 blood group)
KIF11	0.0713075172800083	0.11729545132464794	No data	No data	No data	No data	No data	No data	kinesin family member 11
ZNF777	0.07079603964858304	0.11645410945903643	No data	No data	No data	No data	No data	No data	zinc finger protein 777
EMILIN3	0.07049882875260328	0.11596522010329494	No data	No data	No data	No data	No data	No data	elastin microfibril interfacer 3
ZNF774	0.06961351278749399	0.1145089425654774	No data	No data	No data	No data	No data	No data	zinc finger protein 774
CALB1	0.06949970787928575	No data	No data	No data	0.11371381133542291	0.012158615952232422	No data	No data	calbindin 1
BCAS1	0.06923644197385516	0.11214933214936476	No data	No data	No data	0.034787151196664985	No data	No data	brain enriched myelin associated protein 1
GPX6	0.06845160545549457	0.11259769323156604	No data	No data	No data	No data	No data	No data	glutathione peroxidase 6
MPHOSPH9	0.06761951129712032	0.10945160828984683	No data	No data	No data	0.03554706469367951	No data	No data	M-phase phosphoprotein 9
BMAL1	0.06718140469601913	No data	No data	No data	No data	0.5525415471625622	No data	No data	basic helix-loop-helix ARNT like 1
RHOH	0.0668680954247764	0.10999293947186294	No data	No data	No data	No data	No data	No data	ras homolog family member H
STAT5A	0.06616805540813467	0.10550625089713335	No data	No data	No data	0.0667035180712751	No data	No data	signal transducer and activator of transcription 5A
KRBA1	0.06531437435951397	0.107437186298366	No data	No data	No data	No data	No data	No data	KRAB-A domain containing 1
PTRH2	0.06488641225740556	0.1067332211368875	No data	No data	No data	No data	No data	No data	peptidyl-tRNA hydrolase 2
NCOA5	0.06464163511736677	0.1063305813282112	No data	No data	No data	No data	No data	No data	nuclear receptor coactivator 5
CYP27B1	0.06392109905030931	0.09922923537889257	No data	No data	No data	0.11832237663095176	No data	No data	cytochrome P450 family 27 subfamily B member 1
EEF1AKMT3	0.06290447342766921	0.10021389770287176	No data	No data	No data	0.06518369107724604	No data	No data	EEF1A lysine methyltransferase 3
C7	0.06250005542878706	0.10280784535728599	No data	No data	No data	No data	No data	No data	complement C7
ADCY3	0.06226067118398043	0.1024140764517673	No data	No data	No data	No data	No data	No data	adenylate cyclase 3
SIRT1	0.06183893856643175	No data	No data	No data	No data	0.5086017915968274	No data	No data	sirtuin 1
ZEB1	0.06148508018413744	0.09640149401866534	No data	No data	No data	0.09473588262781096	No data	No data	zinc finger E-box binding homeobox 1
TRAF6	0.060786457557980754	0.09922919348159658	No data	No data	No data	0.015198269940290528	No data	No data	TNF receptor associated factor 6
LDLR	0.060309298725748174	0.09859628613412705	No data	No data	No data	0.012158615952232422	No data	No data	low density lipoprotein receptor
IL10	0.06027828318868638	No data	No data	No data	No data	0.4957659936418898	No data	No data	interleukin 10
SLC12A5	0.0601547077340426	0.09894992648895651	No data	No data	No data	No data	No data	No data	solute carrier family 12 member 5
PRM2	0.05986214189684323	0.09846867790219503	No data	No data	No data	No data	No data	No data	protamine 2
SCO2	0.05976758989493661	0.09831314703868542	No data	No data	No data	No data	No data	No data	synthesis of cytochrome C oxidase 2
KCNJ10	0.05953219450313946	No data	No data	No data	No data	0.48962969746740664	No data	No data	potassium inwardly rectifying channel subfamily J member 10
NDUFAF6	0.05875137643952239	0.09664155306876875	No data	No data	No data	No data	No data	No data	NADH:ubiquinone oxidoreductase complex assembly factor 6
CEACAM19	0.058626600511746424	0.0964363061422005	No data	No data	No data	No data	No data	No data	CEA cell adhesion molecule 19
PAGR1	0.05859182824675205	0.09637910840665069	No data	No data	No data	No data	No data	No data	PAXIP1 associated glutamate rich protein 1
NEFL	0.05829465902759539	No data	No data	No data	No data	0.47945143803059276	No data	No data	neurofilament light chain
EXOC6	0.057743351800196234	0.09498342907951474	No data	No data	No data	No data	No data	No data	exocyst complex component 6
ZNHIT3	0.057714393040465516	0.09493579411868615	No data	No data	No data	No data	No data	No data	zinc finger HIT-type containing 3
BCL2	0.057312755170285126	No data	No data	No data	No data	0.47137565159924333	No data	No data	BCL2 apoptosis regulator
SERPING1	0.0569488300515431	No data	No data	No data	No data	0.46489819050688685	0.013937260642075027	No data	serpin family G member 1
PFDN4	0.05694858814957903	0.09367610322311859	No data	No data	No data	No data	No data	No data	prefoldin subunit 4
BDNF	0.05657704800194826	No data	No data	No data	No data	0.46532473946230907	No data	No data	brain derived neurotrophic factor
TNFRSF4	0.05606891718703182	No data	No data	No data	No data	0.4611455564293657	No data	No data	TNF receptor superfamily member 4
YPEL3	0.05584387070233844	0.09185892690703015	No data	No data	No data	No data	No data	No data	yippee like 3
ZSCAN31	0.055687607535869835	0.09160188586373622	No data	No data	No data	No data	No data	No data	zinc finger and SCAN domain containing 31
PLCG1	0.05555749303557663	0.09077992659313987	No data	No data	No data	0.012158615952232422	No data	No data	phospholipase C gamma 1
SPRYD7	0.05538405092793444	0.09110255829367729	No data	No data	No data	No data	No data	No data	SPRY domain containing 7
MTRFR	0.0552916627374692	0.09095058673568385	No data	No data	No data	No data	No data	No data	mitochondrial translation release factor in rescue
PIGK	0.05512143614402987	0.09067057691530937	No data	No data	No data	No data	No data	No data	phosphatidylinositol glycan anchor biosynthesis class K
DDX3Y	0.054882608420678214	No data	No data	No data	No data	No data	0.4513886172266286	No data	DEAD-box helicase 3 Y-linked
TNP2	0.054724744361641355	0.09001804905531775	No data	No data	No data	No data	No data	No data	transition protein 2
GLMN	0.05444118512338214	0.08955161563991385	No data	No data	No data	No data	No data	No data	glomulin, FKBP associated protein
MAST3	0.054293302491322026	0.0893083599393619	No data	No data	No data	No data	No data	No data	microtubule associated serine/threonine kinase 3
TSPAN31	0.053892131695505	0.08864846444238575	No data	No data	No data	No data	No data	No data	tetraspanin 31
GSDMB	0.05316720064326008	0.08408283632929174	No data	No data	No data	0.06746343156828963	No data	No data	gasdermin B
ARHGAP31	0.053136652440518406	0.08740575843381596	No data	No data	No data	No data	No data	No data	Rho GTPase activating protein 31
IFNB1	0.052854829835808415	No data	No data	No data	No data	0.43471090824366265	No data	No data	interferon beta 1
XIST	0.05268730408385109	No data	No data	No data	No data	No data	0.4333330725375635	No data	X inactive specific transcript
THRB	0.05261379875719713	No data	No data	0.08654570382665439	No data	No data	No data	No data	thyroid hormone receptor beta
PRKAA1	0.05259650435700187	0.08538582908932901	No data	No data	No data	0.02262853524443256	No data	No data	protein kinase AMP-activated catalytic subunit alpha 1
KDM5D	0.05232511582626009	No data	No data	No data	No data	0.012158615952232422	0.42731455764120846	No data	lysine demethylase 5D
RAVER2	0.052215396690589146	0.08589036267898892	No data	No data	No data	No data	No data	No data	ribonucleoprotein, PTB binding 2
CPNE2	0.051840375003968674	0.08527348048105814	No data	No data	No data	No data	No data	No data	copine 2
METTL1	0.05175546524058858	0.08165509524809308	No data	No data	No data	0.06957430239332997	No data	No data	methyltransferase 1, tRNA methylguanosine
CD37	0.05175495330578564	0.08513296827388155	No data	No data	No data	No data	No data	No data	CD37 molecule
TNXB	0.051587952729332316	0.08333843801245853	No data	No data	No data	0.030396539880581056	No data	No data	tenascin XB
CTLA4	0.05142324195776212	No data	No data	No data	No data	0.42293664147127197	No data	No data	cytotoxic T-lymphocyte associated protein 4
HMGB1	0.051153173063909305	No data	No data	No data	No data	0.4207154273551766	No data	No data	high mobility group box 1
CXCL8	0.05069811015572066	No data	No data	No data	No data	0.4169727077070156	No data	No data	C-X-C motif chemokine ligand 8
LTA	0.050619292583307156	No data	No data	0.06079307976116211	No data	0.3403331133967755	No data	No data	lymphotoxin alpha
TMEM87B	0.05058861752152322	0.08321443447226366	No data	No data	No data	No data	No data	No data	transmembrane protein 87B
NDNF	0.05027821695581563	0.08270384911135241	No data	No data	No data	No data	No data	No data	neuron derived neurotrophic factor
NFKB1	0.04983179123105783	No data	No data	No data	No data	0.4098475634630791	No data	No data	nuclear factor kappa B subunit 1
GFAP	0.049680809182538456	No data	No data	No data	No data	0.4086057934366835	No data	No data	glial fibrillary acidic protein
TNFSF13	0.04936182083837302	No data	No data	0.07599134970145263	No data	0.10410194763012635	No data	No data	TNF superfamily member 13
CXCL10	0.049288570460930825	No data	No data	No data	No data	0.40537977887097454	No data	No data	C-X-C motif chemokine ligand 10
CCR7	0.04911040701080634	No data	No data	No data	No data	0.40391445213621757	No data	No data	C-C motif chemokine receptor 7
CORO2A	0.048899750529279196	0.08043637651093141	No data	No data	No data	No data	No data	No data	coronin 2A
PRM3	0.048886862721251555	0.08041517704533718	No data	No data	No data	No data	No data	No data	protamine 3
RTN4	0.04880439710160093	No data	No data	0.07599134970145263	No data	0.08576355322859117	No data	No data	reticulon 4
ADRB2	0.048737267810514476	No data	No data	0.07599134970145263	No data	0.08355510149855284	No data	No data	adrenoceptor beta 2
RAG1	0.04847923962681243	0.07974466800707072	No data	No data	No data	No data	No data	No data	recombination activating 1
RASA2	0.04818661157657826	0.07774349009056199	No data	No data	No data	0.030396539880581056	No data	No data	RAS p21 protein activator 2
SLC25A19	0.04808732745290375	0.07910000224009793	No data	No data	No data	No data	No data	No data	solute carrier family 25 member 19
C4A	0.04741250138956412	No data	No data	No data	No data	0.38994982303770187	No data	No data	complement C4A (Rodgers blood group)
TNF	0.04740469186640627	No data	No data	No data	No data	0.3898855926747351	No data	No data	tumor necrosis factor
RASGRF1	0.0473917499809606	0.0779558301161064	No data	No data	No data	No data	No data	No data	Ras protein specific guanine nucleotide releasing factor 1
UBE2D3	0.04714537025474612	0.07755055417486041	No data	No data	No data	No data	No data	No data	ubiquitin conjugating enzyme E2 D3
INSR	0.04684424658128595	No data	No data	0.07599134970145263	No data	0.021277577916406734	No data	No data	insulin receptor
UTY	0.04683315918564542	No data	No data	No data	No data	No data	0.38518495336672315	No data	ubiquitously transcribed tetratricopeptide repeat containing, Y-linked
IGSF23	0.04659006588411302	0.07663712065115225	No data	No data	No data	No data	No data	No data	immunoglobulin superfamily member 23
ITGA2	0.04656706169027242	No data	No data	0.07599134970145263	No data	0.012158615952232422	No data	No data	integrin subunit alpha 2
CD3E	0.04619748183558772	No data	No data	0.07599134970145263	No data	No data	No data	No data	CD3 epsilon subunit of T-cell receptor complex
HTR2A	0.04619748183558772	No data	No data	0.07599134970145263	No data	No data	No data	No data	5-hydroxytryptamine receptor 2A
CD3G	0.04619748183558772	No data	No data	0.07599134970145263	No data	No data	No data	No data	CD3 gamma subunit of T-cell receptor complex
ICE2	0.04595320584792691	0.07558953425038403	No data	No data	No data	No data	No data	No data	interactor of little elongation complex ELL subunit 2
KCTD13	0.04592943690657188	0.07555043614670444	No data	No data	No data	No data	No data	No data	potassium channel tetramerization domain containing 13
SESN3	0.04575152505880887	0.07525778466653273	No data	No data	No data	No data	No data	No data	sestrin 3
PLCB3	0.04573458500699976	0.07522991956761743	No data	No data	No data	No data	No data	No data	phospholipase C beta 3
NFKBIZ	0.04572117483695662	0.07459993005856064	No data	No data	No data	0.012158615952232422	No data	No data	NFKB inhibitor zeta
PFKFB3	0.04571627470270667	0.0751998005074135	No data	No data	No data	No data	No data	No data	6-phosphofructo-2-kinase/fructose-2,6-biphosphatase 3
C1S	0.045643112053560676	No data	No data	0.06079307976116211	No data	0.28572747487746186	No data	No data	complement C1s
SSTR5	0.045514532302135556	0.07486794957740024	No data	No data	No data	No data	No data	No data	somatostatin receptor 5
EIF1AY	0.045369622961093994	No data	No data	No data	No data	No data	0.373147923574013	No data	eukaryotic translation initiation factor 1A Y-linked
VEGFA	0.04535471795584267	No data	No data	0.06079307976116211	No data	0.2762397470357071	No data	No data	vascular endothelial growth factor A
CEP57	0.0451870553821864	0.07432927491042216	No data	No data	No data	No data	No data	No data	centrosomal protein 57
C19orf44	0.04509816210235214	0.07418305221503727	No data	No data	No data	No data	No data	No data	chromosome 19 open reading frame 44
TKTL2	0.045052852557894096	0.07410852145489803	No data	No data	No data	No data	No data	No data	transketolase like 2
MMP9	0.044173533262794856	No data	No data	No data	No data	0.36331053991950646	No data	No data	matrix metallopeptidase 9
SHC1	0.044051908072698986	0.07246204378157153	No data	No data	No data	No data	No data	No data	SHC adaptor protein 1
S100B	0.043632436433391666	No data	No data	No data	No data	0.3588602239334683	No data	No data	S100 calcium binding protein B
SLC15A3	0.043163193553293906	0.07100017588000021	No data	No data	No data	No data	No data	No data	solute carrier family 15 member 3
SEMA4D	0.042980904942607374	No data	No data	0.06079307976116211	No data	0.19814490391996756	No data	No data	semaphorin 4D
UBLCP1	0.042884300132400195	0.07054141737987256	No data	No data	No data	No data	No data	No data	ubiquitin like domain containing CTD phosphatase 1
CD40LG	0.0428433895786828	No data	No data	No data	No data	0.35237061312736345	No data	No data	CD40 ligand
CLOCK	0.042474956874470775	No data	No data	No data	No data	0.34934039401640965	No data	No data	clock circadian regulator
THADA	0.04242905551512197	0.06979257455258574	No data	No data	No data	No data	No data	No data	THADA armadillo repeat containing
CSF2	0.042379959621703905	No data	No data	0.06079307976116211	No data	0.17837471549508763	No data	No data	colony stimulating factor 2
CHI3L1	0.04213539851317884	No data	No data	No data	No data	0.34654765541338145	No data	No data	chitinase 3 like 1
NLRP3	0.0419273084798604	No data	No data	No data	No data	0.34483619389394565	No data	No data	NLR family pyrin domain containing 3
RSPH3	0.041778405527788276	0.0687223047292935	No data	No data	No data	No data	No data	No data	radial spoke head 3
GPX5	0.04159500785131644	0.06842062947745176	No data	No data	No data	No data	No data	No data	glutathione peroxidase 5
LGALS8	0.04156746754495438	No data	No data	No data	No data	0.34187663882353525	No data	No data	galectin 8
MAPT	0.04099673964204279	No data	No data	No data	No data	0.3371826185077871	No data	No data	microtubule associated protein tau
ORMDL3	0.040800654484788895	0.06711397850722896	No data	No data	No data	No data	No data	No data	ORMDL sphingolipid biosynthesis regulator 3
GZMB	0.04061631737473632	No data	No data	No data	No data	0.33405378979240496	No data	No data	granzyme B
OR2B6	0.04039712493789864	0.06645020304384464	No data	No data	No data	No data	No data	No data	olfactory receptor family 2 subfamily B member 6
CDK2AP1	0.04017262719868561	0.06547299051203725	No data	No data	No data	0.012158615952232422	No data	No data	cyclin dependent kinase 2 associated protein 1
IL1R1	0.040150330981694196	No data	No data	0.06079307976116211	No data	0.10502331929113617	No data	No data	interleukin 1 receptor type 1
FGF9	0.04009941423329014	No data	No data	No data	No data	0.32980245770430444	No data	No data	fibroblast growth factor 9
VWA7	0.04001695404827377	0.06582485079796657	No data	No data	No data	No data	No data	No data	von Willebrand factor A domain containing 7
SMAD7	0.039787391854979176	No data	No data	No data	No data	0.3272361921068317	No data	No data	SMAD family member 7
DDB2	0.03928747719762095	0.06462491677008261	No data	No data	No data	No data	No data	No data	damage specific DNA binding protein 2
TEAD2	0.03928190118901993	0.06461574465933757	No data	No data	No data	No data	No data	No data	TEA domain transcription factor 2
ACKR1	0.03897014245508689	No data	No data	No data	No data	0.3205146260741269	No data	No data	atypical chemokine receptor 1 (Duffy blood group)
FLAD1	0.03884700280757031	0.06390036984503598	No data	No data	No data	No data	No data	No data	flavin adenine dinucleotide synthetase 1
ZFY	0.03878370995061261	No data	No data	No data	No data	No data	0.3189812895068176	No data	zinc finger protein Y-linked
STAT5B	0.03868902140437724	0.06364050243280135	No data	No data	No data	No data	No data	No data	signal transducer and activator of transcription 5B
HDAC1	0.03860404456492716	0.06198612995007801	No data	No data	No data	0.03029184068765905	No data	No data	histone deacetylase 1
ZKSCAN3	0.03843193849523332	0.0632176205683623	No data	No data	No data	No data	No data	No data	zinc finger with KRAB and SCAN domains 3
ZNF697	0.038369445895134545	0.06311482498645679	No data	No data	No data	No data	No data	No data	zinc finger protein 697
MBP	0.03835693889528107	No data	No data	No data	No data	0.3154712596069656	No data	No data	myelin basic protein
LTB	0.03788193510518194	No data	No data	0.06079307976116211	No data	0.030396539880581056	No data	No data	lymphotoxin beta
RRM2	0.03788193510518194	No data	No data	0.06079307976116211	No data	0.030396539880581056	No data	No data	ribonucleotide reductase regulatory subunit M2
NCAPH2	0.0377532990099109	0.062101310146208025	No data	No data	No data	No data	No data	No data	non-SMC condensin II complex subunit H2
EVPLL	0.03752736946733968	0.06172967320420931	No data	No data	No data	No data	No data	No data	envoplakin like
SLAMF6	0.0372045832785766	0.06119871443385056	No data	No data	No data	No data	No data	No data	SLAM family member 6
NUCB2	0.037150042565826144	No data	No data	No data	No data	0.3055449955141078	No data	No data	nucleobindin 2
F11	0.03695798546847018	No data	No data	0.06079307976116211	No data	No data	No data	No data	coagulation factor XI
IMPA1	0.03695798546847018	No data	No data	0.06079307976116211	No data	No data	No data	No data	inositol monophosphatase 1
GSK3A	0.03695798546847018	No data	No data	0.06079307976116211	No data	No data	No data	No data	glycogen synthase kinase 3 alpha
F12	0.03695798546847018	No data	No data	0.06079307976116211	No data	No data	No data	No data	coagulation factor XII
KLKB1	0.03695798546847018	No data	No data	0.06079307976116211	No data	No data	No data	No data	kallikrein B1
IL2	0.036883846545034925	No data	No data	No data	No data	0.3033556343085477	No data	No data	interleukin 2
IQGAP1	0.03681776849622647	0.05873864109609596	No data	No data	No data	0.03647584785669726	No data	No data	IQ motif containing GTPase activating protein 1
BIN1	0.03621882575910078	No data	No data	No data	No data	0.2978860908296943	No data	No data	bridging integrator 1
PTX3	0.03610589858128045	No data	No data	No data	No data	0.2969573076666766	No data	No data	pentraxin 3
VEGFB	0.036083088841317966	0.04820533476324422	No data	No data	No data	0.22297212959734228	No data	No data	vascular endothelial growth factor B
MIEF2	0.03604311032453117	0.05928817961868984	No data	No data	No data	No data	No data	No data	mitochondrial elongation factor 2
TNFSF10	0.03592109197143061	No data	No data	No data	No data	0.29200680564429393	0.013722151284252956	No data	TNF superfamily member 10
AGFG1	0.035726861337343783	No data	No data	No data	No data	0.2938398702426655	No data	No data	ArfGAP with FG repeats 1
HP	0.035588152360680546	No data	No data	No data	No data	0.2926990415726246	No data	No data	haptoglobin
ZC3H4	0.03504415392734096	0.05764497219916971	No data	No data	No data	No data	No data	No data	zinc finger CCCH-type containing 4
AGAP2	0.034779790884992105	0.05721011506841163	No data	No data	No data	No data	No data	No data	ArfGAP with GTPase domain, ankyrin repeat and PH domain 2
TRMT112	0.03476148195749125	0.057179998272926386	No data	No data	No data	No data	No data	No data	tRNA methyltransferase activator subunit 11-2
TMEM39A	0.034530563240609026	0.03414349477958892	No data	No data	No data	0.24132140411566158	No data	No data	transmembrane protein 39A
USP9Y	0.034393101276958354	No data	No data	No data	No data	No data	0.2828702001286873	No data	ubiquitin specific peptidase 9 Y-linked
CD163	0.03424615632421627	No data	No data	No data	No data	0.28166163368231395	No data	No data	CD163 molecule
FAS	0.03422513345436221	No data	No data	No data	No data	0.28148872855942286	No data	No data	Fas cell surface death receptor
IL33	0.03417011450533972	0.04031786758443661	No data	No data	No data	0.2306388841119644	No data	No data	interleukin 33
CASP8	0.03405845795678337	No data	No data	No data	No data	0.2801178858727745	No data	No data	caspase 8
GGNBP2	0.03393558834576955	0.055821465994307845	No data	No data	No data	No data	No data	No data	gametogenetin binding protein 2
SPON1	0.03373316133525354	0.05548848893291979	No data	No data	No data	No data	No data	No data	spondin 1
MANBA	0.03371459492832738	0.0518103638176614	No data	No data	No data	0.07295169571339452	No data	No data	mannosidase beta
FLI1	0.03363874918369652	0.05533318811261601	No data	No data	No data	No data	No data	No data	Fli-1 proto-oncogene, ETS transcription factor
H2AX	0.03346750906311466	No data	No data	No data	No data	0.2752575555852617	No data	No data	H2A.X variant histone
EMC8	0.03333159612670193	0.05482794465694424	No data	No data	No data	No data	No data	No data	ER membrane protein complex subunit 8
HGF	0.03329771187601717	No data	No data	No data	No data	0.27386103818752033	No data	No data	hepatocyte growth factor
AIRE	0.03322522893615469	No data	No data	No data	No data	0.01823792392834863	No data	0.2687054125443365	autoimmune regulator
TGFB1	0.0329615858094506	No data	No data	No data	No data	0.27109652890548436	No data	No data	transforming growth factor beta 1
AOPEP	0.0328708123477391	No data	No data	No data	No data	0.27034995164645975	No data	No data	aminopeptidase O (putative)
C5AR1	0.03285154263864015	No data	No data	No data	No data	0.2701914656051649	No data	No data	complement C5a receptor 1
POMC	0.03281228840309248	No data	No data	No data	No data	0.26986861442126453	No data	No data	proopiomelanocortin
C1orf52	0.03248957545899307	0.05344288459580421	No data	No data	No data	No data	No data	No data	chromosome 1 open reading frame 52
SDC1	0.03239112071464287	No data	No data	No data	No data	0.26640467008661123	No data	No data	syndecan 1
SERPINA3	0.031994800618952234	No data	No data	No data	No data	0.26314508776862655	No data	No data	serpin family A member 3
IL15RA	0.03168832470750529	0.052124887951061655	No data	No data	No data	No data	No data	No data	interleukin 15 receptor subunit alpha
TGFA	0.03168654480781738	No data	No data	No data	No data	0.26060980075614176	No data	No data	transforming growth factor alpha
CEBPB	0.03157854536139285	No data	No data	No data	No data	0.2597215463129648	No data	No data	CCAAT enhancer binding protein beta
CD1D	0.031328942188859246	No data	No data	No data	No data	0.25766865498459135	No data	No data	CD1d molecule
IQCJ-SCHIP1	0.03128892829094103	0.051467911173222185	No data	No data	No data	No data	No data	No data	IQCJ-SCHIP1 readthrough
CSF3	0.031231821656983447	No data	No data	No data	No data	0.25686987548322904	No data	No data	colony stimulating factor 3
GJB1	0.031175703319786533	No data	No data	No data	No data	0.2564083234659814	No data	No data	gap junction protein beta 1
CUTA	0.03113158296576615	0.0512090900610281	No data	No data	No data	No data	No data	No data	cutA divalent cation tolerance homolog
MMP3	0.03112900304188488	No data	No data	No data	No data	0.2560242314107251	No data	No data	matrix metallopeptidase 3
RPL5	0.0311042177378134	0.04722941312109725	No data	No data	No data	0.07869326435750429	No data	No data	ribosomal protein L5
TRIM71	0.031086470990995575	0.051134884288022674	No data	No data	No data	No data	No data	No data	tripartite motif containing 71
BRDT	0.03105848906536422	0.0510888561451135	No data	No data	No data	No data	No data	No data	bromodomain testis associated
CD274	0.030885298565687454	0.03211311558013043	No data	No data	No data	0.2138784601450222	No data	No data	CD274 molecule
CLIC1	0.030854723124387837	0.050753676644787284	No data	No data	No data	No data	No data	No data	chloride intracellular channel 1
BIRC5	0.030758821050342045	No data	No data	No data	No data	0.2529796250756195	No data	No data	baculoviral IAP repeat containing 5
GDPD3	0.030739663219500106	0.05056441183810243	No data	No data	No data	No data	No data	No data	glycerophosphodiester phosphodiesterase domain containing 3
SPAST	0.030711264635732753	No data	No data	No data	No data	0.25258849162098845	No data	No data	spastin
CLASP2	0.03063488864109481	0.050392065612484445	No data	No data	No data	No data	No data	No data	cytoplasmic linker associated protein 2
PON1	0.03057830333481195	No data	No data	No data	No data	0.2514949354017348	No data	No data	paraoxonase 1
GRB7	0.030484909154442262	0.05014536074534862	No data	No data	No data	No data	No data	No data	growth factor receptor bound protein 7
TFRC	0.030372329063712324	No data	No data	No data	No data	0.2498008752232668	No data	No data	transferrin receptor
MARCHF9	0.030301662236721486	0.0498439334802048	No data	No data	No data	No data	No data	No data	membrane associated ring-CH-type finger 9
NMI	0.030293907666856818	0.048918562624215865	No data	No data	No data	No data	0.0182523035478019	No data	N-myc and STAT interactor
SRD5A1	0.03010424537319291	0.049519197730175074	No data	No data	No data	No data	No data	No data	steroid 5 alpha-reductase 1
MSL1	0.029968397282165247	0.04929573793580149	No data	No data	No data	No data	No data	No data	MSL complex subunit 1
ICOS	0.029920175418348682	No data	No data	No data	No data	0.24608208315729466	No data	No data	inducible T cell costimulator
RETN	0.02986090413063067	No data	No data	No data	No data	0.2455945993190776	No data	No data	resistin
PRRT2	0.029792927863848705	0.04900710406660797	No data	No data	No data	No data	No data	No data	proline rich transmembrane protein 2
OGFOD2	0.029724773894029596	0.04889499596139787	No data	No data	No data	No data	No data	No data	2-oxoglutarate and iron dependent oxygenase domain containing 2
LILRA3	0.02972045586534845	No data	No data	No data	No data	0.24443946566049343	No data	No data	leukocyte immunoglobulin like receptor A3 
CD55	0.029638251124298173	No data	No data	No data	No data	0.24376336287565972	No data	No data	CD55 molecule (Cromer blood group)
TRIM28	0.02956638837477615	No data	No data	No data	No data	0.24317231904464845	No data	No data	tripartite motif containing 28
SETDB1	0.02956638837477615	No data	No data	No data	No data	0.24317231904464845	No data	No data	SET domain bifurcated histone lysine methyltransferase 1
H3P23	0.02956638837477615	No data	No data	No data	No data	0.24317231904464845	No data	No data	H3 histone pseudogene 23
CD46	0.029504798494528018	No data	No data	No data	No data	0.2426657656631608	No data	No data	CD46 molecule
IL4	0.02946022291192527	No data	No data	No data	No data	0.24229914842006442	No data	No data	interleukin 4
BANF1	0.029305201963875392	0.04820483199569227	No data	No data	No data	No data	No data	No data	BAF nuclear assembly factor 1
NOS1	0.02928673961806472	No data	No data	No data	No data	0.24087231419368443	No data	No data	nitric oxide synthase 1
ZNF165	0.02916797708060057	0.04797910748261621	No data	No data	No data	No data	No data	No data	zinc finger protein 165
NXPH2	0.028973865895257425	0.047659809322191125	No data	No data	No data	No data	No data	No data	neurexophilin 2
CD24	0.028949817877772975	No data	No data	No data	No data	0.2381012607973488	No data	No data	CD24 molecule
TIMP1	0.02894506783023448	No data	No data	No data	No data	0.2380621934597739	No data	No data	TIMP metallopeptidase inhibitor 1
IFNG	0.028942387258654338	No data	No data	No data	No data	0.2380401467762478	No data	No data	interferon gamma
PTPRC	0.028935371611685898	No data	No data	No data	No data	0.23798244574353156	No data	No data	protein tyrosine phosphatase receptor type C
FASLG	0.028933801776259725	No data	No data	No data	No data	0.23796953444316366	No data	No data	Fas ligand
LLGL1	0.028925022813497042	0.04757946616150199	No data	No data	No data	No data	No data	No data	LLGL scribble cell polarity complex component 1
CXCR3	0.028896334438561683	No data	No data	No data	No data	0.2376613798156531	No data	No data	C-X-C motif chemokine receptor 3
HLA-G	0.028795183866248752	No data	No data	No data	No data	0.23682945476176276	No data	No data	major histocompatibility complex, class I, G
ZCCHC24	0.028718749045442454	0.047240161476059216	No data	No data	No data	No data	No data	No data	zinc finger CCHC-type containing 24
B4GALT5	0.028707373987896384	0.047221450370139334	No data	No data	No data	No data	No data	No data	beta-1,4-galactosyltransferase 5
PRDX5	0.02853839772007555	0.043751860553005194	No data	No data	No data	0.06383273374922022	No data	No data	peroxiredoxin 5
ATF6B	0.028360418211234344	0.046650734462958574	No data	No data	No data	No data	No data	No data	activating transcription factor 6 beta
KPNB1	0.02824376673450889	0.046458851641453656	No data	No data	No data	No data	No data	No data	karyopherin subunit beta 1
KCP	0.02821170399665694	0.04640611087231033	No data	No data	No data	No data	No data	No data	kielin cysteine rich BMP regulator
VARS1	0.028143048530261804	0.04629317784331285	No data	No data	No data	No data	No data	No data	valyl-tRNA synthetase 1
CEP83	0.02776498447697316	0.045671291183229254	No data	No data	No data	No data	No data	No data	centrosomal protein 83
IGSF3	0.027668631430789927	0.0455127977386435	No data	No data	No data	No data	No data	No data	immunoglobulin superfamily member 3
CEACAM1	0.0276106949770696	No data	No data	No data	No data	0.22708748335784099	No data	No data	CEA cell adhesion molecule 1
DOK6	0.027588931298743815	0.04538169707330588	No data	No data	No data	No data	No data	No data	docking protein 6
FLOT1	0.027574763602308584	No data	No data	No data	No data	0.22679196144233532	No data	No data	flotillin 1
RPL17	0.02746534253214992	No data	No data	No data	No data	0.22589201468368658	No data	No data	ribosomal protein L17
MYBPC3	0.027391928849681627	0.045057643003605596	No data	No data	No data	No data	No data	No data	myosin binding protein C3
BID	0.02734890924666793	No data	No data	No data	No data	0.22493439511629978	No data	No data	BH3 interacting domain death agonist
CCN2	0.02710005881118023	No data	No data	No data	No data	0.22288769476434067	No data	No data	cellular communication network factor 2
TPPP	0.02681137588024318	No data	No data	No data	No data	0.22051338726033523	No data	No data	tubulin polymerization promoting protein
CASP1	0.026804305434016417	No data	No data	No data	No data	0.2204552355245247	No data	No data	caspase 1
KLRB1	0.026778805831181487	No data	No data	No data	No data	0.22024551097252706	No data	No data	killer cell lectin like receptor B1
MX1	0.026743630444144434	No data	No data	No data	No data	0.20782737737597487	0.04851531757221457	No data	MX dynamin like GTPase 1
GPR18	0.026716006463858993	0.043945802003810666	No data	No data	No data	No data	No data	No data	G protein-coupled receptor 18
CLDN5	0.0264935689756705	No data	No data	No data	No data	0.2178995461305451	No data	No data	claudin 5
CXCL5	0.02649116342984383	No data	No data	No data	No data	0.2178797614294235	No data	No data	C-X-C motif chemokine ligand 5
CHI3L2	0.026482860453856786	No data	No data	No data	No data	0.21781147260428363	No data	No data	chitinase 3 like 2
PHF1	0.0262915248925514	0.043247562051212024	No data	No data	No data	No data	No data	No data	PHD finger protein 1
CXCL1	0.026047776065789105	No data	No data	No data	No data	0.21423306869896255	No data	No data	C-X-C motif chemokine ligand 1
HAVCR2	0.026002517062981716	No data	No data	No data	No data	0.2138608305841541	No data	No data	hepatitis A virus cellular receptor 2
NTN1	0.02586812596223123	No data	No data	No data	No data	0.212755514804147	No data	No data	netrin 1
TNFRSF6B	0.025859400212672506	0.03601838065765393	No data	No data	No data	0.1303673821544921	No data	No data	TNF receptor superfamily member 6b
TSPAN32	0.025850057613779977	No data	No data	No data	No data	0.21260690949806413	No data	No data	tetraspanin 32
ITGAX	0.02573205521166092	No data	No data	No data	No data	0.21163638454207695	No data	No data	integrin subunit alpha X
PARP10	0.025704546039480046	0.042282026409034626	No data	No data	No data	No data	No data	No data	poly(ADP-ribose) polymerase family member 10
PLEKHG6	0.02563819694389106	0.04113661944717058	No data	No data	No data	No data	0.02072535475425583	No data	pleckstrin homology and RhoGEF domain containing G6
LINC00278	0.02561188392964983	No data	No data	No data	No data	No data	0.2106480213724267	No data	long intergenic non-protein coding RNA 278
IL12RB1	0.025582872853159914	0.03859472465359379	No data	No data	No data	0.0697431720593332	No data	No data	interleukin 12 receptor subunit beta 1
PROK2	0.02556260661569188	No data	No data	No data	No data	0.21024273417401898	No data	No data	prokineticin 2
LCN2	0.02550239163694024	No data	No data	No data	No data	0.2097474888353373	No data	No data	lipocalin 2
VIP	0.025460846284870907	No data	No data	No data	No data	0.20940579408790427	No data	No data	vasoactive intestinal peptide
RNF114	0.02540255216723364	0.041785269420520715	No data	No data	No data	No data	No data	No data	ring finger protein 114
SLC6A16	0.02540019509890649	0.041781392222102066	No data	No data	No data	No data	No data	No data	solute carrier family 6 member 16
MYO19	0.025388032516195046	0.041761385697084374	No data	No data	No data	No data	No data	No data	myosin XIX
LEP	0.025321062903067786	No data	No data	No data	No data	0.20825612884350236	No data	No data	leptin
TRBV20OR9-2	0.025231843833984285	No data	No data	No data	No data	0.20752233587369387	No data	No data	T cell receptor beta variable 20/OR9-2 (non-functional)
UBXN6	0.025134867957786553	0.041344949222072575	No data	No data	No data	No data	No data	No data	UBX domain protein 6
PLP1	0.025062813227895123	No data	No data	No data	No data	0.20613212331370157	No data	No data	proteolipid protein 1
PARP1	0.025027319222080173	No data	No data	No data	No data	0.20584019859172337	No data	No data	poly(ADP-ribose) polymerase 1
PPP4C	0.025015513837879914	0.04114862075775469	No data	No data	No data	No data	No data	No data	protein phosphatase 4 catalytic subunit
LIME1	0.0249611993837293	0.0410592776049419	No data	No data	No data	No data	No data	No data	Lck interacting transmembrane adaptor 1
LAG3	0.024816071366255743	No data	No data	No data	No data	0.2041027651810921	No data	No data	lymphocyte activating 3
KDR	0.024790184719400844	No data	No data	No data	No data	0.2038898573389775	No data	No data	kinase insert domain receptor
NR4A1	0.024778058142309493	No data	No data	No data	No data	0.20379012084644416	No data	No data	nuclear receptor subfamily 4 group A member 1
SLC44A4	0.02455004034260139	0.0403829522028678	No data	No data	No data	No data	No data	No data	solute carrier family 44 member 4
CCL7	0.024491235681389213	No data	No data	No data	No data	0.20143111500197045	No data	No data	C-C motif chemokine ligand 7
FOXP3	0.02444747823406577	No data	No data	No data	No data	0.2010712266109286	No data	No data	forkhead box P3
TEK	0.024392270409190318	No data	No data	No data	No data	0.20061716321183495	No data	No data	TEK receptor tyrosine kinase
EIF1AD	0.024350077101811675	0.04005402785559783	No data	No data	No data	No data	No data	No data	eukaryotic translation initiation factor 1A domain containing
CX3CL1	0.024283999505050585	No data	No data	No data	No data	0.19972667613201356	No data	No data	C-X3-C motif chemokine ligand 1
GJC2	0.024235814937373795	No data	No data	No data	No data	0.19933037635689038	No data	No data	gap junction protein gamma 2
CRP	0.024230381469049805	No data	No data	No data	No data	0.19928568814282607	No data	No data	C-reactive protein
IL22	0.02416846905888803	No data	No data	No data	No data	0.19877648207525217	No data	No data	interleukin 22
MCAM	0.024043816032314196	No data	No data	No data	No data	0.19775125825813716	No data	No data	melanoma cell adhesion molecule
CCL5	0.024012417310480275	No data	No data	No data	No data	0.19749301569206484	No data	No data	C-C motif chemokine ligand 5
IL18	0.02399191212761429	No data	No data	No data	No data	0.1973243683481028	No data	No data	interleukin 18
CARD6	0.023910323806700485	0.03933066707697162	No data	No data	No data	No data	No data	No data	caspase recruitment domain family member 6
ZNF532	0.023879051691796466	0.039279226822543194	No data	No data	No data	No data	No data	No data	zinc finger protein 532
MIF	0.023770672332730863	No data	No data	No data	No data	0.19550475503230588	No data	No data	macrophage migration inhibitory factor
CXCL12	0.023604718641130035	No data	No data	No data	No data	0.19413984892578184	No data	No data	C-X-C motif chemokine ligand 12
SBNO1	0.023562843816390337	0.038759088878144894	No data	No data	No data	No data	No data	No data	strawberry notch homolog 1
CXCL6	0.023529917414926015	No data	No data	No data	No data	0.1935246372396994	No data	No data	C-X-C motif chemokine ligand 6
IL18R1	0.023447788558329418	No data	No data	No data	No data	0.19284915857568646	No data	No data	interleukin 18 receptor 1
CALCA	0.0234281802427594	0.03280867410578533	No data	No data	No data	0.11457806838319023	No data	No data	calcitonin related polypeptide alpha
ZGPAT	0.023390824639445185	0.038476130394019786	No data	No data	No data	No data	No data	No data	zinc finger CCCH-type and G-patch domain containing
HOXB3	0.02328353084513621	No data	No data	No data	No data	0.19149820124766065	No data	No data	homeobox B3
TOP1	0.023248384467138103	0.038241827126498734	No data	No data	No data	No data	No data	No data	DNA topoisomerase I
TNFSF12	0.023168304728837116	No data	No data	No data	No data	0.19055051018848262	No data	No data	TNF superfamily member 12
HLA-C	0.023121992268254017	No data	No data	No data	No data	0.19016960778343053	No data	No data	major histocompatibility complex, class I, C
NFE2L2	0.023093384338288756	No data	No data	No data	No data	0.18993431842091058	No data	No data	NFE2 like bZIP transcription factor 2
RBM43	0.023065769497058783	0.03794143936723936	No data	No data	No data	No data	No data	No data	RNA binding motif protein 43
CNTF	0.02302266859319863	No data	No data	No data	No data	0.18935270826587364	No data	No data	ciliary neurotrophic factor
CCR5	0.022959284437357803	No data	No data	No data	No data	0.18883139764886062	No data	No data	C-C motif chemokine receptor 5
FN1	0.022853073064573532	No data	No data	No data	No data	0.18795784943250488	No data	No data	fibronectin 1
ADCYAP1	0.022829801386860336	No data	No data	No data	No data	0.1877664487187672	No data	No data	adenylate cyclase activating polypeptide 1
SPATA2	0.02280826391269498	0.03751786223415864	No data	No data	No data	No data	No data	No data	spermatogenesis associated 2
HSPA5	0.02273445776910163	No data	No data	No data	No data	0.18698228366138495	No data	No data	heat shock protein family A (Hsp70) member 5
NOS2	0.022587124161047085	No data	No data	No data	No data	0.18577052067262562	No data	No data	nitric oxide synthase 2
PDCD1LG2	0.022512555653892846	0.03211311558013043	No data	No data	No data	0.09836658044688036	No data	No data	programmed cell death 1 ligand 2
FLII	0.022486369885308066	0.0369883710015191	No data	No data	No data	No data	No data	No data	FLII actin remodeling protein
ALB	0.022485877985147486	No data	No data	No data	No data	0.18493780931553228	No data	No data	albumin
PGA3	0.02224439864786901	0.036590346689558455	No data	No data	No data	No data	No data	No data	pepsinogen A3
IL32	0.022222426017908137	No data	No data	No data	No data	0.18277101690861383	No data	No data	interleukin 32
CYBA	0.022215855709380408	No data	No data	No data	No data	0.1827169786154928	No data	No data	cytochrome b-245 alpha chain
KLK6	0.022146662147697768	No data	No data	No data	No data	0.1821478878410619	No data	No data	kallikrein related peptidase 6
KL	0.02195005775293666	No data	No data	No data	No data	0.18053089133805933	No data	No data	klotho
CYP2R1	0.021885697654804498	0.03280867410578533	No data	No data	No data	0.06383273374922022	No data	No data	cytochrome P450 family 2 subfamily R member 1
BECN1	0.021879743363758825	No data	No data	No data	No data	0.17995258218302	No data	No data	beclin 1
TTR	0.02187872641390043	No data	No data	No data	No data	0.17994421815653544	No data	No data	transthyretin
IL23A	0.02187729043367393	No data	No data	No data	No data	0.17993240776436467	No data	No data	interleukin 23 subunit alpha
IGF1	0.021841652186071304	No data	No data	No data	No data	0.17963929670844647	No data	No data	insulin like growth factor 1
SIGLEC1	0.021776450271457425	No data	No data	No data	No data	0.17606992584425635	0.012132439485636156	No data	sialic acid binding Ig like lectin 1
APLN	0.021764146998099105	No data	No data	No data	No data	0.17900184596342175	No data	No data	apelin
KIFC1	0.021608809390927037	0.035544850624152635	No data	No data	No data	No data	No data	No data	kinesin family member C1
ACE	0.021599908895893395	No data	No data	No data	No data	0.17765104992832242	No data	No data	angiotensin I converting enzyme
VCAM1	0.021534643139259495	No data	No data	No data	No data	0.17711426385916532	No data	No data	vascular cell adhesion molecule 1
SOD1	0.021534523914932973	No data	No data	No data	No data	0.17711328328434503	No data	No data	superoxide dismutase 1
PLEKHG5	0.02151805812995523	0.035395571690878744	No data	No data	No data	No data	No data	No data	pleckstrin homology and RhoGEF domain containing G5
IL37	0.021478186384823933	No data	No data	No data	No data	0.1766499284886152	No data	No data	interleukin 37
NLRP2	0.021435631571712705	No data	No data	No data	No data	0.1762999313073701	No data	No data	NLR family pyrin domain containing 2
CYBB	0.021294854255583553	No data	No data	No data	No data	0.1751420913304992	No data	No data	cytochrome b-245 beta chain
IGHE	0.021253915781198004	No data	No data	No data	No data	0.17480538792160477	No data	No data	immunoglobulin heavy constant epsilon
MAZ	0.02124728794532234	0.03168254726041516	No data	No data	No data	0.06535256074324927	No data	No data	MYC associated zinc finger protein
IL21R	0.02122257446560064	No data	No data	No data	No data	0.17454761750003298	No data	No data	interleukin 21 receptor
AMH	0.021117382252400875	No data	No data	No data	No data	0.17368245148432007	No data	No data	anti-Mullerian hormone
MAG	0.021113313459003982	No data	No data	No data	No data	0.17364898720341113	No data	No data	myelin associated glycoprotein
ANPEP	0.02104773637674895	No data	No data	No data	No data	0.17310964059921977	No data	No data	alanyl aminopeptidase, membrane
C1QTNF8	0.02103553237429946	0.0346018534625023	No data	No data	No data	No data	No data	No data	C1q and TNF related 8
CCL22	0.021021365163116874	No data	No data	No data	No data	0.1728927473793362	No data	No data	C-C motif chemokine ligand 22
PSMA1	0.02100702038365294	0.03455495340289267	No data	No data	No data	No data	No data	No data	proteasome 20S subunit alpha 1
PRKCA	0.021003085096346227	No data	No data	No data	No data	0.1727424007704585	No data	No data	protein kinase C alpha
PADI2	0.020972730742264425	No data	No data	No data	No data	0.17249274773263695	No data	No data	peptidyl arginine deiminase 2
NTF4	0.020942858432133102	No data	No data	No data	No data	0.17224705932329268	No data	No data	neurotrophin 4
KRTAP5-10	0.020892414820206772	0.03436643595337963	No data	No data	No data	No data	No data	No data	keratin associated protein 5-10
UCHL1	0.02088269904467609	No data	No data	No data	No data	0.17175227120190317	No data	No data	ubiquitin C-terminal hydrolase L1
YPEL1	0.02087202315023403	0.03433289320467722	No data	No data	No data	No data	No data	No data	yippee like 1
PDE3B	0.020869353054421568	0.03280867410578533	No data	No data	No data	0.030396539880581056	No data	No data	phosphodiesterase 3B
LILRB4	0.020868531816913182	No data	No data	No data	No data	0.17163575113236096	No data	No data	leukocyte immunoglobulin like receptor B4
NCAM1	0.020858253472100897	No data	No data	No data	No data	0.17155121564861298	No data	No data	neural cell adhesion molecule 1
MPO	0.02085450785936128	No data	No data	No data	No data	0.1715204094059096	No data	No data	myeloperoxidase
RPL37	0.020848065588341128	0.034293484834535384	No data	No data	No data	No data	No data	No data	ribosomal protein L37
MMP2	0.020747836601423267	No data	No data	No data	No data	0.17064307880876683	No data	No data	matrix metallopeptidase 2
HCRT	0.020741739904480853	No data	No data	No data	No data	0.170592935791121	No data	No data	hypocretin neuropeptide precursor
ADA	0.020706902797968475	No data	No data	No data	No data	0.1703064138165045	No data	No data	adenosine deaminase
ASIC1	0.020678265468506672	No data	No data	No data	No data	0.1700708826542874	No data	No data	acid sensing ion channel subunit 1
CIITA	0.020658346410618207	No data	No data	No data	No data	0.16990705596573402	No data	No data	class II major histocompatibility complex transactivator
CYP2U1	0.02064929396124134	0.03396652060130242	No data	No data	No data	No data	No data	No data	cytochrome P450 family 2 subfamily U member 1
CST3	0.020627841725638717	No data	No data	No data	No data	0.16965616651335444	No data	No data	cystatin C
KCNJ15	0.020615528131379644	0.03391097837512413	No data	No data	No data	No data	No data	No data	potassium inwardly rectifying channel subfamily J member 15
LIF	0.020597400922802163	No data	No data	No data	No data	0.16940580246734668	No data	No data	LIF interleukin 6 family cytokine
GAS5	0.020513507131509325	No data	No data	No data	No data	0.16871580788554208	No data	No data	growth arrest specific 5
FAM167B	0.020455911098996946	0.03364842047707095	No data	No data	No data	No data	No data	No data	family with sequence similarity 167 member B
TLR4	0.020371691771768712	No data	No data	No data	No data	0.16754943039407624	No data	No data	toll like receptor 4
CCL4	0.020186028229993012	No data	No data	No data	No data	0.16602241825301417	No data	No data	C-C motif chemokine ligand 4
SP140L	0.020182017556515153	0.03319788639727463	No data	No data	No data	No data	No data	No data	SP140 nuclear body protein like
NTRK2	0.020175047088759657	No data	No data	No data	No data	0.1659321025355304	No data	No data	neurotrophic receptor tyrosine kinase 2
CALR3	0.02008268474946677	0.03303449147232819	No data	No data	No data	No data	No data	No data	calreticulin 3
BSG	0.020040638406543413	No data	No data	No data	No data	0.16482664215464252	No data	No data	basigin (Ok blood group)
CD209	0.019972711313585762	No data	No data	No data	No data	0.16426796760464013	No data	No data	CD209 molecule
INSC	0.01994540341770981	0.03280867410578533	No data	No data	No data	No data	No data	No data	INSC spindle orientation adaptor protein
CALCB	0.01994540341770981	0.03280867410578533	No data	No data	No data	No data	No data	No data	calcitonin related polypeptide beta
EWSR1	0.01991828837534716	No data	No data	No data	No data	0.16382035960014016	No data	No data	EWS RNA binding protein 1
PXYLP1	0.019915813398733766	0.03276000077143165	No data	No data	No data	No data	No data	No data	2-phosphoxylose phosphatase 1
SEMA4A	0.01982494664846799	No data	No data	No data	No data	0.16305265933519322	No data	No data	semaphorin 4A
TLR2	0.019713776758951605	No data	No data	No data	No data	0.16213832920129362	No data	No data	toll like receptor 2
BDH2	0.019697114080648524	0.032400256999699006	No data	No data	No data	No data	No data	No data	3-hydroxybutyrate dehydrogenase 2
APP	0.01960623515947195	No data	No data	No data	No data	0.16125384037540952	No data	No data	amyloid beta precursor protein
ITGB2	0.01959490600249804	No data	No data	No data	No data	0.16116066236058926	No data	No data	integrin subunit beta 2
ADGRE2	0.019587732298289195	No data	No data	No data	No data	0.1611016613670796	No data	No data	adhesion G protein-coupled receptor E2
MOBP	0.019560992464837307	No data	No data	No data	No data	0.16088173638913028	No data	No data	myelin associated oligodendrocyte basic protein
CAPSL	0.01954488491546411	0.032149851582203334	No data	No data	No data	No data	No data	No data	calcyphosine like
CNP	0.019535844983910644	No data	No data	No data	No data	0.16067490790613964	No data	No data	2',3'-cyclic nucleotide 3' phosphodiesterase
IL16	0.019532118118768444	No data	No data	No data	No data	0.1606442558553072	No data	No data	interleukin 16
TPD52L3	0.019522551968422865	0.03211311558013043	No data	No data	No data	No data	No data	No data	TPD52 like 3
PLGRKT	0.019522551968422865	0.03211311558013043	No data	No data	No data	No data	No data	No data	plasminogen receptor with a C-terminal lysine
FCRL1	0.019404485149267327	0.03191890462779936	No data	No data	No data	No data	No data	No data	Fc receptor like 1
SLC30A3	0.019402942370946846	No data	No data	No data	No data	0.15958183437305054	No data	No data	solute carrier family 30 member 3
REEP1	0.019402942370946846	No data	No data	No data	No data	0.15958183437305054	No data	No data	receptor accessory protein 1
HCAR2	0.019340819852402304	No data	No data	No data	No data	0.1590709002437993	No data	No data	hydroxycarboxylic acid receptor 2
SERPINE1	0.019334940771410087	No data	No data	No data	No data	0.1590225470347226	No data	No data	serpin family E member 1
RAB3A	0.01929640695786496	0.03174112420965477	No data	No data	No data	No data	No data	No data	RAB3A, member RAS oncogene family
IL1A	0.01925047606467585	No data	No data	No data	No data	0.15832785689016934	No data	No data	interleukin 1 alpha
HNMT	0.019218152443604492	No data	No data	No data	No data	0.15806200737902149	No data	No data	histamine N-methyltransferase
TFR2	0.019218152443604492	No data	No data	No data	No data	0.15806200737902149	No data	No data	transferrin receptor 2
GAN	0.019204832053448296	No data	No data	No data	No data	0.15795245222727944	No data	No data	gigaxonin
ERMN	0.019082229185937123	No data	No data	No data	No data	0.15694409019008013	No data	No data	ermin
MAPK8	0.01903455991323506	No data	No data	No data	No data	0.15655202852048436	No data	No data	mitogen-activated protein kinase 8
TMSB4Y	0.01902597091916845	No data	No data	No data	No data	No data	0.15648138730523128	No data	thymosin beta 4 Y-linked
IRF1	0.019002727847493593	No data	No data	No data	No data	0.1562902218652982	No data	No data	interferon regulatory factor 1
REG4	0.0189713559458553	0.03120643997703045	No data	No data	No data	No data	No data	No data	regenerating family member 4
SAR1B	0.018897166118824624	0.031084403345028676	No data	No data	No data	No data	No data	No data	secretion associated Ras related GTPase 1B
AK4	0.018866708720732865	0.03103430323789244	No data	No data	No data	No data	No data	No data	adenylate kinase 4
NGF	0.018858384968201893	No data	No data	No data	No data	0.15510305648513667	No data	No data	nerve growth factor
CX3CR1	0.018821904555161473	No data	No data	No data	No data	0.1548030189382338	No data	No data	C-X3-C motif chemokine receptor 1
RTN4R	0.018820749692811115	No data	No data	No data	No data	0.1547935206338635	No data	No data	reticulon 4 receptor
CCL27	0.018785600531304937	No data	No data	No data	No data	0.1545044321253995	No data	No data	C-C motif chemokine ligand 27
FBH1	0.018732815674696177	0.030814059344076376	No data	No data	No data	No data	No data	No data	F-box DNA helicase 1
KIF5A	0.018683358795267314	No data	No data	No data	No data	0.15366353266415075	No data	No data	kinesin family member 5A
EGF	0.018677399331750097	No data	No data	No data	No data	0.1536145183393244	No data	No data	epidermal growth factor
NQO1	0.018509212951328378	No data	No data	No data	No data	0.15223124921492348	No data	No data	NAD(P)H quinone dehydrogenase 1
CNTN1	0.018507545135254103	No data	No data	No data	No data	0.1522175320609248	No data	No data	contactin 1
PLAT	0.018482165113133765	No data	No data	No data	No data	0.15200879101490403	No data	No data	plasminogen activator, tissue type
FGFR2	0.01847899273423509	No data	No data	0.030396539880581056	No data	No data	No data	No data	fibroblast growth factor receptor 2
TF	0.018436655978165472	No data	No data	No data	No data	0.1516344956580387	No data	No data	transferrin
IL23R	0.01838737568668223	No data	No data	No data	No data	0.15122918397061597	No data	No data	interleukin 23 receptor
HDAC9	0.018383817477370775	No data	No data	No data	No data	0.1511999190499586	No data	No data	histone deacetylase 9
GAP43	0.018313313238993514	No data	No data	No data	No data	0.15062004845733318	No data	No data	growth associated protein 43
IGHG3	0.018304330868581933	No data	No data	No data	No data	0.15054617187099414	No data	No data	immunoglobulin heavy constant gamma 3 (G3m marker)
EPO	0.018300978036573635	No data	No data	No data	No data	0.15051859610068055	No data	No data	erythropoietin
ANGPT1	0.01829420280689274	No data	No data	No data	No data	0.1504628724088762	No data	No data	angiopoietin 1
CXCR2	0.018199186858164185	No data	No data	No data	No data	0.14968140230486235	No data	No data	C-X-C motif chemokine receptor 2
PLG	0.01783209855084905	No data	No data	No data	No data	0.14666224034796435	No data	No data	plasminogen
CD79A	0.017819054193575767	No data	No data	No data	No data	0.14655495546188413	No data	No data	CD79a molecule
MCM3AP	0.017739833024865686	No data	No data	No data	No data	0.14590339142678904	No data	No data	minichromosome maintenance complex component 3 associated protein
PINK1	0.0176911716773322	No data	No data	No data	No data	0.1455031703183614	No data	No data	PTEN induced kinase 1
OAS1	0.01732431605438442	No data	No data	No data	No data	0.13708979951361228	0.021584490353721456	No data	2'-5'-oligoadenylate synthetase 1
ERAP1	0.01725486212666276	No data	No data	No data	No data	0.1419146899157928	No data	No data	endoplasmic reticulum aminopeptidase 1
MAP1LC3A	0.017247059885286083	No data	No data	No data	No data	0.1418505194427116	No data	No data	microtubule associated protein 1 light chain 3 alpha
IGFBP7	0.01719326548421531	No data	No data	No data	No data	0.14140808091778312	No data	No data	insulin like growth factor binding protein 7
GC	0.017170188841234092	No data	No data	No data	No data	0.141218284290668	No data	No data	GC vitamin D binding protein
ADAM17	0.017152201055917013	No data	No data	No data	No data	0.14107034158577667	No data	No data	ADAM metallopeptidase domain 17
LGALS3	0.01713746117220129	No data	No data	No data	No data	0.14094911163844032	No data	No data	galectin 3
MECP2	0.017116269681155996	No data	No data	No data	No data	0.140774819670271	No data	No data	methyl-CpG binding protein 2
CNTN2	0.01711436326847755	No data	No data	No data	No data	0.14075914014978994	No data	No data	contactin 2
DNAJB1	0.017000673315496286	No data	No data	No data	No data	0.13982408345067285	No data	No data	DnaJ heat shock protein family (Hsp40) member B1
GH1	0.016976304929499468	No data	No data	No data	No data	0.13962366272768473	No data	No data	growth hormone 1
HAMP	0.016959608887197983	No data	No data	No data	No data	0.1394863441186664	No data	No data	hepcidin antimicrobial peptide
ADCY1	0.016939076673048833	No data	No data	No data	No data	0.13931747445266315	No data	No data	adenylate cyclase 1
TREM2	0.016923290288570262	No data	No data	No data	No data	0.1391876374338726	No data	No data	triggering receptor expressed on myeloid cells 2
KLRD1	0.016887746137675956	No data	No data	No data	No data	0.1388953002876551	No data	No data	killer cell lectin like receptor D1
PENK	0.01676504730201975	No data	No data	No data	No data	0.13788614894889867	No data	No data	proenkephalin
TRPA1	0.016684024903630076	No data	No data	No data	No data	0.1372197704835537	No data	No data	transient receptor potential cation channel subfamily A member 1
ABCG2	0.016655637249646985	No data	No data	No data	No data	0.13698629280735586	No data	No data	ATP binding cassette subfamily G member 2 (Junior blood group)
CCL26	0.016646492621423443	No data	No data	No data	No data	0.13691108171211716	No data	No data	C-C motif chemokine ligand 26
PRF1	0.016535306689768162	No data	No data	No data	No data	0.13599661963771578	No data	No data	perforin 1
SLC1A2	0.01653345433824937	No data	No data	No data	No data	0.1359813847497477	No data	No data	solute carrier family 1 member 2
TIGIT	0.016413041346547606	No data	No data	No data	No data	0.13499103360966047	No data	No data	T cell immunoreceptor with Ig and ITIM domains
CXCL11	0.01636075147722339	No data	No data	No data	No data	0.1345609692871286	No data	No data	C-X-C motif chemokine ligand 11
HLA-DPB1	0.016297875692988125	No data	No data	No data	No data	0.13404383983356016	No data	No data	major histocompatibility complex, class II, DP beta 1
LASP1	0.01626151360612688	No data	No data	No data	No data	0.13374477547455663	No data	No data	LIM and SH3 protein 1
CLEC4D	0.01626151360612688	No data	No data	No data	No data	0.13374477547455663	No data	No data	C-type lectin domain family 4 member D
ST14	0.01626151360612688	No data	No data	No data	No data	0.13374477547455663	No data	No data	ST14 transmembrane serine protease matriptase
TUBA1C	0.01626151360612688	No data	No data	No data	No data	0.13374477547455663	No data	No data	tubulin alpha 1c
S100A6	0.01626151360612688	No data	No data	No data	No data	0.13374477547455663	No data	No data	S100 calcium binding protein A6
ENO2	0.016259757950671454	No data	No data	No data	No data	0.13373033587499758	No data	No data	enolase 2
A2M	0.016251932016996835	No data	No data	No data	No data	0.13366597054176094	No data	No data	alpha-2-macroglobulin
MME	0.01613832032123198	No data	No data	No data	No data	0.13273155747853727	No data	No data	membrane metalloendopeptidase
PRL	0.0161102112240265	No data	No data	No data	No data	0.1325003708260769	No data	No data	prolactin
TTTY14	0.016098898470065612	No data	No data	No data	No data	No data	0.1324073277198111	No data	testis-specific transcript, Y-linked 14
MAP2	0.016063993706012056	No data	No data	No data	No data	0.13212024928760557	No data	No data	microtubule associated protein 2
PPBP	0.01605619146463538	No data	No data	No data	No data	0.13205607881452436	No data	No data	pro-platelet basic protein
PDE7A	0.01590300857633936	No data	No data	No data	No data	0.13079620771654885	No data	No data	phosphodiesterase 7A
IL4I1	0.015891933751442176	No data	No data	No data	No data	0.13070512148649852	No data	No data	interleukin 4 induced 1
NF1	0.015750877440237513	No data	No data	No data	No data	0.12954498688105634	No data	No data	neurofibromin 1
IDO1	0.015740527929651207	No data	No data	No data	No data	0.12945986608583618	No data	No data	indoleamine 2,3-dioxygenase 1
KLRC1	0.01570714382409983	No data	No data	No data	No data	0.1291852944924695	No data	No data	killer cell lectin like receptor C1
HMOX1	0.015606820931198544	No data	No data	No data	No data	0.12836017678749861	No data	No data	heme oxygenase 1
KIR2DL4	0.015522353896757478	No data	No data	No data	No data	0.12766546749844043	No data	No data	killer cell immunoglobulin like receptor, two Ig domains and long cytoplasmic tail 4
TP53BP1	0.015522353896757475	No data	No data	No data	No data	0.12766546749844043	No data	No data	tumor protein p53 binding protein 1
APAF1	0.015522353896757475	No data	No data	No data	No data	0.12766546749844043	No data	No data	apoptotic peptidase activating factor 1
LINC01139	0.015522353896757475	No data	No data	No data	No data	0.12766546749844043	No data	No data	long intergenic non-protein coding RNA 1139
CYP46A1	0.015501821682608326	No data	No data	No data	No data	0.1274965978324372	No data	No data	cytochrome P450 family 46 subfamily A member 1
NOS3	0.015468559495686702	No data	No data	No data	No data	0.12722302897351195	No data	No data	nitric oxide synthase 3
LGALS9	0.015457199111049903	No data	No data	No data	No data	0.1246225910643839	0.010028012234546408	No data	galectin 9
ADNP	0.015353168452168478	No data	No data	No data	No data	0.1262739814505738	No data	No data	activity dependent neuroprotector homeobox
PVT1	0.015324205459474822	No data	No data	No data	No data	0.12603577183191786	No data	No data	Pvt1 oncogene
TIMP2	0.015292295511676879	No data	No data	No data	No data	0.12577332462638632	No data	No data	TIMP metallopeptidase inhibitor 2
CCL3	0.015280956767399129	No data	No data	No data	No data	0.12568006775963195	No data	No data	C-C motif chemokine ligand 3
EDN1	0.015207978921516922	No data	No data	No data	No data	0.1250798526844218	No data	No data	endothelin 1
GGTLC3	0.015152774042072777	No data	No data	No data	No data	0.12462581351038234	No data	No data	gamma-glutamyltransferase light chain family member 3
KDM1A	0.015152774042072777	No data	No data	No data	No data	0.12462581351038234	No data	No data	lysine demethylase 1A
LMNB1	0.015152774042072777	No data	No data	No data	No data	0.12462581351038234	No data	No data	lamin B1
GGTLC5P	0.015152774042072777	No data	No data	No data	No data	0.12462581351038234	No data	No data	gamma-glutamyltransferase light chain 5 pseudogene
GGTLC4P	0.015152774042072777	No data	No data	No data	No data	0.12462581351038234	No data	No data	gamma-glutamyltransferase light chain 4 pseudogene
STK11	0.015152774042072777	No data	No data	No data	No data	0.12462581351038234	No data	No data	serine/threonine kinase 11
ENPP2	0.015037143140537028	No data	No data	No data	No data	0.12367479324631586	No data	No data	ectonucleotide pyrophosphatase/phosphodiesterase 2
TSC22D3	0.015011089193700283	No data	No data	No data	No data	0.12346050942536861	No data	No data	TSC22 domain family member 3
STING1	0.014980679551626866	No data	No data	No data	No data	0.123210401664807	No data	No data	stimulator of interferon response cGAMP interactor 1
IFI35	0.014922904043066834	No data	No data	No data	No data	0.11854650553426611	0.016754858032009906	No data	interferon induced protein 35
MGAT5	0.014905861596185887	No data	No data	No data	No data	0.12259505238710207	No data	No data	alpha-1,6-mannosylglycoprotein 6-beta-N-acetylglucosaminyltransferase
BACE1	0.014813992508611795	No data	No data	No data	No data	0.12183946402132906	No data	No data	beta-secretase 1
PTAFR	0.014798593347999935	No data	No data	No data	No data	0.12171281177182663	No data	No data	platelet activating factor receptor
GRAMD1B	0.014783194187388075	No data	No data	No data	No data	0.12158615952232422	No data	No data	GRAM domain containing 1B
SRSF1	0.014783194187388075	No data	No data	No data	No data	0.12158615952232422	No data	No data	serine and arginine rich splicing factor 1
MT-CO1	0.014783194187388075	No data	No data	No data	No data	0.12158615952232422	No data	No data	mitochondrially encoded cytochrome c oxidase I
KHDRBS1	0.014783194187388075	No data	No data	No data	No data	0.12158615952232422	No data	No data	KH RNA binding domain containing, signal transduction associated 1
JCHAIN	0.014783194187388075	No data	No data	No data	No data	0.12158615952232422	No data	No data	joining chain of multimeric IgA and IgM
VRK2	0.014783194187388075	No data	No data	No data	No data	0.12158615952232422	No data	No data	VRK serine/threonine kinase 2
ARHGEF9	0.014783194187388075	No data	No data	No data	No data	0.12158615952232422	No data	No data	Cdc42 guanine nucleotide exchange factor 9
AHR	0.01478108935207144	No data	No data	No data	No data	0.1215688480509783	No data	No data	aryl hydrocarbon receptor
CXCL2	0.014708867572168148	No data	No data	No data	No data	0.12097485133139253	No data	No data	C-X-C motif chemokine ligand 2
RARRES2	0.014670267009567747	No data	No data	No data	No data	0.12065737635930646	No data	No data	retinoic acid receptor responder 2
P2RY12	0.014667320154025132	No data	No data	No data	No data	0.12063313959128787	No data	No data	purinergic receptor P2Y12
BCHE	0.014631188094013361	No data	No data	No data	No data	0.12033596711578799	No data	No data	butyrylcholinesterase
PROM1	0.014588138152971145	No data	No data	No data	No data	0.11998189769529354	No data	No data	prominin 1
SHPK	0.014577872045896572	No data	No data	No data	No data	0.11989746286229193	No data	No data	sedoheptulokinase
CHIT1	0.014573384921097792	No data	No data	No data	No data	0.11986055796442849	No data	No data	chitinase 1
MALAT1	0.01456080929312642	No data	No data	No data	No data	0.11975712819889615	No data	No data	metastasis associated lung adenocarcinoma transcript 1
ADIPOQ	0.014552536388237993	No data	No data	No data	No data	0.1196890866971255	No data	No data	adiponectin, C1Q and collagen domain containing
GPC5	0.014512093179276249	No data	No data	No data	No data	0.11935645665830663	No data	No data	glypican 5
AIF1	0.014449851629220925	No data	No data	No data	No data	0.11884454354007137	No data	No data	allograft inflammatory factor 1
TNFSF11	0.014441948788229197	No data	No data	No data	No data	0.11877954567335056	No data	No data	TNF superfamily member 11
EBF1	0.014413614332703372	No data	No data	No data	No data	0.11854650553426611	No data	No data	EBF transcription factor 1
ENTPD1	0.0144030289707972	No data	No data	No data	No data	0.11845944495148467	No data	No data	ectonucleoside triphosphate diphosphohydrolase 1
ITGAM	0.014393309783094353	No data	No data	No data	No data	0.1183795083226691	No data	No data	integrin subunit alpha M
PPARGC1A	0.0143801342528969	No data	No data	No data	No data	0.11827114458908944	No data	No data	PPARG coactivator 1 alpha
MDK	0.014332082586416208	No data	No data	No data	No data	0.11787593787584615	No data	No data	midkine
PREP	0.014323888556871582	No data	No data	No data	No data	0.11780854509383198	No data	No data	prolyl endopeptidase
NPY	0.014318755503334295	No data	No data	No data	No data	0.11776632767733118	No data	No data	neuropeptide Y
CRYAB	0.014317900046459865	No data	No data	No data	No data	0.11775929186932646	No data	No data	crystallin alpha B
BTF3P11	0.014300687154883047	No data	No data	No data	No data	0.11761772237124835	No data	No data	basic transcription factor 3 pseudogene 11
IL13	0.014263176526810487	No data	No data	No data	No data	0.11730921169684325	No data	No data	interleukin 13
APOD	0.014251397270181728	No data	No data	No data	No data	0.11721233178324916	No data	No data	apolipoprotein D
OLIG2	0.01418885386452629	No data	No data	No data	No data	0.11669793601730712	No data	No data	oligodendrocyte transcription factor 2
LEPR	0.014154497790141099	No data	No data	No data	No data	0.11641537034930538	No data	No data	leptin receptor
CCL20	0.014154204802523381	No data	No data	No data	No data	0.11641296063738697	No data	No data	C-C motif chemokine ligand 20
CAT	0.014145020480546883	No data	No data	No data	No data	0.11633742307610054	No data	No data	catalase
SEMA3A	0.014068073900338231	No data	No data	No data	No data	0.1157045666678469	No data	No data	semaphorin 3A
NKRF	0.01404403447801867	No data	No data	No data	No data	0.115506851546208	No data	No data	NFKB repressing factor
CLDN11	0.014023344597412267	No data	No data	No data	No data	0.11533668513345442	No data	No data	claudin 11
SELPLG	0.014022976387772435	No data	No data	No data	No data	0.11533365674896327	No data	No data	selectin P ligand
B3GAT1	0.01401501002276794	No data	No data	No data	No data	0.11526813642135533	No data	No data	beta-1,3-glucuronyltransferase 1
C9orf72	0.013931107300198343	No data	No data	No data	No data	0.11457806838319023	No data	No data	C9orf72-SMCR8 complex subunit
CASP3	0.013906352707441082	No data	No data	No data	No data	0.11437447125622682	No data	No data	caspase 3
TAC1	0.013872494264238167	No data	No data	No data	No data	0.11409599841576593	No data	No data	tachykinin precursor 1
KCNK5	0.013856780684978417	No data	No data	No data	No data	0.11396676019225854	No data	No data	potassium two pore domain channel subfamily K member 5
AGT	0.013827602238121574	No data	No data	No data	No data	0.11372677854491088	No data	No data	angiotensinogen
CD47	0.013815372889153247	No data	No data	No data	No data	0.1136261967927084	No data	No data	CD47 molecule
CCL1	0.013805450149605544	No data	No data	No data	No data	0.1135445860272505	No data	No data	C-C motif chemokine ligand 1
TGFB2	0.01379829634907368	No data	No data	No data	No data	0.11348574873392722	No data	No data	transforming growth factor beta 2
SELL	0.01378827231877318	No data	No data	No data	No data	0.1134033048904842	No data	No data	selectin L
PSMB8	0.013746317372855992	No data	No data	No data	No data	0.11305824138916121	No data	No data	proteasome 20S subunit beta 8
CNTNAP1	0.013686864042150842	No data	No data	No data	No data	0.1125692603164904	No data	No data	contactin associated protein 1
PVALB	0.013674454623333965	No data	No data	No data	No data	0.11246719755814989	No data	No data	parvalbumin
BRCA1	0.013674454623333965	No data	No data	No data	No data	0.11246719755814989	No data	No data	BRCA1 DNA repair associated
EIF2B5	0.013674454623333965	No data	No data	No data	No data	0.11246719755814989	No data	No data	eukaryotic translation initiation factor 2B subunit epsilon
PLXNB1	0.013674454623333965	No data	No data	No data	No data	0.11246719755814989	No data	No data	plexin B1
VSIR	0.013669321569796678	No data	No data	No data	No data	0.11242498014164909	No data	No data	V-set immunoregulatory receptor
CFD	0.013660492717712544	No data	No data	No data	No data	0.11235236618526771	No data	No data	complement factor D
MC1R	0.01363757415744953	No data	No data	No data	No data	0.11216386972849125	No data	No data	melanocortin 1 receptor
IGFBP3	0.013625793275800479	No data	No data	No data	No data	0.11206697644972222	No data	No data	insulin like growth factor binding protein 3
THBD	0.013609162182339672	No data	No data	No data	No data	0.11193019202025964	No data	No data	thrombomodulin
GSDMD	0.013588902567088121	No data	No data	No data	No data	0.11176356437669278	No data	No data	gasdermin D
CNR2	0.013583803145643301	No data	No data	No data	No data	0.11172162357138357	No data	No data	cannabinoid receptor 2
QKI	0.013573230807578655	No data	No data	No data	No data	0.11163467010475397	No data	No data	QKI, KH domain containing RNA binding
CD27	0.013510239637195547	No data	No data	No data	No data	0.11111659164392766	No data	No data	CD27 molecule
CD83	0.01348531126133398	No data	No data	No data	No data	0.11091156521691078	No data	No data	CD83 molecule
IFNA2	0.013470761483844332	No data	No data	No data	No data	0.11079189882110708	No data	No data	interferon alpha 2
HLA-DRB3	0.013469132481842463	No data	No data	No data	No data	0.11077850089811761	No data	No data	major histocompatibility complex, class II, DR beta 3 
ANXA1	0.013445936712656871	No data	No data	No data	No data	0.1105877245031996	No data	No data	annexin A1
MMP12	0.013379406706010675	No data	No data	No data	No data	0.1100405404576835	No data	No data	matrix metallopeptidase 12
TLR3	0.013360547808721776	No data	No data	No data	No data	0.10988543318755511	No data	No data	toll like receptor 3
FMO5	0.013335638553996956	No data	No data	No data	No data	0.10968056402462835	No data	No data	flavin containing dimethylaniline monoxygenase 5
ATG5	0.013284676022796833	No data	No data	No data	No data	0.10926141655422267	No data	No data	autophagy related 5
SH2D2A	0.013271612581727644	No data	No data	No data	No data	0.10915397471116657	No data	No data	SH2 domain containing 2A
SGPL1	0.013251080367578489	No data	No data	No data	No data	0.10898510504516332	No data	No data	sphingosine-1-phosphate lyase 1
SYN3	0.013248411179739098	No data	No data	No data	No data	0.1089631519885829	No data	No data	synapsin III
KLRK1	0.01318964737758622	No data	No data	No data	No data	0.10847984202646431	No data	No data	killer cell lectin like receptor K1
NFASC	0.013175458660529542	No data	No data	No data	No data	0.10836314521563963	No data	No data	neurofascin
CCL17	0.013170889500582702	No data	No data	No data	No data	0.1083255656098293	No data	No data	C-C motif chemokine ligand 17
GAS6	0.01313144483584506	No data	No data	No data	No data	0.10800114821814089	No data	No data	growth arrest specific 6
CTSZ	0.013099552627157764	No data	No data	No data	No data	0.10773884691005951	No data	No data	cathepsin Z
P2RX7	0.01308570049525896	No data	No data	No data	No data	0.10762491838436855	No data	No data	purinergic receptor P2X 7
B2M	0.01306922093099372	No data	No data	No data	No data	0.1074893802250091	No data	No data	beta-2-microglobulin
ELANE	0.013013099434846485	No data	No data	No data	No data	0.10702780222659451	No data	No data	elastase, neutrophil expressed
PTPN22	0.01299262310191236	No data	No data	No data	No data	0.10685939216236869	No data	No data	protein tyrosine phosphatase non-receptor type 22
TMEM119	0.012980966519703064	No data	No data	No data	No data	0.10676352119929942	No data	No data	transmembrane protein 119
LGMN	0.012935294913964564	No data	No data	No data	No data	0.1063878895820337	No data	No data	legumain
CXCL14	0.01293529491396456	No data	No data	No data	No data	0.10638788958203368	No data	No data	C-X-C motif chemokine ligand 14
AGER	0.012922564941192089	No data	No data	No data	No data	0.10628319038911169	No data	No data	advanced glycosylation end-product specific receptor
SLC11A1	0.012870605868651384	No data	No data	No data	No data	0.10585584674453209	No data	No data	solute carrier family 11 member 1
IFIH1	0.012815762891740478	No data	No data	No data	No data	0.10540478408142663	No data	No data	interferon induced with helicase C domain 1
ICAM3	0.012799371656297189	No data	No data	No data	No data	0.10526997239309231	No data	No data	intercellular adhesion molecule 3
TRPM4	0.012798960114516231	No data	No data	No data	No data	0.10526658761819216	No data	No data	transient receptor potential cation channel subfamily M member 4
CCL19	0.01276905125611256	No data	No data	No data	No data	0.10502059861318391	No data	No data	C-C motif chemokine ligand 19
MT1A	0.012750504986622214	No data	No data	No data	No data	0.10486806258800464	No data	No data	metallothionein 1A
TPO	0.01272997277247306	No data	No data	No data	No data	0.1046991929220014	No data	No data	thyroid peroxidase
SELE	0.012713786790485966	No data	No data	No data	No data	0.10456606936541664	No data	No data	selectin E
DDIT3	0.012696710585551439	No data	No data	No data	No data	0.10442562406307618	No data	No data	DNA damage inducible transcript 3
HDAC11	0.012658110022951037	No data	No data	No data	No data	0.10410814909099012	No data	No data	histone deacetylase 11
HPSE	0.012627311701727314	No data	No data	No data	No data	0.10385484459198527	No data	No data	heparanase
MICB	0.012609448675417549	No data	No data	No data	No data	0.10370792798256244	No data	No data	MHC class I polypeptide-related sequence B
EDIL3	0.012598554031175145	No data	No data	No data	No data	0.10361832366998931	No data	No data	EGF like repeats and discoidin domains 3
AQP5	0.012579366007380782	No data	No data	No data	No data	0.09726892761785938	0.02476632736580849	No data	aquaporin 5
HLA-E	0.012576601356694896	No data	No data	No data	No data	0.10343777125706259	No data	No data	major histocompatibility complex, class I, E
CLDN4	0.012565715059279862	No data	No data	No data	No data	0.10334823559397559	No data	No data	claudin 4
SLC2A1	0.012565715059279862	No data	No data	No data	No data	0.10334823559397559	No data	No data	solute carrier family 2 member 1
CUBN	0.012532452872358239	No data	No data	No data	No data	0.10307466673505036	No data	No data	cubilin
SEMA7A	0.012500791592882235	No data	No data	No data	No data	0.102814264732056	No data	No data	semaphorin 7A (John Milton Hagen blood group)
DPYSL5	0.012491388444059937	No data	No data	No data	No data	0.1027369274030439	No data	No data	dihydropyrimidinase like 5
HPGDS	0.012452787881459534	No data	No data	No data	No data	0.10241945243095782	No data	No data	hematopoietic prostaglandin D synthase
IL5	0.012451990783754066	No data	No data	No data	No data	0.10241289660496085	No data	No data	interleukin 5
TNFRSF8	0.01244722532752423	No data	No data	No data	No data	0.10237370253674981	No data	No data	TNF receptor superfamily member 8
PLTP	0.01244252177438496	No data	No data	No data	No data	0.1023350175979562	No data	No data	phospholipid transfer protein
CR2	0.012397309233570516	No data	No data	No data	No data	0.10196316161539973	No data	No data	complement C3d receptor 2
ADAMTS13	0.01238092513193751	No data	No data	No data	No data	0.10182840859994653	No data	No data	ADAM metallopeptidase with thrombospondin type 1 motif 13
CD44	0.012372825416636257	No data	No data	No data	No data	0.10176179151677625	No data	No data	CD44 molecule (Indian blood group)
C3	0.01235008024670335	No data	No data	No data	No data	0.1015747211296346	No data	No data	complement C3
FNDC5	0.012329376703679786	No data	No data	No data	No data	0.101404442348687	No data	No data	fibronectin type III domain containing 5
IL11	0.012326495204363049	No data	No data	No data	No data	0.10138074311081273	No data	No data	interleukin 11
UCP2	0.012294757109267194	No data	No data	No data	No data	0.10111970932850933	No data	No data	uncoupling protein 2
LRP2	0.012278264061191759	No data	No data	No data	No data	0.10098406026993038	No data	No data	LDL receptor related protein 2
IFI16	0.012277695863992117	No data	No data	No data	No data	0.09726892761785938	0.01484183778331538	No data	interferon gamma inducible protein 16
ASIC2	0.012250134927807424	No data	No data	No data	No data	0.10075270882750596	No data	No data	acid sensing ion channel subunit 2
FGF2	0.012246939863870947	No data	No data	No data	No data	0.10072643063968402	No data	No data	fibroblast growth factor 2
BTG3	0.01222210639403814	No data	No data	No data	No data	0.10052218477872114	No data	No data	BTG anti-proliferation factor 3
GAPDH	0.01220538436181134	No data	No data	No data	No data	0.10038465241243456	No data	No data	glyceraldehyde-3-phosphate dehydrogenase
AHSG	0.012203411569874749	No data	No data	No data	No data	0.10036842694775717	No data	No data	alpha 2-HS glycoprotein
SIRPG	0.012196135204595159	No data	No data	No data	No data	0.10030858160591748	No data	No data	signal regulatory protein gamma
WFDC2	0.012196135204595159	No data	No data	No data	No data	0.10030858160591748	No data	No data	WAP four-disulfide core domain 2
DYSF	0.012196135204595159	No data	No data	No data	No data	0.10030858160591748	No data	No data	dysferlin
CLU	0.012192712004945918	No data	No data	No data	No data	0.1002804270884733	No data	No data	clusterin
DLK1	0.012180941366124787	No data	No data	No data	No data	0.10018361805307506	No data	No data	delta like non-canonical Notch ligand 1
THY1	0.012175602990446007	No data	No data	No data	No data	0.10013971193991425	No data	No data	Thy-1 cell surface antigen
ACTB	0.01211091394513283	No data	No data	No data	No data	0.09960766910241264	No data	No data	actin beta
TRIM5	0.012083208026774834	No data	No data	No data	No data	0.09937979844289972	No data	No data	tripartite motif containing 5
GRN	0.01206288331985553	No data	No data	No data	No data	0.09921263544507863	No data	No data	granulin precursor
TNFRSF9	0.012042143598476532	No data	No data	No data	No data	0.09904205911089325	No data	No data	TNF receptor superfamily member 9
FOS	0.012019147518629486	No data	No data	No data	No data	0.09885292508496965	No data	No data	Fos proto-oncogene, AP-1 transcription factor subunit
IL4R	0.01200062685620894	No data	No data	No data	No data	0.09870059966821737	No data	No data	interleukin 4 receptor
SELP	0.011997986767312507	No data	No data	No data	No data	0.09867888593939492	No data	No data	selectin P
ALCAM	0.01194191185755265	No data	No data	No data	No data	0.09821769109632923	No data	No data	activated leukocyte cell adhesion molecule
TLN1	0.011917923702874174	No data	No data	No data	No data	0.09802039763157372	No data	No data	talin 1
LILRB1	0.011898418099432482	No data	No data	No data	No data	0.09785997144887067	No data	No data	leukocyte immunoglobulin like receptor B1
VAV1	0.01188487106201003	No data	No data	No data	No data	0.09774855220941385	No data	No data	vav guanine nucleotide exchange factor 1
GNRH1	0.011877885885283332	No data	No data	No data	No data	0.09769110178286744	No data	No data	gonadotropin releasing hormone 1
SNCA	0.011864196578559513	No data	No data	No data	No data	0.09757851243242162	No data	No data	synuclein alpha
HTRA1	0.011833125658438184	No data	No data	No data	No data	0.0973229659109804	No data	No data	HtrA serine peptidase 1
DHH	0.011826555349910457	No data	No data	No data	No data	0.09726892761785938	No data	No data	desert hedgehog signaling molecule
ROCK1	0.011826555349910457	No data	No data	No data	No data	0.09726892761785938	No data	No data	Rho associated coiled-coil containing protein kinase 1
NDST1	0.011826555349910457	No data	No data	No data	No data	0.09726892761785938	No data	No data	N-deacetylase and N-sulfotransferase 1
MLC1	0.011826555349910457	No data	No data	No data	No data	0.09726892761785938	No data	No data	modulator of VRAC current 1
MEFV	0.011824091484212557	No data	No data	No data	No data	0.09724866325793897	No data	No data	MEFV innate immunity regulator, pyrin
NLRX1	0.011806023135761307	No data	No data	No data	No data	0.09710005795185614	No data	No data	NLR family member X1
CCN3	0.011806023135761307	No data	No data	No data	No data	0.09710005795185614	No data	No data	cellular communication network factor 3
PRNP	0.01176639596245345	No data	No data	No data	No data	0.09677413949646992	No data	No data	prion protein
BMP4	0.011736829574078667	No data	No data	No data	No data	0.09653096717742524	No data	No data	bone morphogenetic protein 4
GDF15	0.011707969242455757	No data	No data	No data	No data	0.09629360190709929	No data	No data	growth differentiation factor 15
CYP7A1	0.011703362065015557	No data	No data	No data	No data	0.09625570962184	No data	No data	cytochrome P450 family 7 subfamily A member 1
VWF	0.011690632092243084	No data	No data	No data	No data	0.09615101042891798	No data	No data	von Willebrand factor
THRIL	0.011690003555075252	No data	No data	No data	No data	0.09614584094934647	No data	No data	TNF and HNRNPL related immunoregulatory long non-coding RNA
VTN	0.011673394693206857	No data	No data	No data	No data	0.09600923936629091	No data	No data	vitronectin
CXCR1	0.011668239408077152	No data	No data	No data	No data	0.09596683910338304	No data	No data	C-X-C motif chemokine receptor 1
BCL2L1	0.011631499315493529	No data	No data	No data	No data	0.09566466579082869	No data	No data	BCL2 like 1
NOX1	0.01161096710134438	No data	No data	No data	No data	0.09549579612482549	No data	No data	NADPH oxidase 1
CD72	0.011572571860885469	No data	No data	No data	No data	0.09518000984939942	No data	No data	CD72 molecule
PML	0.011517274030069666	No data	No data	No data	No data	0.09062985494541183	0.016381404960826792	No data	PML nuclear body scaffold
TLR10	0.011456975495225757	No data	No data	No data	No data	0.09422927362980128	No data	No data	toll like receptor 10
CD200	0.011452589696954014	No data	No data	No data	No data	0.09419320210415251	No data	No data	CD200 molecule
TBX21	0.01143284723370621	No data	No data	No data	No data	0.09403082783947168	No data	No data	T-box transcription factor 21
TNFRSF12A	0.011416074719382633	No data	No data	No data	No data	0.09389288027710546	No data	No data	TNF receptor superfamily member 12A
BAG6	0.011395378852778304	No data	No data	No data	No data	0.09372266463179157	No data	No data	BAG cochaperone 6
CAV1	0.01136148812868885	No data	No data	No data	No data	0.09344392629329483	No data	No data	caveolin 1
GAL	0.011326185291095667	No data	No data	No data	No data	0.09315357385736069	No data	No data	galanin and GMAP prepropeptide
CD34	0.011299700048864951	No data	No data	No data	No data	0.09293574279554602	No data	No data	CD34 molecule
DPP4	0.011255683033589542	No data	No data	No data	No data	0.09257371955664827	No data	No data	dipeptidyl peptidase 4
SOAT1	0.011255013577681394	No data	No data	No data	No data	0.09256821353597308	No data	No data	sterol O-acyltransferase 1
TNFRSF11B	0.011251653353734256	No data	No data	No data	No data	0.09254057696976899	No data	No data	TNF receptor superfamily member 11b
STAT1	0.0112187917166387	No data	No data	No data	No data	0.08805275641630367	0.016870184259138152	No data	signal transducer and activator of transcription 1
CD2	0.011213964170027207	No data	No data	No data	No data	0.09223059774306162	No data	No data	CD2 molecule
FGF23	0.01119785895266348	No data	No data	No data	No data	0.09209813844484052	No data	No data	fibroblast growth factor 23
VIM	0.011136262310216033	No data	No data	No data	No data	0.09159152944683084	No data	No data	vimentin
CXCL16	0.011127934192742266	No data	No data	No data	No data	0.0915230338425081	No data	No data	C-X-C motif chemokine ligand 16
PPARA	0.01111537944677669	No data	No data	No data	No data	0.09141977582354525	No data	No data	peroxisome proliferator activated receptor alpha
LPL	0.011087395640541052	No data	No data	No data	No data	0.09118961964174316	No data	No data	lipoprotein lipase
CLEC7A	0.011087395640541052	No data	No data	No data	No data	0.09118961964174316	No data	No data	C-type lectin domain containing 7A
ANGPTL4	0.011087395640541052	No data	No data	No data	No data	0.09118961964174316	No data	No data	angiopoietin like 4
RBFOX3	0.011087395640541052	No data	No data	No data	No data	0.09118961964174316	No data	No data	RNA binding fox-1 homolog 3
SYVN1	0.011087395640541052	No data	No data	No data	No data	0.09118961964174316	No data	No data	synoviolin 1
DMD	0.01107466566776858	No data	No data	No data	No data	0.09108492044882115	No data	No data	dystrophin
OPALIN	0.011066863426391904	No data	No data	No data	No data	0.09102074997573993	No data	No data	oligodendrocytic myelin paranodal and inner loop protein
POU2AF1	0.011013069025321133	No data	No data	No data	No data	0.09057831145081148	No data	No data	POU class 2 homeobox associating factor 1
SKIC2	0.010967863618316968	No data	No data	No data	No data	0.09020651414113609	No data	No data	SKI2 subunit of superkiller complex
KIR2DL2	0.010964202355646152	No data	No data	No data	No data	0.09017640164572378	No data	No data	killer cell immunoglobulin like receptor, two Ig domains and long cytoplasmic tail 2 
HSPD1	0.01094604185541182	No data	No data	No data	No data	0.09002703842621194	No data	No data	heat shock protein family D (Hsp60) member 1
ASAH1	0.010924981302118655	No data	No data	No data	No data	0.08985382337134136	No data	No data	N-acylsphingosine amidohydrolase 1
DGCR8	0.010902605713198706	No data	No data	No data	No data	0.08966979264771412	No data	No data	DGCR8 microprocessor complex subunit
CPT1A	0.010902605713198706	No data	No data	No data	No data	0.08966979264771412	No data	No data	carnitine palmitoyltransferase 1A
TIMP3	0.01088207349904955	No data	No data	No data	No data	0.08950092298171086	No data	No data	TIMP metallopeptidase inhibitor 3
BMP2	0.01088207349904955	No data	No data	No data	No data	0.08950092298171086	No data	No data	bone morphogenetic protein 2
CTRB2	0.010852724574229446	No data	No data	No data	No data	No data	0.08925953921783997	No data	chymotrypsinogen B2
JUN	0.010851275177825827	No data	No data	No data	No data	0.08924761848270603	No data	No data	Jun proto-oncogene, AP-1 transcription factor subunit
IL17F	0.010849593824236616	No data	No data	No data	No data	0.08923378998778672	No data	No data	interleukin 17F
PPIB	0.010806294899184509	No data	No data	No data	No data	0.08887767276834156	No data	No data	peptidylprolyl isomerase B
GPR17	0.010801447306277608	No data	No data	No data	No data	0.08883780315714614	No data	No data	G protein-coupled receptor 17
CD22	0.010779412428303803	No data	No data	No data	No data	0.08865657465169474	No data	No data	CD22 molecule
ACKR2	0.010758880214154653	No data	No data	No data	No data	0.0884877049856915	No data	No data	atypical chemokine receptor 2
CRH	0.01074140897601284	No data	No data	No data	No data	0.08834401068520162	No data	No data	corticotropin releasing hormone
CCR1	0.01072734735481977	No data	No data	No data	No data	0.08591103742807625	0.009269287046099715	No data	C-C motif chemokine receptor 1
CCL11	0.010725804202307029	No data	No data	No data	No data	0.08821566734606567	No data	No data	C-C motif chemokine ligand 11
CCK	0.010717815785856354	No data	No data	No data	No data	0.08814996565368506	No data	No data	cholecystokinin
AOC3	0.010717815785856354	No data	No data	No data	No data	0.08814996565368506	No data	No data	amine oxidase copper containing 3
DIO3	0.01070262194738598	No data	No data	No data	No data	0.08802500210084266	No data	No data	iodothyronine deiodinase 3
SPIB	0.0106972835717072	No data	No data	No data	No data	0.08798109598768183	No data	No data	Spi-B transcription factor
PARK7	0.01069306189706327	No data	No data	No data	No data	0.08794637431655973	No data	No data	Parkinsonism associated deglycase
GSTM1	0.010650423016827752	No data	No data	No data	No data	0.08759568571513476	No data	No data	glutathione S-transferase mu 1
ELAVL1	0.010611458916563753	No data	No data	No data	No data	0.08727522078378834	No data	No data	ELAV like RNA binding protein 1
OSM	0.010610226983714806	No data	No data	No data	No data	0.08726508860382814	No data	No data	oncostatin M
IL3	0.01059550562935045	No data	No data	No data	No data	0.08714401105337181	No data	No data	interleukin 3
ABCB1	0.010559169047239535	No data	No data	No data	No data	0.08684515646125647	No data	No data	ATP binding cassette subfamily B member 1
CSGALNACT1	0.010533025858514003	No data	No data	No data	No data	0.086630138659656	No data	No data	chondroitin sulfate N-acetylgalactosaminyltransferase 1
MMP28	0.010533025858514003	No data	No data	No data	No data	0.086630138659656	No data	No data	matrix metallopeptidase 28
MT2A	0.010533025858514003	No data	No data	No data	No data	0.086630138659656	No data	No data	metallothionein 2A
CISH	0.010512493644364851	No data	No data	No data	No data	0.08646126899365278	No data	No data	cytokine inducible SH2 containing protein
AVP	0.010484124652962992	No data	No data	No data	No data	0.08622794481010004	No data	No data	arginine vasopressin
MYD88	0.010454358078718522	No data	No data	No data	No data	0.07984991818003496	0.024532831432983487	No data	MYD88 innate immune signal transduction adaptor
IGBP1	0.010448193278201979	No data	No data	No data	No data	0.08593242289459438	No data	No data	immunoglobulin binding protein 1
CHGB	0.010404904842223305	No data	No data	No data	No data	0.08557639194379585	No data	No data	chromogranin B
CCR6	0.010389300359469953	No data	No data	No data	No data	0.08544805099763342	No data	No data	C-C motif chemokine receptor 6
GSTP1	0.01038240949698663	No data	No data	No data	No data	0.08539137626993089	No data	No data	glutathione S-transferase pi 1
CD1B	0.010376570386697476	No data	No data	No data	No data	0.0853433518047114	No data	No data	CD1b molecule
GHRL	0.010370820469237738	No data	No data	No data	No data	0.08529606091665039	No data	No data	ghrelin and obestatin prepropeptide
PRTN3	0.010361877282837478	No data	No data	No data	No data	0.08522250660392766	No data	No data	proteinase 3
CXCL9	0.010348744712022755	No data	No data	No data	No data	0.08511449619496075	No data	No data	C-X-C motif chemokine ligand 9
APOA4	0.010348235931171651	No data	No data	No data	No data	0.08511031166562696	No data	No data	apolipoprotein A4
EDA	0.010348235931171651	No data	No data	No data	No data	0.08511031166562696	No data	No data	ectodysplasin A
SAA1	0.010348235931171651	No data	No data	No data	No data	0.08511031166562696	No data	No data	serum amyloid A1
PLAAT4	0.010348235931171651	No data	No data	No data	No data	0.08511031166562696	No data	No data	phospholipase A and acyltransferase 4
TNR	0.010348235931171651	No data	No data	No data	No data	0.08511031166562696	No data	No data	tenascin R
UBXN11	0.010348235931171651	No data	No data	No data	No data	0.08511031166562696	No data	No data	UBX domain protein 11
TBXT	0.01032914097201294	No data	No data	No data	No data	0.08495326287624394	No data	No data	T-box transcription factor T
NES	0.0103277037170225	No data	No data	No data	No data	0.08494144199962372	No data	No data	nestin
SPHK1	0.010279466149828945	No data	No data	No data	No data	0.08454470632359723	No data	No data	sphingosine kinase 1
CD200R1	0.010264349265629018	No data	No data	No data	No data	0.08442037569041234	No data	No data	CD200 receptor 1
TYROBP	0.010235308753351326	No data	No data	No data	No data	0.0841815285026092	No data	No data	transmembrane immune signaling adaptor TYROBP
ART4	0.010212312673504276	No data	No data	No data	No data	0.08399239447668556	No data	No data	ADP-ribosyltransferase 4 (inactive) (Dombrock blood group)
RORC	0.01020919117169559	No data	No data	No data	No data	0.08396672130943571	No data	No data	RAR related orphan receptor C
NT5E	0.010175855422646176	No data	No data	No data	No data	0.0836925474299384	No data	No data	5'-nucleotidase ecto
KIR3DL1	0.010168441011981208	No data	No data	No data	No data	0.08363156671721501	No data	No data	killer cell immunoglobulin like receptor, three Ig domains and long cytoplasmic tail 1
IL31	0.010153179896754724	No data	No data	No data	No data	0.08350604983859627	No data	No data	interleukin 31
ERBB4	0.01014291378968015	No data	No data	No data	No data	0.08342161500559467	No data	No data	erb-b2 receptor tyrosine kinase 4
CD300LF	0.01014291378968015	No data	No data	No data	No data	0.08342161500559467	No data	No data	CD300 molecule like family member f
NCF1	0.01014291378968015	No data	No data	No data	No data	0.08342161500559467	No data	No data	neutrophil cytosolic factor 1
TNFRSF10C	0.01014291378968015	No data	No data	No data	No data	0.08342161500559467	No data	No data	TNF receptor superfamily member 10c
MGLL	0.01014291378968015	No data	No data	No data	No data	0.08342161500559467	No data	No data	monoglyceride lipase
CHGA	0.010132647682605574	No data	No data	No data	No data	0.08333718017259306	No data	No data	chromogranin A
STAT6	0.010113552723446863	No data	No data	No data	No data	0.08318013138321004	No data	No data	signal transducer and activator of transcription 6
NOTCH4	0.010104518549221238	No data	No data	No data	No data	0.08310582873016863	No data	No data	notch receptor 4
MRC1	0.010093726566049578	No data	No data	No data	No data	0.0830170687659255	No data	No data	mannose receptor C-type 1
DNM1L	0.010050518826008974	No data	No data	No data	No data	0.08266170150858014	No data	No data	dynamin 1 like
CTSB	0.010006647164485906	No data	No data	No data	No data	0.0823008737491096	No data	No data	cathepsin B
FCGR2A	0.010001617620457965	No data	No data	No data	No data	0.08225950765902419	No data	No data	Fc gamma receptor IIa
SWAP70	0.009999188290636098	No data	No data	No data	No data	0.08223952734357207	No data	No data	switching B cell complex subunit SWAP70
DICER1	0.009994055237098811	No data	No data	No data	No data	0.08219730992707126	No data	No data	dicer 1, ribonuclease III
SPG11	0.00997865607648695	No data	No data	No data	No data	0.08207065767756885	No data	No data	SPG11 vesicle trafficking associated, spatacsin
NOG	0.00997865607648695	No data	No data	No data	No data	0.08207065767756885	No data	No data	noggin
LCAT	0.00997865607648695	No data	No data	No data	No data	0.08207065767756885	No data	No data	lecithin-cholesterol acyltransferase
DNMT3B	0.00997865607648695	No data	No data	No data	No data	0.08207065767756885	No data	No data	DNA methyltransferase 3 beta
P2RX4	0.009971765214003628	No data	No data	No data	No data	0.08201398294986634	No data	No data	purinergic receptor P2X 4
PANX1	0.009965926103714476	No data	No data	No data	No data	0.08196595848464684	No data	No data	pannexin 1
FOLH1	0.009964694170865528	No data	No data	No data	No data	0.08195582630468666	No data	No data	folate hydrolase 1
NOTCH1	0.0099581238623378	No data	No data	No data	No data	0.08190178801156561	No data	No data	notch receptor 1
PRKN	0.009956366053391764	No data	No data	No data	No data	0.08188733070036391	No data	No data	parkin RBR E3 ubiquitin protein ligase
TOB1	0.009935127782490751	No data	No data	No data	No data	0.08171265398564201	No data	No data	transducer of ERBB2, 1
SLC9A9	0.009924861675416174	No data	No data	No data	No data	0.08162821915264037	No data	No data	solute carrier family 9 member A9
IGF2	0.009918496689029938	No data	No data	No data	No data	0.08157586955617939	No data	No data	insulin like growth factor 2
CP	0.009891396351441416	No data	No data	No data	No data	0.08135297956857725	No data	No data	ceruloplasmin
CEL	0.009881128059278486	No data	No data	No data	No data	0.08126852676405351	No data	No data	carboxyl ester lipase
CTNNB1	0.009881128059278486	No data	No data	No data	No data	0.08126852676405351	No data	No data	catenin beta 1
SOD2	0.009865728898666623	No data	No data	No data	No data	0.08114187451455109	No data	No data	superoxide dismutase 2
NFKBIA	0.00986107376616843	No data	No data	No data	No data	0.0811035878171467	No data	No data	NFKB inhibitor alpha
F2RL1	0.00985546279159205	No data	No data	No data	No data	0.08105743968154948	No data	No data	F2R like trypsin receptor 1
LGI1	0.009826807782110626	No data	No data	No data	No data	0.08082176310788353	No data	No data	leucine rich glioma inactivated 1
BAX	0.009814398363293746	No data	No data	No data	No data	0.08071970034954301	No data	No data	BCL2 associated X, apoptosis regulator
NECTIN2	0.009801668390521275	No data	No data	No data	No data	0.08061500115662103	No data	No data	nectin cell adhesion molecule 2
JAG1	0.009801668390521275	No data	No data	No data	No data	0.08061500115662103	No data	No data	jagged canonical Notch ligand 1
SOX17	0.009793866149144598	No data	No data	No data	No data	0.0805508306835398	No data	No data	SRY-box transcription factor 17
BDKRB1	0.009760603962222975	No data	No data	No data	No data	0.08027726182461456	No data	No data	bradykinin receptor B1
NAAA	0.0097528017208463	No data	No data	No data	No data	0.08021309135153334	No data	No data	N-acylethanolamine acid amidase
TAAR1	0.009734310157368706	No data	No data	No data	No data	0.080061005262539	No data	No data	trace amine associated receptor 1
RHOA	0.009724672587461961	No data	No data	No data	No data	0.0799817399091089	No data	No data	ras homolog family member A
KIR3DL2	0.00968360815916366	No data	No data	No data	No data	0.07964400057710244	No data	No data	killer cell immunoglobulin like receptor, three Ig domains and long cytoplasmic tail 2
SPG7	0.009680938971324273	No data	No data	No data	No data	0.07962204752052203	No data	No data	SPG7 matrix AAA peptidase subunit, paraplegin
IL9	0.009678551560983196	No data	No data	No data	No data	0.07960241197688404	No data	No data	interleukin 9
PLA2G2D	0.009660406757175125	No data	No data	No data	No data	0.07945317785451882	No data	No data	phospholipase A2 group IID
NTF3	0.009660406757175125	No data	No data	No data	No data	0.07945317785451882	No data	No data	neurotrophin 3
ST8SIA1	0.009660406757175125	No data	No data	No data	No data	0.07945317785451882	No data	No data	ST8 alpha-N-acetyl-neuraminide alpha-2,8-sialyltransferase 1
CDKN2B-AS1	0.009660406757175125	No data	No data	No data	No data	0.07945317785451882	No data	No data	CDKN2B antisense RNA 1
PTPRZ1	0.009652181300772104	No data	No data	No data	No data	0.07938552659852609	No data	No data	protein tyrosine phosphatase receptor type Z1
MCL1	0.009650140650100548	No data	No data	No data	No data	0.0793687430215172	No data	No data	MCL1 apoptosis regulator, BCL2 family member
CALB2	0.009609076221802246	No data	No data	No data	No data	0.07903100368951074	No data	No data	calbindin 2
MAGEH1	0.009609076221802246	No data	No data	No data	No data	0.07903100368951074	No data	No data	MAGE family member H1
PSMD4	0.009609076221802246	No data	No data	No data	No data	0.07903100368951074	No data	No data	proteasome 26S subunit ubiquitin receptor, non-ATPase 4
PLA2G7	0.009609076221802246	No data	No data	No data	No data	0.07903100368951074	No data	No data	phospholipase A2 group VII
ERVMER34-1	0.009609076221802246	No data	No data	No data	No data	0.07903100368951074	No data	No data	endogenous retrovirus group MER34 member 1, envelope
SHCBP1	0.009609076221802246	No data	No data	No data	No data	0.07903100368951074	No data	No data	SHC binding and spindle associated 1
CERK	0.009609076221802246	No data	No data	No data	No data	0.07903100368951074	No data	No data	ceramide kinase
FCGR1A	0.009609076221802246	No data	No data	No data	No data	0.07903100368951074	No data	No data	Fc gamma receptor Ia
LAMA2	0.009609076221802246	No data	No data	No data	No data	0.07903100368951074	No data	No data	laminin subunit alpha 2
REN	0.009588544007653096	No data	No data	No data	No data	0.0788621340235075	No data	No data	renin
STMN1	0.009588544007653096	No data	No data	No data	No data	0.0788621340235075	No data	No data	stathmin 1
TSIX	0.009553782493102387	No data	No data	No data	No data	No data	0.07857623376407603	No data	TSIX transcript, XIST antisense RNA
GRK2	0.009502991951407254	No data	No data	No data	No data	0.07815850084205041	No data	No data	G protein-coupled receptor kinase 2
IGFBP2	0.009496149043981921	No data	No data	No data	No data	0.07810222052649297	No data	No data	insulin like growth factor binding protein 2
HSPE1	0.009496149043981921	No data	No data	No data	No data	0.07810222052649297	No data	No data	heat shock protein family E (Hsp10) member 1
PDK4	0.009496149043981921	No data	No data	No data	No data	0.07810222052649297	No data	No data	pyruvate dehydrogenase kinase 4
CD1E	0.009485882936907346	No data	No data	No data	No data	0.07801778569349137	No data	No data	CD1e molecule
PADI4	0.009466358421984478	No data	No data	No data	No data	0.07785720397103568	No data	No data	peptidyl arginine deiminase 4
NLRC4	0.00946482484666111	No data	No data	No data	No data	0.07784459089624662	No data	No data	NLR family CARD domain containing 4
ISG15	0.009431140485265414	No data	No data	No data	No data	0.0697431720593332	0.03129751101289611	No data	ISG15 ubiquitin like modifier
USP18	0.009403754080310744	No data	No data	No data	No data	0.07734230702947845	No data	No data	ubiquitin specific peptidase 18
F11R	0.009403754080310744	No data	No data	No data	No data	0.07734230702947845	No data	No data	F11 receptor
HSD17B10	0.009403754080310744	No data	No data	No data	No data	0.07734230702947845	No data	No data	hydroxysteroid 17-beta dehydrogenase 10
IL1RL1	0.009403754080310744	No data	No data	No data	No data	0.07734230702947845	No data	No data	interleukin 1 receptor like 1
NOD2	0.009403754080310744	No data	No data	No data	No data	0.07734230702947845	No data	No data	nucleotide binding oligomerization domain containing 2
HDAC6	0.009403754080310744	No data	No data	No data	No data	0.07734230702947845	No data	No data	histone deacetylase 6
SLC1A3	0.009393487973236171	No data	No data	No data	No data	0.07725787219647684	No data	No data	solute carrier family 1 member 3
SARM1	0.009362689652012446	No data	No data	No data	No data	0.077004567697472	No data	No data	sterile alpha and TIR motif containing 1
IFIT1	0.009358622177807613	No data	No data	No data	No data	0.06383273374922022	0.05255352206878677	No data	interferon induced protein with tetratricopeptide repeats 1
NEAT1	0.009328468131139477	No data	No data	No data	No data	0.07672310868102297	No data	No data	nuclear paraspeckle assembly transcript 1
TH	0.009308895250941673	No data	No data	No data	No data	0.07656212917254356	No data	No data	tyrosine hydroxylase
CD276	0.009301093009564996	No data	No data	No data	No data	0.07649795869946231	No data	No data	CD276 molecule
GAD1	0.009248290683325649	No data	No data	No data	No data	0.07606367961336574	No data	No data	glutamate decarboxylase 1
GRM4	0.009246066675645273	No data	No data	No data	No data	0.07604538799457367	No data	No data	glutamate metabotropic receptor 4
IFNL3	0.009239496367117545	No data	No data	No data	No data	0.07599134970145263	No data	No data	interferon lambda 3
IL1R2	0.009239496367117545	No data	No data	No data	No data	0.07599134970145263	No data	No data	interleukin 1 receptor type 2
GLUL	0.009239496367117545	No data	No data	No data	No data	0.07599134970145263	No data	No data	glutamate-ammonia ligase
PTMA	0.009239496367117545	No data	No data	No data	No data	0.07599134970145263	No data	No data	prothymosin alpha
TNFRSF11A	0.009239496367117545	No data	No data	No data	No data	0.07599134970145263	No data	No data	TNF receptor superfamily member 11a
DUSP15	0.009239496367117545	No data	No data	No data	No data	0.07599134970145263	No data	No data	dual specificity phosphatase 15
DAB2	0.009239496367117545	No data	No data	No data	No data	0.07599134970145263	No data	No data	DAB adaptor protein 2
VAMP2	0.009239496367117545	No data	No data	No data	No data	0.07599134970145263	No data	No data	vesicle associated membrane protein 2
NRXN1	0.009239496367117545	No data	No data	No data	No data	0.07599134970145263	No data	No data	neurexin 1
RICTOR	0.009239496367117545	No data	No data	No data	No data	0.07599134970145263	No data	No data	RPTOR independent companion of MTOR complex 2
FTO	0.009239496367117545	No data	No data	No data	No data	0.07599134970145263	No data	No data	FTO alpha-ketoglutarate dependent dioxygenase
SAG	0.009239496367117545	No data	No data	No data	No data	0.07599134970145263	No data	No data	S-antigen visual arrestin
CLEC4E	0.009239496367117545	No data	No data	No data	No data	0.07599134970145263	No data	No data	C-type lectin domain family 4 member E
MAFTRR	0.009239496367117545	No data	No data	No data	No data	0.07599134970145263	No data	No data	MAF transcriptional regulator RNA
GANAB	0.009239496367117545	No data	No data	No data	No data	0.07599134970145263	No data	No data	glucosidase II alpha subunit
ORM1	0.009239496367117545	No data	No data	No data	No data	0.07599134970145263	No data	No data	orosomucoid 1
IL12RB2	0.009239496367117545	No data	No data	No data	No data	0.07599134970145263	No data	No data	interleukin 12 receptor subunit beta 2
FCRL5	0.009239496367117545	No data	No data	No data	No data	0.07599134970145263	No data	No data	Fc receptor like 5
RASD1	0.009208698045893821	No data	No data	No data	No data	0.0757380452024478	No data	No data	ras related dexamethasone induced 1
EIF2AK2	0.009195895777088842	No data	No data	No data	No data	0.07098943019443701	0.018573284830678924	No data	eukaryotic translation initiation factor 2 alpha kinase 2
CSF1R	0.009195395417168541	No data	No data	No data	No data	0.07562863613173168	No data	No data	colony stimulating factor 1 receptor
CBLIF	0.009185701966046771	No data	No data	No data	No data	0.07554891117652418	No data	No data	cobalamin binding intrinsic factor
PTN	0.009177899724670095	No data	No data	No data	No data	0.07548474070344295	No data	No data	pleiotrophin
PPARD	0.009165169751897621	No data	No data	No data	No data	0.07538004151052095	No data	No data	peroxisome proliferator activated receptor delta
MKI67	0.009114545273276611	No data	No data	No data	No data	0.07496367439423157	No data	No data	marker of proliferation Ki-67
NEFM	0.009108706162987458	No data	No data	No data	No data	0.07491564992901206	No data	No data	neurofilament medium chain
GRM5	0.009097208123063937	No data	No data	No data	No data	0.07482108291605027	No data	No data	glutamate metabotropic receptor 5
TNFRSF1B	0.009096681543002671	No data	No data	No data	No data	0.07481675199497066	No data	No data	TNF receptor superfamily member 1B
ALOX5	0.009093786198178634	No data	No data	No data	No data	0.07479293888305553	No data	No data	arachidonate 5-lipoxygenase
SERPINA1	0.00908659864846249	No data	No data	No data	No data	0.07473382401550495	No data	No data	serpin family A member 1
RUNX1	0.009054706439775195	No data	No data	No data	No data	0.07447152270742358	No data	No data	RUNX family transcription factor 1
IGKV1D-37	0.009015079266467335	No data	No data	No data	No data	0.07414560425203735	No data	No data	immunoglobulin kappa variable 1D-37 (non-functional)
TNFSF9	0.009003375904402318	No data	No data	No data	No data	0.07404934854241552	No data	No data	TNF superfamily member 9
HDAC3	0.00900091203870442	No data	No data	No data	No data	0.07402908418249511	No data	No data	histone deacetylase 3
KLRC2	0.008995150447999303	No data	No data	No data	No data	0.07398169728642279	No data	No data	killer cell lectin like receptor C2
OASL	0.008994794575570222	No data	No data	No data	No data	0.06518369107724604	0.03518031717424022	No data	2'-5'-oligoadenylate synthetase like
DCX	0.008980379824555271	No data	No data	No data	No data	0.0738602145164919	No data	No data	doublecortin
MLKL	0.00894177926195487	No data	No data	No data	No data	0.07354273954440584	No data	No data	mixed lineage kinase domain like pseudokinase
ACKR3	0.008910455064634058	No data	No data	No data	No data	0.07328510991415947	No data	No data	atypical chemokine receptor 3
NR1H4	0.00889825096795867	No data	No data	No data	No data	0.07318473585247898	No data	No data	nuclear receptor subfamily 1 group H member 4
PTEN	0.00887771875380952	No data	No data	No data	No data	0.07301586618647575	No data	No data	phosphatase and tensin homolog
DDX41	0.00887771875380952	No data	No data	No data	No data	0.07301586618647575	No data	No data	DEAD-box helicase 41
CCL21	0.008872242332745361	No data	No data	No data	No data	0.07297082470243124	No data	No data	C-C motif chemokine ligand 21
PF4	0.008869916512432845	No data	No data	No data	No data	0.07295169571339453	No data	No data	platelet factor 4
ABCC1	0.008869916512432843	No data	No data	No data	No data	0.07295169571339452	No data	No data	ATP binding cassette subfamily C member 1
A1BG	0.008869916512432843	No data	No data	No data	No data	0.07295169571339452	No data	No data	alpha-1-B glycoprotein
CCNA2	0.008869916512432843	No data	No data	No data	No data	0.07295169571339452	No data	No data	cyclin A2
IRAK1	0.008869916512432843	No data	No data	No data	No data	0.07295169571339452	No data	No data	interleukin 1 receptor associated kinase 1
AREG	0.008869916512432843	No data	No data	No data	No data	0.07295169571339452	No data	No data	amphiregulin
PRRC2A	0.008869916512432843	No data	No data	No data	No data	0.07295169571339452	No data	No data	proline rich coiled-coil 2A
DCTN1	0.008869916512432843	No data	No data	No data	No data	0.07295169571339452	No data	No data	dynactin subunit 1
TCIRG1	0.008869916512432843	No data	No data	No data	No data	0.07295169571339452	No data	No data	T cell immune regulator 1, ATPase H+ transporting V0 subunit a3
PLCG2	0.008869916512432843	No data	No data	No data	No data	0.07295169571339452	No data	No data	phospholipase C gamma 2
DROSHA	0.008869916512432843	No data	No data	No data	No data	0.07295169571339452	No data	No data	drosha ribonuclease III
OTC	0.008869916512432843	No data	No data	No data	No data	0.07295169571339452	No data	No data	ornithine transcarbamylase
SOX1	0.008869916512432843	No data	No data	No data	No data	0.07295169571339452	No data	No data	SRY-box transcription factor 1
FCER2	0.008869916512432843	No data	No data	No data	No data	0.07295169571339452	No data	No data	Fc epsilon receptor II
ERV3-1	0.008869916512432843	No data	No data	No data	No data	0.07295169571339452	No data	No data	endogenous retrovirus group 3 member 1, envelope
XCL1	0.008869916512432843	No data	No data	No data	No data	0.07295169571339452	No data	No data	X-C motif chemokine ligand 1
PNMT	0.008869916512432843	No data	No data	No data	No data	0.07295169571339452	No data	No data	phenylethanolamine N-methyltransferase
ADAMTS14	0.008869916512432843	No data	No data	No data	No data	0.07295169571339452	No data	No data	ADAM metallopeptidase with thrombospondin type 1 motif 14
SCG2	0.008850821553274133	No data	No data	No data	No data	0.07279464692401154	No data	No data	secretogranin II
CKB	0.008841787379048506	No data	No data	No data	No data	0.0727203442709701	No data	No data	creatine kinase B
TRPM7	0.008839118191209118	No data	No data	No data	No data	0.07269839121438969	No data	No data	transient receptor potential cation channel subfamily M member 7
HLA-DPA1	0.00881612211136207	No data	No data	No data	No data	0.07250925718846607	No data	No data	major histocompatibility complex, class II, DP alpha 1
CTSS	0.008806192615270051	No data	No data	No data	No data	0.07242759085299641	No data	No data	cathepsin S
FABP7	0.008746723227537943	No data	No data	No data	No data	0.07193847771737516	No data	No data	fatty acid binding protein 7
MAP3K5	0.008702566396373913	No data	No data	No data	No data	0.0715753045458768	No data	No data	mitogen-activated protein kinase kinase kinase 5
ECM1	0.008685126585090491	No data	No data	No data	No data	0.07143186871936547	No data	No data	extracellular matrix protein 1
CD68	0.008683756606856163	No data	No data	No data	No data	0.0714206011685216	No data	No data	CD68 molecule
GPR15	0.008682034182224765	No data	No data	No data	No data	0.07140643487987357	No data	No data	G protein-coupled receptor 15
GJB6	0.008654328263866766	No data	No data	No data	No data	0.07117856422036063	No data	No data	gap junction protein beta 6
GLB1	0.008654328263866766	No data	No data	No data	No data	0.07117856422036063	No data	No data	galactosidase beta 1
COL17A1	0.008574868595109555	No data	No data	No data	No data	0.07052503861292814	No data	No data	collagen type XVII alpha 1 chain
SLC25A27	0.008572199407270168	No data	No data	No data	No data	0.07050308555634772	No data	No data	solute carrier family 25 member 27
RELN	0.008500336657748143	No data	No data	No data	No data	0.06991204172533642	No data	No data	reelin
BTD	0.008500336657748143	No data	No data	No data	No data	0.06991204172533642	No data	No data	biotinidase
BTLA	0.008500336657748143	No data	No data	No data	No data	0.06991204172533642	No data	No data	B and T lymphocyte associated
H3P36	0.008500336657748143	No data	No data	No data	No data	0.06991204172533642	No data	No data	H3 histone pseudogene 36
ITM2B	0.008500336657748143	No data	No data	No data	No data	0.06991204172533642	No data	No data	integral membrane protein 2B
ALDH7A1	0.008484411621039193	No data	No data	No data	No data	0.0697810643445925	No data	No data	aldehyde dehydrogenase 7 family member A1
TLR8	0.008479804443598991	No data	No data	No data	No data	0.0697431720593332	No data	No data	toll like receptor 8
CYFIP2	0.008479804443598991	No data	No data	No data	No data	0.0697431720593332	No data	No data	cytoplasmic FMR1 interacting protein 2
SPAG16	0.008479804443598991	No data	No data	No data	No data	0.0697431720593332	No data	No data	sperm associated antigen 16
CD9	0.008479804443598991	No data	No data	No data	No data	0.0697431720593332	No data	No data	CD9 molecule
SRF	0.008479804443598991	No data	No data	No data	No data	0.0697431720593332	No data	No data	serum response factor
CTSG	0.008450442074265112	No data	No data	No data	No data	0.0667035180712751	0.011192638592663333	No data	cathepsin G
TNFRSF10A	0.008446542256677366	No data	No data	No data	No data	0.06946960320040796	No data	No data	TNF receptor superfamily member 10a
APOB	0.008415743935453641	No data	No data	No data	No data	0.06921629870140311	No data	No data	apolipoprotein B
F2	0.008390078667767205	No data	No data	No data	No data	0.0690052116188991	No data	No data	coagulation factor II, thrombin
PWAR1	0.008384945614229918	No data	No data	No data	No data	0.06896299420239828	No data	No data	Prader Willi/Angelman region RNA 1
ZNF433	0.008377143372853241	No data	No data	No data	No data	0.06889882372931705	No data	No data	zinc finger protein 433
OLIG1	0.008343881185931618	No data	No data	No data	No data	0.06862525487039182	No data	No data	oligodendrocyte transcription factor 1
IDO2	0.008343881185931618	No data	No data	No data	No data	0.06862525487039182	No data	No data	indoleamine 2,3-dioxygenase 2
SYK	0.008315546730405791	No data	No data	No data	No data	0.06839221473130737	No data	No data	spleen associated tyrosine kinase
CCL8	0.008315546730405791	No data	No data	No data	No data	0.06839221473130737	No data	No data	C-C motif chemokine ligand 8
CCL18	0.008315546730405791	No data	No data	No data	No data	0.06839221473130737	No data	No data	C-C motif chemokine ligand 18
TREM1	0.008315546730405791	No data	No data	No data	No data	0.06839221473130737	No data	No data	triggering receptor expressed on myeloid cells 1
ALDH1L1	0.008315546730405791	No data	No data	No data	No data	0.06839221473130737	No data	No data	aldehyde dehydrogenase 1 family member L1
ENG	0.008315546730405791	No data	No data	No data	No data	0.06839221473130737	No data	No data	endoglin
DNM2	0.008302816757633318	No data	No data	No data	No data	0.06828751553838537	No data	No data	dynamin 2
FLT3LG	0.008295014516256641	No data	No data	No data	No data	0.06822334506530414	No data	No data	fms related receptor tyrosine kinase 3 ligand
F10	0.008284748409182066	No data	No data	No data	No data	0.06813891023230254	No data	No data	coagulation factor X
FCGR2B	0.008263014670672952	No data	No data	No data	No data	0.06518369107724604	0.011105869629479686	No data	Fc gamma receptor IIb
NGFR	0.008261752329335018	No data	No data	No data	No data	0.06794977620637892	No data	No data	nerve growth factor receptor
CCR3	0.00820432940647351	No data	No data	No data	No data	0.06747749446734624	No data	No data	C-C motif chemokine receptor 3
MST1R	0.008202619552585465	No data	No data	No data	No data	0.06746343156828963	No data	No data	macrophage stimulating 1 receptor
SOCS5	0.008202619552585465	No data	No data	No data	No data	0.06746343156828963	No data	No data	suppressor of cytokine signaling 5
PLXNA3	0.008202619552585465	No data	No data	No data	No data	0.06746343156828963	No data	No data	plexin A3
ABCC8	0.008202619552585465	No data	No data	No data	No data	0.06746343156828963	No data	No data	ATP binding cassette subfamily C member 8
CR1	0.008202619552585465	No data	No data	No data	No data	0.06746343156828963	No data	No data	complement C3b/C4b receptor 1 (Knops blood group)
DAND5	0.00819235344551089	No data	No data	No data	No data	0.06737899673528801	No data	No data	DAN domain BMP antagonist family member 5
MBTPS1	0.008155171972281496	No data	No data	No data	No data	0.06707319323449919	No data	No data	membrane bound transcription factor peptidase, site 1
ARNT2	0.00813075680306344	No data	No data	No data	No data	0.06687238773727831	No data	No data	aryl hydrocarbon receptor nuclear translocator 2
HGFAC	0.00813075680306344	No data	No data	No data	No data	0.06687238773727831	No data	No data	HGF activator
NEUROG1	0.00813075680306344	No data	No data	No data	No data	0.06687238773727831	No data	No data	neurogenin 1
NARF	0.00813075680306344	No data	No data	No data	No data	0.06687238773727831	No data	No data	nuclear prelamin A recognition factor
RELB	0.00813075680306344	No data	No data	No data	No data	0.06687238773727831	No data	No data	RELB proto-oncogene, NF-kB subunit
DCK	0.00813075680306344	No data	No data	No data	No data	0.06687238773727831	No data	No data	deoxycytidine kinase
KLK3	0.00813075680306344	No data	No data	No data	No data	0.06687238773727831	No data	No data	kallikrein related peptidase 3
XDH	0.00811022458891429	No data	No data	No data	No data	0.0667035180712751	No data	No data	xanthine dehydrogenase
GRM1	0.00811022458891429	No data	No data	No data	No data	0.0667035180712751	No data	No data	glutamate metabotropic receptor 1
TNFRSF13B	0.00811022458891429	No data	No data	No data	No data	0.0667035180712751	No data	No data	TNF receptor superfamily member 13B
TRAF2	0.00811022458891429	No data	No data	No data	No data	0.0667035180712751	No data	No data	TNF receptor associated factor 2
EIF4EBP1	0.00811022458891429	No data	No data	No data	No data	0.0667035180712751	No data	No data	eukaryotic translation initiation factor 4E binding protein 1
GSN	0.008102627669679103	No data	No data	No data	No data	0.06664103629485389	No data	No data	gelsolin
NLRP1	0.008076962401992667	No data	No data	No data	No data	0.06642994921234986	No data	No data	NLR family pyrin domain containing 1
IFI44L	0.008059256752159662	No data	No data	No data	No data	0.012158615952232422	0.06324467297663985	No data	interferon induced protein 44 like
ITGAV	0.008017829625243115	No data	No data	No data	No data	0.06594360457426057	No data	No data	integrin subunit alpha V
MMP14	0.008017829625243115	No data	No data	No data	No data	0.06594360457426057	No data	No data	matrix metallopeptidase 14
FADD	0.008017829625243115	No data	No data	No data	No data	0.06594360457426057	No data	No data	Fas associated via death domain
RENBP	0.008017829625243115	No data	No data	No data	No data	0.06594360457426057	No data	No data	renin binding protein
DST	0.008017829625243115	No data	No data	No data	No data	0.06594360457426057	No data	No data	dystonin
LPAR1	0.008017829625243115	No data	No data	No data	No data	0.06594360457426057	No data	No data	lysophosphatidic acid receptor 1
RSAD2	0.008002206007144963	No data	No data	No data	No data	0.012158615952232422	0.06277545225909409	No data	radical S-adenosyl methionine domain containing 2
SOX10	0.00794596687572109	No data	No data	No data	No data	0.06535256074324927	No data	No data	SRY-box transcription factor 10
AVPR2	0.00794596687572109	No data	No data	No data	No data	0.06535256074324927	No data	No data	arginine vasopressin receptor 2
FABP5	0.00794596687572109	No data	No data	No data	No data	0.06535256074324927	No data	No data	fatty acid binding protein 5
LAMB2	0.00794596687572109	No data	No data	No data	No data	0.06535256074324927	No data	No data	laminin subunit beta 2
TNFSF15	0.00794596687572109	No data	No data	No data	No data	0.06535256074324927	No data	No data	TNF superfamily member 15
NCL	0.00794596687572109	No data	No data	No data	No data	0.06535256074324927	No data	No data	nucleolin
GPR55	0.00794596687572109	No data	No data	No data	No data	0.06535256074324927	No data	No data	G protein-coupled receptor 55
HAR1A	0.00794596687572109	No data	No data	No data	No data	0.06535256074324927	No data	No data	highly accelerated region 1A
ARSA	0.00794596687572109	No data	No data	No data	No data	0.06535256074324927	No data	No data	arylsulfatase A
HAR1B	0.00794596687572109	No data	No data	No data	No data	0.06535256074324927	No data	No data	highly accelerated region 1B
NRP1	0.00794596687572109	No data	No data	No data	No data	0.06535256074324927	No data	No data	neuropilin 1
NFKBIL1	0.00794596687572109	No data	No data	No data	No data	0.06535256074324927	No data	No data	NFKB inhibitor like 1
F2R	0.00794596687572109	No data	No data	No data	No data	0.06535256074324927	No data	No data	coagulation factor II thrombin receptor
CST7	0.00794596687572109	No data	No data	No data	No data	0.06535256074324927	No data	No data	cystatin F
ENHO	0.00794596687572109	No data	No data	No data	No data	0.06535256074324927	No data	No data	energy homeostasis associated
F8	0.00794596687572109	No data	No data	No data	No data	0.06535256074324927	No data	No data	coagulation factor VIII
CSF1	0.00794596687572109	No data	No data	No data	No data	0.06535256074324927	No data	No data	colony stimulating factor 1
SERPINF1	0.00794596687572109	No data	No data	No data	No data	0.06535256074324927	No data	No data	serpin family F member 1
CYCS	0.00794596687572109	No data	No data	No data	No data	0.06535256074324927	No data	No data	cytochrome c, somatic
FLT1	0.00794596687572109	No data	No data	No data	No data	0.06535256074324927	No data	No data	fms related receptor tyrosine kinase 1
BSN	0.00794596687572109	No data	No data	No data	No data	0.06535256074324927	No data	No data	bassoon presynaptic cytomatrix protein
CHL1	0.007925434661571938	No data	No data	No data	No data	0.06518369107724604	No data	No data	cell adhesion molecule L1 like
KIR2DS1	0.007925434661571938	No data	No data	No data	No data	0.06518369107724604	No data	No data	killer cell immunoglobulin like receptor, two Ig domains and short cytoplasmic tail 1 
NCR1	0.007925434661571938	No data	No data	No data	No data	0.06518369107724604	No data	No data	natural cytotoxicity triggering receptor 1
OIP5	0.007925434661571938	No data	No data	No data	No data	0.06518369107724604	No data	No data	Opa interacting protein 5
PRKG1	0.007925434661571938	No data	No data	No data	No data	0.06518369107724604	No data	No data	protein kinase cGMP-dependent 1
FCGR3A	0.007925434661571938	No data	No data	No data	No data	0.06518369107724604	No data	No data	Fc gamma receptor IIIa
CLEC10A	0.007925434661571938	No data	No data	No data	No data	0.06518369107724604	No data	No data	C-type lectin domain containing 10A
ANXA5	0.007925434661571938	No data	No data	No data	No data	0.06518369107724604	No data	No data	annexin A5
IL27RA	0.007925434661571938	No data	No data	No data	No data	0.06518369107724604	No data	No data	interleukin 27 receptor subunit alpha
HOTAIR	0.007925434661571938	No data	No data	No data	No data	0.06518369107724604	No data	No data	HOX transcript antisense RNA
TAP1	0.00786562139354606	No data	No data	No data	No data	0.06079307976116211	0.015594679582423618	No data	transporter 1, ATP binding cassette subfamily B member
PCK1	0.007761176948378739	No data	No data	No data	No data	0.06383273374922022	No data	No data	phosphoenolpyruvate carboxykinase 1
LYST	0.007761176948378739	No data	No data	No data	No data	0.06383273374922022	No data	No data	lysosomal trafficking regulator
CORO1A	0.007761176948378739	No data	No data	No data	No data	0.06383273374922022	No data	No data	coronin 1A
SLC16A1	0.007761176948378739	No data	No data	No data	No data	0.06383273374922022	No data	No data	solute carrier family 16 member 1
ADAMTS1	0.007761176948378739	No data	No data	No data	No data	0.06383273374922022	No data	No data	ADAM metallopeptidase with thrombospondin type 1 motif 1
IFNLR1	0.007761176948378739	No data	No data	No data	No data	0.06383273374922022	No data	No data	interferon lambda receptor 1
BMP5	0.007761176948378739	No data	No data	No data	No data	0.06383273374922022	No data	No data	bone morphogenetic protein 5
TBK1	0.007761176948378739	No data	No data	No data	No data	0.06383273374922022	No data	No data	TANK binding kinase 1
PSMB9	0.007761176948378739	No data	No data	No data	No data	0.06383273374922022	No data	No data	proteasome 20S subunit beta 9
SPAM1	0.007761176948378739	No data	No data	No data	No data	0.06383273374922022	No data	No data	sperm adhesion molecule 1
LGALS4	0.007761176948378739	No data	No data	No data	No data	0.06383273374922022	No data	No data	galectin 4
HNF4A	0.007761176948378739	No data	No data	No data	No data	0.06383273374922022	No data	No data	hepatocyte nuclear factor 4 alpha
HLA-DMB	0.007761176948378739	No data	No data	No data	No data	0.06383273374922022	No data	No data	major histocompatibility complex, class II, DM beta
GCG	0.007761176948378739	No data	No data	No data	No data	0.06383273374922022	No data	No data	glucagon
TPI1	0.007761176948378739	No data	No data	No data	No data	0.06383273374922022	No data	No data	triosephosphate isomerase 1
NPC1	0.007761176948378739	No data	No data	No data	No data	0.06383273374922022	No data	No data	NPC intracellular cholesterol transporter 1
H3P40	0.007761176948378739	No data	No data	No data	No data	0.06383273374922022	No data	No data	H3 histone pseudogene 40
EDNRB	0.007761176948378739	No data	No data	No data	No data	0.06383273374922022	No data	No data	endothelin receptor type B
CFH	0.007761176948378739	No data	No data	No data	No data	0.06383273374922022	No data	No data	complement factor H
YWHAQ	0.007761176948378739	No data	No data	No data	No data	0.06383273374922022	No data	No data	tyrosine 3-monooxygenase/tryptophan 5-monooxygenase activation protein theta
PER3	0.007761176948378739	No data	No data	No data	No data	0.06383273374922022	No data	No data	period circadian regulator 3
PTPN2	0.007761176948378739	No data	No data	No data	No data	0.06383273374922022	No data	No data	protein tyrosine phosphatase non-receptor type 2
CAMKK2	0.007761176948378739	No data	No data	No data	No data	0.06383273374922022	No data	No data	calcium/calmodulin dependent protein kinase kinase 2
PROS1	0.007761176948378739	No data	No data	No data	No data	0.06383273374922022	No data	No data	protein S
DOCK8	0.007761176948378739	No data	No data	No data	No data	0.06383273374922022	No data	No data	dedicator of cytokinesis 8
BRAF	0.007761176948378739	No data	No data	No data	No data	0.06383273374922022	No data	No data	B-Raf proto-oncogene, serine/threonine kinase
UCN2	0.007761176948378739	No data	No data	No data	No data	0.06383273374922022	No data	No data	urocortin 2
CFLAR	0.007761176948378739	No data	No data	No data	No data	0.06383273374922022	No data	No data	CASP8 and FADD like apoptosis regulator
RPS6	0.007761176948378739	No data	No data	No data	No data	0.06383273374922022	No data	No data	ribosomal protein S6
HFE	0.007761176948378739	No data	No data	No data	No data	0.06383273374922022	No data	No data	homeostatic iron regulator
ZFAT	0.007761176948378739	No data	No data	No data	No data	0.06383273374922022	No data	No data	zinc finger and AT-hook domain containing
IFI6	0.007761176948378739	No data	No data	No data	No data	0.06383273374922022	No data	No data	interferon alpha inducible protein 6
NRG1	0.007761176948378739	No data	No data	No data	No data	0.06383273374922022	No data	No data	neuregulin 1
GAS8	0.007761176948378739	No data	No data	No data	No data	0.06383273374922022	No data	No data	growth arrest specific 8
TNFRSF19	0.007761176948378739	No data	No data	No data	No data	0.06383273374922022	No data	No data	TNF receptor superfamily member 19
GLO1	0.0073915970936940375	No data	No data	No data	No data	0.06079307976116211	No data	No data	glyoxalase I
SDC2	0.0073915970936940375	No data	No data	No data	No data	0.06079307976116211	No data	No data	syndecan 2
IGF2R	0.0073915970936940375	No data	No data	No data	No data	0.06079307976116211	No data	No data	insulin like growth factor 2 receptor
NAT8L	0.0073915970936940375	No data	No data	No data	No data	0.06079307976116211	No data	No data	N-acetyltransferase 8 like
MTR	0.0073915970936940375	No data	No data	No data	No data	0.06079307976116211	No data	No data	5-methyltetrahydrofolate-homocysteine methyltransferase
DARS2	0.0073915970936940375	No data	No data	No data	No data	0.06079307976116211	No data	No data	aspartyl-tRNA synthetase 2, mitochondrial
PDE2A	0.0073915970936940375	No data	No data	No data	No data	0.06079307976116211	No data	No data	phosphodiesterase 2A
SRI	0.0073915970936940375	No data	No data	No data	No data	0.06079307976116211	No data	No data	sorcin
ESM1	0.0073915970936940375	No data	No data	No data	No data	0.06079307976116211	No data	No data	endothelial cell specific molecule 1
PSMA6	0.0073915970936940375	No data	No data	No data	No data	0.06079307976116211	No data	No data	proteasome 20S subunit alpha 6
CYP27A1	0.0073915970936940375	No data	No data	No data	No data	0.06079307976116211	No data	No data	cytochrome P450 family 27 subfamily A member 1
GRM7	0.0073915970936940375	No data	No data	No data	No data	0.06079307976116211	No data	No data	glutamate metabotropic receptor 7
TPMT	0.0073915970936940375	No data	No data	No data	No data	0.06079307976116211	No data	No data	thiopurine S-methyltransferase
PDE1A	0.0073915970936940375	No data	No data	No data	No data	0.06079307976116211	No data	No data	phosphodiesterase 1A
FOXC1	0.0073915970936940375	No data	No data	No data	No data	0.06079307976116211	No data	No data	forkhead box C1
ITPA	0.0073915970936940375	No data	No data	No data	No data	0.06079307976116211	No data	No data	inosine triphosphatase
TBKBP1	0.0073915970936940375	No data	No data	No data	No data	0.06079307976116211	No data	No data	TBK1 binding protein 1
NECTIN1	0.0073915970936940375	No data	No data	No data	No data	0.06079307976116211	No data	No data	nectin cell adhesion molecule 1
SLC6A13	0.0073915970936940375	No data	No data	No data	No data	0.06079307976116211	No data	No data	solute carrier family 6 member 13
CFI	0.0073915970936940375	No data	No data	No data	No data	0.06079307976116211	No data	No data	complement factor I
COMT	0.0073915970936940375	No data	No data	No data	No data	0.06079307976116211	No data	No data	catechol-O-methyltransferase
MLNR	0.0073915970936940375	No data	No data	No data	No data	0.06079307976116211	No data	No data	motilin receptor
VAV2	0.0073915970936940375	No data	No data	No data	No data	0.06079307976116211	No data	No data	vav guanine nucleotide exchange factor 2
RAB32	0.0073915970936940375	No data	No data	No data	No data	0.06079307976116211	No data	No data	RAB32, member RAS oncogene family
APEX1	0.0073915970936940375	No data	No data	No data	No data	0.06079307976116211	No data	No data	apurinic/apyrimidinic endodeoxyribonuclease 1
PDCD5	0.0073915970936940375	No data	No data	No data	No data	0.06079307976116211	No data	No data	programmed cell death 5
SF3B2	0.0073915970936940375	No data	No data	No data	No data	0.06079307976116211	No data	No data	splicing factor 3b subunit 2
PDYN	0.0073915970936940375	No data	No data	No data	No data	0.06079307976116211	No data	No data	prodynorphin
APOC2	0.0073915970936940375	No data	No data	No data	No data	0.06079307976116211	No data	No data	apolipoprotein C2
LPAR5	0.0073915970936940375	No data	No data	No data	No data	0.06079307976116211	No data	No data	lysophosphatidic acid receptor 5
HBEGF	0.0073915970936940375	No data	No data	No data	No data	0.06079307976116211	No data	No data	heparin binding EGF like growth factor
IFIT3	0.0073915970936940375	No data	No data	No data	No data	0.06079307976116211	No data	No data	interferon induced protein with tetratricopeptide repeats 3
HNF1A	0.0073915970936940375	No data	No data	No data	No data	0.06079307976116211	No data	No data	HNF1 homeobox A
CSPG4	0.0073915970936940375	No data	No data	No data	No data	0.06079307976116211	No data	No data	chondroitin sulfate proteoglycan 4
CST4	0.0073915970936940375	No data	No data	No data	No data	0.06079307976116211	No data	No data	cystatin S
BLNK	0.0073915970936940375	No data	No data	No data	No data	0.06079307976116211	No data	No data	B cell linker
C9	0.0073915970936940375	No data	No data	No data	No data	0.06079307976116211	No data	No data	complement C9
FGF1	0.0073915970936940375	No data	No data	No data	No data	0.06079307976116211	No data	No data	fibroblast growth factor 1
PSMC6	0.0073915970936940375	No data	No data	No data	No data	0.06079307976116211	No data	No data	proteasome 26S subunit, ATPase 6
AMT	0.0073915970936940375	No data	No data	No data	No data	0.06079307976116211	No data	No data	aminomethyltransferase
ATP9A	0.0073915970936940375	No data	No data	No data	No data	0.06079307976116211	No data	No data	ATPase phospholipid transporting 9A (putative)
ERO1A	0.0073915970936940375	No data	No data	No data	No data	0.06079307976116211	No data	No data	endoplasmic reticulum oxidoreductase 1 alpha
HLA-S	0.0073915970936940375	No data	No data	No data	No data	0.06079307976116211	No data	No data	major histocompatibility complex, class I, S (pseudogene)
GFUS	0.0073915970936940375	No data	No data	No data	No data	0.06079307976116211	No data	No data	GDP-L-fucose synthase
GABPB1	0.0073915970936940375	No data	No data	No data	No data	0.06079307976116211	No data	No data	GA binding protein transcription factor subunit beta 1
NINJ2	0.0073915970936940375	No data	No data	No data	No data	0.06079307976116211	No data	No data	ninjurin 2
KLF4	0.0073915970936940375	No data	No data	No data	No data	0.06079307976116211	No data	No data	KLF transcription factor 4
PDS5B	0.0073915970936940375	No data	No data	No data	No data	0.06079307976116211	No data	No data	PDS5 cohesin associated factor B
RANBP2	0.0073915970936940375	No data	No data	No data	No data	0.06079307976116211	No data	No data	RAN binding protein 2
ELF2	0.0073915970936940375	No data	No data	No data	No data	0.06079307976116211	No data	No data	E74 like ETS transcription factor 2
FGG	0.0073915970936940375	No data	No data	No data	No data	0.06079307976116211	No data	No data	fibrinogen gamma chain
RTL1	0.0073915970936940375	No data	No data	No data	No data	0.06079307976116211	No data	No data	retrotransposon Gag like 1
MAGI2	0.0073915970936940375	No data	No data	No data	No data	0.06079307976116211	No data	No data	membrane associated guanylate kinase, WW and PDZ domain containing 2
PRDX6	0.0073915970936940375	No data	No data	No data	No data	0.06079307976116211	No data	No data	peroxiredoxin 6
HLA-DMA	0.0073915970936940375	No data	No data	No data	No data	0.06079307976116211	No data	No data	major histocompatibility complex, class II, DM alpha
LILRA1	0.0073915970936940375	No data	No data	No data	No data	0.06079307976116211	No data	No data	leukocyte immunoglobulin like receptor A1
IGLL5	0.0073915970936940375	No data	No data	No data	No data	0.06079307976116211	No data	No data	immunoglobulin lambda like polypeptide 5
PDAP1	0.0073915970936940375	No data	No data	No data	No data	0.06079307976116211	No data	No data	PDGFA associated protein 1
TAC3	0.0073915970936940375	No data	No data	No data	No data	0.06079307976116211	No data	No data	tachykinin precursor 3
MIR155	0.0073915970936940375	No data	No data	No data	No data	0.06079307976116211	No data	No data	microRNA 155
GAPVD1	0.0073915970936940375	No data	No data	No data	No data	0.06079307976116211	No data	No data	GTPase activating protein and VPS9 domains 1
EGR3	0.0073915970936940375	No data	No data	No data	No data	0.06079307976116211	No data	No data	early growth response 3
DNAH8	0.0073915970936940375	No data	No data	No data	No data	0.06079307976116211	No data	No data	dynein axonemal heavy chain 8
PNPLA3	0.0073915970936940375	No data	No data	No data	No data	0.06079307976116211	No data	No data	patatin like phospholipase domain containing 3
SRC	0.0073915970936940375	No data	No data	No data	No data	0.06079307976116211	No data	No data	SRC proto-oncogene, non-receptor tyrosine kinase
PRKAR1A	0.0073915970936940375	No data	No data	No data	No data	0.06079307976116211	No data	No data	protein kinase cAMP-dependent type I regulatory subunit alpha
NNT	0.0073915970936940375	No data	No data	No data	No data	0.06079307976116211	No data	No data	nicotinamide nucleotide transhydrogenase
HSPB3	0.0073915970936940375	No data	No data	No data	No data	0.06079307976116211	No data	No data	heat shock protein family B (small) member 3
ENSG00000290929	0.0073915970936940375	No data	No data	No data	No data	0.06079307976116211	No data	No data	novel transcript
RXRA	0.0073915970936940375	No data	No data	No data	No data	0.06079307976116211	No data	No data	retinoid X receptor alpha
STAT2	0.0073915970936940375	No data	No data	No data	No data	0.06079307976116211	No data	No data	signal transducer and activator of transcription 2
TAAR5	0.0073915970936940375	No data	No data	No data	No data	0.06079307976116211	No data	No data	trace amine associated receptor 5
AK2	0.0073915970936940375	No data	No data	No data	No data	0.06079307976116211	No data	No data	adenylate kinase 2
C1R	0.0073915970936940375	No data	No data	No data	No data	0.06079307976116211	No data	No data	complement C1r
EPAS1	0.0073915970936940375	No data	No data	No data	No data	0.06079307976116211	No data	No data	endothelial PAS domain protein 1
DBH	0.0073915970936940375	No data	No data	No data	No data	0.06079307976116211	No data	No data	dopamine beta-hydroxylase
SORCS3	0.0073915970936940375	No data	No data	No data	No data	0.06079307976116211	No data	No data	sortilin related VPS10 domain containing receptor 3
TAC4	0.0073915970936940375	No data	No data	No data	No data	0.06079307976116211	No data	No data	tachykinin precursor 4
ARSL	0.0073915970936940375	No data	No data	No data	No data	0.06079307976116211	No data	No data	arylsulfatase L
ROCK2	0.0073915970936940375	No data	No data	No data	No data	0.06079307976116211	No data	No data	Rho associated coiled-coil containing protein kinase 2
IFITM1	0.0073915970936940375	No data	No data	No data	No data	0.06079307976116211	No data	No data	interferon induced transmembrane protein 1
SLFN12	0.0073915970936940375	No data	No data	No data	No data	0.06079307976116211	No data	No data	schlafen family member 12
MMP19	0.0073915970936940375	No data	No data	No data	No data	0.06079307976116211	No data	No data	matrix metallopeptidase 19
KISS1	0.0073915970936940375	No data	No data	No data	No data	0.06079307976116211	No data	No data	KiSS-1 metastasis suppressor
INHBE	0.0073915970936940375	No data	No data	No data	No data	0.06079307976116211	No data	No data	inhibin subunit beta E
MUCL1	0.0073915970936940375	No data	No data	No data	No data	0.06079307976116211	No data	No data	mucin like 1
STK17B	0.0073915970936940375	No data	No data	No data	No data	0.06079307976116211	No data	No data	serine/threonine kinase 17b
RAET1E	0.0073915970936940375	No data	No data	No data	No data	0.06079307976116211	No data	No data	retinoic acid early transcript 1E
ALAD	0.0073915970936940375	No data	No data	No data	No data	0.06079307976116211	No data	No data	aminolevulinate dehydratase
RHBDF1	0.0073915970936940375	No data	No data	No data	No data	0.06079307976116211	No data	No data	rhomboid 5 homolog 1
IL1RAP	0.0073915970936940375	No data	No data	No data	No data	0.06079307976116211	No data	No data	interleukin 1 receptor accessory protein
SPARCL1	0.0073915970936940375	No data	No data	No data	No data	0.06079307976116211	No data	No data	SPARC like 1
NPS	0.0073915970936940375	No data	No data	No data	No data	0.06079307976116211	No data	No data	neuropeptide S
EFNB2	0.0073915970936940375	No data	No data	No data	No data	0.06079307976116211	No data	No data	ephrin B2
MTRR	0.0073915970936940375	No data	No data	No data	No data	0.06079307976116211	No data	No data	5-methyltetrahydrofolate-homocysteine methyltransferase reductase
TXNIP	0.0073915970936940375	No data	No data	No data	No data	0.06079307976116211	No data	No data	thioredoxin interacting protein
FAM215A	0.0073915970936940375	No data	No data	No data	No data	0.06079307976116211	No data	No data	family with sequence similarity 215 member A
PTBP1	0.0073915970936940375	No data	No data	No data	No data	0.06079307976116211	No data	No data	polypyrimidine tract binding protein 1
KCNQ1OT1	0.0073915970936940375	No data	No data	No data	No data	0.06079307976116211	No data	No data	KCNQ1 opposite strand/antisense transcript 1
REST	0.0073915970936940375	No data	No data	No data	No data	0.06079307976116211	No data	No data	RE1 silencing transcription factor
ITCH	0.0073915970936940375	No data	No data	No data	No data	0.06079307976116211	No data	No data	itchy E3 ubiquitin protein ligase
CARD9	0.0073915970936940375	No data	No data	No data	No data	0.06079307976116211	No data	No data	caspase recruitment domain family member 9
CEMIP	0.0073915970936940375	No data	No data	No data	No data	0.06079307976116211	No data	No data	cell migration inducing hyaluronidase 1
PROC	0.0073915970936940375	No data	No data	No data	No data	0.06079307976116211	No data	No data	protein C, inactivator of coagulation factors Va and VIIIa
CYP2D6	0.0073915970936940375	No data	No data	No data	No data	0.06079307976116211	No data	No data	cytochrome P450 family 2 subfamily D member 6
DDO	0.007330656801230471	No data	No data	No data	No data	No data	0.06029186899257643	No data	D-aspartate oxidase
SCARA3	0.0072265458159643985	No data	No data	No data	No data	No data	0.05943559566611317	No data	scavenger receptor class A member 3
RNASE3	0.007206807166351686	No data	No data	No data	No data	0.05927325276713306	No data	No data	ribonuclease A family member 3
CCL4L2	0.007186274952202535	No data	No data	No data	No data	0.05910438310112983	No data	No data	C-C motif chemokine ligand 4 like 2
SLC7A11	0.007186274952202535	No data	No data	No data	No data	0.05910438310112983	No data	No data	solute carrier family 7 member 11
SHH	0.007121585906889356	No data	No data	No data	No data	0.058572340263628224	No data	No data	sonic hedgehog signaling molecule
CMKLR1	0.007093879988531359	No data	No data	No data	No data	0.0583444696041153	No data	No data	chemerin chemokine-like receptor 1
CYP1B1	0.007022017239009335	No data	No data	No data	No data	0.057753425773104	No data	No data	cytochrome P450 family 1 subfamily B member 1
RMRP	0.007022017239009335	No data	No data	No data	No data	0.057753425773104	No data	No data	RNA component of mitochondrial RNA processing endoribonuclease
MAEA	0.007022017239009335	No data	No data	No data	No data	0.057753425773104	No data	No data	macrophage erythroblast attacher, E3 ubiquitin ligase
INS	0.007022017239009335	No data	No data	No data	No data	0.057753425773104	No data	No data	insulin
IL24	0.007022017239009335	No data	No data	No data	No data	0.057753425773104	No data	No data	interleukin 24
NOD1	0.007022017239009335	No data	No data	No data	No data	0.057753425773104	No data	No data	nucleotide binding oligomerization domain containing 1
H3P28	0.006932051605160025	No data	No data	No data	No data	0.057013492591541585	No data	No data	H3 histone pseudogene 28
FOXA1	0.0068988239541144325	No data	No data	No data	No data	0.05674020777708463	No data	No data	forkhead box A1
HLA-B	0.006782906330534946	No data	No data	No data	No data	0.05578682933306689	No data	No data	major histocompatibility complex, class I, B
IFI27	0.006740348011816232	No data	No data	No data	No data	0.037995674850726316	0.04593788460684961	No data	interferon alpha inducible protein 27
GAD2	0.006724300133846657	No data	No data	No data	No data	0.05530481561605719	No data	No data	glutamate decarboxylase 2
USP6NL-AS1	0.006703598387484362	No data	No data	No data	No data	No data	0.05513455161196638	No data	USP6NL antisense RNA 1
PRDM8	0.006652437384324632	No data	No data	No data	No data	0.0547137717850459	No data	No data	PR/SET domain 8
PIAS3	0.006652437384324632	No data	No data	No data	No data	0.0547137717850459	No data	No data	protein inhibitor of activated STAT 3
IGKC	0.006652437384324632	No data	No data	No data	No data	0.0547137717850459	No data	No data	immunoglobulin kappa constant
CYP19A1	0.006652437384324632	No data	No data	No data	No data	0.0547137717850459	No data	No data	cytochrome P450 family 19 subfamily A member 1
POU2F2	0.006652437384324632	No data	No data	No data	No data	0.0547137717850459	No data	No data	POU class 2 homeobox 2
TSC2	0.006652437384324632	No data	No data	No data	No data	0.0547137717850459	No data	No data	TSC complex subunit 2
DDX5	0.006652437384324632	No data	No data	No data	No data	0.0547137717850459	No data	No data	DEAD-box helicase 5
SLC2A3	0.006647304330787345	No data	No data	No data	No data	0.05467155436854509	No data	No data	solute carrier family 2 member 3
CPZ	0.006631905170175482	No data	No data	No data	No data	0.054544902119042664	No data	No data	carboxypeptidase Z
ADGRG1	0.006631905170175482	No data	No data	No data	No data	0.054544902119042664	No data	No data	adhesion G protein-coupled receptor G1
NFATC1	0.006508711885280582	No data	No data	No data	No data	0.053531684123023296	No data	No data	nuclear factor of activated T cells 1
CLN5	0.006447115242833132	No data	No data	No data	No data	0.05302507512501362	No data	No data	CLN5 intracellular trafficking protein
ITGAL	0.006434385270060659	No data	No data	No data	No data	0.05292037593209162	No data	No data	integrin subunit alpha L
SCD5	0.006304826998779521	No data	No data	No data	No data	0.05185480833961125	No data	No data	stearoyl-CoA desaturase 5
TNFRSF18	0.006282857529639931	No data	No data	No data	No data	0.051674117796987794	No data	No data	TNF receptor superfamily member 18
LILRB2	0.006282857529639931	No data	No data	No data	No data	0.051674117796987794	No data	No data	leukocyte immunoglobulin like receptor B2
SAMHD1	0.006282857529639931	No data	No data	No data	No data	0.051674117796987794	No data	No data	SAM and HD domain containing deoxynucleoside triphosphate triphosphohydrolase 1
PDZRN4	0.006282857529639931	No data	No data	No data	No data	0.051674117796987794	No data	No data	PDZ domain containing ring finger 4
KLRG1	0.006262325315490781	No data	No data	No data	No data	0.05150524813098457	No data	No data	killer cell lectin like receptor G1
HSPG2	0.006098067602297579	No data	No data	No data	No data	0.05015429080295874	No data	No data	heparan sulfate proteoglycan 2
PELI1	0.006077535388148429	No data	No data	No data	No data	0.04998542113695551	No data	No data	pellino E3 ubiquitin protein ligase 1
RIPK2	0.006067269281073855	No data	No data	No data	No data	0.0499009863039539	No data	No data	receptor interacting serine/threonine kinase 2
DEFB4A	0.005913277674955229	No data	No data	No data	No data	0.04863446380892969	No data	No data	defensin beta 4A
SAFB	0.005913277674955229	No data	No data	No data	No data	0.04863446380892969	No data	No data	scaffold attachment factor B
DCN	0.005913277674955229	No data	No data	No data	No data	0.04863446380892969	No data	No data	decorin
TPRG1L	0.005913277674955229	No data	No data	No data	No data	0.04863446380892969	No data	No data	tumor protein p63 regulated 1 like
HSPA4	0.005913277674955229	No data	No data	No data	No data	0.04863446380892969	No data	No data	heat shock protein family A (Hsp70) member 4
ATN1	0.005874253897328487	No data	No data	No data	No data	0.04831350805393212	No data	No data	atrophin 1
IFI44	0.005860664070897734	No data	No data	No data	No data	No data	0.048201736891127535	No data	interferon induced protein 44
IL27	0.0058594832738844554	No data	No data	No data	No data	0.04819202528400123	No data	No data	interleukin 27
IL17RA	0.005844084113272592	No data	No data	No data	No data	0.0480653730344988	No data	No data	interleukin 17 receptor A
SLPI	0.005790084390060328	No data	No data	No data	No data	0.047621245812910315	No data	No data	secretory leukocyte peptidase inhibitor
KCNN4	0.005730813567925395	No data	No data	No data	No data	0.047133765803937334	No data	No data	potassium calcium-activated channel subfamily N member 4
PPIG	0.005707955533463729	No data	No data	No data	No data	0.046945767148897415	No data	No data	peptidylprolyl isomerase G
PRMT5	0.005707955533463729	No data	No data	No data	No data	0.046945767148897415	No data	No data	protein arginine methyltransferase 5
S100A8	0.005699399280277196	No data	No data	No data	No data	0.046875395214952396	No data	No data	S100 calcium binding protein A8
TRPV4	0.005615560569792552	No data	No data	No data	No data	0.04618585365188288	No data	No data	transient receptor potential cation channel subfamily V member 4
EGFR	0.005615211765332602	No data	No data	No data	No data	0.04618298486762882	No data	No data	epidermal growth factor receptor
SLC1A1	0.005613096704094653	No data	No data	No data	No data	0.04616558929196248	No data	No data	solute carrier family 1 member 1
HLA-DRB5	0.005606150664425942	No data	No data	No data	No data	0.046108460752859015	No data	No data	major histocompatibility complex, class II, DR beta 5
ATF3	0.005605294462717976	No data	No data	No data	No data	0.04610141881888126	No data	No data	activating transcription factor 3
AFP	0.005523165606121377	No data	No data	No data	No data	0.04542594015486835	No data	No data	alpha fetoprotein
MAP7D2	0.005504257504392047	No data	No data	No data	No data	No data	0.04527042819689868	No data	MAP7 domain containing 2
CCNDBP1	0.005489903419199753	No data	No data	No data	No data	0.045152371295943114	No data	No data	cyclin D1 binding protein 1
CD70	0.005428306776752304	No data	No data	No data	No data	0.04464576229793344	No data	No data	CD70 molecule
NINJ1	0.005428306776752304	No data	No data	No data	No data	0.04464576229793344	No data	No data	ninjurin 1
OMG	0.005420504535375625	No data	No data	No data	No data	0.044581591824852204	No data	No data	oligodendrocyte myelin glycoprotein
ANO2	0.005387242348454003	No data	No data	No data	No data	0.04430802296592698	No data	No data	anoctamin 2
ICAM5	0.005358907892928176	No data	No data	No data	No data	0.044074982826842524	No data	No data	intercellular adhesion molecule 5
SOCS3	0.005346177920155704	No data	No data	No data	No data	0.043970283633920526	No data	No data	suppressor of cytokine signaling 3
MBL2	0.005338375678779025	No data	No data	No data	No data	0.0439061131608393	No data	No data	mannose binding lectin 2
NR4A3	0.005338375678779025	No data	No data	No data	No data	0.0439061131608393	No data	No data	nuclear receptor subfamily 4 group A member 3
IGHV3-69-1	0.005328109571704451	No data	No data	No data	No data	0.04382167832783768	No data	No data	immunoglobulin heavy variable 3-69-1 (pseudogene)
HBA2	0.005274315170633677	No data	No data	No data	No data	0.043379239802909225	No data	No data	hemoglobin subunit alpha 2
LDHA	0.0052576840771728665	No data	No data	No data	No data	0.04324245537344661	No data	No data	lactate dehydrogenase A
HOOK3	0.005242727501869229	No data	No data	No data	No data	No data	0.04311944322006997	No data	hook microtubule tethering protein 3
TDO2	0.0051741179655858255	No data	No data	No data	No data	0.04255515583281348	No data	No data	tryptophan 2,3-dioxygenase
NTN4	0.0051741179655858255	No data	No data	No data	No data	0.04255515583281348	No data	No data	netrin 4
TGFB3	0.0051741179655858255	No data	No data	No data	No data	0.04255515583281348	No data	No data	transforming growth factor beta 3
CTNNA3	0.0051741179655858255	No data	No data	No data	No data	0.04255515583281348	No data	No data	catenin alpha 3
ABCA8	0.0051741179655858255	No data	No data	No data	No data	0.04255515583281348	No data	No data	ATP binding cassette subfamily A member 8
BUB1B	0.0051741179655858255	No data	No data	No data	No data	0.04255515583281348	No data	No data	BUB1 mitotic checkpoint serine/threonine kinase B
BAD	0.0051741179655858255	No data	No data	No data	No data	0.04255515583281348	No data	No data	BCL2 associated agonist of cell death
DNAJB2	0.0051741179655858255	No data	No data	No data	No data	0.04255515583281348	No data	No data	DnaJ heat shock protein family (Hsp40) member B2
H3C12	0.0051741179655858255	No data	No data	No data	No data	0.04255515583281348	No data	No data	H3 clustered histone 12
PGAM1	0.005174117965585825	No data	No data	No data	No data	0.04255515583281347	No data	No data	phosphoglycerate mutase 1
H1-3	0.00516262565268443	No data	No data	No data	No data	No data	0.04246063592243432	No data	H1.3 linker histone, cluster member
CPN1	0.005161387992813352	No data	No data	No data	No data	0.04245045663989148	No data	No data	carboxypeptidase N subunit 1
C3AR1	0.0051535857514366755	No data	No data	No data	No data	0.04238628616681025	No data	No data	complement C3a receptor 1
S100A9	0.005145029498250143	No data	No data	No data	No data	0.042315914232865244	No data	No data	S100 calcium binding protein A9
SBK2	0.005068618140007653	No data	No data	No data	No data	No data	0.041687459822077964	No data	SH3 domain binding kinase family member 2
HSPA1A	0.005063859975604889	No data	No data	No data	No data	0.04164832572637613	No data	No data	heat shock protein family A (Hsp70) member 1A
TNFRSF14	0.005036962775069503	No data	No data	No data	No data	0.041427106463911914	No data	No data	TNF receptor superfamily member 14
OAS3	0.005035739138293979	No data	No data	No data	No data	0.012158615952232422	0.038377388527947795	No data	2'-5'-oligoadenylate synthetase 3
LGALS1	0.005017662493769301	No data	No data	No data	No data	0.04126836897786887	No data	No data	galectin 1
BHLHE23	0.005016447724845085	No data	No data	No data	No data	No data	0.04125837796467307	No data	basic helix-loop-helix family member e23
BHLHE23	0.005016447724845085	No data	No data	No data	No data	No data	0.04125837796467307	No data	basic helix-loop-helix family member e23
TJP1	0.0050067678495268955	No data	No data	No data	No data	0.04117876466529574	No data	No data	tight junction protein 1
SPNS2	0.004989328038243475	No data	No data	No data	No data	0.04103532883878443	No data	No data	SPNS lysolipid transporter 2, sphingosine-1-phosphate
CDH2	0.004989328038243475	No data	No data	No data	No data	0.04103532883878443	No data	No data	cadherin 2
IL1RN	0.004968795824094324	No data	No data	No data	No data	0.04086645917278119	No data	No data	interleukin 1 receptor antagonist
HERC5	0.004963599907295513	No data	No data	No data	No data	No data	0.04082372472982136	No data	HECT and RLD domain containing E3 ubiquitin protein ligase 5
NELFCD	0.004950304260616734	No data	No data	No data	No data	0.040714373083786864	No data	No data	negative elongation factor complex member C/D
IRF7	0.004939694602860182	No data	No data	No data	No data	0.03706689168770857	0.01424088395660709	No data	interferon regulatory factor 7
CFB	0.0049041067787811456	No data	No data	No data	No data	0.0403344163352796	No data	No data	complement factor B
TRIM22	0.004890974232354614	No data	No data	No data	No data	0.03376960806940411	0.025827192229968782	No data	tripartite motif containing 22
TNFAIP6	0.00488951803779212	No data	No data	No data	No data	0.03343619386863916	0.02711294244338992	No data	TNF alpha induced protein 6
TRIM63	0.00487640086042315	No data	No data	No data	No data	0.04010654567576667	No data	No data	tripartite motif containing 63
OAS2	0.004842494557392258	No data	No data	No data	No data	0.02735688589252295	0.03298845773326065	No data	2'-5'-oligoadenylate synthetase 2
KLK4	0.004832872566426951	No data	No data	No data	No data	0.03974854198383983	No data	No data	kallikrein related peptidase 4
DLL4	0.004804538110901123	No data	No data	No data	No data	0.03951550184475537	No data	No data	delta like canonical Notch ligand 4
KDM6B	0.004804538110901123	No data	No data	No data	No data	0.03951550184475537	No data	No data	lysine demethylase 6B
CTSD	0.004804538110901123	No data	No data	No data	No data	0.03951550184475537	No data	No data	cathepsin D
ATP6AP2	0.004804538110901123	No data	No data	No data	No data	0.03951550184475537	No data	No data	ATPase H+ transporting accessory protein 2
ALOX15	0.004804538110901123	No data	No data	No data	No data	0.03951550184475537	No data	No data	arachidonate 15-lipoxygenase
SERPINC1	0.004804538110901123	No data	No data	No data	No data	0.03951550184475537	No data	No data	serpin family C member 1
IL2RG	0.004804538110901123	No data	No data	No data	No data	0.03951550184475537	No data	No data	interleukin 2 receptor subunit gamma
HSP90B1	0.004787459098252782	No data	No data	No data	No data	0.03647584785669726	0.011596742373350092	No data	heat shock protein 90 beta family member 1
AICDA	0.004784005896751974	No data	No data	No data	No data	0.039346632178752144	No data	No data	activation induced cytidine deaminase
CRABP1	0.004784005896751974	No data	No data	No data	No data	0.039346632178752144	No data	No data	cellular retinoic acid binding protein 1
DIAPH1-AS1	0.004740048444388156	No data	No data	No data	No data	No data	0.03898509882218826	No data	DIAPH1 antisense RNA 1
NFYC-AS1	0.004735490480111352	No data	No data	No data	No data	No data	0.038947611296513376	No data	NFYC antisense RNA 1
H2BC21	0.00469498830180004	No data	No data	No data	No data	No data	0.03861449625718297	No data	H2B clustered histone 21
GPER1	0.004691610933080798	No data	No data	No data	No data	0.03858671868173762	No data	No data	G protein-coupled estrogen receptor 1
EPHA4	0.004691610933080798	No data	No data	No data	No data	0.03858671868173762	No data	No data	EPH receptor A4
GDNF	0.004691610933080798	No data	No data	No data	No data	0.03858671868173762	No data	No data	glial cell derived neurotrophic factor
H3P13	0.0046891470673829	No data	No data	No data	No data	0.03856645432181723	No data	No data	H3 histone pseudogene 13
H1-4	0.004673246588235797	No data	No data	No data	No data	No data	0.03843567891769581	No data	H1.4 linker histone, cluster member
CNTNAP2	0.004648082639084599	No data	No data	No data	No data	0.03822871498981077	No data	No data	contactin associated protein 2
KNG1	0.004619748183558772	No data	No data	No data	No data	0.037995674850726316	No data	No data	kininogen 1
PANK2	0.004619748183558772	No data	No data	No data	No data	0.037995674850726316	No data	No data	pantothenate kinase 2
SLC7A5	0.004619748183558772	No data	No data	No data	No data	0.037995674850726316	No data	No data	solute carrier family 7 member 5
HPX	0.004619748183558772	No data	No data	No data	No data	0.037995674850726316	No data	No data	hemopexin
FABP4	0.004599215969409622	No data	No data	No data	No data	0.03782680518472309	No data	No data	fatty acid binding protein 4
GPC6	0.004599215969409622	No data	No data	No data	No data	0.03782680518472309	No data	No data	glypican 6
TG	0.004565953782488	No data	No data	No data	No data	0.037553236325797865	No data	No data	thyroglobulin
CBL	0.004565953782488	No data	No data	No data	No data	0.037553236325797865	No data	No data	Cbl proto-oncogene
CCL24	0.004506821005738447	No data	No data	No data	No data	0.03706689168770857	No data	No data	C-C motif chemokine ligand 24
LOX	0.004506821005738447	No data	No data	No data	No data	0.03706689168770857	No data	No data	lysyl oxidase
TPP2	0.004496554898663872	No data	No data	No data	No data	0.03698245685470695	No data	No data	tripeptidyl peptidase 2
APOH	0.004496554898663872	No data	No data	No data	No data	0.03698245685470695	No data	No data	apolipoprotein H
ABCA1	0.004496554898663872	No data	No data	No data	No data	0.03698245685470695	No data	No data	ATP binding cassette subfamily A member 1
IFIT2	0.004472469497312791	No data	No data	No data	No data	0.015198269940290528	0.03298479608791783	No data	interferon induced protein with tetratricopeptide repeats 2
PARP9	0.004444297751619828	No data	No data	No data	No data	No data	0.036552661660506004	No data	poly(ADP-ribose) polymerase family member 9
GNAI1	0.004434958256216422	No data	No data	No data	No data	0.03647584785669727	No data	No data	G protein subunit alpha i1
NLRP12	0.004434958256216422	No data	No data	No data	No data	0.03647584785669727	No data	No data	NLR family pyrin domain containing 12
MRAP	0.0044349582562164215	No data	No data	No data	No data	0.03647584785669726	No data	No data	melanocortin 2 receptor accessory protein
PAPPA	0.0044349582562164215	No data	No data	No data	No data	0.03647584785669726	No data	No data	pappalysin 1
TAPBPL	0.0044349582562164215	No data	No data	No data	No data	0.03647584785669726	No data	No data	TAP binding protein like
PLXNA1	0.0044349582562164215	No data	No data	No data	No data	0.03647584785669726	No data	No data	plexin A1
EGR1	0.0044349582562164215	No data	No data	No data	No data	0.03647584785669726	No data	No data	early growth response 1
QTRT1	0.0044349582562164215	No data	No data	No data	No data	0.03647584785669726	No data	No data	queuine tRNA-ribosyltransferase catalytic subunit 1
SYT11	0.0044349582562164215	No data	No data	No data	No data	0.03647584785669726	No data	No data	synaptotagmin 11
LTN1	0.0044349582562164215	No data	No data	No data	No data	0.03647584785669726	No data	No data	listerin E3 ubiquitin protein ligase 1
PLD1	0.0044349582562164215	No data	No data	No data	No data	0.03647584785669726	No data	No data	phospholipase D1
KRT83	0.0044349582562164215	No data	No data	No data	No data	0.03647584785669726	No data	No data	keratin 83
HPRT1	0.0044349582562164215	No data	No data	No data	No data	0.03647584785669726	No data	No data	hypoxanthine phosphoribosyltransferase 1
ZRANB1	0.0044349582562164215	No data	No data	No data	No data	0.03647584785669726	No data	No data	zinc finger RANBP2-type containing 1
PMP22	0.0044349582562164215	No data	No data	No data	No data	0.03647584785669726	No data	No data	peripheral myelin protein 22
KRT1	0.0044349582562164215	No data	No data	No data	No data	0.03647584785669726	No data	No data	keratin 1
KCNK2	0.0044349582562164215	No data	No data	No data	No data	0.03647584785669726	No data	No data	potassium two pore domain channel subfamily K member 2
IL10RB	0.0044349582562164215	No data	No data	No data	No data	0.03647584785669726	No data	No data	interleukin 10 receptor subunit beta
PITX1	0.0044349582562164215	No data	No data	No data	No data	0.03647584785669726	No data	No data	paired like homeodomain 1
SMPD3	0.0044349582562164215	No data	No data	No data	No data	0.03647584785669726	No data	No data	sphingomyelin phosphodiesterase 3
SLAMF9	0.0044349582562164215	No data	No data	No data	No data	0.03647584785669726	No data	No data	SLAM family member 9
TMSB4X	0.0044349582562164215	No data	No data	No data	No data	0.03647584785669726	No data	No data	thymosin beta 4 X-linked
RPA1	0.0044349582562164215	No data	No data	No data	No data	0.03647584785669726	No data	No data	replication protein A1
HRG	0.0044349582562164215	No data	No data	No data	No data	0.03647584785669726	No data	No data	histidine rich glycoprotein
EP400	0.0044349582562164215	No data	No data	No data	No data	0.03647584785669726	No data	No data	E1A binding protein p400
VGLL3	0.0044349582562164215	No data	No data	No data	No data	0.03647584785669726	No data	No data	vestigial like family member 3
FCRL4	0.0044349582562164215	No data	No data	No data	No data	0.03647584785669726	No data	No data	Fc receptor like 4
HNRNPL	0.0044349582562164215	No data	No data	No data	No data	0.03647584785669726	No data	No data	heterogeneous nuclear ribonucleoprotein L
XIAP	0.0044349582562164215	No data	No data	No data	No data	0.03647584785669726	No data	No data	X-linked inhibitor of apoptosis
ITLN1	0.0044349582562164215	No data	No data	No data	No data	0.03647584785669726	No data	No data	intelectin 1
TRPC6	0.0044349582562164215	No data	No data	No data	No data	0.03647584785669726	No data	No data	transient receptor potential cation channel subfamily C member 6
STX1A	0.0044349582562164215	No data	No data	No data	No data	0.03647584785669726	No data	No data	syntaxin 1A
GRM2	0.0044349582562164215	No data	No data	No data	No data	0.03647584785669726	No data	No data	glutamate metabotropic receptor 2
HSP90B2P	0.004428129601523719	No data	No data	No data	No data	0.036419684764454445	No data	No data	heat shock protein 90 beta family member 2, pseudogene
MICA	0.0044144260420672715	No data	No data	No data	No data	0.03630697819069404	No data	No data	MHC class I polypeptide-related sequence A
SETD2	0.0044144260420672715	No data	No data	No data	No data	0.03630697819069404	No data	No data	SET domain containing 2, histone lysine methyltransferase
CBLN1	0.0044144260420672715	No data	No data	No data	No data	0.03630697819069404	No data	No data	cerebellin 1 precursor
DUSP4	0.004381163855145648	No data	No data	No data	No data	0.03603340933176881	No data	No data	dual specificity phosphatase 4
HEPACAM	0.004322031078396096	No data	No data	No data	No data	0.03554706469367951	No data	No data	hepatic and glial cell adhesion molecule
CD74	0.004322031078396096	No data	No data	No data	No data	0.03554706469367951	No data	No data	CD74 molecule
PLA2G2A	0.004322031078396096	No data	No data	No data	No data	0.03554706469367951	No data	No data	phospholipase A2 group IIA
GBP1	0.004304304751796342	No data	No data	No data	No data	No data	0.035401272387471344	No data	guanylate binding protein 1
IL21	0.004302592751710516	No data	No data	No data	No data	0.035387191836752804	No data	No data	interleukin 21
AMBRA1	0.0042501683288740716	No data	No data	No data	No data	0.03495602086266821	No data	No data	autophagy and beclin 1 regulator 1
PCNA	0.0042501683288740716	No data	No data	No data	No data	0.03495602086266821	No data	No data	proliferating cell nuclear antigen
CLEC12A	0.0042501683288740716	No data	No data	No data	No data	0.03495602086266821	No data	No data	C-type lectin domain family 12 member A
FCN1	0.0042501683288740716	No data	No data	No data	No data	0.03495602086266821	No data	No data	ficolin 1
TRAF3IP2	0.0042501683288740716	No data	No data	No data	No data	0.03495602086266821	No data	No data	TRAF3 interacting protein 2
NOX5	0.0042501683288740716	No data	No data	No data	No data	0.03495602086266821	No data	No data	NADPH oxidase 5 
ZC3H12A	0.0042501683288740716	No data	No data	No data	No data	0.03495602086266821	No data	No data	zinc finger CCCH-type containing 12A
BIN2	0.0042501683288740716	No data	No data	No data	No data	0.03495602086266821	No data	No data	bridging integrator 2
DDIT4	0.0042501683288740716	No data	No data	No data	No data	0.03495602086266821	No data	No data	DNA damage inducible transcript 4
FUT4	0.0042501683288740716	No data	No data	No data	No data	0.03495602086266821	No data	No data	fucosyltransferase 4
TNFRSF17	0.0042501683288740716	No data	No data	No data	No data	0.03495602086266821	No data	No data	TNF receptor superfamily member 17
ANKRD13C-DT	0.004244029401314107	No data	No data	No data	No data	No data	0.03490553051422657	No data	ANKRD13C divergent transcript
IL19	0.004229636114724921	No data	No data	No data	No data	0.034787151196664985	No data	No data	interleukin 19
FCER1G	0.004229636114724921	No data	No data	No data	No data	0.034787151196664985	No data	No data	Fc epsilon receptor Ig
BDKRB2	0.004229636114724921	No data	No data	No data	No data	0.034787151196664985	No data	No data	bradykinin receptor B2
CH25H	0.004229636114724921	No data	No data	No data	No data	0.034787151196664985	No data	No data	cholesterol 25-hydroxylase
RIGI	0.004229636114724921	No data	No data	No data	No data	0.034787151196664985	No data	No data	RNA sensor RIG-I
RNF39	0.004229636114724921	No data	No data	No data	No data	0.034787151196664985	No data	No data	ring finger protein 39
IL26	0.004229636114724921	No data	No data	No data	No data	0.034787151196664985	No data	No data	interleukin 26
TUG1	0.004188045810329536	No data	No data	No data	No data	0.034445086733417014	No data	No data	taurine up-regulated 1
TBC1D22A-AS1	0.004172857958829752	No data	No data	No data	No data	No data	0.03432017242113467	No data	TBC1D22A antisense RNA 1
TNFSF4	0.0041649470694117416	No data	No data	No data	No data	0.034255108359163386	No data	No data	TNF superfamily member 4
DDX60	0.004161608161343143	No data	No data	No data	No data	No data	0.03422764710796739	No data	DExD/H-box helicase 60
KCNK3	0.0041347772853558475	No data	No data	No data	No data	0.03400697333973007	No data	No data	potassium two pore domain channel subfamily K member 3
MAT2B	0.004110153959661415	No data	No data	No data	No data	No data	0.03380445583452084	No data	methionine adenosyltransferase 2 non-catalytic beta subunit
STK36	0.00406537840153172	No data	No data	No data	No data	0.03343619386863916	No data	No data	serine/threonine kinase 36
CSMD1	0.00406537840153172	No data	No data	No data	No data	0.03343619386863916	No data	No data	CUB and Sushi multiple domains 1
MT-CYB	0.00406537840153172	No data	No data	No data	No data	0.03343619386863916	No data	No data	mitochondrially encoded cytochrome b
NR3C2	0.00406537840153172	No data	No data	No data	No data	0.03343619386863916	No data	No data	nuclear receptor subfamily 3 group C member 2
DECR1	0.00406537840153172	No data	No data	No data	No data	0.03343619386863916	No data	No data	2,4-dienoyl-CoA reductase 1
PCSK1	0.00406537840153172	No data	No data	No data	No data	0.03343619386863916	No data	No data	proprotein convertase subtilisin/kexin type 1
EIF3K	0.00406537840153172	No data	No data	No data	No data	0.03343619386863916	No data	No data	eukaryotic translation initiation factor 3 subunit K
TSLP	0.00406537840153172	No data	No data	No data	No data	0.03343619386863916	No data	No data	thymic stromal lymphopoietin
ORAI1	0.00406537840153172	No data	No data	No data	No data	0.03343619386863916	No data	No data	ORAI calcium release-activated calcium modulator 1
BHLHE40	0.00406537840153172	No data	No data	No data	No data	0.03343619386863916	No data	No data	basic helix-loop-helix family member e40
RGS10	0.00406537840153172	No data	No data	No data	No data	0.03343619386863916	No data	No data	regulator of G protein signaling 10
IRF3	0.00406537840153172	No data	No data	No data	No data	0.03343619386863916	No data	No data	interferon regulatory factor 3
SH3YL1	0.00406537840153172	No data	No data	No data	No data	0.03343619386863916	No data	No data	SH3 and SYLF domain containing 1
FUS	0.00406537840153172	No data	No data	No data	No data	0.03343619386863916	No data	No data	FUS RNA binding protein
SERPINI1	0.00406537840153172	No data	No data	No data	No data	0.03343619386863916	No data	No data	serpin family I member 1
ANAPC1	0.00406537840153172	No data	No data	No data	No data	0.03343619386863916	No data	No data	anaphase promoting complex subunit 1
GPR3	0.00406537840153172	No data	No data	No data	No data	0.03343619386863916	No data	No data	G protein-coupled receptor 3
ACVR2A	0.00406537840153172	No data	No data	No data	No data	0.03343619386863916	No data	No data	activin A receptor type 2A
PMAIP1	0.00406537840153172	No data	No data	No data	No data	0.03343619386863916	No data	No data	phorbol-12-myristate-13-acetate-induced protein 1
DLEU1	0.00406537840153172	No data	No data	No data	No data	0.03343619386863916	No data	No data	deleted in lymphocytic leukemia 1
ITK	0.00406537840153172	No data	No data	No data	No data	0.03343619386863916	No data	No data	IL2 inducible T cell kinase
TNC	0.003952451223711395	No data	No data	No data	No data	0.03250741070562141	No data	No data	tenascin C
SLC11A2	0.003952451223711395	No data	No data	No data	No data	0.03250741070562141	No data	No data	solute carrier family 11 member 2
ENSG00000220349	0.00389802828547279	No data	No data	No data	No data	0.032059802701121416	No data	No data	galanin receptor pseudogene
ACLY	0.0038497901529656437	No data	No data	No data	No data	0.03166306237560527	No data	No data	ATP citrate lyase
TALDO1	0.0038497901529656437	No data	No data	No data	No data	0.03166306237560527	No data	No data	transaldolase 1
CXCR6	0.0038497901529656437	No data	No data	No data	No data	0.03166306237560527	No data	No data	C-X-C motif chemokine receptor 6
MET	0.0038497901529656437	No data	No data	No data	No data	0.03166306237560527	No data	No data	MET proto-oncogene, receptor tyrosine kinase
SPINK7	0.003775988223030891	No data	No data	No data	No data	No data	0.031056069521939206	No data	serine peptidase inhibitor Kazal type 7
NF2	0.0037676612963690433	No data	No data	No data	No data	0.030987583711592354	No data	No data	NF2, moesin-ezrin-radixin like (MERLIN) tumor suppressor
CHRNA4	0.0037676612963690433	No data	No data	No data	No data	0.030987583711592354	No data	No data	cholinergic receptor nicotinic alpha 4 subunit
LTB4R	0.0037676612963690433	No data	No data	No data	No data	0.030987583711592354	No data	No data	leukotriene B4 receptor
WNK2	0.0037676612963690433	No data	No data	No data	No data	0.030987583711592354	No data	No data	WNK lysine deficient protein kinase 2
CACNA1G	0.0036957985468470188	No data	No data	No data	No data	0.030396539880581056	No data	No data	calcium voltage-gated channel subunit alpha1 G
TCF21	0.0036957985468470188	No data	No data	No data	No data	0.030396539880581056	No data	No data	transcription factor 21
THOP1	0.0036957985468470188	No data	No data	No data	No data	0.030396539880581056	No data	No data	thimet oligopeptidase 1
FUT8	0.0036957985468470188	No data	No data	No data	No data	0.030396539880581056	No data	No data	fucosyltransferase 8
MITF	0.0036957985468470188	No data	No data	No data	No data	0.030396539880581056	No data	No data	melanocyte inducing transcription factor
OMP	0.0036957985468470188	No data	No data	No data	No data	0.030396539880581056	No data	No data	olfactory marker protein
NPL	0.0036957985468470188	No data	No data	No data	No data	0.030396539880581056	No data	No data	N-acetylneuraminate pyruvate lyase
STOML3	0.0036957985468470188	No data	No data	No data	No data	0.030396539880581056	No data	No data	stomatin like 3
RGS3	0.0036957985468470188	No data	No data	No data	No data	0.030396539880581056	No data	No data	regulator of G protein signaling 3
FABP3	0.0036957985468470188	No data	No data	No data	No data	0.030396539880581056	No data	No data	fatty acid binding protein 3
UBASH3A	0.0036957985468470188	No data	No data	No data	No data	0.030396539880581056	No data	No data	ubiquitin associated and SH3 domain containing A
GPBAR1	0.0036957985468470188	No data	No data	No data	No data	0.030396539880581056	No data	No data	G protein-coupled bile acid receptor 1
TXN	0.0036957985468470188	No data	No data	No data	No data	0.030396539880581056	No data	No data	thioredoxin
PAIP1	0.0036957985468470188	No data	No data	No data	No data	0.030396539880581056	No data	No data	poly(A) binding protein interacting protein 1
ITPR2	0.0036957985468470188	No data	No data	No data	No data	0.030396539880581056	No data	No data	inositol 1,4,5-trisphosphate receptor type 2
ZNF596	0.0036957985468470188	No data	No data	No data	No data	0.030396539880581056	No data	No data	zinc finger protein 596
ZNF649	0.0036957985468470188	No data	No data	No data	No data	0.030396539880581056	No data	No data	zinc finger protein 649
ST6GAL1	0.0036957985468470188	No data	No data	No data	No data	0.030396539880581056	No data	No data	ST6 beta-galactoside alpha-2,6-sialyltransferase 1
SNX4	0.0036957985468470188	No data	No data	No data	No data	0.030396539880581056	No data	No data	sorting nexin 4
USP13	0.0036957985468470188	No data	No data	No data	No data	0.030396539880581056	No data	No data	ubiquitin specific peptidase 13
RNASE2	0.0036957985468470188	No data	No data	No data	No data	0.030396539880581056	No data	No data	ribonuclease A family member 2
APOL1	0.0036957985468470188	No data	No data	No data	No data	0.030396539880581056	No data	No data	apolipoprotein L1
EXT2	0.0036957985468470188	No data	No data	No data	No data	0.030396539880581056	No data	No data	exostosin glycosyltransferase 2
HDAC2	0.0036957985468470188	No data	No data	No data	No data	0.030396539880581056	No data	No data	histone deacetylase 2
CFHR1	0.0036957985468470188	No data	No data	No data	No data	0.030396539880581056	No data	No data	complement factor H related 1
CXCL3	0.0036957985468470188	No data	No data	No data	No data	0.030396539880581056	No data	No data	C-X-C motif chemokine ligand 3
STXBP1	0.0036957985468470188	No data	No data	No data	No data	0.030396539880581056	No data	No data	syntaxin binding protein 1
IL20	0.0036957985468470188	No data	No data	No data	No data	0.030396539880581056	No data	No data	interleukin 20
PPP1R15A	0.0036957985468470188	No data	No data	No data	No data	0.030396539880581056	No data	No data	protein phosphatase 1 regulatory subunit 15A
TBXAS1	0.0036957985468470188	No data	No data	No data	No data	0.030396539880581056	No data	No data	thromboxane A synthase 1
FXN	0.0036957985468470188	No data	No data	No data	No data	0.030396539880581056	No data	No data	frataxin
PDS5A	0.0036957985468470188	No data	No data	No data	No data	0.030396539880581056	No data	No data	PDS5 cohesin associated factor A
SPOP	0.0036957985468470188	No data	No data	No data	No data	0.030396539880581056	No data	No data	speckle type BTB/POZ protein
PLPP3	0.0036957985468470188	No data	No data	No data	No data	0.030396539880581056	No data	No data	phospholipid phosphatase 3
OSGIN1	0.0036957985468470188	No data	No data	No data	No data	0.030396539880581056	No data	No data	oxidative stress induced growth inhibitor 1
EFNA3	0.0036957985468470188	No data	No data	No data	No data	0.030396539880581056	No data	No data	ephrin A3
GMCL1	0.0036957985468470188	No data	No data	No data	No data	0.030396539880581056	No data	No data	germ cell-less 1, spermatogenesis associated
SLC28A2	0.0036957985468470188	No data	No data	No data	No data	0.030396539880581056	No data	No data	solute carrier family 28 member 2
ZDHHC5	0.0036957985468470188	No data	No data	No data	No data	0.030396539880581056	No data	No data	zinc finger DHHC-type palmitoyltransferase 5
DNAH10	0.0036957985468470188	No data	No data	No data	No data	0.030396539880581056	No data	No data	dynein axonemal heavy chain 10
AFF4	0.0036957985468470188	No data	No data	No data	No data	0.030396539880581056	No data	No data	ALF transcription elongation factor 4
RARA	0.0036957985468470188	No data	No data	No data	No data	0.030396539880581056	No data	No data	retinoic acid receptor alpha
VDAC1	0.0036957985468470188	No data	No data	No data	No data	0.030396539880581056	No data	No data	voltage dependent anion channel 1
SLC6A9	0.0036957985468470188	No data	No data	No data	No data	0.030396539880581056	No data	No data	solute carrier family 6 member 9
EFNA2	0.0036957985468470188	No data	No data	No data	No data	0.030396539880581056	No data	No data	ephrin A2
ATG4D	0.0036957985468470188	No data	No data	No data	No data	0.030396539880581056	No data	No data	autophagy related 4D cysteine peptidase
GARS1	0.0036957985468470188	No data	No data	No data	No data	0.030396539880581056	No data	No data	glycyl-tRNA synthetase 1
SULT1C2	0.0036957985468470188	No data	No data	No data	No data	0.030396539880581056	No data	No data	sulfotransferase family 1C member 2
ADH5	0.0036957985468470188	No data	No data	No data	No data	0.030396539880581056	No data	No data	alcohol dehydrogenase 5 (class III), chi polypeptide
OR2AG1	0.0036957985468470188	No data	No data	No data	No data	0.030396539880581056	No data	No data	olfactory receptor family 2 subfamily AG member 1
FAP	0.0036957985468470188	No data	No data	No data	No data	0.030396539880581056	No data	No data	fibroblast activation protein alpha
LRP1B	0.0036957985468470188	No data	No data	No data	No data	0.030396539880581056	No data	No data	LDL receptor related protein 1B
CYP1A2	0.0036957985468470188	No data	No data	No data	No data	0.030396539880581056	No data	No data	cytochrome P450 family 1 subfamily A member 2
BET1L	0.0036957985468470188	No data	No data	No data	No data	0.030396539880581056	No data	No data	Bet1 golgi vesicular membrane trafficking protein like
CHCHD2	0.0036957985468470188	No data	No data	No data	No data	0.030396539880581056	No data	No data	coiled-coil-helix-coiled-coil-helix domain containing 2
KMT2A	0.0036957985468470188	No data	No data	No data	No data	0.030396539880581056	No data	No data	lysine methyltransferase 2A
TMEM232	0.0036957985468470188	No data	No data	No data	No data	0.030396539880581056	No data	No data	transmembrane protein 232
HOTAIRM1	0.0036957985468470188	No data	No data	No data	No data	0.030396539880581056	No data	No data	HOXA transcript antisense RNA, myeloid-specific 1
NUDT1	0.0036957985468470188	No data	No data	No data	No data	0.030396539880581056	No data	No data	nudix hydrolase 1
GP2	0.0036957985468470188	No data	No data	No data	No data	0.030396539880581056	No data	No data	glycoprotein 2
JAML	0.0036957985468470188	No data	No data	No data	No data	0.030396539880581056	No data	No data	junction adhesion molecule like
MAFB	0.0036957985468470188	No data	No data	No data	No data	0.030396539880581056	No data	No data	MAF bZIP transcription factor B
ROBO3	0.0036957985468470188	No data	No data	No data	No data	0.030396539880581056	No data	No data	roundabout guidance receptor 3
FAM193B	0.0036957985468470188	No data	No data	No data	No data	0.030396539880581056	No data	No data	family with sequence similarity 193 member B
SLC6A11	0.0036957985468470188	No data	No data	No data	No data	0.030396539880581056	No data	No data	solute carrier family 6 member 11
TIAM1	0.0036957985468470188	No data	No data	No data	No data	0.030396539880581056	No data	No data	TIAM Rac1 associated GEF 1
SLC38A10	0.0036957985468470188	No data	No data	No data	No data	0.030396539880581056	No data	No data	solute carrier family 38 member 10
SPAG8	0.0036957985468470188	No data	No data	No data	No data	0.030396539880581056	No data	No data	sperm associated antigen 8
ROBO2	0.0036957985468470188	No data	No data	No data	No data	0.030396539880581056	No data	No data	roundabout guidance receptor 2
NOX3	0.0036957985468470188	No data	No data	No data	No data	0.030396539880581056	No data	No data	NADPH oxidase 3
NLRP7	0.0036957985468470188	No data	No data	No data	No data	0.030396539880581056	No data	No data	NLR family pyrin domain containing 7
APOC1	0.0036957985468470188	No data	No data	No data	No data	0.030396539880581056	No data	No data	apolipoprotein C1
CBX5	0.0036957985468470188	No data	No data	No data	No data	0.030396539880581056	No data	No data	chromobox 5
TDRKH	0.0036957985468470188	No data	No data	No data	No data	0.030396539880581056	No data	No data	tudor and KH domain containing
SLC9A1	0.0036957985468470188	No data	No data	No data	No data	0.030396539880581056	No data	No data	solute carrier family 9 member A1
EFEMP1	0.0036957985468470188	No data	No data	No data	No data	0.030396539880581056	No data	No data	EGF containing fibulin extracellular matrix protein 1
TSNARE1	0.0036957985468470188	No data	No data	No data	No data	0.030396539880581056	No data	No data	t-SNARE domain containing 1
IL34	0.0036957985468470188	No data	No data	No data	No data	0.030396539880581056	No data	No data	interleukin 34
CAVIN1	0.0036957985468470188	No data	No data	No data	No data	0.030396539880581056	No data	No data	caveolae associated protein 1
MYLIP	0.0036957985468470188	No data	No data	No data	No data	0.030396539880581056	No data	No data	myosin regulatory light chain interacting protein
GDA	0.0036957985468470188	No data	No data	No data	No data	0.030396539880581056	No data	No data	guanine deaminase
CTAG2	0.0036957985468470188	No data	No data	No data	No data	0.030396539880581056	No data	No data	cancer/testis antigen 2
SEPTIN14	0.0036957985468470188	No data	No data	No data	No data	0.030396539880581056	No data	No data	septin 14
PALM	0.0036957985468470188	No data	No data	No data	No data	0.030396539880581056	No data	No data	paralemmin
CTSA	0.0036957985468470188	No data	No data	No data	No data	0.030396539880581056	No data	No data	cathepsin A
PABPC1	0.0036957985468470188	No data	No data	No data	No data	0.030396539880581056	No data	No data	poly(A) binding protein cytoplasmic 1
MEST	0.0036957985468470188	No data	No data	No data	No data	0.030396539880581056	No data	No data	mesoderm specific transcript
MT1E	0.0036957985468470188	No data	No data	No data	No data	0.030396539880581056	No data	No data	metallothionein 1E
SLC22A25	0.0036957985468470188	No data	No data	No data	No data	0.030396539880581056	No data	No data	solute carrier family 22 member 25
ROBO4	0.0036957985468470188	No data	No data	No data	No data	0.030396539880581056	No data	No data	roundabout guidance receptor 4
OPN3	0.0036957985468470188	No data	No data	No data	No data	0.030396539880581056	No data	No data	opsin 3
GTPBP1	0.0036957985468470188	No data	No data	No data	No data	0.030396539880581056	No data	No data	GTP binding protein 1
TRIM2	0.0036957985468470188	No data	No data	No data	No data	0.030396539880581056	No data	No data	tripartite motif containing 2
LAMA4	0.0036957985468470188	No data	No data	No data	No data	0.030396539880581056	No data	No data	laminin subunit alpha 4
MTFMT	0.0036957985468470188	No data	No data	No data	No data	0.030396539880581056	No data	No data	mitochondrial methionyl-tRNA formyltransferase
SLC12A7	0.0036957985468470188	No data	No data	No data	No data	0.030396539880581056	No data	No data	solute carrier family 12 member 7
COX4I1	0.0036957985468470188	No data	No data	No data	No data	0.030396539880581056	No data	No data	cytochrome c oxidase subunit 4I1
BTBD8	0.0036957985468470188	No data	No data	No data	No data	0.030396539880581056	No data	No data	BTB domain containing 8
HLA-DRB9	0.0036957985468470188	No data	No data	No data	No data	0.030396539880581056	No data	No data	major histocompatibility complex, class II, DR beta 9 (pseudogene)
METRNL	0.0036957985468470188	No data	No data	No data	No data	0.030396539880581056	No data	No data	meteorin like, glial cell differentiation regulator
MAP2K1	0.0036957985468470188	No data	No data	No data	No data	0.030396539880581056	No data	No data	mitogen-activated protein kinase kinase 1
DTL	0.0036957985468470188	No data	No data	No data	No data	0.030396539880581056	No data	No data	denticleless E3 ubiquitin protein ligase homolog
DDAH1	0.0036957985468470188	No data	No data	No data	No data	0.030396539880581056	No data	No data	dimethylarginine dimethylaminohydrolase 1
MPPE1	0.0036957985468470188	No data	No data	No data	No data	0.030396539880581056	No data	No data	metallophosphoesterase 1
ASAP2	0.0036957985468470188	No data	No data	No data	No data	0.030396539880581056	No data	No data	ArfGAP with SH3 domain, ankyrin repeat and PH domain 2
OTUD7B	0.0036957985468470188	No data	No data	No data	No data	0.030396539880581056	No data	No data	OTU deubiquitinase 7B
RASGRP1	0.0036957985468470188	No data	No data	No data	No data	0.030396539880581056	No data	No data	RAS guanyl releasing protein 1
IGKV2D-29	0.0036957985468470188	No data	No data	No data	No data	0.030396539880581056	No data	No data	immunoglobulin kappa variable 2D-29
MLH1	0.0036957985468470188	No data	No data	No data	No data	0.030396539880581056	No data	No data	mutL homolog 1
RPL19	0.0036957985468470188	No data	No data	No data	No data	0.030396539880581056	No data	No data	ribosomal protein L19
HRAS	0.0036957985468470188	No data	No data	No data	No data	0.030396539880581056	No data	No data	HRas proto-oncogene, GTPase
PDPN	0.0036830685740745447	No data	No data	No data	No data	0.03029184068765905	No data	No data	podoplanin
NCAN	0.003675266332697868	No data	No data	No data	No data	0.030227670214577826	No data	No data	neurocan
CSTB	0.003675266332697868	No data	No data	No data	No data	0.030227670214577826	No data	No data	cystatin B
GPR84	0.003675266332697868	No data	No data	No data	No data	0.030227670214577826	No data	No data	G protein-coupled receptor 84
PLSCR1	0.003668146538103219	No data	No data	No data	No data	No data	0.03016911260717727	No data	phospholipid scramblase 1
IFITM3	0.0036559509171731498	No data	No data	No data	No data	0.012158615952232422	0.027029154267225974	No data	interferon induced transmembrane protein 3
KDM6A	0.003582871369026692	No data	No data	No data	No data	0.029467756717563298	No data	No data	lysine demethylase 6A
GALR2	0.003582871369026692	No data	No data	No data	No data	0.029467756717563298	No data	No data	galanin receptor 2
DHX58	0.0035421127515628758	No data	No data	No data	No data	0.012158615952232422	0.026092878575506535	No data	DExH-box helicase 58
PCSK1N	0.003532357570205237	No data	No data	No data	No data	No data	0.02905229990060396	No data	proprotein convertase subtilisin/kexin type 1 inhibitor
PCBP1	0.0035110086195046675	No data	No data	No data	No data	0.028876712886552	No data	No data	poly(rC) binding protein 1
KITLG	0.0035110086195046675	No data	No data	No data	No data	0.028876712886552	No data	No data	KIT ligand
EPHX2	0.0035110086195046675	No data	No data	No data	No data	0.028876712886552	No data	No data	epoxide hydrolase 2
FOXB1	0.0034977273994645135	No data	No data	No data	No data	No data	0.0287674798941429	No data	forkhead box B1
WT1	0.003490476405355517	No data	No data	No data	No data	0.02870784322054877	No data	No data	WT1 transcription factor
CENPC	0.0033669247428589105	No data	No data	No data	No data	No data	0.02769167770481899	No data	centromere protein C
PLA2G4A	0.003326218692162316	No data	No data	No data	No data	0.02735688589252295	No data	No data	phospholipase A2 group IVA
C1QTNF3	0.003326218692162316	No data	No data	No data	No data	0.02735688589252295	No data	No data	C1q and TNF related 3
RIC3	0.003326218692162316	No data	No data	No data	No data	0.02735688589252295	No data	No data	RIC3 acetylcholine receptor chaperone
MADCAM1	0.003326218692162316	No data	No data	No data	No data	0.02735688589252295	No data	No data	mucosal vascular addressin cell adhesion molecule 1
LBP	0.003326218692162316	No data	No data	No data	No data	0.02735688589252295	No data	No data	lipopolysaccharide binding protein
SMARCC1	0.003326218692162316	No data	No data	No data	No data	0.02735688589252295	No data	No data	SWI/SNF related, matrix associated, actin dependent regulator of chromatin subfamily c member 1
SNORD94	0.003326218692162316	No data	No data	No data	No data	0.02735688589252295	No data	No data	small nucleolar RNA, C/D box 94
PIK3CA	0.003326218692162316	No data	No data	No data	No data	0.02735688589252295	No data	No data	phosphatidylinositol-4,5-bisphosphate 3-kinase catalytic subunit alpha
FLT3	0.003326218692162316	No data	No data	No data	No data	0.02735688589252295	No data	No data	fms related receptor tyrosine kinase 3
HULC	0.003326218692162316	No data	No data	No data	No data	0.02735688589252295	No data	No data	hepatocellular carcinoma up-regulated long non-coding RNA
SNORD24	0.003326218692162316	No data	No data	No data	No data	0.02735688589252295	No data	No data	small nucleolar RNA, C/D box 24
PITX2	0.003326218692162316	No data	No data	No data	No data	0.02735688589252295	No data	No data	paired like homeodomain 2
FGF3	0.003326218692162316	No data	No data	No data	No data	0.02735688589252295	No data	No data	fibroblast growth factor 3
MAFG	0.003326218692162316	No data	No data	No data	No data	0.02735688589252295	No data	No data	MAF bZIP transcription factor G
CAMP	0.003326218692162316	No data	No data	No data	No data	0.02735688589252295	No data	No data	cathelicidin antimicrobial peptide
C1QTNF9	0.003326218692162316	No data	No data	No data	No data	0.02735688589252295	No data	No data	C1q and TNF related 9
SAMD9L	0.003212691179001496	No data	No data	No data	No data	No data	0.02642316519925625	No data	sterile alpha motif domain containing 9 like
MARCKSL1	0.0032117981404286215	No data	No data	No data	No data	No data	0.026415820296050302	No data	MARCKS like 1
GPT	0.0031697632203457927	No data	No data	No data	No data	0.026070099037578353	No data	No data	glutamic--pyruvic transaminase
RPN1	0.003147769365238333	No data	No data	No data	No data	No data	0.025889207929627685	No data	ribophorin I
CYP2U1-AS1	0.00311711341086499	No data	No data	No data	No data	No data	0.025637074343915454	No data	CYP2U1 and SGMS2 antisense RNA 1
GAST	0.0031128169445865926	No data	No data	No data	No data	No data	0.02560173753999569	No data	gastrin
NAMPT	0.0031106304435962405	No data	No data	No data	No data	0.025583754399489053	No data	No data	nicotinamide phosphoribosyltransferase
SSH1	0.0030971959642932616	No data	No data	No data	No data	No data	0.025473260907830475	No data	slingshot protein phosphatase 1
H4C5	0.0030902295557163517	No data	No data	No data	No data	No data	0.025415964842190445	No data	H4 clustered histone 5
ANOS1	0.0030876343637491924	No data	No data	No data	No data	0.02539462037356544	No data	No data	anosmin 1
CD5L	0.00302850158699964	No data	No data	No data	No data	0.024908275735476142	No data	No data	CD5 molecule like
AGRN	0.0030213116809512087	No data	No data	No data	No data	0.012158615952232422	0.021809487499929024	No data	agrin
ZNF154	0.0029964051668006563	No data	No data	No data	No data	No data	0.02464429486524321	No data	zinc finger protein 154
MCAT	0.0029631956276315805	No data	No data	No data	No data	0.012158615952232422	0.02133150502603604	No data	malonyl-CoA-acyl carrier protein transacylase
OSBPL6	0.0029566388374776143	No data	No data	No data	No data	0.024317231904464845	No data	No data	oxysterol binding protein like 6
TRPV2	0.0029566388374776143	No data	No data	No data	No data	0.024317231904464845	No data	No data	transient receptor potential cation channel subfamily V member 2
TNFAIP8L2	0.0029566388374776143	No data	No data	No data	No data	0.024317231904464845	No data	No data	TNF alpha induced protein 8 like 2
TFF2	0.0029566388374776143	No data	No data	No data	No data	0.024317231904464845	No data	No data	trefoil factor 2
MXRA7	0.0029566388374776143	No data	No data	No data	No data	0.024317231904464845	No data	No data	matrix remodeling associated 7
SET	0.0029566388374776143	No data	No data	No data	No data	0.024317231904464845	No data	No data	SET nuclear proto-oncogene
RO60	0.0029566388374776143	No data	No data	No data	No data	0.024317231904464845	No data	No data	Ro60, Y RNA binding protein
MAP3K20	0.0029566388374776143	No data	No data	No data	No data	0.024317231904464845	No data	No data	mitogen-activated protein kinase kinase kinase 20
NEIL1	0.0029566388374776143	No data	No data	No data	No data	0.024317231904464845	No data	No data	nei like DNA glycosylase 1
CHP1	0.0029566388374776143	No data	No data	No data	No data	0.024317231904464845	No data	No data	calcineurin like EF-hand protein 1
GUSB	0.0029566388374776143	No data	No data	No data	No data	0.024317231904464845	No data	No data	glucuronidase beta
CEBPD	0.0029566388374776143	No data	No data	No data	No data	0.024317231904464845	No data	No data	CCAAT enhancer binding protein delta
AGBL2	0.0029566388374776143	No data	No data	No data	No data	0.024317231904464845	No data	No data	AGBL carboxypeptidase 2
RGS7	0.0029566388374776143	No data	No data	No data	No data	0.024317231904464845	No data	No data	regulator of G protein signaling 7
JUP	0.0029566388374776143	No data	No data	No data	No data	0.024317231904464845	No data	No data	junction plakoglobin
CDCA7	0.0029566388374776143	No data	No data	No data	No data	0.024317231904464845	No data	No data	cell division cycle associated 7
C1QB	0.0029566388374776143	No data	No data	No data	No data	0.024317231904464845	No data	No data	complement C1q B chain
NPNT	0.0029566388374776143	No data	No data	No data	No data	0.024317231904464845	No data	No data	nephronectin
CLN3	0.0029566388374776143	No data	No data	No data	No data	0.024317231904464845	No data	No data	CLN3 lysosomal/endosomal transmembrane protein, battenin
RBP4	0.0029566388374776143	No data	No data	No data	No data	0.024317231904464845	No data	No data	retinol binding protein 4
ST3GAL5	0.0029566388374776143	No data	No data	No data	No data	0.024317231904464845	No data	No data	ST3 beta-galactoside alpha-2,3-sialyltransferase 5
IFNA17	0.0029566388374776143	No data	No data	No data	No data	0.024317231904464845	No data	No data	interferon alpha 17
DPP6	0.0029566388374776143	No data	No data	No data	No data	0.024317231904464845	No data	No data	dipeptidyl peptidase like 6
MRPL18	0.0029566388374776143	No data	No data	No data	No data	0.024317231904464845	No data	No data	mitochondrial ribosomal protein L18
TXN2	0.0029566388374776143	No data	No data	No data	No data	0.024317231904464845	No data	No data	thioredoxin 2
MAPKAPK2	0.0029566388374776143	No data	No data	No data	No data	0.024317231904464845	No data	No data	MAPK activated protein kinase 2
FHL1	0.0029566388374776143	No data	No data	No data	No data	0.024317231904464845	No data	No data	four and a half LIM domains 1
KARS1	0.0029566388374776143	No data	No data	No data	No data	0.024317231904464845	No data	No data	lysyl-tRNA synthetase 1
DSP-AS1	0.0029566388374776143	No data	No data	No data	No data	0.024317231904464845	No data	No data	DSP antisense RNA 1
CLDN12	0.0029566388374776143	No data	No data	No data	No data	0.024317231904464845	No data	No data	claudin 12
P2RX1	0.0029566388374776143	No data	No data	No data	No data	0.024317231904464845	No data	No data	purinergic receptor P2X 1
VTCN1	0.0029566388374776143	No data	No data	No data	No data	0.024317231904464845	No data	No data	V-set domain containing T cell activation inhibitor 1
IRGM	0.0029566388374776143	No data	No data	No data	No data	0.024317231904464845	No data	No data	immunity related GTPase M
CSN1S1	0.0029566388374776143	No data	No data	No data	No data	0.024317231904464845	No data	No data	casein alpha s1
IGKV1D-22	0.0029439088647051415	No data	No data	No data	No data	0.02421253271154284	No data	No data	immunoglobulin kappa variable 1D-22 (pseudogene)
KLHL2	0.0029439088647051415	No data	No data	No data	No data	0.02421253271154284	No data	No data	kelch like family member 2
SHC2	0.0029361066233284643	No data	No data	No data	No data	0.024148362238461615	No data	No data	SHC adaptor protein 2
ADAM12	0.0029361066233284643	No data	No data	No data	No data	0.024148362238461615	No data	No data	ADAM metallopeptidase domain 12
NR0B1	0.0029361066233284643	No data	No data	No data	No data	0.024148362238461615	No data	No data	nuclear receptor subfamily 0 group B member 1
MUSK	0.0029361066233284643	No data	No data	No data	No data	0.024148362238461615	No data	No data	muscle associated receptor tyrosine kinase
LINC01126	0.002914409423722268	No data	No data	No data	No data	No data	0.02396991100937898	No data	long intergenic non-protein coding RNA 1126
ENSG00000260417	0.0029134805211199068	No data	No data	No data	No data	No data	0.023962271138146838	No data	novel transcript
SOX2	0.002902844436406841	No data	No data	No data	No data	0.023874793379536387	No data	No data	SRY-box transcription factor 2
GPNMB	0.002902844436406841	No data	No data	No data	No data	0.023874793379536387	No data	No data	glycoprotein nmb
RGCC	0.002902844436406841	No data	No data	No data	No data	0.023874793379536387	No data	No data	regulator of cell cycle
ENSG00000270124	0.0028852184511260494	No data	No data	No data	No data	No data	0.023729826342580543	No data	novel transcript
CDC42-IT1	0.0028573539599595745	No data	No data	No data	No data	No data	0.023500651481922503	No data	CDC42 intronic transcript 1
TARDBP	0.002843711659657289	No data	No data	No data	No data	0.023388448741447087	No data	No data	TAR DNA binding protein
ARHGEF2	0.0028070796918064577	No data	No data	No data	No data	No data	0.023087164713768718	No data	Rho/Rac guanine nucleotide exchange factor 2
STX11	0.00279626356238647	No data	No data	No data	No data	No data	0.022998206155800595	No data	syntaxin 11
ASTN2	0.0027878498766549485	No data	No data	No data	No data	No data	0.022929006785045107	No data	astrotactin 2
RTN3	0.002772025909038067	No data	No data	No data	No data	No data	0.022798860659210968	No data	reticulon 3
OGFR	0.002771848910135263	No data	No data	No data	No data	0.02279740491043579	No data	No data	opioid growth factor receptor
ATP12A	0.002771848910135263	No data	No data	No data	No data	0.02279740491043579	No data	No data	ATPase H+/K+ transporting non-gastric alpha2 subunit
SPN	0.002771848910135263	No data	No data	No data	No data	0.02279740491043579	No data	No data	sialophorin
NDP	0.002771848910135263	No data	No data	No data	No data	0.02279740491043579	No data	No data	norrin cystine knot growth factor NDP
LAMP1	0.002771848910135263	No data	No data	No data	No data	0.02279740491043579	No data	No data	lysosomal associated membrane protein 1
CD8B	0.002771848910135263	No data	No data	No data	No data	0.02279740491043579	No data	No data	CD8 subunit beta
KMO	0.0027577325641319995	No data	No data	No data	No data	0.01823792392834863	0.0177735175828	No data	kynurenine 3-monooxygenase
JUNB	0.002751906949637003	No data	No data	No data	No data	No data	0.022633389856612177	No data	JunB proto-oncogene, AP-1 transcription factor subunit
ZNFX1	0.002751906949637003	No data	No data	No data	No data	No data	0.022633389856612177	No data	zinc finger NFX1-type containing 1
ARRB1	0.002751316695986113	No data	No data	No data	No data	0.02262853524443256	No data	No data	arrestin beta 1
PCLAF	0.002751316695986113	No data	No data	No data	No data	0.02262853524443256	No data	No data	PCNA clamp associated factor
NPPA	0.002751316695986113	No data	No data	No data	No data	0.02262853524443256	No data	No data	natriuretic peptide A
GLI1	0.002751316695986113	No data	No data	No data	No data	0.02262853524443256	No data	No data	GLI family zinc finger 1
SPHK2	0.002751316695986113	No data	No data	No data	No data	0.02262853524443256	No data	No data	sphingosine kinase 2
FYN	0.002751316695986113	No data	No data	No data	No data	0.02262853524443256	No data	No data	FYN proto-oncogene, Src family tyrosine kinase
CDCP1	0.002751316695986113	No data	No data	No data	No data	0.02262853524443256	No data	No data	CUB domain containing protein 1
ABCB6	0.002751316695986113	No data	No data	No data	No data	0.02262853524443256	No data	No data	ATP binding cassette subfamily B member 6 (Langereis blood group)
STIM1	0.002751316695986113	No data	No data	No data	No data	0.02262853524443256	No data	No data	stromal interaction molecule 1
DNMT1	0.002751316695986113	No data	No data	No data	No data	0.02262853524443256	No data	No data	DNA methyltransferase 1
MT-ATP6	0.002751316695986113	No data	No data	No data	No data	0.02262853524443256	No data	No data	mitochondrially encoded ATP synthase membrane subunit 6
MGMT	0.002751316695986113	No data	No data	No data	No data	0.02262853524443256	No data	No data	O-6-methylguanine-DNA methyltransferase
CLDN3	0.002751316695986113	No data	No data	No data	No data	0.02262853524443256	No data	No data	claudin 3
CD1C	0.002751316695986113	No data	No data	No data	No data	0.02262853524443256	No data	No data	CD1c molecule
NOTCH3	0.002751316695986113	No data	No data	No data	No data	0.02262853524443256	No data	No data	notch receptor 3
VCAN	0.002751316695986113	No data	No data	No data	No data	0.02262853524443256	No data	No data	versican
SIRPA	0.002751316695986113	No data	No data	No data	No data	0.02262853524443256	No data	No data	signal regulatory protein alpha
LAMP3	0.002746479138434948	No data	No data	No data	No data	No data	0.022588748170227976	No data	lysosomal associated membrane protein 3
SMCHD1	0.0027075267365073387	No data	No data	No data	No data	No data	0.022268379453256885	No data	structural maintenance of chromosomes flexible hinge domain containing 1
NUTF2	0.002698142866993598	No data	No data	No data	No data	No data	0.022191200689237967	No data	nuclear transport factor 2
UTS2R	0.002691386914116236	No data	No data	No data	No data	No data	0.02213563554182394	No data	urotensin 2 receptor
MX2	0.0026722866562332768	No data	No data	No data	No data	No data	0.021978543172445734	No data	MX dynamin like GTPase 2
FPR2	0.0026432390074300374	No data	No data	No data	No data	No data	0.02173963728942945	No data	formyl peptide receptor 2
OR2H1	0.0026309137767677113	No data	No data	No data	No data	No data	0.02163826694669679	No data	olfactory receptor family 2 subfamily H member 1
CGAS	0.0025870589827929123	No data	No data	No data	No data	0.021277577916406734	No data	No data	cyclic GMP-AMP synthase
FCGRT	0.0025870589827929123	No data	No data	No data	No data	0.021277577916406734	No data	No data	Fc gamma receptor and transporter
TRH	0.0025870589827929123	No data	No data	No data	No data	0.021277577916406734	No data	No data	thyrotropin releasing hormone
IGHV4-61	0.0025870589827929123	No data	No data	No data	No data	0.021277577916406734	No data	No data	immunoglobulin heavy variable 4-61
PIK3CG	0.0025870589827929123	No data	No data	No data	No data	0.021277577916406734	No data	No data	phosphatidylinositol-4,5-bisphosphate 3-kinase catalytic subunit gamma
CERS6	0.0025870589827929123	No data	No data	No data	No data	0.021277577916406734	No data	No data	ceramide synthase 6
ATF4	0.0025870589827929123	No data	No data	No data	No data	0.021277577916406734	No data	No data	activating transcription factor 4
IGHV3-16	0.0025870589827929123	No data	No data	No data	No data	0.021277577916406734	No data	No data	immunoglobulin heavy variable 3-16 (non-functional)
IL3RA	0.0025870589827929123	No data	No data	No data	No data	0.021277577916406734	No data	No data	interleukin 3 receptor subunit alpha
EIF2AK3	0.0025870589827929123	No data	No data	No data	No data	0.021277577916406734	No data	No data	eukaryotic translation initiation factor 2 alpha kinase 3
VIPR2	0.0025870589827929123	No data	No data	No data	No data	0.021277577916406734	No data	No data	vasoactive intestinal peptide receptor 2
CD48	0.0025870589827929123	No data	No data	No data	No data	0.021277577916406734	No data	No data	CD48 molecule
IGHV2-5	0.0025870589827929123	No data	No data	No data	No data	0.021277577916406734	No data	No data	immunoglobulin heavy variable 2-5
GSTT1	0.0025870589827929123	No data	No data	No data	No data	0.021277577916406734	No data	No data	glutathione S-transferase theta 1
CD7	0.0025870589827929123	No data	No data	No data	No data	0.021277577916406734	No data	No data	CD7 molecule
NFAT5	0.0025870589827929123	No data	No data	No data	No data	0.021277577916406734	No data	No data	nuclear factor of activated T cells 5
IGHV4-39	0.0025870589827929123	No data	No data	No data	No data	0.021277577916406734	No data	No data	immunoglobulin heavy variable 4-39
FOXO3	0.0025870589827929123	No data	No data	No data	No data	0.021277577916406734	No data	No data	forkhead box O3
ARRB2	0.0025870589827929123	No data	No data	No data	No data	0.021277577916406734	No data	No data	arrestin beta 2
IGHV3-49	0.0025870589827929123	No data	No data	No data	No data	0.021277577916406734	No data	No data	immunoglobulin heavy variable 3-49
NOX4	0.0025870589827929123	No data	No data	No data	No data	0.021277577916406734	No data	No data	NADPH oxidase 4
HSPB1	0.0025870589827929123	No data	No data	No data	No data	0.021277577916406734	No data	No data	heat shock protein family B (small) member 1
TOMM40	0.0025870589827929123	No data	No data	No data	No data	0.021277577916406734	No data	No data	translocase of outer mitochondrial membrane 40
PTPN6	0.0025870589827929123	No data	No data	No data	No data	0.021277577916406734	No data	No data	protein tyrosine phosphatase non-receptor type 6
RB1	0.0025870589827929123	No data	No data	No data	No data	0.021277577916406734	No data	No data	RB transcriptional corepressor 1
IGHV3-20	0.0025870589827929123	No data	No data	No data	No data	0.021277577916406734	No data	No data	immunoglobulin heavy variable 3-20
ACAN	0.0025870589827929123	No data	No data	No data	No data	0.021277577916406734	No data	No data	aggrecan
IGHV3-73	0.0025870589827929123	No data	No data	No data	No data	0.021277577916406734	No data	No data	immunoglobulin heavy variable 3-73
IGHV1-58	0.0025870589827929123	No data	No data	No data	No data	0.021277577916406734	No data	No data	immunoglobulin heavy variable 1-58
ID1	0.0025870589827929123	No data	No data	No data	No data	0.021277577916406734	No data	No data	inhibitor of DNA binding 1
IGHV3-38	0.0025870589827929123	No data	No data	No data	No data	0.021277577916406734	No data	No data	immunoglobulin heavy variable 3-38 (non-functional)
IGHV1-24	0.0025870589827929123	No data	No data	No data	No data	0.021277577916406734	No data	No data	immunoglobulin heavy variable 1-24
IGHV4-59	0.0025870589827929123	No data	No data	No data	No data	0.021277577916406734	No data	No data	immunoglobulin heavy variable 4-59
ZFYVE26	0.0025870589827929123	No data	No data	No data	No data	0.021277577916406734	No data	No data	zinc finger FYVE-type containing 26
IGHV3-74	0.0025870589827929123	No data	No data	No data	No data	0.021277577916406734	No data	No data	immunoglobulin heavy variable 3-74
IGHV3-48	0.0025870589827929123	No data	No data	No data	No data	0.021277577916406734	No data	No data	immunoglobulin heavy variable 3-48
GPI	0.0025870589827929123	No data	No data	No data	No data	0.021277577916406734	No data	No data	glucose-6-phosphate isomerase
HSPB8	0.0025870589827929123	No data	No data	No data	No data	0.021277577916406734	No data	No data	heat shock protein family B (small) member 8
GMFB	0.0025870589827929123	No data	No data	No data	No data	0.021277577916406734	No data	No data	glia maturation factor beta
NKX2-2	0.0025870589827929123	No data	No data	No data	No data	0.021277577916406734	No data	No data	NK2 homeobox 2
BCL3	0.0025870589827929123	No data	No data	No data	No data	0.021277577916406734	No data	No data	BCL3 transcription coactivator
BIRC2	0.0025870589827929123	No data	No data	No data	No data	0.021277577916406734	No data	No data	baculoviral IAP repeat containing 2
SPTAN1	0.0025870589827929123	No data	No data	No data	No data	0.021277577916406734	No data	No data	spectrin alpha, non-erythrocytic 1
FBL	0.0025870589827929123	No data	No data	No data	No data	0.021277577916406734	No data	No data	fibrillarin
DUSP1	0.0025870589827929123	No data	No data	No data	No data	0.021277577916406734	No data	No data	dual specificity phosphatase 1
TMPRSS2	0.0025870589827929123	No data	No data	No data	No data	0.021277577916406734	No data	No data	transmembrane serine protease 2
PRKCQ	0.0025870589827929123	No data	No data	No data	No data	0.021277577916406734	No data	No data	protein kinase C theta
KLK1	0.0025870589827929123	No data	No data	No data	No data	0.021277577916406734	No data	No data	kallikrein 1
AMIGO2	0.0025870589827929123	No data	No data	No data	No data	0.021277577916406734	No data	No data	adhesion molecule with Ig like domain 2
IGHV3-35	0.0025870589827929123	No data	No data	No data	No data	0.021277577916406734	No data	No data	immunoglobulin heavy variable 3-35 (non-functional)
DR1	0.0025870589827929123	No data	No data	No data	No data	0.021277577916406734	No data	No data	down-regulator of transcription 1
FFAR2	0.0025754858781738533	No data	No data	No data	No data	0.01823792392834863	0.011777878385899979	No data	free fatty acid receptor 2
GALR3	0.002525387494165046	No data	No data	No data	No data	0.012158615952232422	0.01773069934892154	No data	galanin receptor 3
ADM	0.0025010429091981393	No data	No data	No data	No data	No data	0.02057012836842607	No data	adrenomedullin
PCDHGA7	0.0024991449916793615	No data	No data	No data	No data	No data	0.02055451871740795	No data	protocadherin gamma subfamily A, 7
LY6E	0.0024610519534009876	No data	No data	No data	No data	No data	0.020241217940181078	No data	lymphocyte antigen 6 family member E
EPSTI1	0.0024359468615088964	No data	No data	No data	No data	No data	0.02003473809090612	No data	epithelial stromal interaction 1
SCARF2	0.002390594825358132	No data	No data	No data	No data	No data	0.019661734812169956	No data	scavenger receptor class F member 2
UCP3	0.002354165703510675	No data	No data	No data	No data	0.012158615952232422	0.0163224651277976	No data	uncoupling protein 3
DTX3L	0.0023231067128625512	No data	No data	No data	No data	No data	0.019106670709802372	No data	deltex E3 ubiquitin ligase 3L
APOBEC3B	0.002306227459145416	No data	No data	No data	No data	No data	0.018967845256449383	No data	apolipoprotein B mRNA editing enzyme catalytic subunit 3B
ACTBL2	0.0023006147908877744	No data	No data	No data	No data	No data	0.018921683190966834	No data	actin beta like 2
BST2	0.0022881590121934317	No data	No data	No data	No data	0.015198269940290528	0.014483876799779563	No data	bone marrow stromal cell antigen 2
BATF2	0.002257141509563324	No data	No data	No data	No data	No data	0.018564131957378705	No data	basic leucine zipper ATF-like transcription factor 2
ENSG00000249086	0.0022461867231560353	No data	No data	No data	No data	No data	0.01847403299833331	No data	novel transcript, sense overlapping LSP1
JAK3	0.0022174791281082107	No data	No data	No data	No data	0.01823792392834863	No data	No data	Janus kinase 3
CXCL17	0.0022174791281082107	No data	No data	No data	No data	0.01823792392834863	No data	No data	C-X-C motif chemokine ligand 17
ILDR2	0.0022174791281082107	No data	No data	No data	No data	0.01823792392834863	No data	No data	immunoglobulin like domain containing receptor 2
GRM3	0.0022174791281082107	No data	No data	No data	No data	0.01823792392834863	No data	No data	glutamate metabotropic receptor 3
RIBC2	0.0022174791281082107	No data	No data	No data	No data	0.01823792392834863	No data	No data	RIB43A domain with coiled-coils 2
KCNK10	0.0022174791281082107	No data	No data	No data	No data	0.01823792392834863	No data	No data	potassium two pore domain channel subfamily K member 10
CFHR5	0.0022174791281082107	No data	No data	No data	No data	0.01823792392834863	No data	No data	complement factor H related 5
CST1	0.0022174791281082107	No data	No data	No data	No data	0.01823792392834863	No data	No data	cystatin SN
PNOC	0.0022174791281082107	No data	No data	No data	No data	0.01823792392834863	No data	No data	prepronociceptin
LAMP2	0.0022174791281082107	No data	No data	No data	No data	0.01823792392834863	No data	No data	lysosomal associated membrane protein 2
ITGA6	0.0022174791281082107	No data	No data	No data	No data	0.01823792392834863	No data	No data	integrin subunit alpha 6
SORT1	0.0022174791281082107	No data	No data	No data	No data	0.01823792392834863	No data	No data	sortilin 1
KRT18	0.0022174791281082107	No data	No data	No data	No data	0.01823792392834863	No data	No data	keratin 18
SETBP1	0.0022174791281082107	No data	No data	No data	No data	0.01823792392834863	No data	No data	SET binding protein 1
CSN2	0.0022174791281082107	No data	No data	No data	No data	0.01823792392834863	No data	No data	casein beta
FURIN	0.0022174791281082107	No data	No data	No data	No data	0.01823792392834863	No data	No data	furin, paired basic amino acid cleaving enzyme
NPTN	0.0022174791281082107	No data	No data	No data	No data	0.01823792392834863	No data	No data	neuroplastin
ICAM2	0.0022174791281082107	No data	No data	No data	No data	0.01823792392834863	No data	No data	intercellular adhesion molecule 2
PCSK9	0.0022174791281082107	No data	No data	No data	No data	0.01823792392834863	No data	No data	proprotein convertase subtilisin/kexin type 9
ABCG4	0.0022174791281082107	No data	No data	No data	No data	0.01823792392834863	No data	No data	ATP binding cassette subfamily G member 4
TFAM	0.0022174791281082107	No data	No data	No data	No data	0.01823792392834863	No data	No data	transcription factor A, mitochondrial
CDH17	0.0022174791281082107	No data	No data	No data	No data	0.01823792392834863	No data	No data	cadherin 17
ALPL	0.0022174791281082107	No data	No data	No data	No data	0.01823792392834863	No data	No data	alkaline phosphatase, biomineralization associated
HNRNPC	0.0022174791281082107	No data	No data	No data	No data	0.01823792392834863	No data	No data	heterogeneous nuclear ribonucleoprotein C
FCGR3B	0.0022174791281082107	No data	No data	No data	No data	0.01823792392834863	No data	No data	Fc gamma receptor IIIb
CASC3	0.0022174791281082107	No data	No data	No data	No data	0.01823792392834863	No data	No data	CASC3 exon junction complex subunit
SOX5	0.0022174791281082107	No data	No data	No data	No data	0.01823792392834863	No data	No data	SRY-box transcription factor 5
TRAC	0.0022174791281082107	No data	No data	No data	No data	0.01823792392834863	No data	No data	T cell receptor alpha constant
ELF4	0.0022174791281082107	No data	No data	No data	No data	0.01823792392834863	No data	No data	E74 like ETS transcription factor 4
HTR3A	0.0022174791281082107	No data	No data	No data	No data	0.01823792392834863	No data	No data	5-hydroxytryptamine receptor 3A
HSPH1	0.0022174791281082107	No data	No data	No data	No data	0.01823792392834863	No data	No data	heat shock protein family H (Hsp110) member 1
RGN	0.0022174791281082107	No data	No data	No data	No data	0.01823792392834863	No data	No data	regucalcin
HSPB6	0.0022174791281082107	No data	No data	No data	No data	0.01823792392834863	No data	No data	heat shock protein family B (small) member 6
ABCA2	0.0022174791281082107	No data	No data	No data	No data	0.01823792392834863	No data	No data	ATP binding cassette subfamily A member 2
CMPK2	0.0022174791281082107	No data	No data	No data	No data	0.01823792392834863	No data	No data	cytidine/uridine monophosphate kinase 2
FANCC	0.0022174791281082107	No data	No data	No data	No data	0.01823792392834863	No data	No data	FA complementation group C
BIRC3	0.0022174791281082107	No data	No data	No data	No data	0.01823792392834863	No data	No data	baculoviral IAP repeat containing 3
OLFM3	0.0022174791281082107	No data	No data	No data	No data	0.01823792392834863	No data	No data	olfactomedin 3
FAM120B	0.0022174791281082107	No data	No data	No data	No data	0.01823792392834863	No data	No data	family with sequence similarity 120B
SGK1	0.0022174791281082107	No data	No data	No data	No data	0.01823792392834863	No data	No data	serum/glucocorticoid regulated kinase 1
PLOD1	0.0022174791281082107	No data	No data	No data	No data	0.01823792392834863	No data	No data	procollagen-lysine,2-oxoglutarate 5-dioxygenase 1
RBM10	0.0022174791281082107	No data	No data	No data	No data	0.01823792392834863	No data	No data	RNA binding motif protein 10
HTATIP2	0.0022174791281082107	No data	No data	No data	No data	0.01823792392834863	No data	No data	HIV-1 Tat interactive protein 2
NACA	0.0022174791281082107	No data	No data	No data	No data	0.01823792392834863	No data	No data	nascent polypeptide associated complex subunit alpha
TRIM26	0.0022174791281082107	No data	No data	No data	No data	0.01823792392834863	No data	No data	tripartite motif containing 26
SIRT2	0.0022174791281082107	No data	No data	No data	No data	0.01823792392834863	No data	No data	sirtuin 2
FCER1A	0.0022174791281082107	No data	No data	No data	No data	0.01823792392834863	No data	No data	Fc epsilon receptor Ia
KLHL7	0.0022174791281082107	No data	No data	No data	No data	0.01823792392834863	No data	No data	kelch like family member 7
HS6ST2	0.0022174791281082107	No data	No data	No data	No data	0.01823792392834863	No data	No data	heparan sulfate 6-O-sulfotransferase 2
ZMYND10	0.0022174791281082107	No data	No data	No data	No data	0.01823792392834863	No data	No data	zinc finger MYND-type containing 10
TDG	0.0022174791281082107	No data	No data	No data	No data	0.01823792392834863	No data	No data	thymine DNA glycosylase
SLC16A2	0.0022174791281082107	No data	No data	No data	No data	0.01823792392834863	No data	No data	solute carrier family 16 member 2
MTMR8	0.0022174791281082107	No data	No data	No data	No data	0.01823792392834863	No data	No data	myotubularin related protein 8
CRTC2	0.0022174791281082107	No data	No data	No data	No data	0.01823792392834863	No data	No data	CREB regulated transcription coactivator 2
STIM2	0.0022174791281082107	No data	No data	No data	No data	0.01823792392834863	No data	No data	stromal interaction molecule 2
PDLIM2	0.0022174791281082107	No data	No data	No data	No data	0.01823792392834863	No data	No data	PDZ and LIM domain 2
HTR1A	0.0022174791281082107	No data	No data	No data	No data	0.01823792392834863	No data	No data	5-hydroxytryptamine receptor 1A
FOXC2	0.0022174791281082107	No data	No data	No data	No data	0.01823792392834863	No data	No data	forkhead box C2
ACO2	0.0022174791281082107	No data	No data	No data	No data	0.01823792392834863	No data	No data	aconitase 2
HACD2	0.0022174791281082107	No data	No data	No data	No data	0.01823792392834863	No data	No data	3-hydroxyacyl-CoA dehydratase 2
EVI2A	0.0022174791281082107	No data	No data	No data	No data	0.01823792392834863	No data	No data	ecotropic viral integration site 2A
PORCN	0.0022174791281082107	No data	No data	No data	No data	0.01823792392834863	No data	No data	porcupine O-acyltransferase
H4C6	0.0022174791281082107	No data	No data	No data	No data	0.01823792392834863	No data	No data	H4 clustered histone 6
PTK2B	0.0022174791281082107	No data	No data	No data	No data	0.01823792392834863	No data	No data	protein tyrosine kinase 2 beta
CFP	0.0022174791281082107	No data	No data	No data	No data	0.01823792392834863	No data	No data	complement factor properdin
DUSP10	0.0022174791281082107	No data	No data	No data	No data	0.01823792392834863	No data	No data	dual specificity phosphatase 10
SYNE1	0.0022174791281082107	No data	No data	No data	No data	0.01823792392834863	No data	No data	spectrin repeat containing nuclear envelope protein 1
CLEC4A	0.0022174791281082107	No data	No data	No data	No data	0.01823792392834863	No data	No data	C-type lectin domain family 4 member A
AIRN	0.0022174791281082107	No data	No data	No data	No data	0.01823792392834863	No data	No data	antisense of IGF2R non-protein coding RNA
YOD1	0.0022174791281082107	No data	No data	No data	No data	0.01823792392834863	No data	No data	YOD1 deubiquitinase
NTHL1	0.0022174791281082107	No data	No data	No data	No data	0.01823792392834863	No data	No data	nth like DNA glycosylase 1
PRKCB	0.0022174791281082107	No data	No data	No data	No data	0.01823792392834863	No data	No data	protein kinase C beta
CACNA1H	0.0022174791281082107	No data	No data	No data	No data	0.01823792392834863	No data	No data	calcium voltage-gated channel subunit alpha1 H
MAPK10	0.0022174791281082107	No data	No data	No data	No data	0.01823792392834863	No data	No data	mitogen-activated protein kinase 10
CRBN	0.0022174791281082107	No data	No data	No data	No data	0.01823792392834863	No data	No data	cereblon
SNORA40	0.0022174791281082107	No data	No data	No data	No data	0.01823792392834863	No data	No data	small nucleolar RNA, H/ACA box 40
DNASE1	0.0022174791281082107	No data	No data	No data	No data	0.01823792392834863	No data	No data	deoxyribonuclease 1
CNN3	0.0022174791281082107	No data	No data	No data	No data	0.01823792392834863	No data	No data	calponin 3
RRBP1	0.0022174791281082107	No data	No data	No data	No data	0.01823792392834863	No data	No data	ribosome binding protein 1
ODC1	0.0022174791281082107	No data	No data	No data	No data	0.01823792392834863	No data	No data	ornithine decarboxylase 1
MDM2	0.0022174791281082107	No data	No data	No data	No data	0.01823792392834863	No data	No data	MDM2 proto-oncogene
KIF16B	0.0022174791281082107	No data	No data	No data	No data	0.01823792392834863	No data	No data	kinesin family member 16B
BCOR	0.0022174791281082107	No data	No data	No data	No data	0.01823792392834863	No data	No data	BCL6 corepressor
IAPP	0.0022174791281082107	No data	No data	No data	No data	0.01823792392834863	No data	No data	islet amyloid polypeptide
ZNF101	0.0022174791281082107	No data	No data	No data	No data	0.01823792392834863	No data	No data	zinc finger protein 101
LEAP2	0.0022174791281082107	No data	No data	No data	No data	0.01823792392834863	No data	No data	liver enriched antimicrobial peptide 2
CPA1	0.0022174791281082107	No data	No data	No data	No data	0.01823792392834863	No data	No data	carboxypeptidase A1
MAP2K5	0.0022174791281082107	No data	No data	No data	No data	0.01823792392834863	No data	No data	mitogen-activated protein kinase kinase 5
LMAN2	0.0022174791281082107	No data	No data	No data	No data	0.01823792392834863	No data	No data	lectin, mannose binding 2
ZC3H12D	0.0022174791281082107	No data	No data	No data	No data	0.01823792392834863	No data	No data	zinc finger CCCH-type containing 12D
HSPB2	0.0022174791281082107	No data	No data	No data	No data	0.01823792392834863	No data	No data	heat shock protein family B (small) member 2
RNMT	0.0022174791281082107	No data	No data	No data	No data	0.01823792392834863	No data	No data	RNA guanine-7 methyltransferase
KRT9	0.0022174791281082107	No data	No data	No data	No data	0.01823792392834863	No data	No data	keratin 9
SOCS2	0.0022174791281082107	No data	No data	No data	No data	0.01823792392834863	No data	No data	suppressor of cytokine signaling 2
TSHR	0.0022174791281082107	No data	No data	No data	No data	0.01823792392834863	No data	No data	thyroid stimulating hormone receptor
HBD	0.0022174791281082107	No data	No data	No data	No data	0.01823792392834863	No data	No data	hemoglobin subunit delta
RBPJ	0.0022174791281082107	No data	No data	No data	No data	0.01823792392834863	No data	No data	recombination signal binding protein for immunoglobulin kappa J region
NPY6R	0.0022174791281082107	No data	No data	No data	No data	0.01823792392834863	No data	No data	neuropeptide Y receptor Y6 (pseudogene)
PNPLA6	0.0022174791281082107	No data	No data	No data	No data	0.01823792392834863	No data	No data	patatin like phospholipase domain containing 6
EIF2S1	0.0022174791281082107	No data	No data	No data	No data	0.01823792392834863	No data	No data	eukaryotic translation initiation factor 2 subunit alpha
SDHAF1	0.0022174791281082107	No data	No data	No data	No data	0.01823792392834863	No data	No data	succinate dehydrogenase complex assembly factor 1
ATP8A2	0.0022174791281082107	No data	No data	No data	No data	0.01823792392834863	No data	No data	ATPase phospholipid transporting 8A2
FSHR	0.0022174791281082107	No data	No data	No data	No data	0.01823792392834863	No data	No data	follicle stimulating hormone receptor
ATP5MK	0.0022174791281082107	No data	No data	No data	No data	0.01823792392834863	No data	No data	ATP synthase membrane subunit k
CYTH4	0.0022174791281082107	No data	No data	No data	No data	0.01823792392834863	No data	No data	cytohesin 4
CBX1	0.0022174791281082107	No data	No data	No data	No data	0.01823792392834863	No data	No data	chromobox 1
CHAT	0.0022174791281082107	No data	No data	No data	No data	0.01823792392834863	No data	No data	choline O-acetyltransferase
NCDN	0.0022174791281082107	No data	No data	No data	No data	0.01823792392834863	No data	No data	neurochondrin
UNC13D	0.0022174791281082107	No data	No data	No data	No data	0.01823792392834863	No data	No data	unc-13 homolog D
HCRTR1	0.0022174791281082107	No data	No data	No data	No data	0.01823792392834863	No data	No data	hypocretin receptor 1
MAP1A	0.0022174791281082107	No data	No data	No data	No data	0.01823792392834863	No data	No data	microtubule associated protein 1A
CRY2	0.0022174791281082107	No data	No data	No data	No data	0.01823792392834863	No data	No data	cryptochrome circadian regulator 2
SRSF10	0.0022174791281082107	No data	No data	No data	No data	0.01823792392834863	No data	No data	serine and arginine rich splicing factor 10
FOXJ1	0.0022174791281082107	No data	No data	No data	No data	0.01823792392834863	No data	No data	forkhead box J1
MDM4	0.0022174791281082107	No data	No data	No data	No data	0.01823792392834863	No data	No data	MDM4 regulator of p53
HECTD3	0.0022174791281082107	No data	No data	No data	No data	0.01823792392834863	No data	No data	HECT domain E3 ubiquitin protein ligase 3
CHST3	0.0022174791281082107	No data	No data	No data	No data	0.01823792392834863	No data	No data	carbohydrate sulfotransferase 3
HSPB7	0.0022174791281082107	No data	No data	No data	No data	0.01823792392834863	No data	No data	heat shock protein family B (small) member 7
ERAP2	0.0022174791281082107	No data	No data	No data	No data	0.01823792392834863	No data	No data	endoplasmic reticulum aminopeptidase 2
L1CAM	0.0022174791281082107	No data	No data	No data	No data	0.01823792392834863	No data	No data	L1 cell adhesion molecule
CIAO1	0.0022174791281082107	No data	No data	No data	No data	0.01823792392834863	No data	No data	cytosolic iron-sulfur assembly component 1
FZD7	0.0022174791281082107	No data	No data	No data	No data	0.01823792392834863	No data	No data	frizzled class receptor 7
NEO1	0.0022174791281082107	No data	No data	No data	No data	0.01823792392834863	No data	No data	neogenin 1
AKTIP	0.0022174791281082107	No data	No data	No data	No data	0.01823792392834863	No data	No data	AKT interacting protein
TLR1	0.0022174791281082107	No data	No data	No data	No data	0.01823792392834863	No data	No data	toll like receptor 1
PGGT1B	0.0022174791281082107	No data	No data	No data	No data	0.01823792392834863	No data	No data	protein geranylgeranyltransferase type I subunit beta
CLDN1	0.0022174791281082107	No data	No data	No data	No data	0.01823792392834863	No data	No data	claudin 1
BBC3	0.0022174791281082107	No data	No data	No data	No data	0.01823792392834863	No data	No data	BCL2 binding component 3
SOD3	0.0022174791281082107	No data	No data	No data	No data	0.01823792392834863	No data	No data	superoxide dismutase 3
H4C14	0.0022174791281082107	No data	No data	No data	No data	0.01823792392834863	No data	No data	H4 clustered histone 14
ACOX2	0.0022174791281082107	No data	No data	No data	No data	0.01823792392834863	No data	No data	acyl-CoA oxidase 2
MOGS	0.0022174791281082107	No data	No data	No data	No data	0.01823792392834863	No data	No data	mannosyl-oligosaccharide glucosidase
ANGPTL2	0.0022174791281082107	No data	No data	No data	No data	0.01823792392834863	No data	No data	angiopoietin like 2
ATP2B2	0.0022174791281082107	No data	No data	No data	No data	0.01823792392834863	No data	No data	ATPase plasma membrane Ca2+ transporting 2
ZNF175	0.0022174791281082107	No data	No data	No data	No data	0.01823792392834863	No data	No data	zinc finger protein 175
UCP1	0.0022174791281082107	No data	No data	No data	No data	0.01823792392834863	No data	No data	uncoupling protein 1
NSDHL	0.0022174791281082107	No data	No data	No data	No data	0.01823792392834863	No data	No data	NAD(P) dependent steroid dehydrogenase-like
CPT2	0.0022174791281082107	No data	No data	No data	No data	0.01823792392834863	No data	No data	carnitine palmitoyltransferase 2
OXT	0.0022174791281082107	No data	No data	No data	No data	0.01823792392834863	No data	No data	oxytocin/neurophysin I prepropeptide
ITIH4	0.0022174791281082107	No data	No data	No data	No data	0.01823792392834863	No data	No data	inter-alpha-trypsin inhibitor heavy chain 4
CARD16	0.0022174791281082107	No data	No data	No data	No data	0.01823792392834863	No data	No data	caspase recruitment domain family member 16
RAB4A	0.0022174791281082107	No data	No data	No data	No data	0.01823792392834863	No data	No data	RAB4A, member RAS oncogene family
IFNK	0.0022174791281082107	No data	No data	No data	No data	0.01823792392834863	No data	No data	interferon kappa
TAX1BP1	0.0022174791281082107	No data	No data	No data	No data	0.01823792392834863	No data	No data	Tax1 binding protein 1
CDV3	0.0021832139338007553	No data	No data	No data	No data	No data	0.01795610571448224	No data	CDV3 homolog
PANX2	0.002181708143175235	No data	No data	No data	No data	0.015198269940290528	0.010981804871974286	No data	pannexin 2
PTPA	0.0021636847270374376	No data	No data	No data	No data	0.017795485403420176	No data	No data	protein phosphatase 2 phosphatase activator
IL2RB	0.0021636847270374376	No data	No data	No data	No data	0.017795485403420176	No data	No data	interleukin 2 receptor subunit beta
ENSG00000279977	0.0021488698809968474	No data	No data	No data	No data	No data	0.017673638919422377	No data	
TRIM21	0.002147560626645698	No data	No data	No data	No data	0.012158615952232422	0.014623216811404792	No data	tripartite motif containing 21
ENSG00000279433	0.002110245301077341	No data	No data	No data	No data	No data	0.01735596641400523	No data	
SGCG	0.0021045519502878854	No data	No data	No data	No data	0.01730914076533088	No data	No data	sarcoglycan gamma
CD177	0.0021045519502878854	No data	No data	No data	No data	0.01730914076533088	No data	No data	CD177 molecule
TDRD7	0.0020856887398628737	No data	No data	No data	No data	No data	0.01715399802129554	No data	tudor domain containing 7
UBE2L6	0.002034906581598896	No data	No data	No data	No data	No data	0.01673633404980828	No data	ubiquitin conjugating enzyme E2 L6
F2RL2	0.0020148337729550356	No data	No data	No data	No data	No data	0.016571242819665634	No data	coagulation factor II thrombin receptor like 2
ENSG00000279476	0.0020148337729550356	No data	No data	No data	No data	No data	0.016571242819665634	No data	novel transcript
LYZ	0.00201215698661671	No data	No data	No data	No data	0.01654922726831635	No data	No data	lysozyme
HVCN1	0.00201215698661671	No data	No data	No data	No data	0.01654922726831635	No data	No data	hydrogen voltage gated channel 1
RIPK3	0.00201215698661671	No data	No data	No data	No data	0.01654922726831635	No data	No data	receptor interacting serine/threonine kinase 3
PSEN1	0.00201215698661671	No data	No data	No data	No data	0.01654922726831635	No data	No data	presenilin 1
FOXO1	0.00201215698661671	No data	No data	No data	No data	0.01654922726831635	No data	No data	forkhead box O1
TLX2	0.00201215698661671	No data	No data	No data	No data	0.01654922726831635	No data	No data	T cell leukemia homeobox 2
SP3	0.00201215698661671	No data	No data	No data	No data	0.01654922726831635	No data	No data	Sp3 transcription factor
DPYSL2	0.00201215698661671	No data	No data	No data	No data	0.01654922726831635	No data	No data	dihydropyrimidinase like 2
ALK	0.00201215698661671	No data	No data	No data	No data	0.01654922726831635	No data	No data	ALK receptor tyrosine kinase
SMAD4	0.00201215698661671	No data	No data	No data	No data	0.01654922726831635	No data	No data	SMAD family member 4
CCR8	0.00201215698661671	No data	No data	No data	No data	0.01654922726831635	No data	No data	C-C motif chemokine receptor 8
SLC8A3	0.00201215698661671	No data	No data	No data	No data	0.01654922726831635	No data	No data	solute carrier family 8 member A3
RNPC3	0.00201215698661671	No data	No data	No data	No data	0.01654922726831635	No data	No data	RNA binding region (RNP1, RRM) containing 3
MUC5AC	0.00201215698661671	No data	No data	No data	No data	0.01654922726831635	No data	No data	mucin 5AC, oligomeric mucus/gel-forming
HK1	0.00201215698661671	No data	No data	No data	No data	0.01654922726831635	No data	No data	hexokinase 1
PIK3CD	0.00201215698661671	No data	No data	No data	No data	0.01654922726831635	No data	No data	phosphatidylinositol-4,5-bisphosphate 3-kinase catalytic subunit delta
COL1A1	0.00201215698661671	No data	No data	No data	No data	0.01654922726831635	No data	No data	collagen type I alpha 1 chain
MYH14	0.00201215698661671	No data	No data	No data	No data	0.01654922726831635	No data	No data	myosin heavy chain 14
IFIT5	0.0019565826138655995	No data	No data	No data	No data	No data	0.016092149152110977	No data	interferon induced protein with tetratricopeptide repeats 5
MS4A4A	0.0018659548895872643	No data	No data	No data	No data	No data	0.015346770528142718	No data	membrane spanning 4-domains A4A
RFXANK	0.0018478992734235094	No data	No data	No data	No data	0.015198269940290528	No data	No data	regulatory factor X associated ankyrin containing protein
SPRR2A	0.0018478992734235094	No data	No data	No data	No data	0.015198269940290528	No data	No data	small proline rich protein 2A
MB	0.0018478992734235094	No data	No data	No data	No data	0.015198269940290528	No data	No data	myoglobin
IL25	0.0018478992734235094	No data	No data	No data	No data	0.015198269940290528	No data	No data	interleukin 25
HLA-DQB2	0.0018478992734235094	No data	No data	No data	No data	0.015198269940290528	No data	No data	major histocompatibility complex, class II, DQ beta 2
MEG9	0.0018478992734235094	No data	No data	No data	No data	0.015198269940290528	No data	No data	maternally expressed 9
ESRRB	0.0018478992734235094	No data	No data	No data	No data	0.015198269940290528	No data	No data	estrogen related receptor beta
CSK	0.0018478992734235094	No data	No data	No data	No data	0.015198269940290528	No data	No data	C-terminal Src kinase
AQP2	0.0018478992734235094	No data	No data	No data	No data	0.015198269940290528	No data	No data	aquaporin 2
SYN2	0.0018478992734235094	No data	No data	No data	No data	0.015198269940290528	No data	No data	synapsin II
PTGES	0.0018478992734235094	No data	No data	No data	No data	0.015198269940290528	No data	No data	prostaglandin E synthase
NEK7	0.0018478992734235094	No data	No data	No data	No data	0.015198269940290528	No data	No data	NIMA related kinase 7
DLAT	0.0018478992734235094	No data	No data	No data	No data	0.015198269940290528	No data	No data	dihydrolipoamide S-acetyltransferase
CYP2C9	0.0018478992734235094	No data	No data	No data	No data	0.015198269940290528	No data	No data	cytochrome P450 family 2 subfamily C member 9
COL3A1	0.0018478992734235094	No data	No data	No data	No data	0.015198269940290528	No data	No data	collagen type III alpha 1 chain
SMAD2	0.0018478992734235094	No data	No data	No data	No data	0.015198269940290528	No data	No data	SMAD family member 2
DRD5	0.0018478992734235094	No data	No data	No data	No data	0.015198269940290528	No data	No data	dopamine receptor D5
CYP21A2	0.0018478992734235094	No data	No data	No data	No data	0.015198269940290528	No data	No data	cytochrome P450 family 21 subfamily A member 2
CDH1	0.0018478992734235094	No data	No data	No data	No data	0.015198269940290528	No data	No data	cadherin 1
MACROD2	0.0018478992734235094	No data	No data	No data	No data	0.015198269940290528	No data	No data	mono-ADP ribosylhydrolase 2
SLC28A3	0.0018478992734235094	No data	No data	No data	No data	0.015198269940290528	No data	No data	solute carrier family 28 member 3
ARG1	0.0018478992734235094	No data	No data	No data	No data	0.015198269940290528	No data	No data	arginase 1
TDGF1P3	0.0018478992734235094	No data	No data	No data	No data	0.015198269940290528	No data	No data	teratocarcinoma-derived growth factor 1 pseudogene 3
CD63	0.0018478992734235094	No data	No data	No data	No data	0.015198269940290528	No data	No data	CD63 molecule
XK	0.0018478992734235094	No data	No data	No data	No data	0.015198269940290528	No data	No data	X-linked Kx blood group antigen, Kell and VPS13A binding protein
NDRG2	0.0018478992734235094	No data	No data	No data	No data	0.015198269940290528	No data	No data	NDRG family member 2
OPN4	0.0018478992734235094	No data	No data	No data	No data	0.015198269940290528	No data	No data	opsin 4
ATXN7	0.0018478992734235094	No data	No data	No data	No data	0.015198269940290528	No data	No data	ataxin 7
LIFR	0.0018478992734235094	No data	No data	No data	No data	0.015198269940290528	No data	No data	LIF receptor subunit alpha
TCF7L2	0.0018478992734235094	No data	No data	No data	No data	0.015198269940290528	No data	No data	transcription factor 7 like 2
ICOSLG	0.0018478992734235094	No data	No data	No data	No data	0.015198269940290528	No data	No data	inducible T cell costimulator ligand
ZG16B	0.0018478992734235094	No data	No data	No data	No data	0.015198269940290528	No data	No data	zymogen granule protein 16B
SMAD3	0.0018478992734235094	No data	No data	No data	No data	0.015198269940290528	No data	No data	SMAD family member 3
MPZ	0.0018478992734235094	No data	No data	No data	No data	0.015198269940290528	No data	No data	myelin protein zero
IL17C	0.0018478992734235094	No data	No data	No data	No data	0.015198269940290528	No data	No data	interleukin 17C
SIRT4	0.0018478992734235094	No data	No data	No data	No data	0.015198269940290528	No data	No data	sirtuin 4
KLF2	0.0018478992734235094	No data	No data	No data	No data	0.015198269940290528	No data	No data	KLF transcription factor 2
EGFL7	0.0018478992734235094	No data	No data	No data	No data	0.015198269940290528	No data	No data	EGF like domain multiple 7
IBTK	0.0018478992734235094	No data	No data	No data	No data	0.015198269940290528	No data	No data	inhibitor of Bruton tyrosine kinase
SIRT3	0.0018478992734235094	No data	No data	No data	No data	0.015198269940290528	No data	No data	sirtuin 3
PM20D1	0.0018478992734235094	No data	No data	No data	No data	0.015198269940290528	No data	No data	peptidase M20 domain containing 1
TNFRSF10B	0.0018478992734235094	No data	No data	No data	No data	0.015198269940290528	No data	No data	TNF receptor superfamily member 10b
XAF1	0.0018454314242568254	No data	No data	No data	No data	No data	0.015177972817851765	No data	XIAP associated factor 1
ENSG00000280205	0.0018452797492374859	No data	No data	No data	No data	No data	0.01517672534840347	No data	
TOR1B	0.0017633745194689551	No data	No data	No data	No data	No data	0.014503085930148037	No data	torsin family 1 member B
RBBP4	0.0017304409356278209	No data	No data	No data	No data	No data	0.014232219706800572	No data	RB binding protein 4, chromatin remodeling factor
PARP12	0.0016901302506854088	No data	No data	No data	No data	No data	0.013900679627725943	No data	poly(ADP-ribose) polymerase family member 12
CSRNP1	0.0016822620059055659	No data	No data	No data	No data	No data	0.01383596630171289	No data	cysteine and serine rich nuclear protein 1
ENSG00000174171	0.0016463338966685147	No data	No data	No data	No data	No data	0.013540471243902017	No data	novel transcript, antisense to SPTBN5
RTP4	0.001639297474102245	No data	No data	No data	No data	No data	0.013482599339781402	No data	receptor transporter protein 4
ASCL5	0.001627925265279117	No data	No data	No data	No data	No data	0.013389067239846624	No data	achaete-scute family bHLH transcription factor 5
SAT1	0.001627925265279117	No data	No data	No data	No data	No data	0.013389067239846624	No data	spermidine/spermine N1-acetyltransferase 1
CHMP5	0.0015490787039475454	No data	No data	No data	No data	No data	0.012740584208214273	No data	charged multivesicular body protein 5
PTH2	0.001520871221109482	No data	No data	No data	No data	No data	0.012508588371279527	No data	parathyroid hormone 2
GPR62	0.0014783194187388072	No data	No data	No data	No data	0.012158615952232422	No data	No data	G protein-coupled receptor 62
CST12P	0.0014783194187388072	No data	No data	No data	No data	0.012158615952232422	No data	No data	cystatin 12, pseudogene
TFDP3	0.0014783194187388072	No data	No data	No data	No data	0.012158615952232422	No data	No data	transcription factor Dp family member 3
AMIGO1	0.0014783194187388072	No data	No data	No data	No data	0.012158615952232422	No data	No data	adhesion molecule with Ig like domain 1
FOXD3	0.0014783194187388072	No data	No data	No data	No data	0.012158615952232422	No data	No data	forkhead box D3
PPP1R3A	0.0014783194187388072	No data	No data	No data	No data	0.012158615952232422	No data	No data	protein phosphatase 1 regulatory subunit 3A
BGLAP	0.0014783194187388072	No data	No data	No data	No data	0.012158615952232422	No data	No data	bone gamma-carboxyglutamate protein
ENSG00000280371	0.0014783194187388072	No data	No data	No data	No data	0.012158615952232422	No data	No data	 gene
NTSR1	0.0014783194187388072	No data	No data	No data	No data	0.012158615952232422	No data	No data	neurotensin receptor 1
NCKAP5	0.0014783194187388072	No data	No data	No data	No data	0.012158615952232422	No data	No data	NCK associated protein 5
LIPA	0.0014783194187388072	No data	No data	No data	No data	0.012158615952232422	No data	No data	lipase A, lysosomal acid type
LYPD4	0.0014783194187388072	No data	No data	No data	No data	0.012158615952232422	No data	No data	LY6/PLAUR domain containing 4
GPR37	0.0014783194187388072	No data	No data	No data	No data	0.012158615952232422	No data	No data	G protein-coupled receptor 37
MPST	0.0014783194187388072	No data	No data	No data	No data	0.012158615952232422	No data	No data	mercaptopyruvate sulfurtransferase
ABLIM1	0.0014783194187388072	No data	No data	No data	No data	0.012158615952232422	No data	No data	actin binding LIM protein 1
DCLK3	0.0014783194187388072	No data	No data	No data	No data	0.012158615952232422	No data	No data	doublecortin like kinase 3
TREX1	0.0014783194187388072	No data	No data	No data	No data	0.012158615952232422	No data	No data	three prime repair exonuclease 1
FMR1	0.0014783194187388072	No data	No data	No data	No data	0.012158615952232422	No data	No data	fragile X messenger ribonucleoprotein 1
CTSK	0.0014783194187388072	No data	No data	No data	No data	0.012158615952232422	No data	No data	cathepsin K
RRP36	0.0014783194187388072	No data	No data	No data	No data	0.012158615952232422	No data	No data	ribosomal RNA processing 36
ADAD1	0.0014783194187388072	No data	No data	No data	No data	0.012158615952232422	No data	No data	adenosine deaminase domain containing 1
RBMS1	0.0014783194187388072	No data	No data	No data	No data	0.012158615952232422	No data	No data	RNA binding motif single stranded interacting protein 1
VHL	0.0014783194187388072	No data	No data	No data	No data	0.012158615952232422	No data	No data	von Hippel-Lindau tumor suppressor
MBOAT2	0.0014783194187388072	No data	No data	No data	No data	0.012158615952232422	No data	No data	membrane bound O-acyltransferase domain containing 2
PDC	0.0014783194187388072	No data	No data	No data	No data	0.012158615952232422	No data	No data	phosducin
BCAN	0.0014783194187388072	No data	No data	No data	No data	0.012158615952232422	No data	No data	brevican
TLR5	0.0014783194187388072	No data	No data	No data	No data	0.012158615952232422	No data	No data	toll like receptor 5
CEBPZ	0.0014783194187388072	No data	No data	No data	No data	0.012158615952232422	No data	No data	CCAAT enhancer binding protein zeta
NCOA3	0.0014783194187388072	No data	No data	No data	No data	0.012158615952232422	No data	No data	nuclear receptor coactivator 3
KLK8	0.0014783194187388072	No data	No data	No data	No data	0.012158615952232422	No data	No data	kallikrein related peptidase 8
ALDH2	0.0014783194187388072	No data	No data	No data	No data	0.012158615952232422	No data	No data	aldehyde dehydrogenase 2 family member
RN7SK	0.0014783194187388072	No data	No data	No data	No data	0.012158615952232422	No data	No data	RNA component of 7SK nuclear ribonucleoprotein
PELI3	0.0014783194187388072	No data	No data	No data	No data	0.012158615952232422	No data	No data	pellino E3 ubiquitin protein ligase family member 3
PLA2R1	0.0014783194187388072	No data	No data	No data	No data	0.012158615952232422	No data	No data	phospholipase A2 receptor 1
CHROMR	0.0014783194187388072	No data	No data	No data	No data	0.012158615952232422	No data	No data	cholesterol induced regulator of metabolism RNA
NEIL2	0.0014783194187388072	No data	No data	No data	No data	0.012158615952232422	No data	No data	nei like DNA glycosylase 2
ORM2	0.0014783194187388072	No data	No data	No data	No data	0.012158615952232422	No data	No data	orosomucoid 2
RFXAP	0.0014783194187388072	No data	No data	No data	No data	0.012158615952232422	No data	No data	regulatory factor X associated protein
SNHG5	0.0014783194187388072	No data	No data	No data	No data	0.012158615952232422	No data	No data	small nucleolar RNA host gene 5
HTT	0.0014783194187388072	No data	No data	No data	No data	0.012158615952232422	No data	No data	huntingtin
ZNF335	0.0014783194187388072	No data	No data	No data	No data	0.012158615952232422	No data	No data	zinc finger protein 335
TICAM1	0.0014783194187388072	No data	No data	No data	No data	0.012158615952232422	No data	No data	TIR domain containing adaptor molecule 1
SRPX2	0.0014783194187388072	No data	No data	No data	No data	0.012158615952232422	No data	No data	sushi repeat containing protein X-linked 2
ADAM10	0.0014783194187388072	No data	No data	No data	No data	0.012158615952232422	No data	No data	ADAM metallopeptidase domain 10
CHUK	0.0014783194187388072	No data	No data	No data	No data	0.012158615952232422	No data	No data	component of inhibitor of nuclear factor kappa B kinase complex
VCP	0.0014783194187388072	No data	No data	No data	No data	0.012158615952232422	No data	No data	valosin containing protein
KLF6	0.0014783194187388072	No data	No data	No data	No data	0.012158615952232422	No data	No data	KLF transcription factor 6
HCG4	0.0014783194187388072	No data	No data	No data	No data	0.012158615952232422	No data	No data	HLA complex group 4
CCL13	0.0014783194187388072	No data	No data	No data	No data	0.012158615952232422	No data	No data	C-C motif chemokine ligand 13
SNAP47	0.0014783194187388072	No data	No data	No data	No data	0.012158615952232422	No data	No data	synaptosome associated protein 47
PIMREG	0.0014783194187388072	No data	No data	No data	No data	0.012158615952232422	No data	No data	PICALM interacting mitotic regulator
RPL8	0.0014783194187388072	No data	No data	No data	No data	0.012158615952232422	No data	No data	ribosomal protein L8
OCA2	0.0014783194187388072	No data	No data	No data	No data	0.012158615952232422	No data	No data	OCA2 melanosomal transmembrane protein
PGR-AS1	0.0014783194187388072	No data	No data	No data	No data	0.012158615952232422	No data	No data	PGR antisense RNA 1
KIAA0586	0.0014783194187388072	No data	No data	No data	No data	0.012158615952232422	No data	No data	KIAA0586
LY96	0.0014783194187388072	No data	No data	No data	No data	0.012158615952232422	No data	No data	lymphocyte antigen 96
H1-2	0.0014783194187388072	No data	No data	No data	No data	0.012158615952232422	No data	No data	H1.2 linker histone, cluster member
CES1	0.0014783194187388072	No data	No data	No data	No data	0.012158615952232422	No data	No data	carboxylesterase 1
KANSL1	0.0014783194187388072	No data	No data	No data	No data	0.012158615952232422	No data	No data	KAT8 regulatory NSL complex subunit 1
MPG	0.0014783194187388072	No data	No data	No data	No data	0.012158615952232422	No data	No data	N-methylpurine DNA glycosylase
PLXNB2	0.0014783194187388072	No data	No data	No data	No data	0.012158615952232422	No data	No data	plexin B2
YWHAE	0.0014783194187388072	No data	No data	No data	No data	0.012158615952232422	No data	No data	tyrosine 3-monooxygenase/tryptophan 5-monooxygenase activation protein epsilon
ZFP57	0.0014783194187388072	No data	No data	No data	No data	0.012158615952232422	No data	No data	ZFP57 zinc finger protein
GOT2	0.0014783194187388072	No data	No data	No data	No data	0.012158615952232422	No data	No data	glutamic-oxaloacetic transaminase 2
OCLN	0.0014783194187388072	No data	No data	No data	No data	0.012158615952232422	No data	No data	occludin
TET3	0.0014783194187388072	No data	No data	No data	No data	0.012158615952232422	No data	No data	tet methylcytosine dioxygenase 3
IL1F10	0.0014783194187388072	No data	No data	No data	No data	0.012158615952232422	No data	No data	interleukin 1 family member 10
CRHR1	0.0014783194187388072	No data	No data	No data	No data	0.012158615952232422	No data	No data	corticotropin releasing hormone receptor 1
H3P7	0.0014783194187388072	No data	No data	No data	No data	0.012158615952232422	No data	No data	H3 histone pseudogene 7
GPX4	0.0014783194187388072	No data	No data	No data	No data	0.012158615952232422	No data	No data	glutathione peroxidase 4
IGKV5-2	0.0014783194187388072	No data	No data	No data	No data	0.012158615952232422	No data	No data	immunoglobulin kappa variable 5-2
LINGO2	0.0014783194187388072	No data	No data	No data	No data	0.012158615952232422	No data	No data	leucine rich repeat and Ig domain containing 2
NEUROD1	0.0014783194187388072	No data	No data	No data	No data	0.012158615952232422	No data	No data	neuronal differentiation 1
PNMA2	0.0014783194187388072	No data	No data	No data	No data	0.012158615952232422	No data	No data	PNMA family member 2
PGF	0.0014783194187388072	No data	No data	No data	No data	0.012158615952232422	No data	No data	placental growth factor
GNAS	0.0014783194187388072	No data	No data	No data	No data	0.012158615952232422	No data	No data	GNAS complex locus
PHB1	0.0014783194187388072	No data	No data	No data	No data	0.012158615952232422	No data	No data	prohibitin 1
PLIN4	0.0014783194187388072	No data	No data	No data	No data	0.012158615952232422	No data	No data	perilipin 4
LSM14B	0.0014783194187388072	No data	No data	No data	No data	0.012158615952232422	No data	No data	LSM family member 14B
PEDS1	0.0014783194187388072	No data	No data	No data	No data	0.012158615952232422	No data	No data	plasmanylethanolamine desaturase 1
THBS1	0.0014783194187388072	No data	No data	No data	No data	0.012158615952232422	No data	No data	thrombospondin 1
IGLC4	0.0014783194187388072	No data	No data	No data	No data	0.012158615952232422	No data	No data	immunoglobulin lambda constant 4 (pseudogene)
UVRAG	0.0014783194187388072	No data	No data	No data	No data	0.012158615952232422	No data	No data	UV radiation resistance associated
LGALS2	0.0014783194187388072	No data	No data	No data	No data	0.012158615952232422	No data	No data	galectin 2
SIRT5	0.0014783194187388072	No data	No data	No data	No data	0.012158615952232422	No data	No data	sirtuin 5
HSPA1B	0.0014783194187388072	No data	No data	No data	No data	0.012158615952232422	No data	No data	heat shock protein family A (Hsp70) member 1B
ALKBH5	0.0014783194187388072	No data	No data	No data	No data	0.012158615952232422	No data	No data	alkB homolog 5, RNA demethylase
PRKG2	0.0014783194187388072	No data	No data	No data	No data	0.012158615952232422	No data	No data	protein kinase cGMP-dependent 2
ISG20	0.0014783194187388072	No data	No data	No data	No data	0.012158615952232422	No data	No data	interferon stimulated exonuclease gene 20
GSS	0.0014783194187388072	No data	No data	No data	No data	0.012158615952232422	No data	No data	glutathione synthetase
MSI1	0.0014783194187388072	No data	No data	No data	No data	0.012158615952232422	No data	No data	musashi RNA binding protein 1
MAB21L2	0.0014783194187388072	No data	No data	No data	No data	0.012158615952232422	No data	No data	mab-21 like 2
ADAP2	0.0014783194187388072	No data	No data	No data	No data	0.012158615952232422	No data	No data	ArfGAP with dual PH domains 2
LCORL	0.0014783194187388072	No data	No data	No data	No data	0.012158615952232422	No data	No data	ligand dependent nuclear receptor corepressor like
HCN4	0.0014783194187388072	No data	No data	No data	No data	0.012158615952232422	No data	No data	hyperpolarization activated cyclic nucleotide gated potassium channel 4
SMOC1	0.0014783194187388072	No data	No data	No data	No data	0.012158615952232422	No data	No data	SPARC related modular calcium binding 1
COLEC12	0.0014783194187388072	No data	No data	No data	No data	0.012158615952232422	No data	No data	collectin subfamily member 12
STAMBP	0.0014783194187388072	No data	No data	No data	No data	0.012158615952232422	No data	No data	STAM binding protein
GPS1	0.0014783194187388072	No data	No data	No data	No data	0.012158615952232422	No data	No data	G protein pathway suppressor 1
AFM	0.0014783194187388072	No data	No data	No data	No data	0.012158615952232422	No data	No data	afamin
SP7	0.0014783194187388072	No data	No data	No data	No data	0.012158615952232422	No data	No data	Sp7 transcription factor
PHEX	0.0014783194187388072	No data	No data	No data	No data	0.012158615952232422	No data	No data	phosphate regulating endopeptidase X-linked
PLA2G10	0.0014783194187388072	No data	No data	No data	No data	0.012158615952232422	No data	No data	phospholipase A2 group X
SPART	0.0014783194187388072	No data	No data	No data	No data	0.012158615952232422	No data	No data	spartin
MFGE8	0.0014783194187388072	No data	No data	No data	No data	0.012158615952232422	No data	No data	milk fat globule EGF and factor V/VIII domain containing
FBN1	0.0014783194187388072	No data	No data	No data	No data	0.012158615952232422	No data	No data	fibrillin 1
OLR1	0.0014783194187388072	No data	No data	No data	No data	0.012158615952232422	No data	No data	oxidized low density lipoprotein receptor 1
ALPI	0.0014783194187388072	No data	No data	No data	No data	0.012158615952232422	No data	No data	alkaline phosphatase, intestinal
MYOT	0.0014783194187388072	No data	No data	No data	No data	0.012158615952232422	No data	No data	myotilin
OLA1	0.0014783194187388072	No data	No data	No data	No data	0.012158615952232422	No data	No data	Obg like ATPase 1
SIAE	0.0014783194187388072	No data	No data	No data	No data	0.012158615952232422	No data	No data	sialic acid acetylesterase
GBA1	0.0014783194187388072	No data	No data	No data	No data	0.012158615952232422	No data	No data	glucosylceramidase beta 1
ENSG00000279284	0.0014783194187388072	No data	No data	No data	No data	0.012158615952232422	No data	No data	 gene
SIRT6	0.0014783194187388072	No data	No data	No data	No data	0.012158615952232422	No data	No data	sirtuin 6
OFCC1	0.0014783194187388072	No data	No data	No data	No data	0.012158615952232422	No data	No data	orofacial cleft 1 candidate 1 (pseudogene)
CYP51A1	0.0014783194187388072	No data	No data	No data	No data	0.012158615952232422	No data	No data	cytochrome P450 family 51 subfamily A member 1
MAD1L1	0.0014783194187388072	No data	No data	No data	No data	0.012158615952232422	No data	No data	mitotic arrest deficient 1 like 1
CDKAL1	0.0014783194187388072	No data	No data	No data	No data	0.012158615952232422	No data	No data	CDK5 regulatory subunit associated protein 1 like 1
VSIG4	0.0014783194187388072	No data	No data	No data	No data	0.012158615952232422	No data	No data	V-set and immunoglobulin domain containing 4
DES	0.0014783194187388072	No data	No data	No data	No data	0.012158615952232422	No data	No data	desmin
ADARB1	0.0014783194187388072	No data	No data	No data	No data	0.012158615952232422	No data	No data	adenosine deaminase RNA specific B1
C3orf20	0.0014783194187388072	No data	No data	No data	No data	0.012158615952232422	No data	No data	chromosome 3 open reading frame 20
CNTN4	0.0014783194187388072	No data	No data	No data	No data	0.012158615952232422	No data	No data	contactin 4
TRERF1	0.0014783194187388072	No data	No data	No data	No data	0.012158615952232422	No data	No data	transcriptional regulating factor 1
NFATC2	0.0014783194187388072	No data	No data	No data	No data	0.012158615952232422	No data	No data	nuclear factor of activated T cells 2
GHSR	0.0014783194187388072	No data	No data	No data	No data	0.012158615952232422	No data	No data	growth hormone secretagogue receptor
PGGHG	0.0014783194187388072	No data	No data	No data	No data	0.012158615952232422	No data	No data	protein-glucosylgalactosylhydroxylysine glucosidase
FGF7	0.0014783194187388072	No data	No data	No data	No data	0.012158615952232422	No data	No data	fibroblast growth factor 7
PRDM1	0.0014783194187388072	No data	No data	No data	No data	0.012158615952232422	No data	No data	PR/SET domain 1
TMPO	0.0014783194187388072	No data	No data	No data	No data	0.012158615952232422	No data	No data	thymopoietin
COL25A1	0.0014783194187388072	No data	No data	No data	No data	0.012158615952232422	No data	No data	collagen type XXV alpha 1 chain
GPLD1	0.0014783194187388072	No data	No data	No data	No data	0.012158615952232422	No data	No data	glycosylphosphatidylinositol specific phospholipase D1
PADI3	0.0014783194187388072	No data	No data	No data	No data	0.012158615952232422	No data	No data	peptidyl arginine deiminase 3
FUBP3	0.0014783194187388072	No data	No data	No data	No data	0.012158615952232422	No data	No data	far upstream element binding protein 3
GLDN	0.0014783194187388072	No data	No data	No data	No data	0.012158615952232422	No data	No data	gliomedin
NPTX2	0.0014783194187388072	No data	No data	No data	No data	0.012158615952232422	No data	No data	neuronal pentraxin 2
BEGAIN	0.0014783194187388072	No data	No data	No data	No data	0.012158615952232422	No data	No data	brain enriched guanylate kinase associated
SLC3A2	0.0014783194187388072	No data	No data	No data	No data	0.012158615952232422	No data	No data	solute carrier family 3 member 2
ACVR1	0.0014783194187388072	No data	No data	No data	No data	0.012158615952232422	No data	No data	activin A receptor type 1
VIPR1	0.0014783194187388072	No data	No data	No data	No data	0.012158615952232422	No data	No data	vasoactive intestinal peptide receptor 1
LNX1	0.0014783194187388072	No data	No data	No data	No data	0.012158615952232422	No data	No data	ligand of numb-protein X 1
TFCP2	0.0014783194187388072	No data	No data	No data	No data	0.012158615952232422	No data	No data	transcription factor CP2
FHL2	0.0014783194187388072	No data	No data	No data	No data	0.012158615952232422	No data	No data	four and a half LIM domains 2
CNTN6	0.0014783194187388072	No data	No data	No data	No data	0.012158615952232422	No data	No data	contactin 6
GTF2IRD1	0.0014783194187388072	No data	No data	No data	No data	0.012158615952232422	No data	No data	GTF2I repeat domain containing 1
MICD	0.0014783194187388072	No data	No data	No data	No data	0.012158615952232422	No data	No data	MHC class I polypeptide-related sequence D (pseudogene)
ZFP90	0.0014783194187388072	No data	No data	No data	No data	0.012158615952232422	No data	No data	ZFP90 zinc finger protein
EVI5L	0.0014783194187388072	No data	No data	No data	No data	0.012158615952232422	No data	No data	ecotropic viral integration site 5 like
METTL23	0.0014783194187388072	No data	No data	No data	No data	0.012158615952232422	No data	No data	methyltransferase 23, arginine
HEPH	0.0014783194187388072	No data	No data	No data	No data	0.012158615952232422	No data	No data	hephaestin
F3	0.0014783194187388072	No data	No data	No data	No data	0.012158615952232422	No data	No data	coagulation factor III, tissue factor
MAOA	0.0014783194187388072	No data	No data	No data	No data	0.012158615952232422	No data	No data	monoamine oxidase A
ERICH1	0.0014783194187388072	No data	No data	No data	No data	0.012158615952232422	No data	No data	glutamate rich 1
MIR21	0.0014783194187388072	No data	No data	No data	No data	0.012158615952232422	No data	No data	microRNA 21
CLEC4C	0.0014783194187388072	No data	No data	No data	No data	0.012158615952232422	No data	No data	C-type lectin domain family 4 member C
CASP6	0.0014783194187388072	No data	No data	No data	No data	0.012158615952232422	No data	No data	caspase 6
SIRT7	0.0014783194187388072	No data	No data	No data	No data	0.012158615952232422	No data	No data	sirtuin 7
TMEM176B	0.0014783194187388072	No data	No data	No data	No data	0.012158615952232422	No data	No data	transmembrane protein 176B
CDH5	0.0014783194187388072	No data	No data	No data	No data	0.012158615952232422	No data	No data	cadherin 5
OR2T2	0.0014783194187388072	No data	No data	No data	No data	0.012158615952232422	No data	No data	olfactory receptor family 2 subfamily T member 2
FTL	0.0014783194187388072	No data	No data	No data	No data	0.012158615952232422	No data	No data	ferritin light chain
CADM4	0.0014783194187388072	No data	No data	No data	No data	0.012158615952232422	No data	No data	cell adhesion molecule 4
TIMM8A	0.0014783194187388072	No data	No data	No data	No data	0.012158615952232422	No data	No data	translocase of inner mitochondrial membrane 8A
MSTN	0.0014783194187388072	No data	No data	No data	No data	0.012158615952232422	No data	No data	myostatin
LTB4R2	0.0014783194187388072	No data	No data	No data	No data	0.012158615952232422	No data	No data	leukotriene B4 receptor 2
ERCC1	0.0014783194187388072	No data	No data	No data	No data	0.012158615952232422	No data	No data	ERCC excision repair 1, endonuclease non-catalytic subunit
IKBKG	0.0014783194187388072	No data	No data	No data	No data	0.012158615952232422	No data	No data	inhibitor of nuclear factor kappa B kinase regulatory subunit gamma
COX5B	0.0014783194187388072	No data	No data	No data	No data	0.012158615952232422	No data	No data	cytochrome c oxidase subunit 5B
MBTPS2	0.0014783194187388072	No data	No data	No data	No data	0.012158615952232422	No data	No data	membrane bound transcription factor peptidase, site 2
HSPBP1	0.0014783194187388072	No data	No data	No data	No data	0.012158615952232422	No data	No data	HSPA (Hsp70) binding protein 1
CDH11	0.0014783194187388072	No data	No data	No data	No data	0.012158615952232422	No data	No data	cadherin 11
MOSPD2	0.0014783194187388072	No data	No data	No data	No data	0.012158615952232422	No data	No data	motile sperm domain containing 2
CPAMD8	0.0014783194187388072	No data	No data	No data	No data	0.012158615952232422	No data	No data	C3 and PZP like alpha-2-macroglobulin domain containing 8
AKT3	0.0014783194187388072	No data	No data	No data	No data	0.012158615952232422	No data	No data	AKT serine/threonine kinase 3
TNIP1	0.0014783194187388072	No data	No data	No data	No data	0.012158615952232422	No data	No data	TNFAIP3 interacting protein 1
RRN3	0.0014783194187388072	No data	No data	No data	No data	0.012158615952232422	No data	No data	RRN3 homolog, RNA polymerase I transcription factor
IPMK	0.0014783194187388072	No data	No data	No data	No data	0.012158615952232422	No data	No data	inositol polyphosphate multikinase
GTF2H4	0.0014783194187388072	No data	No data	No data	No data	0.012158615952232422	No data	No data	general transcription factor IIH subunit 4
PAWR	0.0014783194187388072	No data	No data	No data	No data	0.012158615952232422	No data	No data	pro-apoptotic WT1 regulator
SLC22A18	0.0014783194187388072	No data	No data	No data	No data	0.012158615952232422	No data	No data	solute carrier family 22 member 18
LRRD1	0.0014783194187388072	No data	No data	No data	No data	0.012158615952232422	No data	No data	leucine rich repeats and death domain containing 1
ZFP36	0.0014783194187388072	No data	No data	No data	No data	0.012158615952232422	No data	No data	ZFP36 ring finger protein
HSP90AB1	0.0014783194187388072	No data	No data	No data	No data	0.012158615952232422	No data	No data	heat shock protein 90 alpha family class B member 1
HOMER1	0.0014783194187388072	No data	No data	No data	No data	0.012158615952232422	No data	No data	homer scaffold protein 1
GATA1	0.0014783194187388072	No data	No data	No data	No data	0.012158615952232422	No data	No data	GATA binding protein 1
SLC22A5	0.0014783194187388072	No data	No data	No data	No data	0.012158615952232422	No data	No data	solute carrier family 22 member 5
GDF7	0.0014783194187388072	No data	No data	No data	No data	0.012158615952232422	No data	No data	growth differentiation factor 7
ITGA5	0.0014783194187388072	No data	No data	No data	No data	0.012158615952232422	No data	No data	integrin subunit alpha 5
PMPCA	0.0014783194187388072	No data	No data	No data	No data	0.012158615952232422	No data	No data	peptidase, mitochondrial processing subunit alpha
AIM2	0.0014783194187388072	No data	No data	No data	No data	0.012158615952232422	No data	No data	absent in melanoma 2
RNF141	0.0014783194187388072	No data	No data	No data	No data	0.012158615952232422	No data	No data	ring finger protein 141
ABCD1	0.0014783194187388072	No data	No data	No data	No data	0.012158615952232422	No data	No data	ATP binding cassette subfamily D member 1
GLP1R	0.0014783194187388072	No data	No data	No data	No data	0.012158615952232422	No data	No data	glucagon like peptide 1 receptor
PARP3	0.0014783194187388072	No data	No data	No data	No data	0.012158615952232422	No data	No data	poly(ADP-ribose) polymerase family member 3
CYP1A1	0.0014783194187388072	No data	No data	No data	No data	0.012158615952232422	No data	No data	cytochrome P450 family 1 subfamily A member 1
NEXN	0.0014783194187388072	No data	No data	No data	No data	0.012158615952232422	No data	No data	nexilin F-actin binding protein
PLA2G6	0.0014783194187388072	No data	No data	No data	No data	0.012158615952232422	No data	No data	phospholipase A2 group VI
GP9	0.0014783194187388072	No data	No data	No data	No data	0.012158615952232422	No data	No data	glycoprotein IX platelet
HNRNPF	0.0014783194187388072	No data	No data	No data	No data	0.012158615952232422	No data	No data	heterogeneous nuclear ribonucleoprotein F
OGA	0.0014783194187388072	No data	No data	No data	No data	0.012158615952232422	No data	No data	O-GlcNAcase
TAX1BP3	0.0014783194187388072	No data	No data	No data	No data	0.012158615952232422	No data	No data	Tax1 binding protein 3
ITGAE	0.0014783194187388072	No data	No data	No data	No data	0.012158615952232422	No data	No data	integrin subunit alpha E
OPA1	0.0014783194187388072	No data	No data	No data	No data	0.012158615952232422	No data	No data	OPA1 mitochondrial dynamin like GTPase
H1-0	0.0014783194187388072	No data	No data	No data	No data	0.012158615952232422	No data	No data	H1.0 linker histone
TRIM40	0.0014783194187388072	No data	No data	No data	No data	0.012158615952232422	No data	No data	tripartite motif containing 40
PTCD2	0.0014783194187388072	No data	No data	No data	No data	0.012158615952232422	No data	No data	pentatricopeptide repeat domain 2
NCF2	0.0014783194187388072	No data	No data	No data	No data	0.012158615952232422	No data	No data	neutrophil cytosolic factor 2
NCR2	0.0014783194187388072	No data	No data	No data	No data	0.012158615952232422	No data	No data	natural cytotoxicity triggering receptor 2
THA1P	0.0014783194187388072	No data	No data	No data	No data	0.012158615952232422	No data	No data	threonine aldolase 1, pseudogene
MTCO3P1	0.0014783194187388072	No data	No data	No data	No data	0.012158615952232422	No data	No data	MT-CO3 pseudogene 1
ACOX1	0.0014783194187388072	No data	No data	No data	No data	0.012158615952232422	No data	No data	acyl-CoA oxidase 1
PLA2G5	0.0014783194187388072	No data	No data	No data	No data	0.012158615952232422	No data	No data	phospholipase A2 group V
ZNF99	0.0014783194187388072	No data	No data	No data	No data	0.012158615952232422	No data	No data	zinc finger protein 99
LINC-ROR	0.0014783194187388072	No data	No data	No data	No data	0.012158615952232422	No data	No data	long intergenic non-protein coding RNA, regulator of reprogramming
XAB2	0.0014783194187388072	No data	No data	No data	No data	0.012158615952232422	No data	No data	XPA binding protein 2
IRF6	0.0014783194187388072	No data	No data	No data	No data	0.012158615952232422	No data	No data	interferon regulatory factor 6
MSLN	0.0014783194187388072	No data	No data	No data	No data	0.012158615952232422	No data	No data	mesothelin
TFG	0.0014783194187388072	No data	No data	No data	No data	0.012158615952232422	No data	No data	trafficking from ER to golgi regulator
CYP11A1	0.0014783194187388072	No data	No data	No data	No data	0.012158615952232422	No data	No data	cytochrome P450 family 11 subfamily A member 1
KIR2DS2	0.0014783194187388072	No data	No data	No data	No data	0.012158615952232422	No data	No data	killer cell immunoglobulin like receptor, two Ig domains and short cytoplasmic tail 2 
NR1I2	0.0014783194187388072	No data	No data	No data	No data	0.012158615952232422	No data	No data	nuclear receptor subfamily 1 group I member 2
CASP9	0.0014783194187388072	No data	No data	No data	No data	0.012158615952232422	No data	No data	caspase 9
NKD2	0.0014783194187388072	No data	No data	No data	No data	0.012158615952232422	No data	No data	NKD inhibitor of WNT signaling pathway 2
PLXND1	0.0014783194187388072	No data	No data	No data	No data	0.012158615952232422	No data	No data	plexin D1
PRKCG	0.0014783194187388072	No data	No data	No data	No data	0.012158615952232422	No data	No data	protein kinase C gamma
BRCA2	0.0014783194187388072	No data	No data	No data	No data	0.012158615952232422	No data	No data	BRCA2 DNA repair associated
ARHGEF28	0.0014783194187388072	No data	No data	No data	No data	0.012158615952232422	No data	No data	Rho guanine nucleotide exchange factor 28
DRAM1	0.0014783194187388072	No data	No data	No data	No data	0.012158615952232422	No data	No data	DNA damage regulated autophagy modulator 1
NLRP9	0.0014783194187388072	No data	No data	No data	No data	0.012158615952232422	No data	No data	NLR family pyrin domain containing 9
SIGLEC14	0.0014783194187388072	No data	No data	No data	No data	0.012158615952232422	No data	No data	sialic acid binding Ig like lectin 14
ZNF331	0.0014783194187388072	No data	No data	No data	No data	0.012158615952232422	No data	No data	zinc finger protein 331
ENO1	0.0014783194187388072	No data	No data	No data	No data	0.012158615952232422	No data	No data	enolase 1
ERBB3	0.0014783194187388072	No data	No data	No data	No data	0.012158615952232422	No data	No data	erb-b2 receptor tyrosine kinase 3
GPS2	0.0014783194187388072	No data	No data	No data	No data	0.012158615952232422	No data	No data	G protein pathway suppressor 2
USO1	0.0014783194187388072	No data	No data	No data	No data	0.012158615952232422	No data	No data	USO1 vesicle transport factor
HSPA4L	0.0014783194187388072	No data	No data	No data	No data	0.012158615952232422	No data	No data	heat shock protein family A (Hsp70) member 4 like
CNTN5	0.0014783194187388072	No data	No data	No data	No data	0.012158615952232422	No data	No data	contactin 5
COL5A2	0.0014783194187388072	No data	No data	No data	No data	0.012158615952232422	No data	No data	collagen type V alpha 2 chain
LPA	0.0014783194187388072	No data	No data	No data	No data	0.012158615952232422	No data	No data	lipoprotein(a)
UBE2I	0.0014783194187388072	No data	No data	No data	No data	0.012158615952232422	No data	No data	ubiquitin conjugating enzyme E2 I
ATOX1	0.0014783194187388072	No data	No data	No data	No data	0.012158615952232422	No data	No data	antioxidant 1 copper chaperone
LMO1	0.0014783194187388072	No data	No data	No data	No data	0.012158615952232422	No data	No data	LIM domain only 1
GADD45B	0.0014783194187388072	No data	No data	No data	No data	0.012158615952232422	No data	No data	growth arrest and DNA damage inducible beta
PTPN11	0.0014783194187388072	No data	No data	No data	No data	0.012158615952232422	No data	No data	protein tyrosine phosphatase non-receptor type 11
NTNG2	0.0014783194187388072	No data	No data	No data	No data	0.012158615952232422	No data	No data	netrin G2
HNRNPH1	0.0014783194187388072	No data	No data	No data	No data	0.012158615952232422	No data	No data	heterogeneous nuclear ribonucleoprotein H1
YES1	0.0014783194187388072	No data	No data	No data	No data	0.012158615952232422	No data	No data	YES proto-oncogene 1, Src family tyrosine kinase
KCNJ13	0.0014783194187388072	No data	No data	No data	No data	0.012158615952232422	No data	No data	potassium inwardly rectifying channel subfamily J member 13
LRRC4B	0.0014783194187388072	No data	No data	No data	No data	0.012158615952232422	No data	No data	leucine rich repeat containing 4B
VEGFC	0.0014783194187388072	No data	No data	No data	No data	0.012158615952232422	No data	No data	vascular endothelial growth factor C
SLC40A1	0.0014783194187388072	No data	No data	No data	No data	0.012158615952232422	No data	No data	solute carrier family 40 member 1
NLRC3	0.0014783194187388072	No data	No data	No data	No data	0.012158615952232422	No data	No data	NLR family CARD domain containing 3
MST1	0.0014783194187388072	No data	No data	No data	No data	0.012158615952232422	No data	No data	macrophage stimulating 1
GDI2	0.0014783194187388072	No data	No data	No data	No data	0.012158615952232422	No data	No data	GDP dissociation inhibitor 2
PRORP	0.0014783194187388072	No data	No data	No data	No data	0.012158615952232422	No data	No data	protein only RNase P catalytic subunit
CCL3L3	0.0014783194187388072	No data	No data	No data	No data	0.012158615952232422	No data	No data	C-C motif chemokine ligand 3 like 3
NCOA7	0.0014783194187388072	No data	No data	No data	No data	0.012158615952232422	No data	No data	nuclear receptor coactivator 7
IL17RC	0.0014783194187388072	No data	No data	No data	No data	0.012158615952232422	No data	No data	interleukin 17 receptor C
CDS2	0.0014783194187388072	No data	No data	No data	No data	0.012158615952232422	No data	No data	CDP-diacylglycerol synthase 2
CDK7	0.0014783194187388072	No data	No data	No data	No data	0.012158615952232422	No data	No data	cyclin dependent kinase 7
NPPB	0.0014783194187388072	No data	No data	No data	No data	0.012158615952232422	No data	No data	natriuretic peptide B
SLC16A3	0.0014783194187388072	No data	No data	No data	No data	0.012158615952232422	No data	No data	solute carrier family 16 member 3
IRAK4	0.0014783194187388072	No data	No data	No data	No data	0.012158615952232422	No data	No data	interleukin 1 receptor associated kinase 4
FZD4	0.0014783194187388072	No data	No data	No data	No data	0.012158615952232422	No data	No data	frizzled class receptor 4
PRDX3	0.0014783194187388072	No data	No data	No data	No data	0.012158615952232422	No data	No data	peroxiredoxin 3
CD93	0.0014783194187388072	No data	No data	No data	No data	0.012158615952232422	No data	No data	CD93 molecule
MMP10	0.0014783194187388072	No data	No data	No data	No data	0.012158615952232422	No data	No data	matrix metallopeptidase 10
COL5A1	0.0014783194187388072	No data	No data	No data	No data	0.012158615952232422	No data	No data	collagen type V alpha 1 chain
HRH4	0.0014783194187388072	No data	No data	No data	No data	0.012158615952232422	No data	No data	histamine receptor H4
KCNJ9	0.0014783194187388072	No data	No data	No data	No data	0.012158615952232422	No data	No data	potassium inwardly rectifying channel subfamily J member 9
CNTN3	0.0014783194187388072	No data	No data	No data	No data	0.012158615952232422	No data	No data	contactin 3
LRG1	0.0014783194187388072	No data	No data	No data	No data	0.012158615952232422	No data	No data	leucine rich alpha-2-glycoprotein 1
GALR1	0.0014783194187388072	No data	No data	No data	No data	0.012158615952232422	No data	No data	galanin receptor 1
ID2	0.0014783194187388072	No data	No data	No data	No data	0.012158615952232422	No data	No data	inhibitor of DNA binding 2
HSPA9	0.0014783194187388072	No data	No data	No data	No data	0.012158615952232422	No data	No data	heat shock protein family A (Hsp70) member 9
SLC29A1	0.0014783194187388072	No data	No data	No data	No data	0.012158615952232422	No data	No data	solute carrier family 29 member 1 (Augustine blood group)
NKILA	0.0014783194187388072	No data	No data	No data	No data	0.012158615952232422	No data	No data	NF-kappaB interacting lncRNA
NFYC	0.0014783194187388072	No data	No data	No data	No data	0.012158615952232422	No data	No data	nuclear transcription factor Y subunit gamma
PDGFA	0.0014783194187388072	No data	No data	No data	No data	0.012158615952232422	No data	No data	platelet derived growth factor subunit A
FSCN1	0.0014783194187388072	No data	No data	No data	No data	0.012158615952232422	No data	No data	fascin actin-bundling protein 1
S100A1	0.0014783194187388072	No data	No data	No data	No data	0.012158615952232422	No data	No data	S100 calcium binding protein A1
OPN1SW	0.0014783194187388072	No data	No data	No data	No data	0.012158615952232422	No data	No data	opsin 1, short wave sensitive
TRPS1	0.0014783194187388072	No data	No data	No data	No data	0.012158615952232422	No data	No data	transcriptional repressor GATA binding 1
CCL14	0.0014783194187388072	No data	No data	No data	No data	0.012158615952232422	No data	No data	C-C motif chemokine ligand 14
DNAJC5	0.0014783194187388072	No data	No data	No data	No data	0.012158615952232422	No data	No data	DnaJ heat shock protein family (Hsp40) member C5
CPXM2	0.0014783194187388072	No data	No data	No data	No data	0.012158615952232422	No data	No data	carboxypeptidase X, M14 family member 2
POSTN	0.0014783194187388072	No data	No data	No data	No data	0.012158615952232422	No data	No data	periostin
RABGGTB	0.0014783194187388072	No data	No data	No data	No data	0.012158615952232422	No data	No data	Rab geranylgeranyltransferase subunit beta
CDR2	0.0014783194187388072	No data	No data	No data	No data	0.012158615952232422	No data	No data	cerebellar degeneration related protein 2
NTN5	0.0014783194187388072	No data	No data	No data	No data	0.012158615952232422	No data	No data	netrin 5
LITAF	0.0014783194187388072	No data	No data	No data	No data	0.012158615952232422	No data	No data	lipopolysaccharide induced TNF factor
MT-ATP8	0.0014783194187388072	No data	No data	No data	No data	0.012158615952232422	No data	No data	mitochondrially encoded ATP synthase membrane subunit 8
NT5C2	0.0014783194187388072	No data	No data	No data	No data	0.012158615952232422	No data	No data	5'-nucleotidase, cytosolic II
TARP	0.0014783194187388072	No data	No data	No data	No data	0.012158615952232422	No data	No data	TCR gamma alternate reading frame protein 
OR4A47	0.0014783194187388072	No data	No data	No data	No data	0.012158615952232422	No data	No data	olfactory receptor family 4 subfamily A member 47
CKLF	0.0014783194187388072	No data	No data	No data	No data	0.012158615952232422	No data	No data	chemokine like factor
KDM4D	0.0014783194187388072	No data	No data	No data	No data	0.012158615952232422	No data	No data	lysine demethylase 4D
HDGF	0.0014783194187388072	No data	No data	No data	No data	0.012158615952232422	No data	No data	heparin binding growth factor
EFNA1	0.0014783194187388072	No data	No data	No data	No data	0.012158615952232422	No data	No data	ephrin A1
DRG2	0.0014783194187388072	No data	No data	No data	No data	0.012158615952232422	No data	No data	developmentally regulated GTP binding protein 2
ASPA	0.0014783194187388072	No data	No data	No data	No data	0.012158615952232422	No data	No data	aspartoacylase
PSMA3	0.0014783194187388072	No data	No data	No data	No data	0.012158615952232422	No data	No data	proteasome 20S subunit alpha 3
ICAM4	0.0014783194187388072	No data	No data	No data	No data	0.012158615952232422	No data	No data	intercellular adhesion molecule 4 (Landsteiner-Wiener blood group)
CPSF3	0.0014783194187388072	No data	No data	No data	No data	0.012158615952232422	No data	No data	cleavage and polyadenylation specific factor 3
EIF4EBP2	0.0014783194187388072	No data	No data	No data	No data	0.012158615952232422	No data	No data	eukaryotic translation initiation factor 4E binding protein 2
MAT2A	0.0014783194187388072	No data	No data	No data	No data	0.012158615952232422	No data	No data	methionine adenosyltransferase 2A
GPR68	0.0014783194187388072	No data	No data	No data	No data	0.012158615952232422	No data	No data	G protein-coupled receptor 68
HRCT1	0.0014783194187388072	No data	No data	No data	No data	0.012158615952232422	No data	No data	histidine rich carboxyl terminus 1
WDR7	0.0014783194187388072	No data	No data	No data	No data	0.012158615952232422	No data	No data	WD repeat domain 7
KLRA1P	0.0014783194187388072	No data	No data	No data	No data	0.012158615952232422	No data	No data	killer cell lectin like receptor A1, pseudogene
THBS4	0.0014783194187388072	No data	No data	No data	No data	0.012158615952232422	No data	No data	thrombospondin 4
SMN1	0.0014783194187388072	No data	No data	No data	No data	0.012158615952232422	No data	No data	survival of motor neuron 1, telomeric
THPO	0.0014783194187388072	No data	No data	No data	No data	0.012158615952232422	No data	No data	thrombopoietin
RASA3	0.0014783194187388072	No data	No data	No data	No data	0.012158615952232422	No data	No data	RAS p21 protein activator 3
PON2	0.0014783194187388072	No data	No data	No data	No data	0.012158615952232422	No data	No data	paraoxonase 2
AGPS	0.0014783194187388072	No data	No data	No data	No data	0.012158615952232422	No data	No data	alkylglycerone phosphate synthase
GZMK	0.0014783194187388072	No data	No data	No data	No data	0.012158615952232422	No data	No data	granzyme K
UBE2D1	0.0014783194187388072	No data	No data	No data	No data	0.012158615952232422	No data	No data	ubiquitin conjugating enzyme E2 D1
RIMS3	0.0014783194187388072	No data	No data	No data	No data	0.012158615952232422	No data	No data	regulating synaptic membrane exocytosis 3
SYT1	0.0014783194187388072	No data	No data	No data	No data	0.012158615952232422	No data	No data	synaptotagmin 1
P2RY1	0.0014783194187388072	No data	No data	No data	No data	0.012158615952232422	No data	No data	purinergic receptor P2Y1
EBI3	0.0014783194187388072	No data	No data	No data	No data	0.012158615952232422	No data	No data	Epstein-Barr virus induced 3
GCNT1	0.0014783194187388072	No data	No data	No data	No data	0.012158615952232422	No data	No data	glucosaminyl (N-acetyl) transferase 1
RPS6KA5	0.0014783194187388072	No data	No data	No data	No data	0.012158615952232422	No data	No data	ribosomal protein S6 kinase A5
NCR3	0.0014783194187388072	No data	No data	No data	No data	0.012158615952232422	No data	No data	natural cytotoxicity triggering receptor 3
IL17RE	0.0014783194187388072	No data	No data	No data	No data	0.012158615952232422	No data	No data	interleukin 17 receptor E
CCDC134	0.0014783194187388072	No data	No data	No data	No data	0.012158615952232422	No data	No data	coiled-coil domain containing 134
UPP1	0.0014783194187388072	No data	No data	No data	No data	0.012158615952232422	No data	No data	uridine phosphorylase 1
TAS2R62P	0.0014783194187388072	No data	No data	No data	No data	0.012158615952232422	No data	No data	taste 2 receptor member 62 pseudogene
IGHA1	0.0014783194187388072	No data	No data	No data	No data	0.012158615952232422	No data	No data	immunoglobulin heavy constant alpha 1
C4B	0.0014783194187388072	No data	No data	No data	No data	0.012158615952232422	No data	No data	complement C4B (Chido blood group)
AKAP12	0.0014783194187388072	No data	No data	No data	No data	0.012158615952232422	No data	No data	A-kinase anchoring protein 12
CARM1	0.0014783194187388072	No data	No data	No data	No data	0.012158615952232422	No data	No data	coactivator associated arginine methyltransferase 1
EVX1	0.0014347994135038191	No data	No data	No data	No data	No data	0.011800680432219575	No data	even-skipped homeobox 1
ZBP1	0.0014309472367453476	No data	No data	No data	No data	No data	0.011768997740919796	No data	Z-DNA binding protein 1
LGR6	0.001409866875227086	No data	No data	No data	No data	No data	0.011595619770918273	No data	leucine rich repeat containing G protein-coupled receptor 6
LAP3	0.0014018913026550791	No data	No data	No data	No data	No data	0.011530023714563338	No data	leucine aminopeptidase 3
RNF213	0.00138735332119475	No data	No data	No data	No data	No data	0.01141045433662226	No data	ring finger protein 213
CMTR1	0.0013572440213163255	No data	No data	No data	No data	No data	0.011162816776584875	No data	cap methyltransferase 1
RAVER1	0.001332968553499387	No data	No data	No data	No data	No data	0.010963160270348394	No data	ribonucleoprotein, PTB binding 1
GNLY	0.001253718003145229	No data	No data	No data	No data	No data	0.010311354582385968	No data	granulysin
WFDC3	0.0012388924682260648	No data	No data	No data	No data	No data	0.0101894201864201	No data	WAP four-disulfide core domain 3
CDH22	0.0012275778910782232	No data	No data	No data	No data	No data	0.010096362085133792	No data	cadherin 22
LILRA5	0.001185176836811638	No data	No data	No data	No data	No data	0.00974762951200897	No data	leukocyte immunoglobulin like receptor A5
DHRS9	0.001160107208013253	No data	No data	No data	No data	No data	0.009541441333215625	No data	dehydrogenase/reductase 9
COL27A1	0.0011350129102966485	No data	No data	No data	No data	No data	0.009335050261935865	No data	collagen type XXVII alpha 1 chain