symbol	overallAssociationScore	geneticAssociations	somaticMutations	drugs	pathwaysSystemsBiology	textMining	rnaExpression	animalModels	targetName
SCNN1B	0.7959406542347437	0.8917817535573896	No data	0.12158615952232422	No data	0.1624010578596413	No data	No data	sodium channel epithelial 1 subunit beta
CFTR	0.7419259164677009	0.9043029357527294	No data	0.6682972229921463	No data	0.9301520176114104	No data	0.5188723678843103	CF transmembrane conductance regulator
NR3C1	0.6949526177065776	0.5073176798253137	No data	0.9968309597718835	No data	0.4861851849438901	No data	0.6032966255762607	nuclear receptor subfamily 3 group C member 1
CHRM3	0.6720441263181459	0.41156870675044077	No data	0.9989205720592441	No data	0.16419638931598238	No data	No data	cholinergic receptor muscarinic 3
ADRB2	0.632181782313664	No data	No data	0.9990822557671732	No data	0.8161754523039655	No data	No data	adrenoceptor beta 2
PDE4A	0.6138256936028135	No data	No data	0.9806570843334406	No data	0.5807914390866725	No data	No data	phosphodiesterase 4A
SERPINA1	0.6058128783955439	0.7810212480387031	No data	No data	No data	0.9107830647607228	No data	No data	serpin family A member 1
PDE4D	0.6046513675914343	No data	No data	0.9806570843334406	No data	0.2789700460129132	No data	No data	phosphodiesterase 4D
CHRM1	0.6025787764955147	No data	No data	0.9891234565093794	No data	0.041457503003792494	No data	No data	cholinergic receptor muscarinic 1
PDE4B	0.5992982146644668	No data	No data	0.9806570843334406	No data	0.10285944434579726	No data	No data	phosphodiesterase 4B
PDE4C	0.5961716434623153	No data	No data	0.9806570843334406	No data	No data	No data	No data	phosphodiesterase 4C
SCNN1A	0.5892828502205526	0.7061561478766073	No data	0.12158615952232422	No data	0.07117856422036063	No data	No data	sodium channel epithelial 1 subunit alpha
ADORA1	0.5850139213796277	0.15458685414451157	No data	0.9214952334868965	No data	0.09726892761785938	No data	No data	adenosine A1 receptor
MMP1	0.5793980159767594	0.012158615952232422	No data	0.912350871291968	No data	0.7872782434654004	No data	No data	matrix metallopeptidase 1
MMP8	0.576852045717284	No data	No data	0.912350871291968	No data	0.7305388349575531	No data	No data	matrix metallopeptidase 8
FAM13A	0.5759327058473241	0.7422627001957001	No data	No data	No data	0.8791737082858997	No data	No data	family with sequence similarity 13 member A
PDE3A	0.5722459631042832	No data	No data	0.9399333126009729	No data	0.02735688589252295	No data	No data	phosphodiesterase 3A
PDE3B	0.5721401195403444	No data	No data	0.9399333126009729	No data	0.023874793379536387	No data	No data	phosphodiesterase 3B
CA4	0.5712846134608313	No data	No data	0.9360722249447112	No data	0.07295169571339452	No data	No data	carbonic anhydrase 4
ADORA2A	0.5706581019519898	No data	No data	0.9214952334868965	No data	0.3438802476880496	No data	No data	adenosine A2a receptor
CA2	0.5699910839694349	No data	No data	0.9360722249447112	No data	0.030396539880581056	No data	No data	carbonic anhydrase 2
CA1	0.569067134332723	No data	No data	0.9360722249447112	No data	No data	No data	No data	carbonic anhydrase 1
CA12	0.569067134332723	No data	No data	0.9360722249447112	No data	No data	No data	No data	carbonic anhydrase 12
ADORA3	0.5681428264836947	No data	No data	0.9206508851568804	No data	0.2780184712348231	No data	No data	adenosine A3 receptor
MMP7	0.5679465463221103	No data	No data	0.912350871291968	No data	0.4375614293001696	No data	No data	matrix metallopeptidase 7
ADRB1	0.5659662091701093	No data	No data	0.9261298237079951	No data	0.0968322961416496	No data	No data	adrenoceptor beta 1
SCNN1G	0.5629577014107808	0.7295169571339454	No data	0.12158615952232422	No data	0.0493521598894434	No data	No data	sodium channel epithelial 1 subunit gamma
ADORA2B	0.561964888568357	No data	No data	0.9206508851568804	No data	0.07477369601997794	No data	No data	adenosine A2b receptor
MMP13	0.5597377178315411	No data	No data	0.912350871291968	No data	0.1675034383966302	No data	No data	matrix metallopeptidase 13
HMGCR	0.552057171149192	No data	No data	0.9026511182979325	No data	0.10882017658270596	No data	No data	3-hydroxy-3-methylglutaryl-CoA reductase
OPRM1	0.5512097590376843	No data	No data	0.905026388856836	No data	0.03343619386863916	No data	No data	opioid receptor mu 1
PDE5A	0.5388194803174291	No data	No data	0.8788295437532743	No data	0.14975174268937458	No data	No data	phosphodiesterase 5A
ELANE	0.535817894617561	No data	No data	0.8680387720956679	No data	0.2668195647100877	No data	No data	elastase, neutrophil expressed
TET2	0.5325813813301392	0.8651585188801688	No data	No data	No data	0.21794825703374626	No data	No data	tet methylcytosine dioxygenase 2
ADGRG6	0.5261259702889298	0.8615416164234219	No data	No data	No data	0.07791308650056937	No data	No data	adhesion G protein-coupled receptor G6
VDR	0.5208260825148906	No data	No data	0.8264682202321342	No data	0.6050227512987852	No data	No data	vitamin D receptor
TGFB2	0.5113522181905039	0.6673672846999157	No data	No data	No data	0.3116909019809899	No data	No data	transforming growth factor beta 2
THSD4	0.5010460551074223	0.8219968657138761	No data	No data	No data	0.04371697913491568	No data	No data	thrombospondin type 1 domain containing 4
BTC	0.48748854866199864	0.8008177671355962	No data	No data	No data	0.021277577916406734	No data	No data	betacellulin
ADAM19	0.4849783342924484	0.7918844991137908	No data	No data	No data	0.11736069776157407	No data	No data	ADAM metallopeptidase domain 19
MTCL1	0.48385313378527217	0.7927100279200682	No data	No data	No data	0.06383273374922022	No data	No data	microtubule crosslinking factor 1
HSPA1A	0.47651118652123897	0.7789113344398895	No data	No data	No data	0.09826768830267703	No data	No data	heat shock protein family A (Hsp70) member 1A
ARMC2	0.4758268923326624	0.7808753144825603	No data	No data	No data	0.03647584785669727	No data	No data	armadillo repeat containing 2
RIN3	0.47472302749598594	0.7725938389621074	No data	No data	No data	0.16578988153671842	No data	No data	Ras and Rab interactor 3
CHRNA3	0.4744988542260346	0.728820832801398	No data	0.12158615952232422	No data	0.7636835790077756	No data	No data	cholinergic receptor nicotinic alpha 3 subunit
DNAH5	0.4671000665091023	0.7599134970145264	No data	No data	No data	0.16861288072131173	No data	No data	dynein axonemal heavy chain 5
AGTR1	0.46707857929534685	No data	No data	0.7599134970145264	No data	0.16790598402057547	No data	No data	angiotensin II receptor type 1
MICAL3	0.46660870182067454	0.7675358834489733	No data	No data	No data	No data	No data	No data	microtubule associated monooxygenase, calponin and LIM domain containing 3
RREB1	0.46596042640834634	0.7664695196212562	No data	No data	No data	No data	No data	No data	ras responsive element binding protein 1
SFTPD	0.4658700395844044	0.7057939741709228	No data	No data	No data	0.9307230826824628	No data	0.6295820334379931	surfactant protein D
PROC	0.4619748183558772	0.7599134970145264	No data	No data	No data	No data	No data	No data	protein C, inactivator of coagulation factors Va and VIIIa
ADAMTSL3	0.45581548228528046	0.7481100471824553	No data	No data	No data	0.03343619386863916	No data	No data	ADAMTS like 3
CHRNA5	0.45408414577364115	0.7118145375264712	No data	No data	No data	0.7023880450704192	No data	No data	cholinergic receptor nicotinic alpha 5 subunit
NPNT	0.45067131951337597	0.7355993072226278	No data	No data	No data	0.1144158501142357	No data	No data	nephronectin
ITGB8	0.4484765266926492	0.7377098321956707	No data	No data	No data	No data	No data	No data	integrin subunit beta 8
HCN4	0.44499940501469665	0.4962377338098073	No data	0.607930797611621	No data	No data	No data	No data	hyperpolarization activated cyclic nucleotide gated potassium channel 4
ID4	0.4408888989160388	0.7252287606552585	No data	No data	No data	No data	No data	No data	inhibitor of DNA binding 4
GLIS3	0.43994928017197715	0.7236831591694429	No data	No data	No data	No data	No data	No data	GLIS family zinc finger 3
CHRNA4	0.43919241853929075	0.6022734437302476	No data	0.4559480982087158	No data	0.2779969937444381	No data	No data	cholinergic receptor nicotinic alpha 4 subunit
ZBTB38	0.4377564352569297	0.7200760957937059	No data	No data	No data	No data	No data	No data	zinc finger and BTB domain containing 38
HSPA4	0.4245040944049395	0.6982770013835286	No data	No data	No data	No data	No data	No data	heat shock protein family A (Hsp70) member 4
TNS1	0.4204732715826739	0.6858053319341199	No data	No data	No data	0.11682543959322492	No data	No data	tensin 1
HSPA1L	0.4193807401034653	0.6839221473130737	No data	No data	No data	0.11854650553426611	No data	No data	heat shock protein family A (Hsp70) member 1 like
HSPA1B	0.4169784710480148	0.6839221473130737	No data	No data	No data	0.03951550184475537	No data	No data	heat shock protein family A (Hsp70) member 1B
SCGB1A1	0.41141809943479574	0.527995005870831	No data	No data	No data	0.7315753435857844	0.04004368974631385	No data	secretoglobin family 1A member 1
COL15A1	0.40765725147624926	0.6664870215648935	No data	No data	No data	0.08156404867955916	No data	No data	collagen type XV alpha 1 chain
ITPK1	0.4068281856899089	0.6692014737338783	No data	No data	No data	No data	No data	No data	inositol-tetrakisphosphate 1-kinase
ADCY5	0.4036497191307065	0.663973137594815	No data	No data	No data	No data	No data	No data	adenylate cyclase 5
IL33	0.4030250694127887	0.34353441327935985	No data	0.5530481561605719	No data	0.9274258932027276	No data	0.27235299733000623	interleukin 33
GPD2	0.39983115220887133	0.07745818988729852	No data	0.6383273374922022	No data	No data	No data	No data	glycerol-3-phosphate dehydrogenase 2
PIK3CD	0.3990833689386442	0.607930797611621	No data	0.18126327926552357	No data	0.14468493771019997	No data	No data	phosphatidylinositol-4,5-bisphosphate 3-kinase catalytic subunit delta
ACE	0.3975765508884444	No data	No data	0.607930797611621	No data	0.9210487875834991	No data	No data	angiotensin I converting enzyme
HHIP	0.3975735886704011	0.611424309747037	No data	No data	No data	0.8510810924001633	No data	No data	hedgehog interacting protein
PTGIR	0.3972880776789798	No data	No data	0.6518369107724603	No data	0.03343619386863916	No data	No data	prostaglandin I2 receptor
TWIST2	0.39563817892007813	0.6486670044977887	No data	No data	No data	0.04255515583281348	No data	No data	twist family bHLH transcription factor 2
GLP1R	0.3925789503600907	No data	No data	0.607930797611621	No data	0.7566353198668517	No data	No data	glucagon like peptide 1 receptor
NDUFA10	0.39083069632907214	No data	No data	0.6383273374922022	No data	0.09118961964174316	No data	No data	NADH:ubiquinone oxidoreductase subunit A10
NDUFV1	0.39083069632907214	No data	No data	0.6383273374922022	No data	0.09118961964174316	No data	No data	NADH:ubiquinone oxidoreductase core subunit V1
CRP	0.3906907341238506	0.594617721190098	No data	No data	No data	0.9607774016873227	No data	No data	C-reactive protein
NDUFAB1	0.3905689105986705	No data	No data	0.6383273374922022	No data	0.08257726667557853	No data	No data	NADH:ubiquinone oxidoreductase subunit AB1
NDUFA12	0.38990674669236036	No data	No data	0.6383273374922022	No data	0.06079307976116211	No data	No data	NADH:ubiquinone oxidoreductase subunit A12
TGFB3	0.3895515507943657	0.607930797611621	No data	No data	No data	0.43980078074548706	No data	0.4615714580866233	transforming growth factor beta 3
MT-ND1	0.389167586982991	No data	No data	0.6383273374922022	No data	0.03647584785669726	No data	No data	mitochondrially encoded NADH:ubiquinone oxidoreductase core subunit 1
MT-ND2	0.38898279705564864	No data	No data	0.6383273374922022	No data	0.030396539880581056	No data	No data	mitochondrially encoded NADH:ubiquinone oxidoreductase core subunit 2
NDUFA7	0.38898279705564864	No data	No data	0.6383273374922022	No data	0.030396539880581056	No data	No data	NADH:ubiquinone oxidoreductase subunit A7
NDUFA6	0.38805884741893687	No data	No data	0.6383273374922022	No data	No data	No data	No data	NADH:ubiquinone oxidoreductase subunit A6
NDUFB10	0.38805884741893687	No data	No data	0.6383273374922022	No data	No data	No data	No data	NADH:ubiquinone oxidoreductase subunit B10
NDUFA4	0.38805884741893687	No data	No data	0.6383273374922022	No data	No data	No data	No data	NDUFA4 mitochondrial complex associated
NDUFS8	0.38805884741893687	No data	No data	0.6383273374922022	No data	No data	No data	No data	NADH:ubiquinone oxidoreductase core subunit S8
NDUFV3	0.38805884741893687	No data	No data	0.6383273374922022	No data	No data	No data	No data	NADH:ubiquinone oxidoreductase subunit V3
NDUFB1	0.38805884741893687	No data	No data	0.6383273374922022	No data	No data	No data	No data	NADH:ubiquinone oxidoreductase subunit B1
NDUFV2	0.38805884741893687	No data	No data	0.6383273374922022	No data	No data	No data	No data	NADH:ubiquinone oxidoreductase core subunit V2
NDUFB8	0.38805884741893687	No data	No data	0.6383273374922022	No data	No data	No data	No data	NADH:ubiquinone oxidoreductase subunit B8
NDUFS6	0.38805884741893687	No data	No data	0.6383273374922022	No data	No data	No data	No data	NADH:ubiquinone oxidoreductase subunit S6
NDUFA1	0.38805884741893687	No data	No data	0.6383273374922022	No data	No data	No data	No data	NADH:ubiquinone oxidoreductase subunit A1
NDUFB3	0.38805884741893687	No data	No data	0.6383273374922022	No data	No data	No data	No data	NADH:ubiquinone oxidoreductase subunit B3
NDUFAF4	0.38805884741893687	No data	No data	0.6383273374922022	No data	No data	No data	No data	NADH:ubiquinone oxidoreductase complex assembly factor 4
NDUFC1	0.38805884741893687	No data	No data	0.6383273374922022	No data	No data	No data	No data	NADH:ubiquinone oxidoreductase subunit C1
NDUFB4	0.38805884741893687	No data	No data	0.6383273374922022	No data	No data	No data	No data	NADH:ubiquinone oxidoreductase subunit B4
NDUFB5	0.38805884741893687	No data	No data	0.6383273374922022	No data	No data	No data	No data	NADH:ubiquinone oxidoreductase subunit B5
NDUFB9	0.38805884741893687	No data	No data	0.6383273374922022	No data	No data	No data	No data	NADH:ubiquinone oxidoreductase subunit B9
NDUFS2	0.38805884741893687	No data	No data	0.6383273374922022	No data	No data	No data	No data	NADH:ubiquinone oxidoreductase core subunit S2
NDUFS4	0.38805884741893687	No data	No data	0.6383273374922022	No data	No data	No data	No data	NADH:ubiquinone oxidoreductase subunit S4
NDUFS5	0.38805884741893687	No data	No data	0.6383273374922022	No data	No data	No data	No data	NADH:ubiquinone oxidoreductase subunit S5
NDUFC2	0.38805884741893687	No data	No data	0.6383273374922022	No data	No data	No data	No data	NADH:ubiquinone oxidoreductase subunit C2
NDUFA8	0.38805884741893687	No data	No data	0.6383273374922022	No data	No data	No data	No data	NADH:ubiquinone oxidoreductase subunit A8
NDUFS1	0.38805884741893687	No data	No data	0.6383273374922022	No data	No data	No data	No data	NADH:ubiquinone oxidoreductase core subunit S1
MT-ND4L	0.38805884741893687	No data	No data	0.6383273374922022	No data	No data	No data	No data	mitochondrially encoded NADH:ubiquinone oxidoreductase core subunit 4L
NDUFA11	0.38805884741893687	No data	No data	0.6383273374922022	No data	No data	No data	No data	NADH:ubiquinone oxidoreductase subunit A11
NDUFS3	0.38805884741893687	No data	No data	0.6383273374922022	No data	No data	No data	No data	NADH:ubiquinone oxidoreductase core subunit S3
MT-ND6	0.38805884741893687	No data	No data	0.6383273374922022	No data	No data	No data	No data	mitochondrially encoded NADH:ubiquinone oxidoreductase core subunit 6
MT-ND4	0.38805884741893687	No data	No data	0.6383273374922022	No data	No data	No data	No data	mitochondrially encoded NADH:ubiquinone oxidoreductase core subunit 4
NDUFAF2	0.38805884741893687	No data	No data	0.6383273374922022	No data	No data	No data	No data	NADH:ubiquinone oxidoreductase complex assembly factor 2
NDUFA3	0.38805884741893687	No data	No data	0.6383273374922022	No data	No data	No data	No data	NADH:ubiquinone oxidoreductase subunit A3
NDUFA13	0.38805884741893687	No data	No data	0.6383273374922022	No data	No data	No data	No data	NADH:ubiquinone oxidoreductase subunit A13
MTNR1A	0.38805884741893687	No data	No data	0.6383273374922022	No data	No data	No data	No data	melatonin receptor 1A
MTNR1B	0.38805884741893687	No data	No data	0.6383273374922022	No data	No data	No data	No data	melatonin receptor 1B
NDUFAF1	0.38805884741893687	No data	No data	0.6383273374922022	No data	No data	No data	No data	NADH:ubiquinone oxidoreductase complex assembly factor 1
NDUFB6	0.38805884741893687	No data	No data	0.6383273374922022	No data	No data	No data	No data	NADH:ubiquinone oxidoreductase subunit B6
NDUFS7	0.38805884741893687	No data	No data	0.6383273374922022	No data	No data	No data	No data	NADH:ubiquinone oxidoreductase core subunit S7
NDUFA4L2	0.38805884741893687	No data	No data	0.6383273374922022	No data	No data	No data	No data	NDUFA4 mitochondrial complex associated like 2
NDUFB11	0.38805884741893687	No data	No data	0.6383273374922022	No data	No data	No data	No data	NADH:ubiquinone oxidoreductase subunit B11
NDUFB2	0.38805884741893687	No data	No data	0.6383273374922022	No data	No data	No data	No data	NADH:ubiquinone oxidoreductase subunit B2
MT-ND5	0.38805884741893687	No data	No data	0.6383273374922022	No data	No data	No data	No data	mitochondrially encoded NADH:ubiquinone oxidoreductase core subunit 5
NDUFA5	0.38805884741893687	No data	No data	0.6383273374922022	No data	No data	No data	No data	NADH:ubiquinone oxidoreductase subunit A5
NDUFA9	0.38805884741893687	No data	No data	0.6383273374922022	No data	No data	No data	No data	NADH:ubiquinone oxidoreductase subunit A9
MT-ND3	0.38805884741893687	No data	No data	0.6383273374922022	No data	No data	No data	No data	mitochondrially encoded NADH:ubiquinone oxidoreductase core subunit 3
NDUFB7	0.38805884741893687	No data	No data	0.6383273374922022	No data	No data	No data	No data	NADH:ubiquinone oxidoreductase subunit B7
NDUFA2	0.38805884741893687	No data	No data	0.6383273374922022	No data	No data	No data	No data	NADH:ubiquinone oxidoreductase subunit A2
NDUFAF3	0.38805884741893687	No data	No data	0.6383273374922022	No data	No data	No data	No data	NADH:ubiquinone oxidoreductase complex assembly factor 3
FGF18	0.3871294466945741	0.635278716878876	No data	No data	No data	0.030396539880581056	No data	No data	fibroblast growth factor 18
HYKK	0.3839079306726649	0.6294423088001501	No data	No data	No data	0.04114171672836645	No data	No data	hydroxylysine kinase
ADRA2B	0.38303630852430715	No data	No data	0.607930797611621	No data	No data	No data	0.44269689551744257	adrenoceptor alpha 2B
IL5	0.38271054777386593	No data	No data	0.6140607664875382	No data	0.3093804840300685	No data	No data	interleukin 5
GRIN1	0.38168564250068177	No data	No data	0.607930797611621	No data	No data	No data	0.3982620345453805	glutamate ionotropic receptor NMDA type subunit 1
PIK3R1	0.38168359492562576	0.607930797611621	No data	No data	No data	0.3981946724356118	No data	No data	phosphoinositide-3-kinase regulatory subunit 1
ADRA1D	0.3754484805432477	No data	No data	0.607930797611621	No data	0.19306887828686956	No data	No data	adrenoceptor alpha 1D
MECOM	0.37473116097493664	0.6118532678056057	No data	No data	No data	0.09102074997573993	No data	No data	MDS1 and EVI1 complex locus
GRIN2B	0.37429199783193173	No data	No data	0.607930797611621	No data	0.15502235339096337	No data	No data	glutamate ionotropic receptor NMDA type subunit 2B
ASAP2	0.37335783262070416	0.614145284442762	No data	No data	No data	No data	No data	No data	ArfGAP with SH3 domain, ankyrin repeat and PH domain 2
TGFBR2	0.3731907011955067	0.607930797611621	No data	No data	No data	0.11879136654997077	No data	No data	transforming growth factor beta receptor 2
ACHE	0.3728714166315184	No data	No data	0.607930797611621	No data	0.10828738928010172	No data	No data	acetylcholinesterase (Cartwright blood group)
TGFBR1	0.37207184637329827	0.607930797611621	No data	No data	No data	0.08198274206165572	No data	No data	transforming growth factor beta receptor 1
CDC123	0.37199308403649267	0.610380549657298	No data	No data	No data	0.030396539880581056	No data	No data	cell division cycle 123
NFKB2	0.37152014892179647	0.607930797611621	No data	No data	No data	0.06383273374922022	No data	No data	nuclear factor kappa B subunit 2
RSPH4A	0.3708733841760982	0.607930797611621	No data	No data	No data	0.04255515583281348	No data	No data	radial spoke head component 4A
DNAH11	0.3707065599361364	0.607930797611621	No data	No data	No data	0.03706689168770857	No data	No data	dynein axonemal heavy chain 11
RSPH9	0.3706423967669203	0.607930797611621	No data	No data	No data	0.03495602086266821	No data	No data	radial spoke head component 9
CCDC40	0.3705961992850847	0.607930797611621	No data	No data	No data	0.03343619386863916	No data	No data	coiled-coil domain containing 40
DNAI2	0.37050380432141355	0.607930797611621	No data	No data	No data	0.030396539880581056	No data	No data	dynein axonemal intermediate chain 2
FBXO38	0.37042415729957434	0.6005046147372015	No data	No data	No data	0.1762999313073701	No data	No data	F-box protein 38
CCDC39	0.3704114093577423	0.607930797611621	No data	No data	No data	0.02735688589252295	No data	No data	coiled-coil domain containing 39
DNAI1	0.37013422446672883	0.607930797611621	No data	No data	No data	0.01823792392834863	No data	No data	dynein axonemal intermediate chain 1
DNAAF1	0.36994943453938645	0.607930797611621	No data	No data	No data	0.012158615952232422	No data	No data	dynein axonemal assembly factor 1
GRIN2A	0.3695798546847018	No data	No data	0.607930797611621	No data	No data	No data	No data	glutamate ionotropic receptor NMDA type subunit 2A
GRIN3A	0.3695798546847018	No data	No data	0.607930797611621	No data	No data	No data	No data	glutamate ionotropic receptor NMDA type subunit 3A
GRIN2D	0.3695798546847018	No data	No data	0.607930797611621	No data	No data	No data	No data	glutamate ionotropic receptor NMDA type subunit 2D
ADRA2A	0.3695798546847018	No data	No data	0.607930797611621	No data	No data	No data	No data	adrenoceptor alpha 2A
DNAL1	0.3695798546847018	0.607930797611621	No data	No data	No data	No data	No data	No data	dynein axonemal light chain 1
GRIN3B	0.3695798546847018	No data	No data	0.607930797611621	No data	No data	No data	No data	glutamate ionotropic receptor NMDA type subunit 3B
GRIN2C	0.3695798546847018	No data	No data	0.607930797611621	No data	No data	No data	No data	glutamate ionotropic receptor NMDA type subunit 2C
ADRA1A	0.3695798546847018	No data	No data	0.607930797611621	No data	No data	No data	No data	adrenoceptor alpha 1A
ADRB3	0.3695798546847018	No data	No data	0.607930797611621	No data	No data	No data	No data	adrenoceptor beta 3
DNAAF2	0.3695798546847018	0.607930797611621	No data	No data	No data	No data	No data	No data	dynein axonemal assembly factor 2
ADRA1B	0.3695798546847018	No data	No data	0.607930797611621	No data	No data	No data	No data	adrenoceptor alpha 1B
ADRA2C	0.3695798546847018	No data	No data	0.607930797611621	No data	No data	No data	No data	adrenoceptor alpha 2C
RASSF10	0.36751263419919455	0.6045303768834251	No data	No data	No data	No data	No data	No data	Ras association domain family member 10
IL5RA	0.36383871216440206	No data	No data	0.5916855357421105	No data	0.13603036732753454	No data	No data	interleukin 5 receptor subunit alpha
DSP	0.3594811441300696	0.4689469371196376	No data	No data	No data	0.2310981379254176	No data	No data	desmoplakin
CYS1	0.3516949984710726	0.5785115671928078	No data	No data	No data	No data	No data	No data	cystin 1
BMAL1	0.35122815003794455	0.5572603517294247	No data	No data	No data	0.4096657048027428	No data	No data	basic helix-loop-helix ARNT like 1
EEFSEC	0.3487854696518741	0.56879461896748	No data	No data	No data	0.0986198849458852	No data	No data	eukaryotic elongation factor, selenocysteine-tRNA specific
ALDH2	0.34253895207718055	0.5537690148653939	No data	No data	No data	0.19363102512928143	No data	No data	aldehyde dehydrogenase 2 family member
EDNRA	0.34150372898969	0.5291194564173411	No data	0.12158615952232422	No data	0.10042679037211973	No data	No data	endothelin receptor type A
AGER	0.3393217071440311	0.5148959253321099	No data	No data	No data	0.8652503434020823	No data	No data	advanced glycosylation end-product specific receptor
CCDC91	0.3354075406799549	0.551719935883609	No data	No data	No data	No data	No data	No data	coiled-coil domain containing 91
ARHGAP42	0.3329332753909965	0.5457501736193742	No data	No data	No data	0.037995674850726316	No data	No data	Rho GTPase activating protein 42
CACNA1A	0.3326218692162316	0.547137717850459	No data	No data	No data	No data	No data	No data	calcium voltage-gated channel subunit alpha1 A
CDH11	0.3312306173461711	0.5448492141662793	No data	No data	No data	No data	No data	No data	cadherin 11
ARHGEF38	0.3303490456440664	0.5433990956567908	No data	No data	No data	No data	No data	No data	Rho guanine nucleotide exchange factor 38
GCOM1	0.3300174541039982	0.5428536527521527	No data	No data	No data	No data	No data	No data	GCOM1, MYZAP-POLR2M combined locus
MYZAP	0.3300174541039982	0.5428536527521527	No data	No data	No data	No data	No data	No data	myocardial zonula adherens protein
SH3GL3	0.3279617526701488	0.5394721799892567	No data	No data	No data	No data	No data	No data	SH3 domain containing GRB2 like 3, endophilin A3
SYN3	0.32740172506379445	0.538550977101437	No data	No data	No data	No data	No data	No data	synapsin III
IL4R	0.3269631407221695	No data	No data	0.5319394479101685	No data	0.11780182504729717	No data	No data	interleukin 4 receptor
SLC30A10	0.32695365183608016	0.5378139306654369	No data	No data	No data	No data	No data	No data	solute carrier family 30 member 10
CYSLTR1	0.32558768664033894	No data	No data	0.5319394479101685	No data	0.07255147460496687	No data	No data	cysteinyl leukotriene receptor 1
CAV1	0.32299155394791734	0.4946782303935308	No data	No data	No data	0.7323670020052075	No data	No data	caveolin 1
OR4A47	0.3198503830612538	0.5261295929040782	No data	No data	No data	No data	No data	No data	olfactory receptor family 4 subfamily A member 47
LRMDA	0.3167189527550955	0.520978627829664	No data	No data	No data	No data	No data	No data	leucine rich melanocyte differentiation associated
AFAP1	0.3166720856945209	0.52090153507378	No data	No data	No data	No data	No data	No data	actin filament associated protein 1
HLA-C	0.31631391351066906	0.48523532020089966	No data	No data	No data	0.7015409765513791	No data	No data	major histocompatibility complex, class I, C
ITGA1	0.31297210702528677	0.5072753205267025	No data	No data	No data	0.15080061174088266	No data	No data	integrin subunit alpha 1
TNF	0.3067411646942469	No data	No data	0.4559480982087158	No data	0.9723565181049679	No data	No data	tumor necrosis factor
PTGS2	0.3065563112283186	No data	No data	0.4819202528400123	No data	0.4468320271799373	No data	No data	prostaglandin-endoperoxide synthase 2
MMP15	0.3051222385213083	0.5019029134895661	No data	No data	No data	No data	No data	No data	matrix metallopeptidase 15
SLC35F3	0.3025560660854471	0.497681754690007	No data	No data	No data	No data	No data	No data	solute carrier family 35 member F3
CSMD1	0.301210231705864	0.49379614963553975	No data	No data	No data	0.03343619386863916	No data	No data	CUB and Sushi multiple domains 1
GNA12	0.30106452257350286	0.495228278870384	No data	No data	No data	No data	No data	No data	G protein subunit alpha 12
HDAC7	0.29840727442823384	0.47383524511138486	No data	No data	No data	0.34044124666250786	No data	No data	histone deacetylase 7
MFHAS1	0.2962753160832931	0.4873503978532927	No data	No data	No data	No data	No data	No data	multifunctional ROCO family signaling regulator 1
POM121L2	0.29601594236318407	0.4869237477787644	No data	No data	No data	No data	No data	No data	POM121 transmembrane nucleoporin like 2
CFDP1	0.2946673445051548	0.48303359701209275	No data	No data	No data	0.03343619386863916	No data	No data	craniofacial development protein 1
PTGS1	0.2942676931856192	No data	No data	0.4819202528400123	No data	0.04255515583281348	No data	No data	prostaglandin-endoperoxide synthase 1
HMGA2	0.29316535166937147	0.48223474254163595	No data	No data	No data	No data	No data	No data	high mobility group AT-hook 2
C1GALT1	0.292418006808935	0.4810054169944312	No data	No data	No data	No data	No data	No data	core 1 synthase, glycoprotein-N-acetylgalactosamine 3-beta-galactosyltransferase 1
IL1RL1	0.2922706682895159	No data	No data	0.46945767148897405	No data	0.22610769657767282	No data	No data	interleukin 1 receptor like 1
LUM	0.2909113454523613	0.4762557764605942	No data	No data	No data	0.04542594015486835	No data	No data	lumican
CYP2A7	0.28969254728956495	0.47591431224005093	No data	No data	No data	0.012158615952232422	No data	No data	cytochrome P450 family 2 subfamily A member 7
ATP2C2	0.28760068202090394	0.4717134392179073	No data	No data	No data	0.02735688589252295	No data	No data	ATPase secretory pathway Ca2+ transporting 2
IL1RAP	0.2853977766731864	No data	No data	0.46945767148897405	No data	No data	No data	No data	interleukin 1 receptor accessory protein
KCNN3	0.28416122361237467	0.45432880621869387	No data	No data	No data	No data	No data	0.2618965876110863	potassium calcium-activated channel subfamily N member 3
CCDC69	0.2832701485038542	0.4659578847078289	No data	No data	No data	No data	No data	No data	coiled-coil domain containing 69
AMZ1	0.28287580156770215	0.46530921394184477	No data	No data	No data	No data	No data	No data	archaelysin family metallopeptidase 1
VGLL2	0.2825605047493809	0.4647905746171717	No data	No data	No data	No data	No data	No data	vestigial like family member 2
PABPC4	0.2810333150459145	0.46075863652519167	No data	No data	No data	0.030396539880581056	No data	No data	poly(A) binding protein cytoplasmic 4
CDKN1A	0.27796493530912086	0.4273268368952836	No data	No data	No data	0.5980874989700455	No data	No data	cyclin dependent kinase inhibitor 1A
EPHX2	0.2773072015158493	0.4299791429988771	No data	0.08274613634158175	No data	0.2467625676006927	No data	No data	epoxide hydrolase 2
CHRNB2	0.27718489101352634	No data	No data	0.4559480982087158	No data	No data	No data	No data	cholinergic receptor nicotinic beta 2 subunit
TBX5	0.27717811397458836	0.4532603662881132	No data	No data	No data	0.053531684123023296	No data	No data	T-box transcription factor 5
CASZ1	0.27710820919252827	0.45582196243586254	No data	No data	No data	No data	No data	No data	castor zinc finger 1
TNPO1	0.27646686632078543	0.4547670021109991	No data	No data	No data	No data	No data	No data	transportin 1
ASB1	0.27618897457361785	0.45430989128809074	No data	No data	No data	No data	No data	No data	ankyrin repeat and SOCS box containing 1
DPYD	0.27527700941777244	0.45280977785506804	No data	No data	No data	No data	No data	No data	dihydropyrimidine dehydrogenase
RFX6	0.27499535076701664	0.45234647076178974	No data	No data	No data	No data	No data	No data	regulatory factor X6
ZFPM2	0.2740583610352868	0.45080519380163075	No data	No data	No data	No data	No data	No data	zinc finger protein, FOG family member 2
ZFHX3	0.27317569401846103	0.4493532735825968	No data	No data	No data	No data	No data	No data	zinc finger homeobox 3
PPP1R3B	0.2730477562267106	0.4485348948322691	No data	No data	No data	0.012158615952232422	No data	No data	protein phosphatase 1 regulatory subunit 3B
PDZD2	0.26909426975313455	0.4420317097837272	No data	No data	No data	0.012158615952232422	No data	No data	PDZ domain containing 2
EML4	0.2689220668350033	0.44235637985691456	No data	No data	No data	No data	No data	No data	EMAP like 4
HTR4	0.26838662045721307	0.4319272515944048	No data	No data	No data	0.19096719258298153	No data	No data	5-hydroxytryptamine receptor 4
MFAP2	0.26811333898090456	0.43927828290300314	No data	No data	No data	0.03495602086266821	No data	No data	microfibril associated protein 2
IL2RA	0.26799943999676357	No data	No data	0.42555155832813474	No data	0.0793687430215172	No data	0.2704684118574102	interleukin 2 receptor subunit alpha
SCAND3	0.2637614328936563	0.43386752888634095	No data	No data	No data	No data	No data	No data	SCAN domain containing 3
ALOX5	0.26274082204234944	No data	No data	0.42555155832813474	No data	0.13274286411908198	No data	No data	arachidonate 5-lipoxygenase
SEMA3D	0.2608475878358923	0.4290744750236124	No data	No data	No data	No data	No data	No data	semaphorin 3D
GABRG2	0.26073858748005707	No data	No data	0.42555155832813474	No data	0.06687238773727831	No data	No data	gamma-aminobutyric acid type A receptor subunit gamma2
SERP2	0.2599704059593792	0.42763157744388913	No data	No data	No data	No data	No data	No data	stress associated endoplasmic reticulum protein family member 2
GABRA3	0.25870589827929125	No data	No data	0.42555155832813474	No data	No data	No data	No data	gamma-aminobutyric acid type A receptor subunit alpha3
GABRG1	0.25870589827929125	No data	No data	0.42555155832813474	No data	No data	No data	No data	gamma-aminobutyric acid type A receptor subunit gamma1
GABRG3	0.25870589827929125	No data	No data	0.42555155832813474	No data	No data	No data	No data	gamma-aminobutyric acid type A receptor subunit gamma3
GABRA5	0.25870589827929125	No data	No data	0.42555155832813474	No data	No data	No data	No data	gamma-aminobutyric acid type A receptor subunit alpha5
GABRA1	0.25870589827929125	No data	No data	0.42555155832813474	No data	No data	No data	No data	gamma-aminobutyric acid type A receptor subunit alpha1
GABRA2	0.25870589827929125	No data	No data	0.42555155832813474	No data	No data	No data	No data	gamma-aminobutyric acid type A receptor subunit alpha2
DHX34	0.25870589827929125	0.42555155832813474	No data	No data	No data	No data	No data	No data	DExH-box helicase 34
GM2A	0.2586304530606585	0.42117194108899203	No data	No data	No data	0.08511031166562696	No data	No data	ganglioside GM2 activator
CAND2	0.2577476684982059	0.4239753430996089	No data	No data	No data	No data	No data	No data	cullin associated and neddylation dissociated 2 (putative)
DHX15	0.25757072359917393	0.42292436867966177	No data	No data	No data	0.015198269940290528	No data	No data	DEAH-box helicase 15
PLB1	0.2573169858546171	0.4232669028539743	No data	No data	No data	No data	No data	No data	phospholipase B1
GAB2	0.2572920469262248	0.4217820445661315	No data	No data	No data	0.028876712886552	No data	No data	GRB2 associated binding protein 2
KCNJ5	0.2560774983446784	0.4212280400182563	No data	No data	No data	No data	No data	No data	potassium inwardly rectifying channel subfamily J member 5
FGD6	0.251989725062483	0.4145039633663495	No data	No data	No data	No data	No data	No data	FYVE, RhoGEF and PH domain containing 6
FTO	0.25156101703401523	0.40320250974399097	No data	No data	No data	0.21192522937318745	No data	No data	FTO alpha-ketoglutarate dependent dioxygenase
MMP12	0.24783374160177854	0.34656700420038933	No data	0.15198269940290526	No data	0.8842743069898702	No data	No data	matrix metallopeptidase 12
ACAD10	0.24685729964841402	0.4060615132811872	No data	No data	No data	No data	No data	No data	acyl-CoA dehydrogenase family member 10
SPATA9	0.24624107772801287	0.40504787501376915	No data	No data	No data	No data	No data	No data	spermatogenesis associated 9
ME3	0.24592355515919712	0.39905419732003616	No data	No data	No data	0.1094275435700918	No data	No data	malic enzyme 3
TRIM31	0.24544240605260212	0.40373412075333603	No data	No data	No data	No data	No data	No data	tripartite motif containing 31
ELSPBP1	0.24524529346016014	0.40340988550613954	No data	No data	No data	No data	No data	No data	epididymal sperm binding protein 1
RARB	0.2436416964379803	0.3518327884697397	No data	0.15198269940290526	No data	0.062312906755191154	No data	0.45741219821296375	retinoic acid receptor beta
EFCAB5	0.24338705623925452	0.4003532263794658	No data	No data	No data	No data	No data	No data	EF-hand calcium binding domain 5
PITX2	0.23399703297288696	0.38490735111988333	No data	No data	No data	No data	No data	No data	paired like homeodomain 2
RPL3L	0.22820230164831978	0.37537545810289363	No data	No data	No data	No data	No data	No data	ribosomal protein L3 like
IREB2	0.2281773144366567	0.33134815489084163	No data	No data	No data	0.8797240229244555	No data	No data	iron responsive element binding protein 2
NBEA	0.22766975840711678	0.37449946490877484	No data	No data	No data	No data	No data	No data	neurobeachin
MYCN	0.22708659049902705	0.35469020594893796	No data	No data	No data	0.015198269940290528	No data	0.3702450540154176	MYCN proto-oncogene, bHLH transcription factor
SCN5A	0.22559525190644217	0.3710870592388783	No data	No data	No data	No data	No data	No data	sodium voltage-gated channel alpha subunit 5
CHRNB4	0.22437175655746164	0.33624232515453667	No data	0.12158615952232422	No data	0.10960367663180116	No data	No data	cholinergic receptor nicotinic beta 4 subunit
PBX3	0.2241348677179917	0.3686848381403785	No data	No data	No data	No data	No data	No data	PBX homeobox 3
SIK1	0.22334958259360013	0.3673931037398896	No data	No data	No data	No data	No data	No data	salt inducible kinase 1
TSPAN14	0.2224441379258373	0.36590371601464183	No data	No data	No data	No data	No data	No data	tetraspanin 14
ZDHHC20	0.22211333329902672	0.3653595675225598	No data	No data	No data	No data	No data	No data	zinc finger DHHC-type palmitoyltransferase 20
GYPE	0.22171573648916973	0.3647055509611041	No data	No data	No data	No data	No data	No data	glycophorin E (MNS blood group)
VGLL4	0.22168952360233574	0.364662432752688	No data	No data	No data	No data	No data	No data	vestigial like family member 4
VTA1	0.22121855540568724	0.3638877258312772	No data	No data	No data	No data	No data	No data	vesicle trafficking 1
SH3PXD2A	0.21953307318069443	0.3611152355550573	No data	No data	No data	No data	No data	No data	SH3 and PX domains 2A
SP8	0.2182337750619544	0.35897798880946624	No data	No data	No data	No data	No data	No data	Sp8 transcription factor
IRF1	0.2181021852681895	0.35754567199552095	No data	No data	No data	0.024317231904464845	No data	No data	interferon regulatory factor 1
GATA6	0.2168873852072784	0.35569940083826174	No data	No data	No data	0.021277577916406734	No data	No data	GATA binding protein 6
BMP8A	0.21666630512290597	0.35335996579452783	No data	No data	No data	0.06079307976116211	No data	No data	bone morphogenetic protein 8a
SMIM2	0.2162054626947566	0.35564156898147525	No data	No data	No data	No data	No data	No data	small integral membrane protein 2
INTS12	0.21517276447054154	0.34907941243772783	No data	No data	No data	0.09726892761785938	No data	No data	integrator complex subunit 12
CEP68	0.21455520646429205	0.35292702279143534	No data	No data	No data	No data	No data	No data	centrosomal protein 68
APIP	0.2140672492632212	0.3521243702477776	No data	No data	No data	No data	No data	No data	APAF1 interacting protein
DENND2D	0.2139122554992045	0.3518694172751274	No data	No data	No data	No data	No data	No data	DENN domain containing 2D
RPRML	0.2134161697167064	0.3510533938322502	No data	No data	No data	No data	No data	No data	reprimo like
KCNE2	0.21140499565940132	0.3477451652226677	No data	No data	No data	No data	No data	No data	potassium voltage-gated channel subfamily E regulatory subunit 2
ATP2A2	0.2098950397136329	0.3382701981749835	No data	No data	No data	0.13982408345067285	No data	No data	ATPase sarcoplasmic/endoplasmic reticulum Ca2+ transporting 2
HSF2BP	0.20972768821486448	0.34498612183956145	No data	No data	No data	No data	No data	No data	heat shock transcription factor 2 binding protein
NR4A2	0.20917866752404743	0.3440830244920114	No data	No data	No data	No data	No data	No data	nuclear receptor subfamily 4 group A member 2
PPFIA4	0.20841925094918776	0.3428338418912233	No data	No data	No data	No data	No data	No data	PTPRF interacting protein alpha 4
ADGRV1	0.20833406605927127	0.34269371921566355	No data	No data	No data	No data	No data	No data	adhesion G protein-coupled receptor V1
ASRGL1	0.20803678873306558	0.34220472058724466	No data	No data	No data	No data	No data	No data	asparaginase and isoaspartyl peptidase 1
RAB4B-EGLN2	0.2055857241603553	0.3381729054820719	No data	No data	No data	No data	No data	No data	RAB4B-EGLN2 readthrough (NMD candidate)
ANAPC10	0.20552245252531	0.3380688284468339	No data	No data	No data	No data	No data	No data	anaphase promoting complex subunit 10
GTF2I	0.2047048196670713	0.3367238844804302	No data	No data	No data	No data	No data	No data	general transcription factor IIi
CYP2A6	0.2023165787822241	0.32553626012684855	No data	No data	No data	0.14518298889092304	No data	No data	cytochrome P450 family 2 subfamily A member 6
EPOP	0.20168479833707237	0.33175617871216895	No data	No data	No data	No data	No data	No data	elongin BC and polycomb repressive complex 2 associated protein
TICRR	0.20110828585866397	0.3308078594615678	No data	No data	No data	No data	No data	No data	TOPBP1 interacting checkpoint and replication regulator
ATXN1	0.20109000205762162	0.33077778399719887	No data	No data	No data	No data	No data	No data	ataxin 1
GSDMB	0.19983880014083139	0.311174093553986	No data	No data	No data	0.350911165954708	No data	No data	gasdermin B
PRSS23	0.19903512310722257	0.3273976641571249	No data	No data	No data	No data	No data	No data	serine protease 23
TNRC6A	0.1984701774459844	0.3234287174544064	No data	No data	No data	0.06079307976116211	No data	No data	trinucleotide repeat containing adaptor 6A
NUDT5	0.19806106853155714	0.32579541834314046	No data	No data	No data	No data	No data	No data	nudix hydrolase 5
SLC35G5	0.1959989767864249	0.3224034340034202	No data	No data	No data	No data	No data	No data	solute carrier family 35 member G5
ZNF490	0.19365499349279733	0.31854775947132485	No data	No data	No data	No data	No data	No data	zinc finger protein 490
SMAD3	0.19362741177477738	0.3039653988058105	No data	No data	No data	0.29073981667473797	No data	No data	SMAD family member 3
BTN3A2	0.19038772193735107	0.3125654150590676	No data	No data	No data	0.012158615952232422	No data	No data	butyrophilin subfamily 3 member A2
ZPBP2	0.18905233495778606	0.3103688048777586	No data	No data	No data	0.012158615952232422	No data	No data	zona pellucida binding protein 2
AHNAK	0.18705645496105602	0.3048524325036039	No data	No data	No data	0.05682464261008625	No data	No data	AHNAK nucleoprotein
SSR3	0.1863237620203953	0.3064884403823689	No data	No data	No data	No data	No data	No data	signal sequence receptor subunit 3
MED24	0.18626758805533797	0.306396038475313	No data	No data	No data	No data	No data	No data	mediator complex subunit 24
EHF	0.1850489634240483	0.3028716664967606	No data	No data	No data	0.030396539880581056	No data	No data	ETS homologous factor
FLOT1	0.18263511096811788	0.30042088949208823	No data	No data	No data	No data	No data	No data	flotillin 1
TBC1D32	0.18167456590282036	0.29884086579684	No data	No data	No data	No data	No data	No data	TBC1 domain family member 32
TRIM32	0.17857331383023878	0.2937395416251325	No data	No data	No data	No data	No data	No data	tripartite motif containing 32
SYNPO2L	0.1781676143486236	0.28851271580180843	No data	No data	No data	0.09118961964174316	No data	No data	synaptopodin 2 like
GSTCD	0.1771122325210593	0.28787979687911	No data	No data	No data	0.06912753873716	No data	No data	glutathione S-transferase C-terminal domain containing
CLU	0.17482045563096585	0.26364277814048076	No data	No data	No data	0.4784719342602264	No data	No data	clusterin
THRA	0.17349898292992347	0.2853926526037984	No data	No data	No data	No data	No data	No data	thyroid hormone receptor alpha
TRIM36	0.17258182237204492	0.2838839931289342	No data	No data	No data	No data	No data	No data	tripartite motif containing 36
FUT8	0.1723686517427448	0.24960727627167195	No data	No data	No data	0.24823825879351707	No data	0.5681932321560714	fucosyltransferase 8
MGAT5B	0.1721170503524163	0.2831194784482262	No data	No data	No data	No data	No data	No data	alpha-1,6-mannosylglycoprotein 6-beta-N-acetylglucosaminyltransferase B
FAM227B	0.17180961815079362	0.2826137758208375	No data	No data	No data	No data	No data	No data	family with sequence similarity 227 member B
C1orf87	0.1711619750777277	0.28154845214319146	No data	No data	No data	No data	No data	No data	chromosome 1 open reading frame 87
OTUD4	0.1691198963943159	0.2781893877703475	No data	No data	No data	No data	No data	No data	OTU deubiquitinase 4
PRL	0.16759758540988545	0.27398284225694275	No data	No data	No data	0.034049190756230883	No data	No data	prolactin
ASXL1	0.1670240324236186	0.2747418506840026	No data	No data	No data	No data	No data	No data	ASXL transcriptional regulator 1
SNRPF	0.16421104666700626	0.270114702713109	No data	No data	No data	No data	No data	No data	small nuclear ribonucleoprotein polypeptide F
RAB4B	0.1641550796859888	0.26691543942462237	No data	No data	No data	0.06214403708918793	No data	No data	RAB4B, member RAS oncogene family
TERT	0.1616943800903151	0.24013266505659034	No data	No data	No data	0.5168462447232185	No data	No data	telomerase reverse transcriptase
PID1	0.15895620227477836	0.25913203783038335	No data	No data	No data	0.046776897482894174	No data	No data	phosphotyrosine interaction domain containing 1
WDR20	0.1587822446930593	0.26118473569173895	No data	No data	No data	No data	No data	No data	WD repeat domain 20
DDX1	0.15848527461456507	0.2594803808672519	No data	No data	No data	0.024317231904464845	No data	No data	DEAD-box helicase 1
FAM167A	0.1572454149962321	0.25713694054267494	No data	No data	No data	0.030396539880581056	No data	No data	family with sequence similarity 167 member A
STN1	0.1556859490725675	0.25609156450736037	No data	No data	No data	No data	No data	No data	STN1 subunit of CST complex
SMIM11	0.1546263036731223	0.254348528287435	No data	No data	No data	No data	No data	No data	small integral membrane protein 11
BTNL2	0.1535421311533021	0.252565146816913	No data	No data	No data	No data	No data	No data	butyrophilin like 2
GALNT12	0.15194916929636576	0.24994484552078752	No data	No data	No data	No data	No data	No data	polypeptide N-acetylgalactosaminyltransferase 12
CSF3	0.1514787744410459	0.22941134326674043	No data	No data	No data	0.39519476871172626	No data	No data	colony stimulating factor 3
HLA-B	0.15122515683618598	0.24280091170383736	No data	No data	No data	0.1190597659293245	No data	No data	major histocompatibility complex, class I, B
HERC1	0.15010372838493455	0.2469092353515357	No data	No data	No data	No data	No data	No data	HECT and RLD domain containing E3 ubiquitin protein ligase family member 1
KCP	0.15001493079216147	0.24676317005410062	No data	No data	No data	No data	No data	No data	kielin cysteine rich BMP regulator
SLC7A1	0.14763865345958446	0.24285437428011994	No data	No data	No data	No data	No data	No data	solute carrier family 7 member 1
MED13L	0.14752071192852342	0.2426603694171908	No data	No data	No data	No data	No data	No data	mediator complex subunit 13L
CYP2B6	0.1473943457087146	0.2265112101102796	No data	No data	No data	0.31882592941409466	No data	No data	cytochrome P450 family 2 subfamily B member 6
PTGER4	0.14722545860375721	0.23745657125363354	No data	No data	No data	0.09436257727635242	No data	No data	prostaglandin E receptor 4
SULT1A2	0.14529704432853663	0.23611493377653547	No data	No data	No data	0.057753425773104	No data	No data	sulfotransferase family 1A member 2
EMP2	0.14523133772258742	0.2388945226877106	No data	No data	No data	No data	No data	No data	epithelial membrane protein 2
KCNMA1	0.14512849596101524	0.23705354610558635	No data	No data	No data	0.03343619386863916	No data	No data	potassium calcium-activated channel subfamily M alpha 1
FREM3	0.1447325032768624	0.23807397790253967	No data	No data	No data	No data	No data	No data	FRAS1 related extracellular matrix 3
MMP9	0.14285567529268622	No data	No data	0.1587374860430344	No data	0.9765118343559077	No data	No data	matrix metallopeptidase 9
TTN	0.14147247852707004	0.23037263985877762	No data	No data	No data	0.046776897482894174	No data	No data	titin
TKT	0.1407355519478016	0.2269398154850595	No data	No data	No data	0.09118961964174316	No data	No data	transketolase
PRRX1	0.1402118315860723	0.21500563569272768	No data	No data	No data	No data	No data	0.31264361094171644	paired related homeobox 1
ZC3H11B	0.13993775753687487	0.23018698524017636	No data	No data	No data	No data	No data	No data	zinc finger CCCH-type containing 11B
TOP2B	0.13950808570355855	0.22948020770068606	No data	No data	No data	No data	No data	No data	DNA topoisomerase II beta
TOLLIP	0.1392392102524614	0.2279740491043579	No data	No data	No data	0.021277577916406734	No data	No data	toll interacting protein
ARNT2	0.13923398214273974	0.22538174337100297	No data	No data	No data	0.07295169571339452	No data	No data	aryl hydrocarbon receptor nuclear translocator 2
LRTM1	0.13922431604784555	0.22901342816454834	No data	No data	No data	No data	No data	No data	leucine rich repeats and transmembrane domains 1
TRIM26	0.13857457107194898	0.22794464701634984	No data	No data	No data	No data	No data	No data	tripartite motif containing 26
ZNF319	0.13743919613281005	0.2260770414540071	No data	No data	No data	No data	No data	No data	zinc finger protein 319
USP35	0.13703736417076054	0.22541605838878293	No data	No data	No data	No data	No data	No data	ubiquitin specific peptidase 35
BTBD1	0.13616190053097196	0.22397598717800032	No data	No data	No data	No data	No data	No data	BTB domain containing 1
NFIA	0.13616049069571085	0.223973668106049	No data	No data	No data	No data	No data	No data	nuclear factor I A
ZKSCAN1	0.13536334851532897	0.22144656815357583	No data	No data	No data	0.024317231904464845	No data	No data	zinc finger with KRAB and SCAN domains 1
KCNJ5-AS1	0.1343682816773947	0.2210256203589087	No data	No data	No data	No data	No data	No data	KCNJ5 antisense RNA 1
PRDX1	0.13416872969791122	0.21956594574303745	No data	No data	No data	0.02262853524443256	No data	No data	peroxiredoxin 1
LEMD2	0.13203165596153602	0.2171820484835594	No data	No data	No data	No data	No data	No data	LEM domain nuclear envelope protein 2
GYPB	0.13084739176140756	0.21401816220397885	No data	No data	No data	0.024317231904464845	No data	No data	glycophorin B (MNS blood group)
ZDHHC18	0.13065270490412859	0.21491377870215514	No data	No data	No data	No data	No data	No data	zinc finger DHHC-type palmitoyltransferase 18
SLMAP	0.13045822473846322	0.2145938735971178	No data	No data	No data	No data	No data	No data	sarcolemma associated protein
NIPAL4	0.1302890768072658	0.21431563809422513	No data	No data	No data	No data	No data	No data	NIPA like domain containing 4
DMPK	0.13018902268715685	0.21141536807481326	No data	No data	No data	0.0547137717850459	No data	No data	DM1 protein kinase
IER3	0.13016189039798193	0.21410642610861172	No data	No data	No data	No data	No data	No data	immediate early response 3
CXCL8	0.1300581550625804	No data	No data	0.12158615952232422	No data	0.9176962473912046	No data	No data	C-X-C motif chemokine ligand 8
MAPK14	0.1295834192464979	No data	No data	0.1926730041569417	No data	0.4096376166517523	No data	No data	mitogen-activated protein kinase 14
SEC14L1	0.12882674795424998	0.2119102181701797	No data	No data	No data	No data	No data	No data	SEC14 like lipid binding 1
LOX	0.1286971962487042	0.19453785523571876	No data	No data	No data	0.1852247229004641	No data	0.2608631052551466	lysyl oxidase
ACE2	0.12832419137911352	No data	No data	No data	No data	0.9244199265041381	No data	0.5239913092786432	angiotensin converting enzyme 2
MIA-RAB4B	0.12796776996746256	0.21049726460677728	No data	No data	No data	No data	No data	No data	MIA-RAB4B readthrough (NMD candidate)
DDI1	0.12719363003367812	0.20922386319854822	No data	No data	No data	No data	No data	No data	DNA damage inducible 1 homolog 1
IGHE	0.12637015246836944	No data	No data	0.12158615952232422	No data	0.8873638262612009	No data	No data	immunoglobulin heavy constant epsilon
TGFB1	0.12537402574605044	No data	No data	No data	No data	0.9652692613768318	No data	0.26353800076463774	transforming growth factor beta 1
FOXP3	0.12507711898246862	No data	No data	No data	No data	0.8672332250359645	No data	0.645914364507295	forkhead box P3
TIMP1	0.12489975151735828	No data	No data	No data	No data	0.9466870071490844	No data	0.32226411581392034	TIMP metallopeptidase inhibitor 1
FAF1	0.12484811662821878	0.20384584475464665	No data	No data	No data	0.030396539880581056	No data	No data	Fas associated factor 1
SIRT1	0.12452544128084223	No data	No data	0.06079307976116211	No data	0.9481831268184536	No data	No data	sirtuin 1
CXCR2	0.12407324495352898	0.052836600615132075	No data	0.18262553603587914	No data	0.31189594489320444	No data	No data	C-X-C motif chemokine receptor 2
IL1B	0.12336122896535585	No data	No data	0.06079307976116211	No data	0.9386079225348394	No data	No data	interleukin 1 beta
RERE	0.12094629753294726	0.19894747561418047	No data	No data	No data	No data	No data	No data	arginine-glutamic acid dipeptide repeats
ASTN2	0.12082269463216587	0.19874415822794672	No data	No data	No data	No data	No data	No data	astrotactin 2
IL13	0.12076419222562745	No data	No data	0.12158615952232422	No data	0.8412569316543959	No data	No data	interleukin 13
SERPINC1	0.12066302531021471	0.19317445249352005	No data	No data	No data	0.10614123648007756	No data	No data	serpin family C member 1
CHRM2	0.12040034851864564	No data	No data	0.1940978807567808	No data	0.07903100368951074	No data	No data	cholinergic receptor muscarinic 2
SLC5A11	0.11980145622924757	0.19706429860094568	No data	No data	No data	No data	No data	No data	solute carrier family 5 member 11
IL17A	0.11812992512328443	No data	No data	No data	No data	0.9715737842808895	No data	No data	interleukin 17A
HLA-DQB2	0.1178035786807487	0.1899783742536316	No data	No data	No data	0.07599134970145263	No data	No data	major histocompatibility complex, class II, DQ beta 2
TSLP	0.11776942081683335	No data	No data	0.12158615952232422	No data	0.816626073828475	No data	No data	thymic stromal lymphopoietin
CD4	0.11770633401612332	No data	No data	No data	No data	0.9680899082474224	No data	No data	CD4 molecule
IL18	0.1176850262091043	No data	No data	0.06079307976116211	No data	0.8919233099230777	No data	No data	interleukin 18
RYR2	0.1176447387099103	0.19351666204788673	No data	No data	No data	No data	No data	No data	ryanodine receptor 2
IL6	0.11733661899915716	No data	No data	No data	No data	0.9650491426009158	No data	No data	interleukin 6
CD8A	0.11717111909027868	No data	No data	No data	No data	0.9636879686849973	No data	No data	CD8 subunit alpha
TESK2	0.11633880169895444	0.1913684948287123	No data	No data	No data	No data	No data	No data	testis associated actin remodelling kinase 2
TMEM170A	0.1161681555637586	0.19108779489400549	No data	No data	No data	No data	No data	No data	transmembrane protein 170A
SPMIP8	0.11615881640206721	0.19107243268217466	No data	No data	No data	No data	No data	No data	sperm microtubule inner protein 8
EXOG	0.11569663275186329	0.19031217567262734	No data	No data	No data	No data	No data	No data	exo/endonuclease G
IKZF3	0.11554845961663902	0.19006844211642918	No data	No data	No data	No data	No data	No data	IKAROS family zinc finger 3
CHRM4	0.11544141998157934	No data	No data	0.1898923700446075	No data	No data	No data	No data	cholinergic receptor muscarinic 4
CHRM5	0.11544141998157934	No data	No data	0.1898923700446075	No data	No data	No data	No data	cholinergic receptor muscarinic 5
PKN2	0.11540519336898364	0.18983278001768664	No data	No data	No data	No data	No data	No data	protein kinase N2
VEGFA	0.115008887758107	No data	No data	No data	No data	0.9459044369025441	No data	No data	vascular endothelial growth factor A
DPP4	0.11478835253824869	No data	No data	No data	No data	0.7834808492793122	No data	0.6424390766780563	dipeptidyl peptidase 4
TLR4	0.11452264734282426	No data	No data	No data	No data	0.9419052940955582	No data	No data	toll like receptor 4
TLR2	0.11450152418445556	No data	No data	No data	No data	0.9417315641377104	No data	No data	toll like receptor 2
RRP1B	0.11375939794539988	0.18712557151624273	No data	No data	No data	No data	No data	No data	ribosomal RNA processing 1B
CHI3L1	0.11349482069272829	No data	No data	No data	No data	0.933451810128847	No data	No data	chitinase 3 like 1
NOS3	0.1127811680096382	No data	No data	No data	No data	0.7995482622152476	No data	0.5121361021779699	nitric oxide synthase 3
RPGRIP1L	0.11270893850382777	0.18539764549950027	No data	No data	No data	No data	No data	No data	RPGRIP1 like
SELL	0.11263475722587979	No data	No data	0.15198269940290526	No data	0.6658584705437018	No data	No data	selectin L
HIF1A	0.11197816664515217	No data	No data	No data	No data	0.920977906408764	No data	No data	hypoxia inducible factor 1 subunit alpha
CRACR2B	0.11140948919127035	0.18234825385514275	No data	No data	No data	0.01823792392834863	No data	No data	calcium release activated channel regulator 2B
RASEF	0.11133845747232489	0.18314330826755365	No data	No data	No data	No data	No data	No data	RAS and EF-hand domain containing
ADIPOQ	0.11112609787947678	No data	No data	No data	No data	0.9139699643122053	No data	No data	adiponectin, C1Q and collagen domain containing
NR2C1	0.11097566720802822	0.1825465458305757	No data	No data	No data	No data	No data	No data	nuclear receptor subfamily 2 group C member 1
RUVBL1	0.110794903333533	0.18224920298299274	No data	No data	No data	No data	No data	No data	RuvB like AAA ATPase 1
FAM13B	0.11065458824165163	0.182018395311408	No data	No data	No data	No data	No data	No data	family with sequence similarity 13 member B
CD163	0.11062508195447068	No data	No data	No data	No data	0.7924008680164163	No data	0.4697937221243205	CD163 molecule
ASAH1	0.1105068845011412	No data	No data	No data	No data	0.9088771693693575	No data	No data	N-acylsphingosine amidohydrolase 1
FBXL22	0.11043316700529374	0.18165417419080057	No data	No data	No data	No data	No data	No data	F-box and leucine rich repeat protein 22
HDAC2	0.11019337966660381	No data	No data	No data	No data	0.9062987111322601	No data	No data	histone deacetylase 2
HMGB1	0.11011374476224552	No data	No data	No data	No data	0.9056437442785398	No data	No data	high mobility group box 1
MAPK11	0.10958042691401407	No data	No data	0.17964355069423402	No data	0.012158615952232422	No data	No data	mitogen-activated protein kinase 11
IL10	0.10940607281894982	No data	No data	No data	No data	0.8998234112235609	No data	No data	interleukin 10
ITGA2	0.10937788504598164	0.17687866151050646	No data	No data	No data	0.06079307976116211	No data	No data	integrin subunit alpha 2
LEP	0.109316550273447	No data	No data	No data	No data	0.899087122275423	No data	No data	leptin
EPAS1	0.10876551731195341	No data	No data	No data	No data	0.7790714534082153	No data	0.46193452786853023	endothelial PAS domain protein 1
OR12D3	0.10834933440153342	0.178226427789488	No data	No data	No data	No data	No data	No data	olfactory receptor family 12 subfamily D member 3
MMP3	0.10820412684686014	0.15994796872801784	No data	No data	No data	0.36079207320185247	No data	No data	matrix metallopeptidase 3
NOTCH4	0.10820326401724385	0.17412748123073524	No data	No data	No data	0.07717343736347523	No data	No data	notch receptor 4
AIM2	0.1080359786623433	No data	No data	No data	No data	0.8885549069629674	No data	No data	absent in melanoma 2
ZP4	0.10801903339308873	0.17768310771137655	No data	No data	No data	No data	No data	No data	zona pellucida glycoprotein 4
GDF15	0.10794375401093316	No data	No data	No data	No data	0.8841446987703963	0.014606781796967627	No data	growth differentiation factor 15
CCL18	0.10745355641603976	No data	No data	No data	No data	0.8837647051127593	No data	No data	C-C motif chemokine ligand 18
CXCR1	0.1074334042669569	No data	No data	0.1587374860430344	No data	0.3596461244898264	No data	No data	C-X-C motif chemokine receptor 1
LTB4R	0.10733245430520855	No data	No data	0.15198269940290526	No data	0.3790481263145744	No data	0.25283841872667323	leukotriene B4 receptor
NFE2L2	0.10725051869636139	No data	No data	No data	No data	0.8820947969548238	No data	No data	NFE2 like bZIP transcription factor 2
MUC5B	0.10709337174466149	No data	No data	No data	No data	0.8122885220495396	No data	0.27405520356331875	mucin 5B, oligomeric mucus/gel-forming
MUC5AC	0.10699293448457202	No data	No data	No data	No data	0.8799762646086969	No data	No data	mucin 5AC, oligomeric mucus/gel-forming
NPPB	0.10695884599574235	No data	No data	No data	No data	0.8796958997302964	No data	No data	natriuretic peptide B
CD274	0.10684659600123418	No data	No data	No data	No data	0.8787726861429179	No data	No data	CD274 molecule
NLRP3	0.1066148205887001	No data	No data	No data	No data	0.876866421371955	No data	No data	NLR family pyrin domain containing 3
SERPINE1	0.10637853758651679	No data	No data	No data	No data	0.8749230833875037	No data	No data	serpin family E member 1
CSF2RA	0.10637527984267513	0.16024909471012222	No data	No data	No data	0.0547137717850459	No data	0.2702860326181267	colony stimulating factor 2 receptor subunit alpha
PDHX	0.1062049168565357	0.1746990237602424	No data	No data	No data	No data	No data	No data	pyruvate dehydrogenase complex component X
HSP90AA1	0.10608501252665749	0.1613929498489474	No data	No data	No data	0.26217680786706027	No data	No data	heat shock protein 90 alpha family class A member 1
CCR1	0.10583221398244562	No data	No data	0.12158615952232422	No data	0.6861727091948051	No data	0.29046933509883255	C-C motif chemokine receptor 1
EDN1	0.10558039993167459	No data	No data	No data	No data	0.8683587042017654	No data	No data	endothelin 1
DMWD	0.10547158699220034	0.17288482101981031	No data	No data	No data	0.012158615952232422	No data	No data	DM1 locus, WD repeat containing
PTGDR2	0.1045282896803702	No data	No data	0.1654922726831635	No data	0.12897653367577264	No data	No data	prostaglandin D2 receptor 2
PSMA4	0.10388591178116584	0.16618141630231742	No data	No data	No data	0.09406040396379804	No data	No data	proteasome 20S subunit alpha 4
IL27	0.10374858139227341	0.15554470333141276	No data	No data	No data	0.3022767021457783	No data	No data	interleukin 27
GOSR2	0.10355868911447277	0.1703461800608293	No data	No data	No data	No data	No data	No data	golgi SNAP receptor complex member 2
PRKN	0.10351445458565706	No data	No data	No data	No data	0.8513670880989621	No data	No data	parkin RBR E3 ubiquitin protein ligase
PGF	0.10340464604194038	No data	No data	No data	No data	0.8504639545174091	No data	No data	placental growth factor
SELE	0.10339454240206439	No data	No data	0.15198269940290526	No data	0.36186943560362494	No data	No data	selectin E
SEC24C	0.1030811900273114	0.16956073032043562	No data	No data	No data	No data	No data	No data	SEC24 homolog C, COPII coat complex component
IL1A	0.10288420658536747	No data	No data	No data	No data	0.8461835375800079	No data	No data	interleukin 1 alpha
WFDC2	0.10254861272902345	No data	No data	No data	No data	0.7069323280026734	No data	0.545964310089269	WAP four-disulfide core domain 2
GMPR	0.10120923169487053	0.16648150100717293	No data	No data	No data	No data	No data	No data	guanosine monophosphate reductase
EPHX1	0.10117790363621655	No data	No data	No data	No data	0.832149843647619	No data	No data	epoxide hydrolase 1
WNT8A	0.10114804704740658	0.16638085690803478	No data	No data	No data	No data	No data	No data	Wnt family member 8A
GHRL	0.10108244748754217	No data	No data	No data	No data	0.8313647530661794	No data	No data	ghrelin and obestatin prepropeptide
RSRC1	0.1009985714667165	0.16613498092794407	No data	No data	No data	No data	No data	No data	arginine and serine rich coiled-coil 1
HMOX1	0.100968436488775	0.012158615952232422	No data	No data	No data	0.8152287859470726	No data	No data	heme oxygenase 1
ADAM9	0.10080926744174437	No data	No data	No data	No data	0.8291179509065335	No data	No data	ADAM metallopeptidase domain 9
VWF	0.100365353762767	No data	No data	No data	No data	0.8254669294356575	No data	No data	von Willebrand factor
FABP4	0.10035360627923934	No data	No data	No data	No data	0.8253703108437568	No data	No data	fatty acid binding protein 4
TNFSF13B	0.09998199106681784	No data	No data	0.12158615952232422	No data	0.6703312174081634	No data	No data	TNF superfamily member 13b
BCL2	0.09969070243735417	No data	No data	No data	No data	0.8199181784259757	No data	No data	BCL2 apoptosis regulator
PTAFR	0.09963730272591936	No data	No data	No data	No data	0.8194789860734529	No data	No data	platelet activating factor receptor
IL7R	0.09941345578789303	No data	No data	No data	No data	0.8176379299951482	No data	No data	interleukin 7 receptor
NCAM1	0.09906980626470328	No data	No data	No data	No data	0.8148115431387832	No data	No data	neural cell adhesion molecule 1
TP53	0.09882837521176009	No data	No data	No data	No data	0.8128258643913693	No data	No data	tumor protein p53
MSTN	0.0982567161040054	No data	No data	No data	No data	0.8081241852693327	No data	No data	myostatin
MALAT1	0.09821364608259488	No data	No data	No data	No data	0.8077699506954329	No data	No data	metastasis associated lung adenocarcinoma transcript 1
MUC1	0.09817081695857112	No data	No data	No data	No data	0.8074176974110788	No data	No data	mucin 1, cell surface associated
NOX4	0.09812636339389032	No data	No data	No data	No data	0.8070520837190643	No data	No data	NADPH oxidase 4
ANXA1	0.09812120433462589	No data	No data	No data	No data	0.8070096524153313	No data	No data	annexin A1
PGGT1B	0.09809711948504332	0.16136231273434026	No data	No data	No data	No data	No data	No data	protein geranylgeranyltransferase type I subunit beta
LCN2	0.09796433368657045	No data	No data	No data	No data	0.8057194508934498	No data	No data	lipocalin 2
RARA	0.09790786317022224	No data	No data	0.15198269940290526	No data	0.18136602128746698	No data	No data	retinoic acid receptor alpha
BDNF	0.09774752761243806	No data	No data	No data	No data	0.8039363032474993	No data	No data	brain derived neurotrophic factor
LEKR1	0.09769566889444628	0.1607019569961967	No data	No data	No data	No data	No data	No data	leucine, glutamate and lysine rich 1
CTSS	0.09760164769104197	No data	No data	No data	No data	0.802736496279591	No data	No data	cathepsin S
CCR2	0.09754560728945898	No data	No data	0.15198269940290526	No data	0.16944835295460867	No data	No data	C-C motif chemokine receptor 2
RPS10-NUDT3	0.09725018298061595	0.15996916649507303	No data	No data	No data	No data	No data	No data	RPS10-NUDT3 readthrough
GSTM1	0.09708432779023858	No data	No data	No data	No data	0.7984817365040066	No data	No data	glutathione S-transferase mu 1
SMPD3	0.09701784301739198	No data	No data	No data	No data	0.6691460515377913	No data	0.5151554918061076	sphingomyelin phosphodiesterase 3
GDF11	0.09648247519430193	No data	No data	No data	No data	0.7935317274050996	No data	No data	growth differentiation factor 11
ITGB6	0.09642257647517592	No data	No data	No data	No data	0.09627642391794534	No data	0.7689699772022796	integrin subunit beta 6
SESN2	0.09641686149538785	No data	No data	No data	No data	0.7929920796427895	No data	No data	sestrin 2
MPO	0.09640692367767634	No data	No data	No data	No data	0.792910344865159	No data	No data	myeloperoxidase
TEKT5	0.09632201573360594	0.15844240185235955	No data	No data	No data	No data	No data	No data	tektin 5
SELP	0.09607284577447048	No data	No data	0.15198269940290526	No data	0.12099673573848682	No data	No data	selectin P
MLF1	0.09599779415631766	0.154489471240305	No data	No data	No data	0.06839221473130737	No data	No data	myeloid leukemia factor 1
WNT5A	0.09599154230462174	No data	No data	No data	No data	0.7894939907777653	No data	No data	Wnt family member 5A
TRPV1	0.09572242973444119	No data	No data	0.12158615952232422	No data	0.6352979426578859	No data	No data	transient receptor potential cation channel subfamily V member 1
RARG	0.09568968223380785	No data	No data	0.15198269940290526	No data	0.10839123714660834	No data	No data	retinoic acid receptor gamma
TFAM	0.09533765193380196	No data	No data	No data	No data	0.7841159907373931	No data	No data	transcription factor A, mitochondrial
LGALS3	0.09515099674294472	No data	No data	No data	No data	0.7825808226591302	No data	No data	galectin 3
NAMPT	0.09512098317657382	No data	No data	No data	No data	0.7823339724708452	No data	No data	nicotinamide phosphoribosyltransferase
ELN	0.09508970177322494	No data	No data	No data	No data	0.7096873350791669	No data	0.28955743890241514	elastin
PDGFD	0.09493698132516155	0.1544923157269953	No data	No data	No data	0.03343619386863916	No data	No data	platelet derived growth factor D
P2RY12	0.09463476843948501	No data	No data	0.15198269940290526	No data	0.07368617537091715	No data	No data	purinergic receptor P2Y12
FGF2	0.09450301131194559	No data	No data	No data	No data	0.7772513885068807	No data	No data	fibroblast growth factor 2
ISM1	0.0942687335344269	No data	No data	No data	No data	0.7753245427339811	No data	No data	isthmin 1
BMPR2	0.09411732440129764	No data	No data	No data	No data	0.6371812657858166	No data	0.5475919772520077	bone morphogenetic protein receptor type 2
NPAS3	0.09409300857963139	No data	No data	No data	No data	0.06079307976116211	No data	0.7586810017572019	neuronal PAS domain protein 3
BPIFA1	0.09383654215244099	No data	No data	No data	No data	0.700945994783554	No data	0.28329575168701543	BPI fold containing family A member 1
ELAVL1	0.09372877031794825	No data	No data	No data	No data	0.7708835502838535	No data	No data	ELAV like RNA binding protein 1
CSF2	0.09365318284169966	No data	No data	No data	No data	0.6878264558335306	No data	0.32974166462454324	colony stimulating factor 2
CDH12	0.09350671790359129	0.15381145069628208	No data	No data	No data	No data	No data	No data	cadherin 12
B2M	0.09348460827607086	No data	No data	No data	No data	0.7688754101893178	No data	No data	beta-2-microglobulin
CCL3	0.09330927259917929	No data	No data	No data	No data	0.7674333408157936	No data	No data	C-C motif chemokine ligand 3
EGLN2	0.09321699191279764	0.14208931327625743	No data	No data	No data	0.22491120329924427	No data	No data	egl-9 family hypoxia inducible factor 2
HLA-DOB	0.09317750792954323	0.15205406369168423	No data	No data	No data	0.024317231904464845	No data	No data	major histocompatibility complex, class II, DO beta
ADAM33	0.09304112338029541	No data	No data	No data	No data	0.7652279152974834	No data	No data	ADAM metallopeptidase domain 33
RELB	0.09285960767737071	No data	No data	No data	No data	0.7637350175561795	No data	No data	RELB proto-oncogene, NF-kB subunit
GPX4	0.0928291796055076	No data	No data	No data	No data	0.7634847582175948	No data	No data	glutathione peroxidase 4
PARK7	0.09278008677884797	No data	No data	No data	No data	0.7630809883571723	No data	No data	Parkinsonism associated deglycase
ATP13A2	0.09252936062317459	0.15220377218376643	No data	No data	No data	No data	No data	No data	ATPase cation transporting 13A2
STAC3	0.09239496367117545	0.15198269940290526	No data	No data	No data	No data	No data	No data	SH3 and cysteine rich domain 3
HLA-DQB1	0.09239496367117545	0.15198269940290526	No data	No data	No data	No data	No data	No data	major histocompatibility complex, class II, DQ beta 1
NXPH4	0.09239496367117545	0.15198269940290526	No data	No data	No data	No data	No data	No data	neurexophilin 4
GC	0.0923645570873778	No data	No data	No data	No data	0.7596634144071218	No data	No data	GC vitamin D binding protein
C21orf140	0.09228244670156822	0.1517976175316639	No data	No data	No data	No data	No data	No data	chromosome 21 open reading frame 140
SSH2	0.0921364501616838	0.15003763731549508	No data	No data	No data	0.030396539880581056	No data	No data	slingshot protein phosphatase 2
EGFR	0.09208570884501176	No data	No data	No data	No data	0.7573699934827209	No data	No data	epidermal growth factor receptor
NBAS	0.0920250691588834	0.1513742510174225	No data	No data	No data	No data	No data	No data	NBAS subunit of NRZ tethering complex
IL6R	0.09193553776236846	No data	No data	No data	No data	0.7561348933427603	No data	No data	interleukin 6 receptor
RUFY4	0.09154785450651044	0.15058926915065773	No data	No data	No data	No data	No data	No data	RUN and FYVE domain containing 4
DSCAM	0.09147115570674132	No data	No data	No data	No data	No data	No data	0.7523155272450764	DS cell adhesion molecule
BRD4	0.09129540884772759	No data	No data	No data	No data	0.7508700760547091	No data	No data	bromodomain containing 4
PARP1	0.09128761969242548	No data	No data	No data	No data	0.7508060132096229	No data	No data	poly(ADP-ribose) polymerase 1
BAMBI	0.09108363843022534	No data	No data	No data	No data	0.7491283447726765	No data	No data	BMP and activin membrane bound inhibitor
CLCA1	0.0910701634078829	No data	No data	No data	No data	0.6573985470623548	No data	0.36647588307022544	chloride channel accessory 1
PDCD1	0.0908000287506827	No data	No data	No data	No data	0.7467957628352516	No data	No data	programmed cell death 1
S100A4	0.09050021888262556	No data	No data	No data	No data	0.7443299404979477	No data	No data	S100 calcium binding protein A4
GSTP1	0.09049302981481497	No data	No data	No data	No data	0.7442708131446466	No data	No data	glutathione S-transferase pi 1
AGAP5	0.090216726889015	0.14839966529652657	No data	No data	No data	No data	No data	No data	ArfGAP with GTPase domain, ankyrin repeat and PH domain 5
ANKS6	0.09021055975313289	0.14838952082629026	No data	No data	No data	No data	No data	No data	ankyrin repeat and sterile alpha motif domain containing 6
IL4	0.08999192243774443	No data	No data	No data	No data	0.7401493952214286	No data	No data	interleukin 4
UBL3	0.08991495881069712	0.14790327972187986	No data	No data	No data	No data	No data	No data	ubiquitin like 3
FSTL1	0.089808570592085	No data	No data	No data	No data	0.57446916990349	No data	0.5950241034273792	follistatin like 1
CP	0.08977158927616408	No data	No data	No data	No data	0.7383372386203322	No data	No data	ceruloplasmin
PGBD1	0.08965614368273858	0.1474775484890235	No data	No data	No data	No data	No data	No data	piggyBac transposable element derived 1
CXCL12	0.0894494721548122	No data	No data	No data	No data	0.7356879475939738	No data	No data	C-X-C motif chemokine ligand 12
NQO1	0.08928975138503283	No data	No data	No data	No data	0.7343743049030057	No data	No data	NAD(P)H quinone dehydrogenase 1
IL26	0.08917843219779725	No data	No data	No data	No data	0.7334587468520491	No data	No data	interleukin 26
CCL2	0.08917682525957331	No data	No data	No data	No data	0.733445530395256	No data	No data	C-C motif chemokine ligand 2
SFTPB	0.08908475945276684	No data	No data	No data	No data	0.6183758032550841	No data	0.4572500833336007	surfactant protein B
BTN3A1	0.0890614961718092	0.14649939848697463	No data	No data	No data	No data	No data	No data	butyrophilin subfamily 3 member A1
ABHD17C	0.08850938059122952	0.14559121028076963	No data	No data	No data	No data	No data	No data	abhydrolase domain containing 17C, depalmitoylase
NFKB1	0.0884250414146665	No data	No data	No data	No data	0.7272623936972937	No data	No data	nuclear factor kappa B subunit 1
ABCC1	0.08837628043533542	No data	No data	No data	No data	0.7268613531551574	No data	No data	ATP binding cassette subfamily C member 1
INPP5D	0.0882008254733573	No data	No data	0.12158615952232422	No data	0.06898325856231867	No data	0.43929079435415747	inositol polyphosphate-5-phosphatase D
AHR	0.08803981784529272	No data	No data	No data	No data	0.7240940760952966	No data	No data	aryl hydrocarbon receptor
VCAN	0.08800009570914584	No data	No data	No data	No data	0.7237673766066137	No data	No data	versican
DTWD1	0.08779459962102293	0.14441544986031593	No data	No data	No data	No data	No data	No data	DTW domain containing 1
DCN	0.0877819545349857	0.09466688141995382	No data	No data	No data	0.6036396464948842	No data	No data	decorin
DUOX1	0.0877038401979975	No data	No data	No data	No data	0.7213307875054179	No data	No data	dual oxidase 1
SUMF1	0.08766885861832409	No data	No data	No data	No data	0.7210430772939035	No data	No data	sulfatase modifying factor 1
TLR3	0.08747788191917995	No data	No data	No data	No data	0.7194723664507086	No data	No data	toll like receptor 3
SOD3	0.08733499354235079	No data	No data	No data	No data	0.718297163801077	No data	No data	superoxide dismutase 3
HDAC4	0.08732071959089614	0.06695345416545226	No data	No data	No data	0.6344879482628741	No data	No data	histone deacetylase 4
PLEKHA3	0.08713826072812397	0.14333582221934507	No data	No data	No data	No data	No data	No data	pleckstrin homology domain containing A3
IL32	0.08691967168517702	No data	No data	No data	No data	0.7148812992092068	No data	No data	interleukin 32
SHH	0.0867499183590525	No data	No data	No data	No data	0.7134851425513156	No data	No data	sonic hedgehog signaling molecule
NOS2	0.08628980887346588	No data	No data	No data	No data	0.7097009167200676	No data	No data	nitric oxide synthase 2
PWAR1	0.08614044059706134	No data	No data	No data	No data	0.708472419356623	No data	No data	Prader Willi/Angelman region RNA 1
LILRB4	0.08588625178589487	No data	No data	No data	No data	0.706381812891503	No data	No data	leukocyte immunoglobulin like receptor B4
PTCH1	0.08570509713129804	No data	No data	No data	No data	0.7048918846356181	No data	No data	patched 1
RASA2	0.08569914694117894	0.14096858931619413	No data	No data	No data	No data	No data	No data	RAS p21 protein activator 2
GPT	0.08569588622976855	No data	No data	No data	No data	0.7048161284675998	No data	No data	glutamic--pyruvic transaminase
ELAVL2	0.08569131553049654	0.13455917759658162	No data	No data	No data	0.1279305928740655	No data	No data	ELAV like RNA binding protein 2
DEFB1	0.08557935728347468	No data	No data	No data	No data	0.7038577221263544	No data	No data	defensin beta 1
CLOCK	0.08513446312806165	No data	No data	No data	No data	0.7001986366090481	No data	No data	clock circadian regulator
PTEN	0.0850705382680253	No data	No data	No data	No data	0.6996728789053136	No data	No data	phosphatase and tensin homolog
IL36G	0.08500589771993541	No data	No data	No data	No data	0.6991412349390609	No data	No data	interleukin 36 gamma
MLN	0.08473457421549042	0.13938194042543545	No data	No data	No data	No data	No data	No data	motilin
CDC42	0.08463173350138181	No data	No data	No data	No data	0.6960638762987058	No data	No data	cell division cycle 42
PECAM1	0.08439168612825325	No data	No data	No data	No data	0.38944637529385895	No data	0.5967279839689669	platelet and endothelial cell adhesion molecule 1
PLAUR	0.08434972588482972	No data	No data	No data	No data	0.6937444707211302	No data	No data	plasminogen activator, urokinase receptor
KLF11	0.08423960501150478	0.138567753669426	No data	No data	No data	No data	No data	No data	KLF transcription factor 11
IFNB1	0.08410861990615129	No data	No data	No data	No data	0.6917614655861241	No data	No data	interferon beta 1
DEFB4A	0.08406859388436905	No data	No data	No data	No data	0.6914322667534651	No data	No data	defensin beta 4A
ADGRF5	0.08377412387808636	No data	No data	No data	No data	0.07896852191308955	No data	0.6692682322736224	adhesion G protein-coupled receptor F5
GSTO1	0.08362524436379044	No data	No data	No data	No data	0.6877858852712275	No data	No data	glutathione S-transferase omega 1
MBL2	0.08347392606895634	No data	No data	No data	No data	0.6865413497465545	No data	No data	mannose binding lectin 2
CYBB	0.08332764075384819	No data	No data	No data	No data	0.6853382085692784	No data	No data	cytochrome b-245 beta chain
SAMSN1	0.0832620233139518	0.13695970600776186	No data	No data	No data	No data	No data	No data	SAM domain, SH3 domain and nuclear localization signals 1
IFNG	0.08309660972825354	No data	No data	No data	No data	0.6834380660982743	No data	No data	interferon gamma
KDR	0.08274851536494879	No data	No data	No data	No data	0.6805751221195162	No data	No data	kinase insert domain receptor
FBLN1	0.08265045864094453	No data	No data	No data	No data	0.6797686427933372	No data	No data	fibulin 1
AREG	0.08258523267893883	No data	No data	No data	No data	0.6792321840198884	No data	No data	amphiregulin
IL37	0.08252383788342502	No data	No data	No data	No data	0.6787272351362735	No data	No data	interleukin 37
FOXA2	0.08246328469540373	No data	No data	No data	No data	0.6782292081547555	No data	No data	forkhead box A2
ABCA3	0.08243958538489418	No data	No data	No data	No data	0.3284994731467024	No data	0.5959094220369495	ATP binding cassette subfamily A member 3
ENTPD1	0.08240146588709607	No data	No data	No data	No data	0.6777207719268942	No data	No data	ectonucleoside triphosphate diphosphohydrolase 1
SPP1	0.08235419538773048	No data	No data	No data	No data	0.6773319900165904	No data	No data	secreted phosphoprotein 1
GLRX	0.08225747630852286	0.03535810871410234	No data	No data	No data	0.6323388764183783	No data	No data	glutaredoxin
SUV39H1	0.08202619552585465	No data	No data	No data	No data	0.6746343156828961	No data	No data	SUV39H1 histone lysine methyltransferase
OR2B2	0.08202270186045578	0.13492111632228296	No data	No data	No data	No data	No data	No data	olfactory receptor family 2 subfamily B member 2
HOXA5	0.0819871058775327	No data	No data	No data	No data	0.05901994826812821	No data	0.6595578310994075	homeobox A5
LRP1B	0.08196037720876326	No data	No data	No data	No data	0.6740929850137644	No data	No data	LDL receptor related protein 1B
MMP2	0.08190005387917096	No data	No data	No data	No data	0.6735968485305553	No data	No data	matrix metallopeptidase 2
TIGD2	0.08183265411606838	0.1346085022136804	No data	No data	No data	No data	No data	No data	tigger transposable element derived 2
TTC33	0.08175689750784529	0.13448388834558764	No data	No data	No data	No data	No data	No data	tetratricopeptide repeat domain 33
SMN1	0.08166845272089301	No data	No data	No data	No data	0.6716920169346908	No data	No data	survival of motor neuron 1, telomeric
CD19	0.08162878468572395	No data	No data	No data	No data	0.67136576240601	No data	No data	CD19 molecule
IKBKB	0.08137950262825773	No data	No data	0.12158615952232422	No data	0.24553885806211323	No data	No data	inhibitor of nuclear factor kappa B kinase subunit beta
SGF29	0.0813611075379936	0.13322491310113005	No data	No data	No data	0.012158615952232422	No data	No data	SAGA complex associated factor 29
CHIT1	0.0813340390382289	No data	No data	No data	No data	0.6689415913601194	No data	No data	chitinase 1
EDNRB	0.08130756803063441	No data	No data	0.12158615952232422	No data	0.24317231904464845	No data	No data	endothelin receptor type B
HAMP	0.08096722527509645	No data	No data	No data	No data	0.6659246874248891	No data	No data	hepcidin antimicrobial peptide
MIF	0.08095355104458866	No data	No data	No data	No data	0.6658122220705962	No data	No data	macrophage migration inhibitory factor
ACTA1	0.08090944755279551	No data	No data	No data	No data	0.6654494875951721	No data	No data	actin alpha 1, skeletal muscle
LYZ	0.08074193922743825	No data	No data	No data	No data	0.5743944034335579	No data	0.358709567130737	lysozyme
POU2AF1	0.0806144677577152	No data	No data	No data	No data	0.6630233907742906	No data	No data	POU class 2 homeobox associating factor 1
MYD88	0.0805254345600361	No data	No data	No data	No data	0.6622911265262141	No data	No data	MYD88 innate immune signal transduction adaptor
BPIFB1	0.08044896554092967	No data	No data	No data	No data	0.661662197876713	No data	No data	BPI fold containing family B member 1
BTN3A3	0.08044750002595165	0.13233002891448484	No data	No data	No data	No data	No data	No data	butyrophilin subfamily 3 member A3
VCAM1	0.08038042078628208	No data	No data	No data	No data	0.6610984432938156	No data	No data	vascular cell adhesion molecule 1
ORMDL3	0.08029652741162838	0.12598127374337534	No data	No data	No data	0.12200833368733228	No data	No data	ORMDL sphingolipid biosynthesis regulator 3
SERPINE2	0.08019564037983692	No data	No data	No data	No data	0.6595786946055512	No data	No data	serpin family E member 2
SPDEF	0.07988962562517046	0.06059862286037995	No data	No data	No data	0.5813135608561922	No data	No data	SAM pointed domain containing ETS transcription factor
APOM	0.0797897850910429	No data	No data	No data	No data	0.6562406889444752	No data	No data	apolipoprotein M
TNFSF10	0.07970504005077308	No data	No data	No data	No data	0.6511755745568019	0.01747247442489172	No data	TNF superfamily member 10
PTPA	0.07955083089053512	No data	No data	No data	No data	0.6542753813679667	No data	No data	protein phosphatase 2 phosphatase activator
BSG	0.07939682296029923	No data	No data	No data	No data	0.590604628238443	No data	0.24961638549933163	basigin (Ok blood group)
MAP2K7	0.07933277967376916	No data	No data	No data	No data	0.6524819928965928	No data	No data	mitogen-activated protein kinase kinase 7
ACVR2B	0.07928600060598184	0.03425239830783502	No data	0.12158615952232422	No data	0.012158615952232422	No data	No data	activin A receptor type 2B
SGCB	0.07928285923835622	No data	No data	No data	No data	0.6520714162683889	No data	No data	sarcoglycan beta
IL1R1	0.07911154437215519	No data	No data	0.12158615952232422	No data	0.17092647569844083	No data	No data	interleukin 1 receptor type 1
JUN	0.07894443182409852	No data	No data	No data	No data	0.6492879792753359	No data	No data	Jun proto-oncogene, AP-1 transcription factor subunit
PPARG	0.0788996334556357	No data	No data	No data	No data	0.6489195297031246	No data	No data	peroxisome proliferator activated receptor gamma
PVT1	0.07888476676103467	No data	No data	No data	No data	0.6487972567844021	No data	No data	Pvt1 oncogene
PRG4	0.07872050904784149	No data	No data	No data	No data	0.6474462994563764	No data	No data	proteoglycan 4
S100A7	0.07869997683369231	No data	No data	No data	No data	0.6472774297903732	No data	No data	S100 calcium binding protein A7
PLA2G7	0.07862153229765671	No data	No data	No data	No data	0.6413163305804593	0.021263690734822614	No data	phospholipase A2 group VII
PELI1	0.07857900042266751	No data	No data	No data	No data	0.6462824447402647	No data	No data	pellino E3 ubiquitin protein ligase 1
TRPM8	0.07849174769113432	No data	No data	No data	No data	0.645564824150257	No data	No data	transient receptor potential cation channel subfamily M member 8
MMP14	0.0781976441225252	No data	No data	No data	No data	0.12549171708827328	No data	0.6117730046873595	matrix metallopeptidase 14
LUCAT1	0.0780392501823727	No data	No data	No data	No data	0.6418432039383895	No data	No data	lung cancer associated transcript 1
ITPKC	0.07788975242967339	0.1281227283363156	No data	No data	No data	No data	No data	No data	inositol-trisphosphate 3-kinase C
KL	0.07782021806913447	No data	No data	No data	No data	0.5540271392388696	No data	0.3440584349082969	klotho
CLDN23	0.07777538505128598	0.12793460268313808	No data	No data	No data	No data	No data	No data	claudin 23
CXCL10	0.07773276337605525	No data	No data	No data	No data	0.6361520259116343	0.012681761629053415	No data	C-X-C motif chemokine ligand 10
ADH5	0.07770416444745856	No data	No data	0.12158615952232422	No data	0.12462581351038234	No data	No data	alcohol dehydrogenase 5 (class III), chi polypeptide
COL18A1	0.07770170058176065	No data	No data	No data	No data	0.6390669866292963	No data	No data	collagen type XVIII alpha 1 chain
KLF5	0.07768700747790067	No data	No data	No data	No data	0.6389461414285126	No data	No data	KLF transcription factor 5
AR	0.07758864193491606	No data	No data	0.12158615952232422	No data	0.12082529828738824	No data	No data	androgen receptor
NR4A1	0.07747584622612	No data	No data	No data	No data	0.6372094203032608	No data	No data	nuclear receptor subfamily 4 group A member 1
LGALS9	0.07743815704241297	No data	No data	No data	No data	0.6368994410765535	No data	No data	galectin 9
MSR1	0.07740005875564661	No data	No data	No data	No data	0.6365860971325056	No data	No data	macrophage scavenger receptor 1
FGG	0.07726619974891381	No data	No data	No data	No data	0.6354851576237764	No data	No data	fibrinogen gamma chain
ICOS	0.07724218962910268	No data	No data	No data	No data	0.635287683504144	No data	No data	inducible T cell costimulator
FABP5	0.07723993108554628	No data	No data	No data	No data	0.6352691078408836	No data	No data	fatty acid binding protein 5
OIP5	0.07722945965633018	No data	No data	No data	No data	0.635182984311222	No data	No data	Opa interacting protein 5
FBN1	0.07718319287500017	No data	No data	No data	No data	0.17571875242947566	No data	0.5908727694933146	fibrillin 1
NUCB2	0.07714670226256577	No data	No data	No data	No data	0.6345023361676375	No data	No data	nucleobindin 2
MTMR14	0.07705739970176033	No data	No data	No data	No data	0.6337678565101149	No data	No data	myotubularin related protein 14
BTF3P11	0.07682735353147031	No data	No data	No data	No data	0.631875814100076	No data	No data	basic transcription factor 3 pseudogene 11
MAP1LC3B	0.07682252414408137	No data	No data	No data	No data	0.6318360942223537	No data	No data	microtubule associated protein 1 light chain 3 beta
CCN1	0.07681828949725011	No data	No data	No data	No data	0.6318012658599159	No data	No data	cellular communication network factor 1
POSTN	0.07671551393190536	No data	No data	No data	No data	0.6309559758552926	No data	No data	periostin
ZSWIM8	0.07669678053420122	0.1261603801543202	No data	No data	No data	No data	No data	No data	zinc finger SWIM-type containing 8
CPT1A	0.07666728763292646	No data	No data	No data	No data	0.6305593328560535	No data	No data	carnitine palmitoyltransferase 1A
MARCKS	0.07661082404401631	No data	No data	0.12158615952232422	No data	0.08865657465169473	No data	No data	myristoylated alanine rich protein kinase C substrate
SMAD4	0.07635777501391569	No data	No data	No data	No data	0.6280137090759559	No data	No data	SMAD family member 4
NOD1	0.0762874416711672	No data	No data	No data	No data	0.627435244034994	No data	No data	nucleotide binding oligomerization domain containing 1
MMACHC	0.07616242887638157	0.1252814122521857	No data	No data	No data	No data	No data	No data	metabolism of cobalamin associated C
PTH	0.07598262209600802	No data	No data	No data	No data	0.6249282187587888	No data	No data	parathyroid hormone
FN3K	0.07594866013770622	No data	No data	No data	No data	0.6246488945459407	No data	No data	fructosamine 3 kinase
TNFSF11	0.07582261455118179	No data	No data	No data	No data	0.623612217451939	No data	No data	TNF superfamily member 11
TNNI3	0.07578248696220251	No data	No data	No data	No data	0.5598142079969926	No data	0.2538719010826129	troponin I3, cardiac type
TLR5	0.07577311749965814	No data	No data	No data	No data	0.6232051229954801	No data	No data	toll like receptor 5
PPIA	0.07576653939820326	No data	No data	0.07599134970145263	No data	0.5281618334816762	No data	No data	peptidylprolyl isomerase A
PGR	0.07576387021036388	No data	No data	0.12158615952232422	No data	0.06079307976116211	No data	No data	progesterone receptor
LGR6	0.07576387021036386	No data	No data	No data	No data	0.6231290675519116	No data	No data	leucine rich repeat containing G protein-coupled receptor 6
CHI3L2	0.07566835321056435	0.12446869529861418	No data	No data	No data	No data	No data	No data	chitinase 3 like 2
CLDN5	0.0756663421931554	No data	No data	No data	No data	0.6223269366383962	No data	No data	claudin 5
CCL27	0.0756539446202759	No data	No data	No data	No data	0.6222249713083932	No data	No data	C-C motif chemokine ligand 27
DNER	0.07563574919407318	No data	No data	No data	No data	0.6220753208360514	No data	No data	delta/notch like EGF repeat containing
MUC16	0.07560974055885987	No data	No data	No data	No data	0.6218614096860038	No data	No data	mucin 16, cell surface associated
TRPC6	0.07559272163468736	No data	No data	No data	No data	0.6217214354961834	No data	No data	transient receptor potential cation channel subfamily C member 6
CHRNA7	0.07557908028302153	No data	No data	0.12158615952232422	No data	0.0547137717850459	No data	No data	cholinergic receptor nicotinic alpha 7 subunit
PRKCD	0.0755463051883083	0.10850758294590558	No data	No data	No data	0.3152070524716455	No data	No data	protein kinase C delta
LIF	0.07544829007889142	No data	No data	No data	No data	0.620533540785442	No data	No data	LIF interleukin 6 family cytokine
MAP3K19	0.07536349203445543	No data	No data	No data	No data	0.6198361090648487	No data	No data	mitogen-activated protein kinase kinase kinase 19
PIK3CG	0.07528403236569824	No data	No data	No data	No data	0.6191825834574162	No data	No data	phosphatidylinositol-4,5-bisphosphate 3-kinase catalytic subunit gamma
AKT1	0.0752355552842255	No data	No data	No data	No data	0.6187838778673788	No data	No data	AKT serine/threonine kinase 1
HOTAIR	0.0751787021071131	No data	No data	No data	No data	0.6183162820708196	No data	No data	HOX transcript antisense RNA
SERPINF1	0.07515570602726603	No data	No data	No data	No data	0.6181271480448959	No data	No data	serpin family F member 1
MFAP4	0.07506136094346796	No data	No data	No data	No data	0.16487422418807118	No data	0.5761326395032133	microfibril associated protein 4
ADAM15	0.07502471050099445	No data	No data	No data	No data	0.6170497595757953	No data	No data	ADAM metallopeptidase domain 15
TNFRSF8	0.0750041782868453	No data	No data	No data	No data	0.6168808899097921	No data	No data	TNF receptor superfamily member 8
ATP7A	0.07500089313258146	No data	No data	No data	No data	0.012158615952232422	No data	0.6138142167751736	ATPase copper transporting alpha
MAP3K5	0.07499391217977075	No data	No data	No data	No data	0.6167964550767906	No data	No data	mitogen-activated protein kinase kinase kinase 5
NPM1	0.07491624836323217	0.12323153993440666	No data	No data	No data	No data	No data	No data	nucleophosmin 1
CASC2	0.07491178332317414	No data	No data	No data	No data	0.6161209764127775	No data	No data	cancer susceptibility 2
TACSTD2	0.07486825502917795	No data	No data	No data	No data	0.6157629727208508	No data	No data	tumor associated calcium signal transducer 2
IFNAR2	0.07479372309181653	No data	No data	0.12158615952232422	No data	0.028876712886552	No data	No data	interferon alpha and beta receptor subunit 2
TNFRSF10B	0.07472699339583179	No data	No data	No data	No data	0.6146011494187485	No data	No data	TNF receptor superfamily member 10b
SLC6A7	0.07471672728875722	No data	No data	No data	No data	0.6145167145857471	No data	No data	solute carrier family 6 member 7
ALB	0.07469812681505049	No data	No data	No data	No data	0.6143637327514675	No data	No data	albumin
IL12RB2	0.07469566919851096	No data	No data	No data	No data	0.6143435197885021	No data	No data	interleukin 12 receptor subunit beta 2
SFTPC	0.07465521245803008	No data	No data	No data	No data	0.16712286774478902	No data	0.5722300615218786	surfactant protein C
HDAC9	0.07465519637763608	No data	No data	No data	No data	0.6140106462029403	No data	No data	histone deacetylase 9
OSBPL2	0.07447034071896741	No data	No data	No data	No data	0.6124902785937083	No data	No data	oxysterol binding protein like 2
ZFP36	0.0743036191400763	No data	No data	No data	No data	0.6111190569057618	No data	No data	ZFP36 ring finger protein
GHRHR	0.07428555079162506	No data	No data	0.12158615952232422	No data	0.012158615952232422	No data	No data	growth hormone releasing hormone receptor
MYOG	0.07423440157847125	0.11362936205693389	No data	No data	No data	0.16961183382564676	No data	No data	myogenin
APOBR	0.07397558714267635	0.12168422365391651	No data	No data	No data	No data	No data	No data	apolipoprotein B receptor
TNFSF8	0.07391597093694036	No data	No data	No data	No data	0.607930797611621	No data	No data	TNF superfamily member 8
MCM3AP	0.07391597093694036	No data	No data	No data	No data	0.607930797611621	No data	No data	minichromosome maintenance complex component 3 associated protein
IFNAR1	0.07391597093694036	No data	No data	0.12158615952232422	No data	No data	No data	No data	interferon alpha and beta receptor subunit 1
ZNF143	0.07391597093694036	No data	No data	No data	No data	0.607930797611621	No data	No data	zinc finger protein 143
TNNT3	0.07391597093694036	No data	No data	0.12158615952232422	No data	No data	No data	No data	troponin T3, fast skeletal type
PAH	0.07391597093694036	No data	No data	0.12158615952232422	No data	No data	No data	No data	phenylalanine hydroxylase
CLDN4	0.07391597093694036	No data	No data	No data	No data	0.607930797611621	No data	No data	claudin 4
TNNC2	0.07391597093694036	No data	No data	0.12158615952232422	No data	No data	No data	No data	troponin C2, fast skeletal type
TNNI2	0.07391597093694036	No data	No data	0.12158615952232422	No data	No data	No data	No data	troponin I2, fast skeletal type
NRF1	0.07391597093694036	No data	No data	No data	No data	0.607930797611621	No data	No data	nuclear respiratory factor 1
NFE2	0.07391597093694036	No data	No data	No data	No data	0.607930797611621	No data	No data	nuclear factor, erythroid 2
TNFRSF9	0.07378253684787131	No data	No data	No data	No data	0.6068333528893494	No data	No data	TNF receptor superfamily member 9
COX4I2	0.0737113674229441	No data	No data	No data	No data	No data	No data	0.606248011389899	cytochrome c oxidase subunit 4I2
PINK1	0.07365905239621476	No data	No data	No data	No data	0.6058177401572614	No data	No data	PTEN induced kinase 1
TUG1	0.07360476555755473	No data	No data	No data	No data	0.6053712515201229	No data	No data	taurine up-regulated 1
FOXA3	0.07353440783499515	0.1209585171928942	No data	No data	No data	No data	No data	No data	forkhead box A3
MTOR	0.07318193397135704	No data	No data	No data	No data	0.6018936222582163	No data	No data	mechanistic target of rapamycin kinase
LTBP4	0.07314270295838658	No data	No data	No data	No data	0.12970649286463135	No data	0.569144338855039	latent transforming growth factor beta binding protein 4
CTXND1	0.07296711435747374	0.12002536249872485	No data	No data	No data	No data	No data	No data	cortexin domain containing 1
CABP5	0.07287836082205257	0.11987936967228825	No data	No data	No data	No data	No data	No data	calcium binding protein 5
FGF23	0.07280599530815623	No data	No data	No data	No data	0.5988016694843336	No data	No data	fibroblast growth factor 23
SERPINA12	0.07272991402458692	0.11765941087024526	No data	No data	No data	0.03951550184475537	No data	No data	serpin family A member 12
CD79A	0.07270849804780903	No data	No data	No data	No data	0.5979997915343247	No data	No data	CD79a molecule
CELA1	0.0726854753429818	No data	No data	No data	No data	0.12462581351038234	No data	0.566653985150452	chymotrypsin like elastase 1
IL17F	0.0722991237194556	No data	No data	No data	No data	0.5946328431089304	No data	No data	interleukin 17F
NKX2-1	0.07226356086479861	No data	No data	No data	No data	0.1156089143045485	No data	0.5654381235552287	NK2 homeobox 1
FABP3	0.0721618913114351	No data	No data	No data	No data	0.5935041586553739	No data	No data	fatty acid binding protein 3
CEP57L1	0.07213123509339989	0.11865040458022856	No data	No data	No data	No data	No data	No data	centrosomal protein 57 like 1
RPL17	0.07213098069095054	No data	No data	No data	No data	0.5932499305375847	No data	No data	ribosomal protein L17
CITED2	0.07204343300653787	No data	No data	No data	No data	No data	No data	0.5925298840721266	Cbp/p300 interacting transactivator with Glu/Asp rich carboxy-terminal domain 2
PRKAA1	0.07199590887377372	No data	No data	No data	No data	0.5921390161234156	No data	No data	protein kinase AMP-activated catalytic subunit alpha 1
STUB1	0.0719829761451563	No data	No data	No data	No data	0.5920326493406481	No data	No data	STIP1 homology and U-box containing protein 1
DNMT1	0.07170656769666837	No data	No data	No data	No data	0.5897592947945893	No data	No data	DNA methyltransferase 1
MYH14	0.07157902799687707	0.11380258586104908	No data	No data	No data	0.07878959952394177	No data	No data	myosin heavy chain 14
TNFRSF11B	0.07156049692668698	No data	No data	No data	No data	0.5885579181695256	No data	No data	TNF receptor superfamily member 11b
TIMP4	0.07148884533162597	No data	No data	No data	No data	0.587968611003788	No data	No data	TIMP metallopeptidase inhibitor 4
TLR9	0.07114946330945625	No data	No data	No data	No data	0.5851773227230902	No data	No data	toll like receptor 9
C3	0.07066842120357114	No data	No data	No data	No data	0.581220934037281	No data	No data	complement C3
MAN1A2	0.07036446663146931	No data	No data	No data	No data	No data	No data	0.5787210230828108	mannosidase alpha class 1A member 2
MSRB1	0.07034024982157495	0.11570436980314343	No data	No data	No data	No data	No data	No data	methionine sulfoxide reductase B1
TRPV4	0.07027896034440585	No data	No data	No data	No data	0.5780177663355018	No data	No data	transient receptor potential cation channel subfamily V member 4
RETNLB	0.07026390600623106	No data	No data	No data	No data	0.577893950119627	No data	No data	resistin like beta
ROBO1	0.07024953345632662	No data	No data	No data	No data	0.0805508306835398	No data	0.5576380336825396	roundabout guidance receptor 1
GPNMB	0.07001485024860184	No data	No data	No data	No data	0.5758455610710077	No data	No data	glycoprotein nmb
CROCC	0.06996821426252309	0.08453462053381183	No data	No data	No data	No data	No data	0.4697937221243205	ciliary rootlet coiled-coil, rootletin
ACSL4	0.06983006032125949	No data	No data	No data	No data	0.5743257340769787	No data	No data	acyl-CoA synthetase long chain family member 4
TNNT2	0.06910069421339927	No data	No data	No data	No data	0.5683269747549828	No data	No data	troponin T2, cardiac type
AIRE	0.06902172106522937	No data	No data	No data	No data	No data	No data	0.5676774505946659	autoimmune regulator
EZH2	0.06886525157839093	No data	No data	No data	No data	0.5663905484714871	No data	No data	enhancer of zeste 2 polycomb repressive complex 2 subunit
CDKN2A	0.06868609456226575	No data	No data	No data	No data	0.564917050033597	No data	No data	cyclin dependent kinase inhibitor 2A
CD34	0.06859970456108515	No data	No data	No data	No data	0.5642065250731904	No data	No data	CD34 molecule
STAT4	0.0685476056547602	No data	No data	No data	No data	0.5637780313488255	No data	No data	signal transducer and activator of transcription 4
RETN	0.06845097958691433	No data	No data	No data	No data	0.559735079715611	0.01299295564306966	No data	resistin
SFTPA2	0.06810463265477183	No data	No data	No data	No data	0.15239984221803854	No data	0.5220347860509809	surfactant protein A2
IGF1	0.06807903053123875	No data	No data	No data	No data	0.44817509955620305	No data	0.44699631721388466	insulin like growth factor 1
GTF2B	0.06803663407663427	0.11191509682340478	No data	No data	No data	No data	No data	No data	general transcription factor IIB
EDIL3	0.06800269326198514	No data	No data	No data	No data	0.5592963338026914	No data	No data	EGF like repeats and discoidin domains 3
NEDD4L	0.0679554979145419	No data	No data	No data	No data	No data	No data	0.5589081699884164	NEDD4 like E3 ubiquitin protein ligase
TUBB	0.06779985774848969	0.11091768694515636	No data	No data	No data	0.012158615952232422	No data	No data	tubulin beta class I
FGF7	0.06777884202280683	0.07308757720494578	No data	No data	No data	0.4660957708428622	No data	No data	fibroblast growth factor 7
SFTPA1	0.0676190960647008	No data	No data	No data	No data	0.13642642577068792	No data	0.5220347860509809	surfactant protein A1
ZSCAN12	0.06759239712371538	0.11118436076814296	No data	No data	No data	No data	No data	No data	zinc finger and SCAN domain containing 12
NEAT1	0.06758392618366986	No data	No data	No data	No data	0.5558521335749642	No data	No data	nuclear paraspeckle assembly transcript 1
HP	0.06755897683994458	No data	No data	No data	No data	0.555646934695229	No data	No data	haptoglobin
PTPN6	0.067471576212482	No data	No data	No data	No data	0.4485516068377744	No data	0.42550596351831393	protein tyrosine phosphatase non-receptor type 6
FGF10	0.06737525025553838	No data	No data	No data	No data	0.5541358532931352	No data	No data	fibroblast growth factor 10
MRC1	0.06734192412522547	No data	No data	No data	No data	0.5538617585240936	No data	No data	mannose receptor C-type 1
NLRP1	0.06715507213137284	No data	No data	No data	No data	0.3788810487348226	No data	0.45760470963220745	NLR family pyrin domain containing 1
CLDN18	0.06711570161074183	No data	No data	No data	No data	No data	No data	0.5520011642313519	claudin 18
CUL4A	0.06689395369793104	No data	No data	No data	No data	0.5501773718385171	No data	No data	cullin 4A
GAK	0.06676131559452751	No data	No data	No data	No data	0.06687238773727831	No data	0.5323683768618166	cyclin G associated kinase
TRAF4	0.06675668147379406	No data	No data	No data	No data	No data	No data	0.5490483599125193	TNF receptor associated factor 4
HCK	0.06675065566235898	No data	No data	No data	No data	0.4033221088212461	No data	0.44816827269594706	HCK proto-oncogene, Src family tyrosine kinase
RAB38	0.06669910298565561	No data	No data	No data	No data	No data	No data	0.5485747987081465	RAB38, member RAS oncogene family
CCL20	0.06668694515132469	No data	No data	No data	No data	0.5484748051366851	No data	No data	C-C motif chemokine ligand 20
NDST1	0.06650035115269183	No data	No data	No data	No data	No data	No data	0.5469401403412353	N-deacetylase and N-sulfotransferase 1
ARRDC3	0.0664504152071698	0.10930588722965454	No data	No data	No data	No data	No data	No data	arrestin domain containing 3
CD40	0.06641246429658836	No data	No data	No data	No data	0.5462173043173921	No data	No data	CD40 molecule
GLI2	0.0663703822371277	No data	No data	No data	No data	0.5458711953554348	No data	No data	GLI family zinc finger 2
TGFA	0.06634639740886723	No data	No data	No data	No data	0.5456739292492044	No data	No data	transforming growth factor alpha
CXCR4	0.06630660456778596	No data	No data	No data	No data	0.5453466482392803	No data	No data	C-X-C motif chemokine receptor 4
CXCR3	0.06614981953825978	No data	No data	No data	No data	0.5440571508972954	No data	No data	C-X-C motif chemokine receptor 3
HSPA5	0.06612974845898276	No data	No data	No data	No data	0.41734461664302414	No data	0.4395559197297825	heat shock protein family A (Hsp70) member 5
SESN1	0.06606523646597612	0.1086722974482075	No data	No data	No data	No data	No data	No data	sestrin 1
BTN2A1	0.06603810923752114	0.10801974441964203	No data	No data	No data	0.012158615952232422	No data	No data	butyrophilin subfamily 2 member A1
ANGPTL4	0.06572361749142948	No data	No data	No data	No data	0.540551800876333	No data	No data	angiopoietin like 4
ADAM17	0.06554419651910871	No data	No data	No data	No data	0.44110428389635176	No data	0.3918873904103913	ADAM metallopeptidase domain 17
CCR5	0.06541338182215825	No data	No data	No data	No data	0.4708238771462764	No data	0.2687054125443365	C-C motif chemokine receptor 5
TRIM15	0.06532815161357751	0.10745984883515089	No data	No data	No data	No data	No data	No data	tripartite motif containing 15
FNDC5	0.06523110400685211	No data	No data	No data	No data	0.536501064456067	No data	No data	fibronectin type III domain containing 5
FLCN	0.06517301078470539	No data	No data	No data	No data	0.5360232697599029	No data	No data	folliculin
SIX5	0.06514282955909118	0.10441931953834699	No data	No data	No data	0.0547137717850459	No data	No data	SIX homeobox 5
HGF	0.06513028300461367	No data	No data	No data	No data	0.535671849990913	No data	No data	hepatocyte growth factor
LGALS8	0.06504605442450752	No data	No data	No data	No data	0.5349791018982265	No data	No data	galectin 8
H3P10	0.0648427893259654	No data	No data	No data	No data	0.5333073236354647	No data	No data	H3 histone pseudogene 10
CXCR6	0.06467647456982281	No data	No data	No data	No data	0.5319394479101685	No data	No data	C-X-C motif chemokine receptor 6
PSEN2	0.06461918969234669	No data	No data	No data	No data	No data	No data	0.5314683015420194	presenilin 2
IL22	0.06458515752598354	No data	No data	No data	No data	0.5311883998945224	No data	No data	interleukin 22
DOC2A	0.06453224071257613	0.10615063583898705	No data	No data	No data	No data	No data	No data	double C2 domain alpha
CALCA	0.06434769099897367	No data	No data	No data	No data	0.529235327867716	No data	No data	calcitonin related polypeptide alpha
MDK	0.06430689471513812	No data	No data	No data	No data	0.5288997939221103	No data	No data	midkine
ME1	0.06430689471513812	No data	No data	No data	No data	0.5288997939221103	No data	No data	malic enzyme 1
TRIM39	0.06427411144132435	0.1057260327883341	No data	No data	No data	No data	No data	No data	tripartite motif containing 39
ZFAND6	0.06416860084630524	0.10433661427605116	No data	No data	No data	0.024317231904464845	No data	No data	zinc finger AN1-type containing 6
RCN3	0.06405188461540569	No data	No data	No data	No data	No data	No data	0.5268024326703503	reticulocalbin 3
RNF5	0.06398011399435907	0.10463449851460264	No data	No data	No data	0.012158615952232422	No data	No data	ring finger protein 5
PRMT7	0.06393731486045341	No data	No data	No data	No data	0.5258601399340522	No data	No data	protein arginine methyltransferase 7
S100B	0.0637808593886369	No data	No data	No data	No data	0.5245733530791077	No data	No data	S100 calcium binding protein B
HYAL3	0.06370263165272863	No data	No data	No data	No data	No data	No data	0.5239299596516354	hyaluronidase 3
HDAC1	0.06363605303845571	No data	No data	No data	No data	0.523382375826844	No data	No data	histone deacetylase 1
FKBP7	0.063623062184239	0.10465510619661816	No data	No data	No data	No data	No data	No data	FKBP prolyl isomerase 7
RHOA	0.06354529333585393	No data	No data	No data	No data	0.5226359117312731	No data	No data	ras homolog family member A
BLK	0.06339989098986326	0.10200826603690753	No data	No data	No data	0.045594809820871586	No data	No data	BLK proto-oncogene, Src family tyrosine kinase
GGTLC3	0.06318598368839996	No data	No data	No data	No data	0.5196807262984444	No data	No data	gamma-glutamyltransferase light chain family member 3
GGTLC4P	0.06318598368839996	No data	No data	No data	No data	0.5196807262984444	No data	No data	gamma-glutamyltransferase light chain 4 pseudogene
GGTLC5P	0.06318598368839996	No data	No data	No data	No data	0.5196807262984444	No data	No data	gamma-glutamyltransferase light chain 5 pseudogene
STAT3	0.06315226682646917	No data	No data	No data	No data	0.5194034179101931	No data	No data	signal transducer and activator of transcription 3
FBLN5	0.06314980080482568	No data	No data	No data	No data	0.16483459435164252	No data	0.47817448723052824	fibulin 5
MUS81	0.06255388917584771	No data	No data	No data	No data	No data	No data	0.5144819889171869	MUS81 structure-specific endonuclease subunit
IDO1	0.06186944854653087	No data	No data	No data	No data	0.5088527245995556	No data	No data	indoleamine 2,3-dioxygenase 1
KERA	0.06181009664600459	0.10167291555031928	No data	No data	No data	No data	No data	No data	keratocan
FOXP2	0.061629288667947445	No data	No data	No data	No data	No data	No data	0.5068775007786294	forkhead box P2
PON1	0.061502601206170626	No data	No data	No data	No data	0.5058355445043746	No data	No data	paraoxonase 1
CCL5	0.06147084320184409	No data	No data	No data	No data	0.5055743469762077	No data	No data	C-C motif chemokine ligand 5
SIGLEC9	0.06141223828936396	No data	No data	No data	No data	0.5050923438213225	No data	No data	sialic acid binding Ig like lectin 9
GSK3B	0.06124336637572649	No data	No data	No data	No data	0.5037034364464955	No data	No data	glycogen synthase kinase 3 beta
S100A9	0.06120932392734186	No data	No data	No data	No data	0.5034234502332753	No data	No data	S100 calcium binding protein A9
LPCAT1	0.06116834046029902	No data	No data	No data	No data	0.10030858160591746	No data	0.4780092313753775	lysophosphatidylcholine acyltransferase 1
SOCS1	0.061157869031082966	No data	No data	No data	No data	0.5030002532471952	No data	No data	suppressor of cytokine signaling 1
CST3	0.06109191063207994	No data	No data	No data	No data	0.5024577704575245	No data	No data	cystatin C
GH1	0.06081448803214387	No data	No data	No data	No data	0.5001760749008429	No data	No data	growth hormone 1
GSTT1	0.06079147522172416	No data	No data	No data	No data	0.4999868032723111	No data	No data	glutathione S-transferase theta 1
CD44	0.06031104662039461	No data	No data	No data	No data	0.4960354604285449	No data	No data	CD44 molecule (Indian blood group)
ITGAM	0.06019365683365936	No data	No data	No data	No data	0.4950699740015007	No data	No data	integrin subunit alpha M
CYP1A2	0.06009876138070567	No data	No data	No data	No data	0.25753115166051577	No data	0.42990670701435796	cytochrome P450 family 1 subfamily A member 2
PIM3	0.060093254871334496	No data	No data	No data	No data	0.49424420598054075	No data	No data	Pim-3 proto-oncogene, serine/threonine kinase
STK40	0.060052414621292724	No data	No data	No data	No data	No data	No data	0.4939083104295814	serine/threonine kinase 40
NUPR1	0.060029759354776925	0.06304736807518475	No data	No data	No data	0.4149127693699314	No data	No data	nuclear protein 1, transcriptional regulator
PPP1CB	0.0600052686573162	0.0940010903569243	No data	No data	No data	0.09406040396379804	No data	No data	protein phosphatase 1 catalytic subunit beta
MOK	0.05993138652438363	0.09858258005653964	No data	No data	No data	No data	No data	No data	MOK protein kinase
TNFSF4	0.05991443814221044	No data	No data	No data	No data	0.4927735062740397	No data	No data	TNF superfamily member 4
CSF2RB	0.059867858247886326	No data	No data	No data	No data	0.04863446380892969	No data	0.4802317883757708	colony stimulating factor 2 receptor subunit beta
ZSCAN9	0.059855059018575754	0.09845702710526995	No data	No data	No data	No data	No data	No data	zinc finger and SCAN domain containing 9
CYP1B1	0.059806226111394675	No data	No data	No data	No data	0.4812164037633202	0.04266839856654267	No data	cytochrome P450 family 1 subfamily B member 1
ADA	0.059784409446078525	No data	No data	No data	No data	0.4917040696157659	No data	No data	adenosine deaminase
CDH1	0.0597173604825456	No data	No data	No data	No data	0.4911526173468865	No data	No data	cadherin 1
AQP5	0.05967530092251923	No data	No data	No data	No data	0.4908066934342338	No data	No data	aquaporin 5
CHRNA2	0.05966404588961741	0.09814282501235283	No data	No data	No data	No data	No data	No data	cholinergic receptor nicotinic alpha 2 subunit
PPP1R18	0.05932354347476703	0.09758272439532847	No data	No data	No data	No data	No data	No data	protein phosphatase 1 regulatory subunit 18
CD247	0.05927474443965031	No data	No data	No data	No data	0.4875122684401178	No data	No data	CD247 molecule
FOXF1	0.05921435328958828	No data	No data	No data	No data	0.0547137717850459	No data	0.4733371312130328	forkhead box F1
MMP10	0.059189257157651484	No data	No data	No data	No data	0.1253896577264933	No data	0.45546175357062657	matrix metallopeptidase 10
PKD2L2	0.05916591206363647	0.09732343269346068	No data	No data	No data	No data	No data	No data	polycystin 2 like 2, transient receptor potential cation channel
IL2	0.05903610077087511	No data	No data	No data	No data	0.48554951486921166	No data	No data	interleukin 2
TF	0.058795165051832965	No data	No data	No data	No data	0.4835679100550724	No data	No data	transferrin
EPYC	0.058786947244020116	0.09670006434116599	No data	No data	No data	No data	No data	No data	epiphycan
KLK1	0.05874266468071843	No data	No data	No data	No data	0.4831361144352355	No data	No data	kallikrein 1
TMEM38B	0.058716178124466036	No data	No data	No data	No data	0.012158615952232422	No data	0.47987861857803327	transmembrane protein 38B
CAMK1D	0.0585538066391574	0.09449277335642123	No data	No data	No data	0.03647584785669726	No data	No data	calcium/calmodulin dependent protein kinase ID
CASP1	0.05855010842122979	No data	No data	No data	No data	0.48155241230791157	No data	No data	caspase 1
FCER2	0.058393617040182894	No data	No data	No data	No data	0.4802653301131807	No data	No data	Fc epsilon receptor II
SIRT6	0.05836593542908115	No data	No data	No data	No data	0.4800376593716219	No data	No data	sirtuin 6
DDIT3	0.058296497035960564	No data	No data	No data	No data	0.47946655495156787	No data	No data	DNA damage inducible transcript 3
GTF2IRD2	0.058104614513494676	0.0955776788110923	No data	No data	No data	No data	No data	No data	GTF2I repeat domain containing 2
NT5E	0.05803395448811281	No data	No data	No data	No data	0.47730724217387005	No data	No data	5'-nucleotidase ecto
TRPC1	0.05798297275719989	No data	No data	No data	No data	0.47688793679311614	No data	No data	transient receptor potential cation channel subfamily C member 1
PRMT6	0.057815978147496304	No data	No data	No data	No data	0.4755144695303976	No data	No data	protein arginine methyltransferase 6
ATP23	0.05779900411842351	No data	No data	No data	No data	No data	No data	0.4753748645857272	ATP23 metallopeptidase and ATP synthase assembly factor homolog
PTX3	0.05776594787793109	No data	No data	No data	No data	0.4107687129007417	No data	0.2573371066289992	pentraxin 3
FENDRR	0.057747108947161535	No data	No data	No data	No data	No data	No data	0.4749480465049041	FOXF1 adjacent non-coding developmental regulatory RNA
SCARA3	0.05771340943484295	0.09493417616212525	No data	No data	No data	No data	No data	No data	scavenger receptor class A member 3
LRG1	0.05770578786618635	No data	No data	No data	No data	0.47460819630207246	No data	No data	leucine rich alpha-2-glycoprotein 1
TXNL1	0.05765445733081349	No data	No data	No data	No data	0.47418602213706446	No data	No data	thioredoxin like 1
FERMT3	0.05765445733081349	No data	No data	No data	No data	0.47418602213706446	No data	No data	FERM domain containing kindlin 3
SIGLEC1	0.057487735751922384	No data	No data	No data	No data	0.4728148004491182	No data	No data	sialic acid binding Ig like lectin 1
MBD2	0.05728487747612879	No data	No data	No data	No data	0.47114636814900634	No data	No data	methyl-CpG binding domain protein 2
GPX1	0.057263705271072815	No data	No data	No data	No data	0.47097223480077705	No data	No data	glutathione peroxidase 1
SOCS3	0.05720811447306289	No data	No data	No data	No data	0.470515021593054	No data	No data	suppressor of cytokine signaling 3
RSPH6A	0.05717065647829308	0.0940413887615162	No data	No data	No data	No data	No data	No data	radial spoke head 6 homolog A
SCN4A	0.05711497340404457	No data	No data	No data	No data	No data	No data	0.4697489716628296	sodium voltage-gated channel alpha subunit 4
CACNA2D3	0.05709461073531323	0.09391629928870349	No data	No data	No data	No data	No data	No data	calcium voltage-gated channel auxiliary subunit alpha2delta 3
NFATC3	0.05691529762144408	No data	No data	No data	No data	0.46810671416094823	No data	No data	nuclear factor of activated T cells 3
NFIB	0.056898666527983255	No data	No data	No data	No data	No data	No data	0.46796992973148555	nuclear factor I B
MCRIP1	0.05688080350167351	No data	No data	No data	No data	0.01823792392834863	No data	0.4632635321399757	MAPK regulated corepressor interacting protein 1
S100A8	0.056805225997943784	No data	No data	No data	No data	0.4672014168480572	No data	No data	S100 calcium binding protein A8
HIF3A	0.05667650797088946	No data	No data	No data	No data	0.40124614730029007	No data	0.2595864505801622	hypoxia inducible factor 3 subunit alpha
RAPGEF3	0.05665127168677484	0.06062568171943716	No data	No data	No data	0.3901530989405381	No data	No data	Rap guanine nucleotide exchange factor 3
STIM1	0.05663811273043055	No data	No data	No data	No data	0.46582697366990466	No data	No data	stromal interaction molecule 1
MARCO	0.05660460265418315	No data	No data	No data	No data	0.46555136601538993	No data	No data	macrophage receptor with collagenous structure
PTPRC	0.05656006053249696	No data	No data	No data	No data	0.4651850239756283	No data	No data	protein tyrosine phosphatase receptor type C
CCL11	0.056520663404675216	No data	No data	No data	No data	0.4648609975570249	No data	No data	C-C motif chemokine ligand 11
SMAD9	0.05647734549364271	No data	No data	No data	No data	No data	No data	0.46450472418509936	SMAD family member 9
BTN1A1	0.05643782222184033	0.0928359320560296	No data	No data	No data	No data	No data	No data	butyrophilin subfamily 1 member A1
STAT6	0.05639282004810431	No data	No data	No data	No data	0.46380953448694234	No data	No data	signal transducer and activator of transcription 6
TIPARP	0.05633575227898758	0.08750062297082539	No data	No data	No data	0.10334823559397559	No data	No data	TCDD inducible poly(ADP-ribose) polymerase
CAMK2D	0.05615373500746576	0.09236863016000678	No data	No data	No data	No data	No data	No data	calcium/calmodulin dependent protein kinase II delta
MEIOSIN	0.05599957557955083	0.09211504960689024	No data	No data	No data	No data	No data	No data	meiosis initiator
CLEC7A	0.05599134798473233	No data	No data	No data	No data	0.460507579190803	No data	No data	C-type lectin domain containing 7A
WWTR1	0.05597224309468637	No data	No data	No data	No data	0.012158615952232422	No data	0.45731079473558467	WW domain containing transcription regulator 1
FCGR1A	0.055952637777314865	No data	No data	No data	No data	0.460189202431725	No data	No data	Fc gamma receptor Ia
TMTC3	0.055934627743145296	No data	No data	No data	No data	No data	No data	0.46004107673846895	transmembrane O-mannosyltransferase targeting cadherins 3
FMN2	0.05571176610943082	0.09164162488280861	No data	No data	No data	No data	No data	No data	formin 2
H1-5	0.055608489806066384	0.09147174320586417	No data	No data	No data	No data	No data	No data	H1.5 linker histone, cluster member
ANK2	0.05549506727048071	0.09128517174735067	No data	No data	No data	No data	No data	No data	ankyrin 2
CCR7	0.05533417364964106	No data	No data	No data	No data	0.45510256979110564	No data	No data	C-C motif chemokine receptor 7
NSRP1	0.055227437042762985	0.09084494034474833	No data	No data	No data	No data	No data	No data	nuclear speckle splicing regulatory protein 1
TRIM39-RPP21	0.054766870683640834	0.0900873436562246	No data	No data	No data	No data	No data	No data	TRIM39-RPP21 readthrough
P2RX4	0.05432823863865116	No data	No data	No data	No data	0.44682913624454146	No data	No data	purinergic receptor P2X 4
VIP	0.054257475542349894	No data	No data	No data	No data	0.38112254994962563	No data	0.2604983467765796	vasoactive intestinal peptide
CASP4	0.054185536840420274	No data	No data	No data	No data	0.44565546813304324	No data	No data	caspase 4
ALDH7A1	0.05415686335167789	No data	No data	No data	No data	0.44541963957447184	No data	No data	aldehyde dehydrogenase 7 family member A1
MYOZ1	0.05404574554715737	0.08829321676636605	No data	No data	No data	0.012158615952232422	No data	No data	myozenin 1
NCOA4	0.05402976752167864	No data	No data	No data	No data	0.44437432462663096	No data	No data	nuclear receptor coactivator 4
BECN1	0.053881616472411985	No data	No data	No data	No data	0.4431558384942562	No data	No data	beclin 1
DKK1	0.053845731606146134	No data	No data	No data	No data	0.4428606990934656	No data	No data	dickkopf WNT signaling pathway inhibitor 1
CRBN	0.053773868856624114	No data	No data	No data	No data	0.4422696552624544	No data	No data	cereblon
SOX4	0.05372016629300549	0.08532594042508235	No data	No data	No data	0.06079307976116211	No data	No data	SRY-box transcription factor 4
PTGES3	0.053411526607426985	No data	No data	No data	No data	0.012158615952232422	No data	0.4362498738436043	prostaglandin E synthase 3
ICAM1	0.05338271115652509	No data	No data	No data	No data	0.43905253168822717	No data	No data	intercellular adhesion molecule 1
ANO3	0.053219499074597054	No data	No data	No data	No data	0.4377101742803672	No data	No data	anoctamin 3
TRPA1	0.053119670721464514	No data	No data	No data	No data	0.4368891239772345	No data	No data	transient receptor potential cation channel subfamily A member 1
RARRES2	0.05307953665085597	No data	No data	No data	No data	0.4365590364840015	No data	No data	retinoic acid receptor responder 2
SPMIP1	0.053017102816112674	0.08720910837944232	No data	No data	No data	No data	No data	No data	sperm associated microtubule inner protein 1
SLIT2	0.0528293870057632	No data	No data	No data	No data	0.4345016506263058	No data	No data	slit guidance ligand 2
NEUROD1	0.052757524256241174	No data	No data	No data	No data	No data	No data	0.4339106067952945	neuronal differentiation 1
NUDT3	0.052680862613510314	0.08665601877792295	No data	No data	No data	No data	No data	No data	nudix hydrolase 3
ZSCAN31	0.052642644343075355	0.08241362839150937	No data	No data	No data	0.08359048467159791	No data	No data	zinc finger and SCAN domain containing 31
ALDOA	0.05245980715107851	No data	No data	No data	No data	0.43146199663824775	No data	No data	aldolase, fructose-bisphosphate A
CD40LG	0.0522369355282312	No data	No data	No data	No data	0.4296289621569968	No data	No data	CD40 ligand
TMPRSS2	0.05198260544271419	No data	No data	No data	No data	0.311421595911105	No data	0.3496817947862044	transmembrane serine protease 2
TNXB	0.05194689267234016	0.08131560888188327	No data	No data	No data	0.08266170150858014	No data	No data	tenascin XB
CD86	0.051903533889967574	No data	No data	No data	No data	0.426886860263381	No data	No data	CD86 molecule
VAMP5	0.051719004864577166	No data	No data	No data	No data	No data	No data	0.42536917908885125	vesicle associated membrane protein 5
SIRT3	0.05168545505811383	No data	No data	No data	No data	0.4250932446683946	No data	No data	sirtuin 3
SUCO	0.05167650318128843	No data	No data	No data	No data	No data	No data	0.4250196188802246	SUN domain containing ossification factor
HNRNPD	0.051659256121403145	No data	No data	No data	No data	0.4248777683607819	No data	No data	heterogeneous nuclear ribonucleoprotein D
ROR1	0.051493971797502494	No data	No data	No data	No data	No data	No data	0.4235183675494559	receptor tyrosine kinase like orphan receptor 1
SPHK1	0.05148596423398431	No data	No data	No data	No data	0.4234525083797147	No data	No data	sphingosine kinase 1
C15orf40	0.05145308885201046	0.08463642416892567	No data	No data	No data	No data	No data	No data	chromosome 15 open reading frame 40
PIGR	0.051343859360038616	No data	No data	No data	No data	0.4222837497438305	No data	No data	polymeric immunoglobulin receptor
CLN3	0.05121319106369564	0.08424181052333095	No data	No data	No data	No data	No data	No data	CLN3 lysosomal/endosomal transmembrane protein, battenin
POLD1	0.051189080061060384	0.08146646116556687	No data	No data	No data	0.0547137717850459	No data	No data	DNA polymerase delta 1, catalytic subunit
ENPEP	0.051139317546423	0.07712909002432912	No data	No data	No data	0.13982408345067285	No data	No data	glutamyl aminopeptidase
TRIM10	0.05109067343852519	0.08404027833306886	No data	No data	No data	No data	No data	No data	tripartite motif containing 10
APOE	0.051064533578438154	No data	No data	No data	No data	0.41998640124053177	No data	No data	apolipoprotein E
NPPA	0.05106035389545999	No data	No data	No data	No data	0.41995202493491773	No data	No data	natriuretic peptide A
HOXB2	0.051002019946488834	No data	No data	No data	No data	0.4194722503520185	No data	No data	homeobox B2
SLC6A4	0.050993327559986215	0.07042290169345576	No data	No data	No data	0.2691450012238196	No data	No data	solute carrier family 6 member 4
IL16	0.05087696579264174	No data	No data	No data	No data	0.41844372741537506	No data	No data	interleukin 16
ZKSCAN8P1	0.05076806674102005	0.0835096148122001	No data	No data	No data	No data	No data	No data	ZKSCAN8 pseudogene 1
RRP15	0.050760220907209726	0.08349670901134061	No data	No data	No data	No data	No data	No data	ribosomal RNA processing 15 homolog
TRAF3IP1	0.05059584278404995	0.05082538783014193	No data	No data	No data	0.3525998626147402	No data	No data	TRAF3 interacting protein 1
IL19	0.050509246806909255	No data	No data	No data	No data	0.4154193783679411	No data	No data	interleukin 19
ACKR3	0.05042362747390728	No data	No data	No data	No data	0.04711463681490064	No data	0.4029365326569824	atypical chemokine receptor 3
VNN1	0.05026286023711945	No data	No data	No data	No data	0.41339294237590235	No data	No data	vanin 1
KRT90P	0.05026286023711945	No data	No data	No data	No data	0.41339294237590235	No data	No data	keratin 90, pseudogene
LYST	0.050242533345111785	No data	No data	No data	No data	0.030396539880581056	No data	0.4056266264364139	lysosomal trafficking regulator
CD83	0.05015341049378849	No data	No data	No data	No data	0.4124927597912977	No data	No data	CD83 molecule
USP38	0.050007850137387	No data	No data	No data	No data	0.03343619386863916	No data	0.4029365326569824	ubiquitin specific peptidase 38
IKBKE	0.04991175937516898	No data	No data	No data	No data	0.03951550184475537	No data	0.4006263956260583	inhibitor of nuclear factor kappa B kinase subunit epsilon
RPS10	0.04984880734941023	0.08047767592118982	No data	No data	No data	0.030396539880581056	No data	No data	ribosomal protein S10
PTHLH	0.04980642911658384	No data	No data	No data	No data	No data	No data	0.40963896970065067	parathyroid hormone like hormone
KCTD21	0.049790419462645466	0.08190145927506418	No data	No data	No data	No data	No data	No data	potassium channel tetramerization domain containing 21
TNC	0.04972180858783758	No data	No data	No data	No data	0.40894299797920874	No data	No data	tenascin C
KDM6A	0.049638064960560814	No data	No data	No data	No data	No data	No data	0.40825423843942416	lysine demethylase 6A
TNFRSF11A	0.04961679323711995	No data	No data	No data	No data	0.4080792865902628	No data	No data	TNF receptor superfamily member 11a
NPC2	0.049586529103046444	No data	No data	No data	No data	No data	No data	0.40783037557775603	NPC intracellular cholesterol transporter 2
ARSJ	0.049563605331055444	0.08152836725129912	No data	No data	No data	No data	No data	No data	arylsulfatase family member J
FPR1	0.04945357336691483	No data	No data	No data	No data	0.4067368651267808	No data	No data	formyl peptide receptor 1
NMBR	0.04942957322900179	0.0813078946208941	No data	No data	No data	No data	No data	No data	neuromedin B receptor
MATR3	0.04939142584453697	No data	No data	No data	No data	No data	No data	0.4062257253504935	matrin 3
ST6GAL1	0.049318378386258535	No data	No data	No data	No data	0.4056249377397539	No data	No data	ST6 beta-galactoside alpha-2,6-sialyltransferase 1
DUSP1	0.04908237426111725	No data	No data	No data	No data	0.09855616440898889	No data	0.3790448523108458	dual specificity phosphatase 1
PRTN3	0.049064789589045685	No data	No data	No data	No data	0.40353926616159785	No data	No data	proteinase 3
DHCR7	0.049058029910847324	No data	No data	No data	No data	0.06079307976116211	No data	0.3882854004345424	7-dehydrocholesterol reductase
ROMO1	0.049030927388170435	No data	No data	No data	No data	0.4032607624157086	No data	No data	reactive oxygen species modulator 1
CEBPB	0.04899626217042035	No data	No data	No data	No data	0.4029756541609017	No data	No data	CCAAT enhancer binding protein beta
MAFB	0.04880502170199442	No data	No data	No data	No data	0.19922398846730835	No data	0.35159677679868107	MAF bZIP transcription factor B
MUC15	0.048784540818380635	No data	No data	No data	No data	0.4012343264236699	No data	No data	mucin 15, cell surface associated
S1PR5	0.048776943899145456	No data	No data	No data	No data	0.40117184464724875	No data	No data	sphingosine-1-phosphate receptor 5
FBXO32	0.04871863730731352	No data	No data	No data	No data	0.4006922950664329	No data	No data	F-box protein 32
HMGN5	0.04867546343071328	No data	No data	No data	No data	0.02735688589252295	No data	0.393497984849897	high mobility group nucleosome binding domain 5
INSR	0.048486823713217955	No data	No data	0.06079307976116211	No data	0.32279436656517047	No data	No data	insulin receptor
CNPY4	0.04845630777514366	0.07970694685236224	No data	No data	No data	No data	No data	No data	canopy FGF signaling regulator 4
EGF	0.04844682587736207	No data	No data	No data	No data	0.3984567492525072	No data	No data	epidermal growth factor
PCGF2	0.04842456996026204	0.07965474055683269	No data	No data	No data	No data	No data	No data	polycomb group ring finger 2
CBY1	0.04837800297822747	No data	No data	No data	No data	No data	No data	0.39789070703680607	chibby family member 1, beta catenin antagonist
SOCS5	0.048299569920177705	No data	No data	No data	No data	0.3972456249126736	No data	No data	suppressor of cytokine signaling 5
NCF2	0.04828006431673603	No data	No data	No data	No data	No data	No data	0.3970851987299706	neutrophil cytosolic factor 2
PRDX3	0.0482541937269081	No data	No data	No data	No data	No data	No data	0.39687242295080655	peroxiredoxin 3
BRAP	0.04821611259970346	0.07931184402752779	No data	No data	No data	No data	No data	No data	BRCA1 associated protein
GAS5	0.04811724385853326	No data	No data	No data	No data	0.39574606227856496	No data	No data	growth arrest specific 5
PDGFA	0.048067042594938575	No data	No data	No data	No data	0.0644237775802315	No data	0.37922723155012916	platelet derived growth factor subunit A
C1QTNF12	0.048045381109011236	No data	No data	No data	No data	0.3951550184475537	No data	No data	C1q and TNF related 12
HHLA2	0.048045381109011236	No data	No data	No data	No data	0.3951550184475537	No data	No data	HHLA2 member of B7 family
DAB2IP	0.048045381109011236	No data	No data	No data	No data	0.3951550184475537	No data	No data	DAB2 interacting protein
VTN	0.047911921717041756	No data	No data	No data	No data	0.3940573656185327	No data	No data	vitronectin
NCF1	0.047688455291903256	0.07310760637715051	No data	No data	No data	0.10672562891404014	No data	No data	neutrophil cytosolic factor 1
HEYL	0.04767580125432653	No data	No data	No data	No data	0.39211536445949563	No data	No data	hes related family bHLH transcription factor with YRPW motif like
ARIH2	0.04755383990228059	No data	No data	No data	No data	No data	No data	0.39111227864343645	ariadne RBR E3 ubiquitin protein ligase 2
FPR2	0.04749897722081604	No data	No data	No data	No data	0.39066105391785844	No data	No data	formyl peptide receptor 2
CD80	0.047490976053475756	No data	No data	No data	No data	0.39059524735425194	No data	No data	CD80 molecule
ANGPT2	0.04742318937307667	No data	No data	No data	No data	0.39003772764423394	No data	No data	angiopoietin 2
ABCB5	0.04736841059878667	0.07791743860466198	No data	No data	No data	No data	No data	No data	ATP binding cassette subfamily B member 5
FASLG	0.04736415080631243	No data	No data	No data	No data	0.3895521578475055	No data	No data	Fas ligand
SPIB	0.04731618104867179	0.0770716114636602	No data	No data	No data	0.015198269940290528	No data	No data	Spi-B transcription factor
ZNF165	0.04718921359500893	0.07458301915237381	No data	No data	No data	0.06079307976116211	No data	No data	zinc finger protein 165
ANGPT1	0.04718097489333201	No data	No data	No data	No data	0.3880456055088178	No data	No data	angiopoietin 1
NDN	0.047127847789221085	No data	No data	No data	No data	No data	No data	0.38760865524803445	necdin, MAGE family member
LCN1	0.04710089925815033	No data	No data	No data	No data	0.3873870138114052	No data	No data	lipocalin 1
BORCS5	0.047056754997729655	No data	No data	No data	No data	No data	No data	0.38702394402949825	BLOC-1 related complex subunit 5
WT1	0.047056754997729655	No data	No data	No data	No data	No data	No data	0.38702394402949825	WT1 transcription factor
COPA	0.04703873797981377	No data	No data	No data	No data	0.09734491896756081	No data	0.3625395311556902	COPI coat complex subunit alpha
NAP1L5	0.04696110213809048	0.07724744711501154	No data	No data	No data	No data	No data	No data	nucleosome assembly protein 1 like 5
CYP4F2	0.04693664154495713	No data	No data	No data	No data	0.3860360564833794	No data	No data	cytochrome P450 family 4 subfamily F member 2
PPP1R15A	0.04693664154495713	No data	No data	No data	No data	0.3860360564833794	No data	No data	protein phosphatase 1 regulatory subunit 15A
FBXW7	0.04690153145876209	No data	No data	No data	No data	No data	No data	0.38574728935451386	F-box and WD repeat domain containing 7
ABCE1	0.04685550840807211	0.07707375344719077	No data	No data	No data	No data	No data	No data	ATP binding cassette subfamily E member 1
KIF5A	0.04668163144522468	No data	No data	No data	No data	No data	No data	0.38393869523161933	kinesin family member 5A
KIT	0.04660371948545581	No data	No data	No data	No data	0.38329789894300414	No data	No data	KIT proto-oncogene, receptor tyrosine kinase
TNFRSF12A	0.04656706169027242	No data	No data	No data	No data	0.3829964024953213	No data	No data	TNF receptor superfamily member 12A
IGFBP5	0.04656706169027242	No data	No data	No data	No data	0.3829964024953213	No data	No data	insulin like growth factor binding protein 5
OR4C5	0.04640083955766282	0.07632585771268356	No data	No data	No data	No data	No data	No data	olfactory receptor family 4 subfamily C member 5
CD28	0.04635932276681857	No data	No data	No data	No data	0.38128782872121736	No data	No data	CD28 molecule
HCRT	0.046357346533971326	No data	No data	No data	No data	0.38127157495635616	No data	No data	hypocretin neuropeptide precursor
SOD1	0.04633408492991235	No data	No data	No data	No data	0.3810802570945999	No data	No data	superoxide dismutase 1
ATP4A	0.04619748183558772	No data	No data	0.07599134970145263	No data	No data	No data	No data	ATPase H+/K+ transporting subunit alpha
CAMP	0.04619086933689699	No data	No data	No data	No data	0.3775422543504173	0.009440435462608974	No data	cathelicidin antimicrobial peptide
SLC22A5	0.0461871384274416	0.0693715316397331	No data	No data	No data	0.13205607881452436	No data	No data	solute carrier family 22 member 5
CD1D	0.046146972588780824	No data	No data	No data	No data	0.3063312628265158	No data	0.2928402652095179	CD1d molecule
TRIM63	0.046113100346048985	No data	No data	No data	No data	0.37926274279254824	No data	No data	tripartite motif containing 63
PEX14	0.04600232704172123	0.07567033488425108	No data	No data	No data	No data	No data	No data	peroxisomal biogenesis factor 14
TRIB2	0.045827901980903016	No data	No data	No data	No data	0.3769170945192051	No data	No data	tribbles pseudokinase 2
SLC45A1	0.04576730034437687	0.07528373381342574	No data	No data	No data	No data	No data	No data	solute carrier family 45 member 1
TNFRSF1A	0.04564714859632062	0.01654922726831635	No data	No data	No data	0.298391374394319	No data	0.2713803080538277	TNF receptor superfamily member 1A
FGF9	0.04559321877317824	No data	No data	No data	No data	0.0547137717850459	No data	0.3613084712905267	fibroblast growth factor 9
AGT	0.04551427498719674	No data	No data	No data	No data	0.37433763156932304	No data	No data	angiotensinogen
CRISPLD2	0.045458322126218316	No data	No data	No data	No data	0.37387744053114697	No data	No data	cysteine rich secretory protein LCCL domain containing 2
FUT11	0.04543742092195641	0.07474110721231182	No data	No data	No data	No data	No data	No data	fucosyltransferase 11
TEAD1	0.045351952519155934	0.07156086419152785	No data	No data	No data	0.06079307976116211	No data	No data	TEA domain transcription factor 1
TIMP3	0.045138357478635226	0.05840252513458627	No data	No data	No data	0.11576144053922996	No data	0.26548337931699495	TIMP metallopeptidase inhibitor 3
BRCA1	0.04512980669983191	No data	No data	No data	No data	0.3711755258750952	No data	No data	BRCA1 DNA repair associated
GZMB	0.04512924285507078	No data	No data	No data	No data	0.3711708884660074	No data	No data	granzyme B
C3AR1	0.04508874227153362	No data	No data	No data	No data	0.3708377865430889	No data	No data	complement C3a receptor 1
ESM1	0.04491175458556795	No data	No data	No data	No data	0.36938213002214104	No data	No data	endothelial cell specific molecule 1
FURIN	0.04490913920624333	No data	No data	No data	No data	0.3693606195201654	No data	No data	furin, paired basic amino acid cleaving enzyme
CX3CL1	0.04488022640203107	No data	No data	No data	No data	0.36912282268271407	No data	No data	C-X3-C motif chemokine ligand 1
DNAJB8	0.044836285890999715	0.07375228573243553	No data	No data	No data	No data	No data	No data	DnaJ heat shock protein family (Hsp40) member B8
UCHL1	0.04474749687237474	No data	No data	No data	No data	0.36803117269411517	No data	No data	ubiquitin C-terminal hydrolase L1
SCARA5	0.04474688090595026	No data	No data	No data	No data	No data	No data	0.3680261066041351	scavenger receptor class A member 5
MIR155HG	0.04473537029528339	No data	No data	No data	No data	0.36793143620158186	No data	No data	MIR155 host gene
RBMS1	0.04469863020269976	No data	No data	No data	No data	0.3676292628890275	No data	No data	RNA binding motif single stranded interacting protein 1
CCND1	0.04456403125856545	No data	No data	No data	No data	0.36652223767609937	No data	No data	cyclin D1
CYLD	0.04434958256216421	No data	No data	No data	No data	0.012158615952232422	No data	0.3617188245789145	CYLD lysine 63 deubiquitinase
CD96	0.04434958256216421	No data	No data	No data	No data	0.36475847856697263	No data	No data	CD96 molecule
RAB44	0.044261309912739126	0.07280649390790633	No data	No data	No data	No data	No data	No data	RAB44, member RAS oncogene family
TOMM5	0.044193743056772164	No data	No data	No data	No data	No data	No data	0.36347675780200817	translocase of outer mitochondrial membrane 5
NOTCH2	0.044090466019601954	No data	No data	No data	No data	0.36262734338201197	No data	No data	notch receptor 2
RIGI	0.04398767155160609	No data	No data	No data	No data	0.36178189791026005	No data	No data	RNA sensor RIG-I
CXCL1	0.04384793483878156	No data	No data	No data	No data	0.36063261650048845	No data	No data	C-X-C motif chemokine ligand 1
MICA	0.043771024285515145	0.06597558594536615	No data	No data	No data	0.12048850669330323	No data	No data	MHC class I polypeptide-related sequence A
ALOX15B	0.04374367692262279	No data	No data	No data	No data	0.08779196196175822	No data	0.3378271442327778	arachidonate 15-lipoxygenase type B
RUBCN	0.0436104228527948	No data	No data	No data	No data	0.3586791705908564	No data	No data	rubicon autophagy regulator
ACTMAP	0.0435971390765633	0.07110605251733716	No data	No data	No data	0.012158615952232422	No data	No data	actin maturation protease
NOX1	0.04350016486281387	No data	No data	No data	No data	0.3577723404844191	No data	No data	NADPH oxidase 1
EMC10	0.04343297662515545	0.07144394854774701	No data	No data	No data	No data	No data	No data	ER membrane protein complex subunit 10
SNX5	0.04341454552981192	No data	No data	No data	No data	No data	No data	0.35706815397718566	sorting nexin 5
CRHR1	0.043344736001704805	No data	No data	No data	No data	0.1244569438443791	No data	0.3253797611516799	corticotropin releasing hormone receptor 1
MAP1LC3A	0.04333202902834182	No data	No data	No data	No data	0.35638948708126356	No data	No data	microtubule associated protein 1 light chain 3 alpha
AOPEP	0.04331261110292109	No data	No data	No data	No data	0.3562297820169946	No data	No data	aminopeptidase O (putative)
TMEM184C	0.04320614184168172	0.07107082255320141	No data	No data	No data	No data	No data	No data	transmembrane protein 184C
PACSIN1	0.04320160393443507	0.07106335804035804	No data	No data	No data	No data	No data	No data	protein kinase C and casein kinase substrate in neurons 1
PDPN	0.0431670810187793	No data	No data	No data	No data	0.04037167105139174	No data	0.3449399345648338	podoplanin
TNRC6C	0.04314844803443894	No data	No data	No data	No data	No data	No data	0.3548796031057838	trinucleotide repeat containing adaptor 6C
BBS2	0.043143314980901654	No data	No data	No data	No data	0.354837385689283	No data	No data	Bardet-Biedl syndrome 2
MAPK8	0.04313012912889908	No data	No data	No data	No data	0.3547289370627751	No data	No data	mitogen-activated protein kinase 8
CCN2	0.04309249122712972	No data	No data	No data	No data	0.35441937961053527	No data	No data	cellular communication network factor 2
KRT17	0.04305605307076775	No data	No data	No data	No data	0.3541196896087692	No data	No data	keratin 17
SMIM34	0.04303793362567672	0.07079413281044476	No data	No data	No data	No data	No data	No data	small integral membrane protein 34
VIM	0.04301903606396919	No data	No data	No data	No data	0.3538152387819317	No data	No data	vimentin
LGALS13	0.04287126314342541	No data	No data	No data	No data	0.3525998626147402	No data	No data	galectin 13
CD38	0.04282723205336315	No data	No data	No data	No data	0.3522377236160643	No data	No data	CD38 molecule
PDGFRB	0.04281158167700749	No data	No data	No data	No data	0.3521090052124472	No data	No data	platelet derived growth factor receptor beta
STARD7	0.04271973540300468	No data	No data	No data	No data	No data	No data	0.35135360447963637	StAR related lipid transfer domain containing 7
CCDC136	0.042704799466383954	0.07024615241431818	No data	No data	No data	No data	No data	No data	coiled-coil domain containing 136
GULP1	0.04254274771703901	No data	No data	No data	No data	0.3498979479586886	No data	No data	GULP PTB domain containing engulfment adaptor 1
TDP1	0.04250168328874071	No data	No data	No data	No data	0.34956020862668213	No data	No data	tyrosyl-DNA phosphodiesterase 1
TIMP2	0.042461206590519926	No data	No data	No data	No data	0.3492273031514224	No data	No data	TIMP metallopeptidase inhibitor 2
MIR155	0.04240189672797585	No data	No data	No data	No data	0.02735688589252295	No data	0.3419002805767757	microRNA 155
PHF14	0.04237972193669475	No data	No data	No data	No data	No data	No data	0.34855712281062295	PHD finger protein 14
NDST2	0.042261364284605786	0.06951673521170187	No data	No data	No data	No data	No data	No data	N-deacetylase and N-sulfotransferase 2
GPRC5A	0.04220472572418705	No data	No data	No data	No data	0.13175683678834926	No data	0.3141786362056858	G protein-coupled receptor class C group 5 member A
KDM1A	0.04213210343405601	No data	No data	No data	No data	0.346520554638624	No data	No data	lysine demethylase 1A
COL4A4	0.042132103434056004	No data	No data	No data	No data	0.34652055463862397	No data	No data	collagen type IV alpha 4 chain
ADAMTSL2	0.042045252168205094	No data	No data	No data	No data	No data	No data	0.3458062359514303	ADAMTS like 2
CLDN10	0.042014043202698394	No data	No data	No data	No data	0.3455495540591055	No data	No data	claudin 10
RORC	0.041926781292564504	No data	No data	No data	No data	0.3448318579785918	No data	No data	RAR related orphan receptor C
CREBBP	0.04192513871543258	No data	No data	No data	No data	0.06079307976116211	No data	0.32962007846502095	CREB binding protein
OR4S1	0.04185387577160881	0.06884644754968858	No data	No data	No data	No data	No data	No data	olfactory receptor family 4 subfamily S member 1
SOX5	0.04180502526266004	No data	No data	No data	No data	0.015198269940290528	No data	0.34003089337411996	SRY-box transcription factor 5
MUC4	0.04180098225552586	No data	No data	No data	No data	0.10047953820996995	No data	0.31867732410801175	mucin 4, cell surface associated
CCDC163	0.04179236344759003	0.06874526444749923	No data	No data	No data	No data	No data	No data	CCDC163 homolog
GARIN5A	0.04176849813077769	0.06870600781351047	No data	No data	No data	No data	No data	No data	golgi associated RAB2 interactor 5A
FN1	0.04167650368193076	No data	No data	No data	No data	0.3427734196529056	No data	No data	fibronectin 1
CH25H	0.041649596401550984	No data	No data	No data	No data	0.34255211748754816	No data	No data	cholesterol 25-hydroxylase
GUCY1B1	0.04157773365202895	No data	No data	0.06839221473130737	No data	No data	No data	No data	guanylate cyclase 1 soluble subunit beta 1
GUCY1B2	0.04157773365202895	No data	No data	0.06839221473130737	No data	No data	No data	No data	guanylate cyclase 1 soluble subunit beta 2 (pseudogene)
CD1B	0.04157773365202895	No data	No data	No data	No data	0.34196107365653683	No data	No data	CD1b molecule
EFEMP1	0.041459641993812954	No data	No data	No data	No data	0.34098981460303973	No data	No data	EGF containing fibulin extracellular matrix protein 1
TSC22D1	0.04141883695734997	0.06813084173407934	No data	No data	No data	No data	No data	No data	TSC22 domain family member 1
XRCC1	0.04141409190526023	No data	No data	No data	No data	0.34061518241849115	No data	No data	X-ray repair cross complementing 1
DRD4	0.041392943724686604	No data	No data	0.06079307976116211	No data	0.14590339142678904	No data	No data	dopamine receptor D4
TSHZ1	0.04134305044430416	No data	No data	No data	No data	No data	No data	0.34003089337411996	teashirt zinc finger homeobox 1
THBS1	0.04124162130640737	No data	No data	No data	No data	0.33919667722406405	No data	No data	thrombospondin 1
CCDC38	0.041222745944755404	0.06780828690816008	No data	No data	No data	No data	No data	No data	coiled-coil domain containing 38
PIR	0.041187621583195104	No data	No data	No data	No data	0.33875255000247556	No data	No data	pirin
SMPD1	0.04114870046663912	No data	No data	No data	No data	0.33843243859580807	No data	No data	sphingomyelin phosphodiesterase 1
VEZT	0.041126844103986954	0.06765053566222022	No data	No data	No data	No data	No data	No data	vezatin, adherens junctions transmembrane protein
PGAM5	0.04108496051244935	No data	No data	No data	No data	0.33790820167245933	No data	No data	PGAM family member 5, mitochondrial serine/threonine protein phosphatase
CXCL16	0.041013097762927324	No data	No data	No data	No data	0.33731715784144806	No data	No data	C-X-C motif chemokine ligand 16
EPO	0.04098666049415549	No data	No data	No data	No data	0.3370997213431189	No data	No data	erythropoietin
AKNA	0.04083303024483928	No data	No data	No data	No data	No data	No data	0.3358361708705998	AT-hook transcription factor
RNASE3	0.040668677125044635	No data	No data	No data	No data	0.33448442885949964	No data	No data	ribonuclease A family member 3
ZSCAN21	0.04065693114210746	0.0668775645218772	No data	No data	No data	No data	No data	No data	zinc finger and SCAN domain containing 21
OGG1	0.04063074626578384	No data	No data	No data	No data	0.3341724619431186	No data	No data	8-oxoguanine DNA glycosylase
DRD2	0.040595971204136085	No data	No data	0.06079307976116211	No data	0.11968420583258707	No data	No data	dopamine receptor D2
AHSG	0.04054865907887355	No data	No data	No data	No data	0.3334973259964551	No data	No data	alpha 2-HS glycoprotein
UBD	0.040393760625190935	0.061505231274308736	No data	No data	No data	0.09878875461188842	No data	No data	ubiquitin D
SNAI2	0.04038583862067079	No data	No data	No data	No data	0.33215818954504944	No data	No data	snail family transcriptional repressor 2
KLF2	0.04030761088476253	No data	No data	No data	No data	0.33151479611757717	No data	No data	KLF transcription factor 2
HTR2A	0.040291287774513955	No data	No data	0.06079307976116211	No data	0.10966058370917624	No data	No data	5-hydroxytryptamine receptor 2A
MKI67	0.04025926683681148	No data	No data	No data	No data	0.33111718467774737	No data	No data	marker of proliferation Ki-67
PHPT1	0.040232462980976644	No data	No data	No data	No data	No data	No data	0.33089673314000534	phosphohistidine phosphatase 1
HIKESHI	0.04014376381585231	No data	No data	No data	No data	No data	No data	0.3301672161828714	heat shock protein nuclear import factor hikeshi
PSMD3	0.04012270806138601	0.06599880811930596	No data	No data	No data	No data	No data	No data	proteasome 26S subunit, non-ATPase 3
PRF1	0.04011688138073338	No data	No data	No data	No data	0.32994611836035165	No data	No data	perforin 1
ROCK1	0.04006861591206642	No data	No data	No data	No data	0.32954915320529954	No data	No data	Rho associated coiled-coil containing protein kinase 1
CD207	0.03994648795071766	No data	No data	No data	No data	0.3285446970909806	No data	No data	CD207 molecule
IL1RL2	0.03989409209179865	No data	No data	No data	No data	0.32811376104427215	No data	No data	interleukin 1 receptor like 2
CAT	0.0398430432579095	No data	No data	No data	No data	0.3276939037670154	No data	No data	catalase
GORAB	0.039723730342641796	0.06534252006758745	No data	No data	No data	No data	No data	No data	golgin, RAB6 interacting
BICD1	0.03962375010821045	No data	No data	No data	No data	0.325890300868786	No data	No data	BICD cargo adaptor 1
LINC02210-CRHR1	0.0395616755447239	No data	No data	No data	No data	No data	No data	0.3253797611516799	LINC02210-CRHR1 readthrough
SERPINA3	0.039497436628376584	No data	No data	No data	No data	0.32485142045402404	No data	No data	serpin family A member 3
LINC00261	0.039485911674513534	No data	No data	No data	No data	No data	No data	0.32475663208412797	long intergenic non-protein coding RNA 261
TACR1	0.03945264948759192	No data	No data	0.06079307976116211	No data	0.08207065767756885	No data	No data	tachykinin receptor 1
KAT7	0.039360254523920744	No data	No data	No data	No data	0.3237231497281882	No data	No data	lysine acetyltransferase 7
KLRC2	0.039308923988547864	No data	No data	No data	No data	0.32330097556318016	No data	No data	killer cell lectin like receptor C2
IL17C	0.03928547559473152	No data	No data	No data	No data	0.3231081214265871	No data	No data	interleukin 17C
PPP1R10	0.03917546459657839	No data	No data	No data	No data	0.3222033227341592	No data	No data	protein phosphatase 1 regulatory subunit 10
MT-RNR1	0.03917546459657839	No data	No data	No data	No data	0.3222033227341592	No data	No data	mitochondrially encoded 12S rRNA
ZSCAN26	0.039125902526906106	0.06435913870562261	No data	No data	No data	No data	No data	No data	zinc finger and SCAN domain containing 26
VWA7	0.039113605240753406	0.0643389106036725	No data	No data	No data	No data	No data	No data	von Willebrand factor A domain containing 7
NOTCH1	0.039106552594358926	No data	No data	No data	No data	0.32163654767941446	No data	No data	notch receptor 1
NGF	0.03909935549091926	No data	No data	No data	No data	0.32157735423611516	No data	No data	nerve growth factor
TREM1	0.03906310984757433	No data	No data	No data	No data	0.32127924758082366	No data	No data	triggering receptor expressed on myeloid cells 1
MLLT6	0.03905145370268965	0.06423667604291668	No data	No data	No data	No data	No data	No data	MLLT6, PHD finger containing
NR1H3	0.03899067466923604	No data	No data	No data	No data	0.3206834957401301	No data	No data	nuclear receptor subfamily 1 group H member 3
LFNG	0.038879800712830634	No data	No data	No data	No data	No data	No data	0.3197715995437127	LFNG O-fucosylpeptide 3-beta-N-acetylglucosaminyltransferase
KCNQ2	0.03886501751864324	No data	No data	No data	No data	No data	No data	0.3196500133841903	potassium voltage-gated channel subfamily Q member 2
PGR-AS1	0.03877632614644606	No data	No data	No data	No data	0.31892056052092355	No data	No data	PGR antisense RNA 1
PIMREG	0.03877283904551811	No data	No data	No data	No data	0.31889188043972305	No data	No data	PICALM interacting mitotic regulator
CCDC112	0.038611535536706855	0.06351304406422585	No data	No data	No data	No data	No data	No data	coiled-coil domain containing 112
GPX5	0.0385060877068927	0.06333959039116235	No data	No data	No data	No data	No data	No data	glutathione peroxidase 5
LINC00987	0.038436304887208984	No data	No data	No data	No data	0.31612401475804297	No data	No data	long intergenic non-protein coding RNA 987
TMBIM4	0.03836872996316602	0.0631136473327315	No data	No data	No data	No data	No data	No data	transmembrane BAX inhibitor motif containing 4
HLA-A	0.03820183666247475	No data	No data	No data	No data	0.3141956026291017	No data	No data	major histocompatibility complex, class I, A
ECEL1	0.03819977378021078	No data	No data	No data	No data	No data	No data	0.3141786362056858	endothelin converting enzyme like 1
CXCL9	0.03818837359361522	No data	No data	No data	No data	0.30770245022566783	0.025529695094108216	No data	C-X-C motif chemokine ligand 9
CD1C	0.03807007559562236	No data	No data	No data	No data	0.31311191787937326	No data	No data	CD1c molecule
MRPL57	0.038050225598291625	0.06258973183753747	No data	No data	No data	No data	No data	No data	mitochondrial ribosomal protein L57
PNCK	0.037948459479025184	No data	No data	No data	No data	No data	No data	0.3121116714938063	pregnancy up-regulated nonubiquitous CaM kinase
PHOX2A	0.037948459479025184	No data	No data	No data	No data	No data	No data	0.3121116714938063	paired like homeobox 2A
SIGLEC14	0.037934877281344065	No data	No data	No data	No data	0.16539668791150947	No data	0.2706507910966937	sialic acid binding Ig like lectin 14
RRBP1	0.03788193510518193	No data	No data	No data	No data	0.3115645337759558	No data	No data	ribosome binding protein 1
CD33	0.037760894560086855	No data	No data	No data	No data	0.15967292060310087	No data	0.2706507910966937	CD33 molecule
SNAI1	0.03773558703497394	No data	No data	No data	No data	0.3103608764618096	No data	No data	snail family transcriptional repressor 1
CHST6	0.03770541343690441	0.06202254201471243	No data	No data	No data	No data	No data	No data	carbohydrate sulfotransferase 6
CAP1	0.037697145177839585	No data	No data	No data	No data	0.31004470678192675	No data	No data	cyclase associated actin cytoskeleton regulatory protein 1
LTA4H	0.03768190966968289	No data	No data	No data	No data	0.3099194005117349	No data	No data	leukotriene A4 hydrolase
IL1RN	0.037628359303592304	No data	No data	No data	No data	0.3094789690818668	No data	No data	interleukin 1 receptor antagonist
HCRTR2	0.03760475021416841	No data	No data	0.06079307976116211	No data	0.021277577916406734	No data	No data	hypocretin receptor 2
HRH2	0.03751235525049724	No data	No data	0.06079307976116211	No data	0.01823792392834863	No data	No data	histamine receptor H2
HSPB1	0.03747129082219893	No data	No data	No data	No data	0.30818714045589124	No data	No data	heat shock protein family B (small) member 1
H2BC12L	0.037451072024708376	0.060692273508164855	No data	No data	No data	0.01823792392834863	No data	No data	H2B clustered histone 12 like
HCRTR1	0.037327565323154885	No data	No data	0.06079307976116211	No data	0.012158615952232422	No data	No data	hypocretin receptor 1
BTBD10	0.037319123750344865	0.06138712481249606	No data	No data	No data	No data	No data	No data	BTB domain containing 10
EFEMP2	0.0372180133899258	No data	No data	No data	No data	0.30610402973615	No data	No data	EGF containing fibulin extracellular matrix protein 2
RBP4	0.037111977074588805	No data	No data	No data	No data	0.30523192130083476	No data	No data	retinol binding protein 4
IFNL3	0.03695798546847018	No data	No data	No data	No data	0.3039653988058105	No data	No data	interferon lambda 3
HTR2C	0.03695798546847018	No data	No data	0.06079307976116211	No data	No data	No data	No data	5-hydroxytryptamine receptor 2C
PARP2	0.03695798546847018	No data	No data	No data	No data	0.3039653988058105	No data	No data	poly(ADP-ribose) polymerase 2
DRD3	0.03695798546847018	No data	No data	0.06079307976116211	No data	No data	No data	No data	dopamine receptor D3
FLT1	0.036799608064079815	No data	No data	No data	No data	0.3026628047851376	No data	No data	fms related receptor tyrosine kinase 1
GPX6	0.0367990993750915	0.06053172420226808	No data	No data	No data	No data	No data	No data	glutathione peroxidase 6
PELO	0.03678702697227224	0.06051186601632539	No data	No data	No data	No data	No data	No data	pelota mRNA surveillance and ribosome rescue factor
SPHK2	0.03675266332697868	No data	No data	No data	No data	0.3022767021457783	No data	No data	sphingosine kinase 2
GJE1	0.03663496026857299	0.06026172783563661	No data	No data	No data	No data	No data	No data	gap junction protein epsilon 1
COL1A1	0.03655293621384282	No data	No data	No data	No data	0.10655844794469695	No data	0.2739944104835576	collagen type I alpha 1 chain
SERPINB1	0.03653450855164395	No data	No data	No data	No data	0.1628545285001931	No data	0.25976882981944566	serpin family B member 1
UCP3	0.03653091541416786	No data	No data	No data	No data	0.30045290975294336	No data	No data	uncoupling protein 3
MCOLN3	0.036496010650114305	No data	No data	No data	No data	0.3001658313207379	No data	No data	mucolipin TRP cation channel 3
SDC1	0.03641736936002876	No data	No data	No data	No data	0.29951903656716977	No data	No data	syndecan 1
HACE1	0.036403615686443125	No data	No data	No data	No data	0.2994059178237234	No data	No data	HECT domain and ankyrin repeat containing E3 ubiquitin protein ligase 1
NFKBIA	0.036403000705058405	No data	No data	No data	No data	0.2994008598353213	No data	No data	NFKB inhibitor alpha
ABCG2	0.03639331815251016	No data	No data	No data	No data	0.29932122451674315	No data	No data	ATP binding cassette subfamily G member 2 (Junior blood group)
ENG	0.03622252155764762	No data	No data	No data	No data	0.03951550184475537	No data	0.28803761190838606	endoglin
DHTKD1	0.036222515583400075	No data	No data	No data	No data	0.29791643823365704	No data	No data	dehydrogenase E1 and transketolase domain containing 1
NTN1	0.03621882575910078	No data	No data	No data	No data	0.2978860908296943	No data	No data	netrin 1
PPA2	0.036185297698277115	0.0595220670517736	No data	No data	No data	No data	No data	No data	inorganic pyrophosphatase 2
ZNF839	0.036184151675915134	0.05952018193200917	No data	No data	No data	No data	No data	No data	zinc finger protein 839
SLC5A2	0.036172102401168096	No data	No data	No data	No data	0.29750180894994555	No data	No data	solute carrier family 5 member 2
GOLPH3	0.03605769881518212	0.05931217657806131	No data	No data	No data	No data	No data	No data	golgi phosphoprotein 3
SPDYA	0.03592405359174992	0.05909234033361169	No data	No data	No data	No data	No data	No data	speedy/RINGO cell cycle regulator family member A
MVB12B	0.0359021708557735	0.05905634489455449	No data	No data	No data	No data	No data	No data	multivesicular body subunit 12B
AXL	0.03587244730640461	No data	No data	No data	No data	0.29503725956421983	No data	No data	AXL receptor tyrosine kinase
TPH1	0.03587008610177746	No data	No data	No data	No data	0.12859425066145816	No data	0.26286927688726497	tryptophan hydroxylase 1
CAMK2G	0.0358450150466228	0.058962327928519465	No data	No data	No data	No data	No data	No data	calcium/calmodulin dependent protein kinase II gamma
WNT5B	0.03583158820024781	No data	No data	No data	No data	0.29470120892887347	No data	No data	Wnt family member 5B
TNFRSF1B	0.03581494676177145	No data	No data	No data	No data	0.2945643394155857	No data	No data	TNF receptor superfamily member 1B
MAPKAP1	0.035746476557832745	0.05788834340037549	No data	No data	No data	0.01823792392834863	No data	No data	MAPK associated protein 1
IGFBP3	0.03570376259642599	No data	No data	No data	No data	0.2936498918684119	No data	No data	insulin like growth factor binding protein 3
SIGLEC8	0.03563645202734198	No data	No data	No data	No data	0.08978198758601481	No data	0.2706507910966937	sialic acid binding Ig like lectin 8
ARID1A	0.03558356185468832	0.05853225728073907	No data	No data	No data	No data	No data	No data	AT-rich interaction domain 1A
AP2A2	0.035576277696660705	0.056557165526604836	No data	No data	No data	0.03926219734575053	No data	No data	adaptor related protein complex 2 subunit alpha 2
ROS1	0.03556113875529073	0.05013632451772573	No data	No data	No data	0.16718096934319582	No data	No data	ROS proto-oncogene 1, receptor tyrosine kinase
APOA1	0.03552335549284422	No data	No data	No data	No data	0.2921661119358067	No data	No data	apolipoprotein A1
LHX9	0.03547966604973137	No data	No data	No data	No data	0.2918067828535781	No data	No data	LIM homeobox 9
AGR3	0.03547966604973137	No data	No data	No data	No data	0.2918067828535781	No data	No data	anterior gradient 3, protein disulphide isomerase family member
KAT2A	0.03539835848170074	No data	No data	No data	No data	No data	No data	0.2911380589762053	lysine acetyltransferase 2A
PROM1	0.03539337223689991	No data	No data	No data	No data	0.2910970490058237	No data	No data	prominin 1
PRXL2A	0.035384978848126386	0.05820560331396834	No data	No data	No data	No data	No data	No data	peroxiredoxin like 2A
STAT1	0.0353116381610345	No data	No data	No data	No data	0.15545221284700547	No data	0.2515617640516888	signal transducer and activator of transcription 1
FPR3	0.03492529626770432	No data	No data	No data	No data	0.287247301871491	No data	No data	formyl peptide receptor 3
SULF2	0.034921703130228215	No data	No data	No data	No data	0.06845638520438858	No data	0.27010365337884323	sulfatase 2
TSBP1	0.03485658434089485	0.05733643447220634	No data	No data	No data	No data	No data	No data	testis expressed basic protein 1
USB1	0.034796651771246995	0.057237849946001534	No data	No data	No data	No data	No data	No data	U6 snRNA biogenesis phosphodiesterase 1
CIC	0.03474789793745566	No data	No data	No data	No data	No data	No data	0.28578826795722306	capicua transcriptional repressor
GREM1	0.03474789793745566	No data	No data	No data	No data	No data	No data	0.28578826795722306	gremlin 1, DAN family BMP antagonist
IL36A	0.034591327233825034	No data	No data	No data	No data	0.28450053336435704	No data	No data	interleukin 36 alpha
GATA2	0.034563228326139825	0.04569160118055308	No data	No data	No data	0.22324569845626752	No data	No data	GATA binding protein 2
CYBA	0.03454596361129877	No data	No data	No data	No data	0.09986614308098901	No data	0.2591608990218341	cytochrome b-245 alpha chain
USP13	0.03453354162173854	No data	No data	No data	No data	0.012158615952232422	No data	0.2809856146560913	ubiquitin specific peptidase 13
IL23R	0.034499252824109455	No data	No data	No data	No data	0.283743256301924	No data	No data	interleukin 23 receptor
SIGLEC5	0.03449607033091634	No data	No data	No data	No data	0.052265161627999095	No data	0.2706507910966937	sialic acid binding Ig like lectin 5
SFRP2	0.034401724806900985	No data	No data	No data	No data	0.2829411253884086	No data	No data	secreted frizzled related protein 2
DBNL	0.03440049287405204	No data	No data	No data	No data	No data	No data	0.28293099320844844	drebrin like
ZKSCAN4	0.034371709318734664	0.05653885187881724	No data	No data	No data	No data	No data	No data	zinc finger with KRAB and SCAN domains 4
ALPL	0.03437092648567727	No data	No data	No data	No data	0.2826878208894038	No data	No data	alkaline phosphatase, biomineralization associated
CYP1A1	0.03435191274170849	No data	No data	No data	No data	0.28253144006412345	No data	No data	cytochrome P450 family 1 subfamily A member 1
ALDH3A1	0.03429146681692006	No data	No data	No data	No data	0.2820342952819713	No data	No data	aldehyde dehydrogenase 3 family member A1
CXCL2	0.03426218782095046	No data	No data	No data	No data	0.2817934866563463	No data	No data	C-X-C motif chemokine ligand 2
EGR1	0.03423165019292386	No data	No data	No data	No data	0.28154232625991155	No data	No data	early growth response 1
MYBPC2	0.03421185547808545	0.056275904449147235	No data	No data	No data	No data	No data	No data	myosin binding protein C2
SREK1	0.03418613655833492	No data	No data	No data	No data	0.2811679938953748	No data	No data	splicing regulatory glutamic acid and lysine rich protein 1
RAB1A	0.034173484278157	0.05621278673890916	No data	No data	No data	No data	No data	No data	RAB1A, member RAS oncogene family
ADAMTS7	0.034165446565018055	0.056199565311124085	No data	No data	No data	No data	No data	No data	ADAM metallopeptidase with thrombospondin type 1 motif 7
OR51E2	0.03414917857286645	No data	No data	No data	No data	No data	No data	0.28086402849656894	olfactory receptor family 51 subfamily E member 2
CD69	0.03408957120360186	No data	No data	No data	No data	0.2803737805152298	No data	No data	CD69 molecule
MECP2	0.034042000415007885	No data	No data	No data	No data	0.10030858160591748	No data	0.25490538343855274	methyl-CpG binding protein 2
EGR3	0.03400134663099257	No data	No data	No data	No data	0.2796481669013457	No data	No data	early growth response 3
NMUR2	0.03400134663099257	No data	No data	No data	No data	0.2796481669013457	No data	No data	neuromedin U receptor 2
RECK	0.03400134663099257	No data	No data	No data	No data	0.2796481669013457	No data	No data	reversion inducing cysteine rich protein with kazal motifs
RUNX1	0.033923734861508785	No data	No data	No data	No data	0.03343619386863916	No data	0.2706507910966937	RUNX family transcription factor 1
KEAP1	0.033868766733573065	No data	No data	No data	No data	0.27855774758108454	No data	No data	kelch like ECH associated protein 1
GYG1	0.033690899553057416	No data	No data	No data	No data	No data	No data	0.27709485755137686	glycogenin 1
TRIM27	0.033658226663617154	0.05536522708809998	No data	No data	No data	No data	No data	No data	tripartite motif containing 27
ID1	0.033631766776307866	No data	No data	No data	No data	0.2766085129132876	No data	No data	inhibitor of DNA binding 1
E2F3	0.03361698358212047	No data	No data	No data	No data	0.030396539880581056	No data	0.26888779178362	E2F transcription factor 3
CD151	0.033576877180963915	0.052723698826106016	No data	No data	No data	0.05015429080295874	No data	No data	CD151 molecule (Raph blood group)
BNIP3L	0.03350610962571507	No data	No data	No data	No data	0.27557503055734783	No data	No data	BCL2 interacting protein 3 like
TAC1	0.033504832071467226	No data	No data	No data	No data	0.2755645231587026	No data	No data	tachykinin precursor 1
ZCCHC10	0.03349335716881152	0.05509402928819685	No data	No data	No data	No data	No data	No data	zinc finger CCHC-type containing 10
MAPK3	0.033487597660843596	0.03725279502778312	No data	No data	No data	0.22885678288990569	No data	No data	mitogen-activated protein kinase 3
MYH10	0.03342644463481636	No data	No data	No data	No data	0.2749198162532553	No data	No data	myosin heavy chain 10
BCL2L11	0.033386817461508504	No data	No data	No data	No data	0.2745938977978691	No data	No data	BCL2 like 11
KDM6B	0.033358277683841184	No data	No data	No data	No data	No data	No data	0.2743591689621246	lysine demethylase 6B
LLPH	0.033322111749109276	0.05481234357598254	No data	No data	No data	No data	No data	No data	LLP homolog, long-term synaptic facilitation factor
CLIC1	0.03332083928711906	0.05481025047263062	No data	No data	No data	No data	No data	No data	chloride intracellular channel 1
ADAMTS13	0.033262186921623166	No data	No data	No data	No data	0.2735688589252295	No data	No data	ADAM metallopeptidase with thrombospondin type 1 motif 13
CDKN1B	0.033262186921623166	No data	No data	No data	No data	0.2735688589252295	No data	No data	cyclin dependent kinase inhibitor 1B
USP49	0.033262186921623166	No data	No data	No data	No data	0.2735688589252295	No data	No data	ubiquitin specific peptidase 49
IDS	0.033262186921623166	No data	No data	No data	No data	0.2735688589252295	No data	No data	iduronate 2-sulfatase
SOCS2	0.033262186921623166	No data	No data	No data	No data	0.2735688589252295	No data	No data	suppressor of cytokine signaling 2
KLRK1	0.03321102131346942	No data	No data	No data	No data	0.27314804122398156	No data	No data	killer cell lectin like receptor K1
TXN	0.033134750423276994	No data	No data	No data	No data	0.2725207421095753	No data	No data	thioredoxin
CAV2	0.03306635331410713	0.05439164037093527	No data	No data	No data	No data	No data	No data	caveolin 2
ITGA9	0.03306261380009342	No data	No data	No data	No data	0.030396539880581056	No data	0.2643283108015328	integrin subunit alpha 9
MBOAT2	0.03303250181373029	0.05433595722326479	No data	No data	No data	No data	No data	No data	membrane bound O-acyltransferase domain containing 2
PTMA	0.033000606513362986	No data	No data	No data	No data	0.27141745938034834	No data	No data	prothymosin alpha
PRDM15	0.03294393760231133	No data	No data	No data	No data	0.27095137910217937	No data	No data	PR/SET domain 15
AMPD3	0.03290739026112585	No data	No data	No data	No data	No data	No data	0.2706507910966937	adenosine monophosphate deaminase 3
SIGLEC6	0.03290739026112585	No data	No data	No data	No data	No data	No data	0.2706507910966937	sialic acid binding Ig like lectin 6
AZU1	0.03287207485278931	No data	No data	No data	No data	0.27036033527116815	No data	No data	azurocidin 1
ITGAL	0.03272251437025788	No data	No data	No data	No data	0.2633806092579054	0.022998591309593853	No data	integrin subunit alpha L
SMAD2	0.03272108916734562	No data	No data	No data	No data	0.26911853533245084	No data	No data	SMAD family member 2
ALOX5AP	0.03270781713959611	No data	No data	No data	No data	0.26900937794314234	No data	No data	arachidonate 5-lipoxygenase activating protein
PDGFRA	0.03267886671764581	No data	No data	No data	No data	0.03090314887859074	No data	0.2610454844944301	platelet derived growth factor receptor alpha
POFUT1	0.032659502944316715	0.05372240240604057	No data	No data	No data	No data	No data	No data	protein O-fucosyltransferase 1
LPAR2	0.032596943183190695	No data	No data	No data	No data	No data	No data	0.2680974817467249	lysophosphatidic acid receptor 2
C9orf72	0.03257476839190961	No data	No data	No data	No data	No data	No data	0.2679151025074414	C9orf72-SMCR8 complex subunit
ANPEP	0.032569594943449964	No data	No data	No data	No data	0.2678725528580407	No data	No data	alanyl aminopeptidase, membrane
PREX2	0.03252302721225376	No data	No data	No data	No data	0.26748955094911325	No data	No data	phosphatidylinositol-3,4,5-trisphosphate dependent Rac exchange factor 2
LAMP1	0.032475174582542884	No data	No data	No data	No data	0.2670959812377343	No data	No data	lysosomal associated membrane protein 1
KLRD1	0.03244199224312072	No data	No data	No data	No data	0.26682306909417686	No data	No data	killer cell lectin like receptor D1
CCL17	0.03232549791025845	No data	No data	No data	No data	0.26586494743526473	No data	No data	C-C motif chemokine ligand 17
BAIAP2	0.03231770507076226	No data	No data	No data	No data	0.265800854289081	No data	No data	BAR/IMD domain containing adaptor protein 2
CFLAR	0.03228690674953853	No data	No data	No data	No data	0.26554754979007616	No data	No data	CASP8 and FADD like apoptosis regulator
AVP	0.032246748322974486	No data	No data	No data	No data	0.2652172619783564	No data	No data	arginine vasopressin
LINC00612	0.032215044000016506	No data	No data	No data	No data	0.26495650595906484	No data	No data	long intergenic non-protein coding RNA 612
ERN1	0.032198618228697184	No data	No data	No data	No data	0.2648214102262622	No data	No data	endoplasmic reticulum to nucleus signaling 1
RAG2	0.03195017843749247	No data	No data	No data	No data	0.021277577916406734	No data	0.2574586927885215	recombination activating 2
GIT2	0.031850391876727606	No data	No data	No data	No data	0.01823792392834863	No data	0.25739789970876037	GIT ArfGAP 2
LYN	0.03181979887764537	No data	No data	No data	No data	0.2617057648885027	No data	No data	LYN proto-oncogene, Src family tyrosine kinase
EP300	0.03181751519260225	No data	No data	No data	No data	0.26168698244605954	No data	No data	E1A binding protein p300
SPAG17	0.03180604229416544	No data	No data	No data	No data	No data	No data	0.2615926222122806	sperm associated antigen 17
ELK3	0.031798650697071745	No data	No data	No data	No data	No data	No data	0.2615318291325194	ETS transcription factor ELK3
HACD4	0.03178386750288435	No data	No data	No data	No data	0.26141024297299703	No data	No data	3-hydroxyacyl-CoA dehydratase 4
PIAS3	0.03178386750288435	No data	No data	No data	No data	0.26141024297299703	No data	No data	protein inhibitor of activated STAT 3
GLCE	0.03176169271160327	No data	No data	No data	No data	No data	No data	0.26122786373371354	glucuronic acid epimerase
CRH	0.03174690951741589	No data	No data	No data	No data	0.01823792392834863	No data	0.2565467965921041	corticotropin releasing hormone
FOXO1	0.03173390313835354	No data	No data	No data	No data	0.260999305044477	No data	No data	forkhead box O1
SYK	0.031704613156268636	No data	No data	No data	No data	0.26075840606222456	No data	No data	spleen associated tyrosine kinase
SLIT3	0.03170255993485372	No data	No data	No data	No data	No data	No data	0.26074151909562426	slit guidance ligand 3
LGMN	0.031678370193604456	0.05210851353157191	No data	No data	No data	No data	No data	No data	legumain
CTSD	0.03167575282464572	No data	No data	No data	No data	0.2605210407918986	No data	No data	cathepsin D
TEK	0.031670940325064026	No data	No data	No data	No data	0.2604814598099793	No data	No data	TEK receptor tyrosine kinase
CCL24	0.031540150120933946	No data	No data	No data	No data	0.2594057600375388	No data	No data	C-C motif chemokine ligand 24
PHOX2B	0.03139211285691857	No data	No data	No data	No data	No data	No data	0.25818820974565543	paired like homeobox 2B
CHUK	0.03137858176571686	No data	No data	No data	No data	0.25807692165781004	No data	No data	component of inhibitor of nuclear factor kappa B kinase complex
YY1	0.031272602799827166	No data	No data	No data	No data	0.2572052848999253	No data	No data	YY1 transcription factor
MAPK8IP3	0.031266455706325774	No data	No data	No data	No data	No data	No data	0.25715472738971573	mitogen-activated protein kinase 8 interacting protein 3
ABCA1	0.03125421815711054	No data	No data	No data	No data	0.25705407819359577	No data	No data	ATP binding cassette subfamily A member 1
TLX3	0.031236889317950996	No data	No data	No data	No data	No data	No data	0.25691155507067104	T cell leukemia homeobox 3
HPGDS	0.031235607797017468	No data	No data	No data	No data	0.2569010150475421	No data	No data	hematopoietic prostaglandin D synthase
CD68	0.03106351866635787	No data	No data	No data	No data	0.2554856472841743	No data	No data	CD68 molecule
NR1H2	0.03104470779351495	No data	No data	No data	No data	0.25533093499688087	No data	No data	nuclear receptor subfamily 1 group H member 2
SPNS2	0.03104470779351495	No data	No data	No data	No data	0.25533093499688087	No data	No data	SPNS lysolipid transporter 2, sphingosine-1-phosphate
KIR2DL3	0.031024175579365806	No data	No data	No data	No data	0.25516206533087765	No data	No data	killer cell immunoglobulin like receptor, two Ig domains and long cytoplasmic tail 3
RHCG	0.030988605844482674	0.05097390355321308	No data	No data	No data	No data	No data	No data	Rh family C glycoprotein
SOX6	0.03098187921821855	No data	No data	No data	No data	0.021277577916406734	No data	0.24949479933980928	SRY-box transcription factor 6
FBXW8	0.03091165904582846	No data	No data	No data	No data	No data	No data	0.25423665956117997	F-box and WD repeat domain containing 8
ADM	0.030906394769629895	No data	No data	No data	No data	0.25419336288811084	No data	No data	adrenomedullin
ATF6B	0.03085317999513831	0.04831941512389992	No data	No data	No data	0.04863446380892969	No data	No data	activating transcription factor 6 beta
SELENON	0.030830351477797825	No data	No data	No data	No data	No data	No data	0.25356793568380714	selenoprotein N
DLL1	0.030772861278180203	No data	No data	No data	No data	0.2530951006189981	No data	No data	delta like canonical Notch ligand 1
FOXP1	0.030675127938830257	No data	No data	No data	No data	0.25229128100882275	No data	No data	forkhead box P1
TBL1XR1	0.03067512793883025	No data	No data	No data	No data	0.25229128100882275	No data	No data	TBL1X/Y related 1
OR4C3	0.03062237910673708	0.05037148837835372	No data	No data	No data	No data	No data	No data	olfactory receptor family 4 subfamily C member 3
FUNDC1	0.030604462586281144	No data	No data	No data	No data	0.25171008531330336	No data	No data	FUN14 domain containing 1
CYP2J2	0.030582732975159073	No data	No data	No data	No data	0.2515313675118082	No data	No data	cytochrome P450 family 2 subfamily J member 2
BPNT2	0.03052729599695637	No data	No data	No data	No data	No data	No data	0.2510754194135995	3'(2'), 5'-bisphosphate nucleotidase 2
PPT2-EGFL8	0.030519731978307485	0.05020264164640189	No data	No data	No data	No data	No data	No data	PPT2-EGFL8 readthrough (NMD candidate)
SYMPK	0.03051405859989921	0.0501933093697175	No data	No data	No data	No data	No data	No data	symplekin scaffold protein
ABHD2	0.03034865316311541	No data	No data	No data	No data	0.24960614992978	No data	No data	abhydrolase domain containing 2, acylglycerol lipase
GGT5	0.030305548084145546	No data	No data	No data	No data	0.24925162702076462	No data	No data	gamma-glutamyltransferase 5
MBTPS1	0.03027412032825601	No data	No data	No data	No data	0.24899314566060815	No data	No data	membrane bound transcription factor peptidase, site 1
COX7A2L	0.030192123268744882	0.04966375019551689	No data	No data	No data	No data	No data	No data	cytochrome c oxidase subunit 7A2 like
USP54	0.03016629464618809	0.049621264072658385	No data	No data	No data	No data	No data	No data	ubiquitin specific peptidase 54
TLR7	0.030025800041840762	No data	No data	No data	No data	0.24695080558349056	No data	No data	toll like receptor 7
BCHE	0.030002274710419247	No data	No data	No data	No data	0.24675731866430553	No data	No data	butyrylcholinesterase
GCG	0.02998725720595364	No data	No data	No data	No data	0.24663380539170437	No data	No data	glucagon
HSP90AB1	0.02981277494456594	No data	No data	No data	No data	0.24519875503668717	No data	No data	heat shock protein 90 alpha family class B member 1
CRYAA	0.029805756814007774	0.04902820671547767	No data	No data	No data	No data	No data	No data	crystallin alpha A
SELPLG	0.02969685802495064	No data	No data	No data	No data	0.2442453823825075	No data	No data	selectin P ligand
KITLG	0.029635787258600273	No data	No data	No data	No data	0.24374309851573936	No data	No data	KIT ligand
CMA1	0.029591187874046517	No data	No data	No data	No data	0.24337628551063273	No data	No data	chymase 1
ROBO2	0.029540723107089707	No data	No data	No data	No data	0.24296123196214442	No data	No data	roundabout guidance receptor 2
ATG5	0.029537733365294718	No data	No data	No data	No data	0.24293664247098246	No data	No data	autophagy related 5
OPN1SW	0.029452422358864624	0.048446998366548324	No data	No data	No data	No data	No data	No data	opsin 1, short wave sensitive
NTN4	0.02936957801576828	0.04831072571278277	No data	No data	No data	No data	No data	No data	netrin 4
CD46	0.02934320320697488	No data	No data	No data	No data	0.24133670577519334	No data	No data	CD46 molecule
BGN	0.02931546370284718	No data	No data	No data	No data	0.2411085588854759	No data	No data	biglycan
ATG7	0.029289168947886586	No data	No data	No data	No data	0.24089229450913655	No data	No data	autophagy related 7
MTMR9	0.02926670685264469	0.04814151046077096	No data	No data	No data	No data	No data	No data	myotubularin related protein 9
BCAR1	0.029229732370206752	0.04808069024474769	No data	No data	No data	No data	No data	No data	BCAR1 scaffold protein, Cas family member
TTYH3	0.02922461103806675	0.04807226604225602	No data	No data	No data	No data	No data	No data	tweety family member 3
PLAU	0.02916954909591415	No data	No data	No data	No data	0.23990846664219523	No data	No data	plasminogen activator, urokinase
XRCC5	0.029137846529607353	No data	No data	No data	No data	0.23964772507069276	No data	No data	X-ray repair cross complementing 5
MLKL	0.029055455585506856	No data	No data	No data	No data	0.2389700908364659	No data	No data	mixed lineage kinase domain like pseudokinase
LRRC3C	0.029016733010268997	0.04773032247135216	No data	No data	No data	No data	No data	No data	leucine rich repeat containing 3C
DYNC2H1	0.028995321825637226	0.04769510269845056	No data	No data	No data	No data	No data	No data	dynein cytoplasmic 2 heavy chain 1
RAB12	0.028982458996062933	0.04767394432051539	No data	No data	No data	No data	No data	No data	RAB12, member RAS oncogene family
CADM1	0.028936851832848165	No data	No data	No data	No data	0.2379946200006023	No data	No data	cell adhesion molecule 1
SMAD7	0.0288751212714757	No data	No data	No data	No data	0.23748690957027874	No data	No data	SMAD family member 7
PPARGC1A	0.02886099256313968	No data	No data	No data	No data	0.23737070630839824	No data	No data	PPARG coactivator 1 alpha
FAS	0.028833273097837384	No data	No data	No data	No data	0.23714272423041174	No data	No data	Fas cell surface death receptor
GLIPR1	0.028827228665406743	No data	No data	No data	No data	0.23709301106853223	No data	No data	GLI pathogenesis related 1
PHB1	0.028820097944905896	No data	No data	No data	No data	0.2370343635997014	No data	No data	prohibitin 1
ALCAM	0.028806696451257593	No data	No data	No data	No data	0.23692414140252901	No data	No data	activated leukocyte cell adhesion molecule
SRC	0.028721680513936747	No data	No data	No data	No data	0.23622491759568418	No data	No data	SRC proto-oncogene, non-receptor tyrosine kinase
RNF150	0.02845764881072204	No data	No data	No data	No data	0.23405335708047412	No data	No data	ring finger protein 150
BTN2A2	0.028439347731625396	0.04678056753063855	No data	No data	No data	No data	No data	No data	butyrophilin subfamily 2 member A2
IFIH1	0.028354667186020702	No data	No data	No data	No data	0.23320637231587654	No data	No data	interferon induced with helicase C domain 1
HSPE1	0.028348828075731542	No data	No data	No data	No data	0.23315834785065698	No data	No data	heat shock protein family E (Hsp10) member 1
POLR2M	0.028330840583388524	0.04660208151107322	No data	No data	No data	No data	No data	No data	RNA polymerase II subunit M
IBSP	0.028325030113391575	No data	No data	No data	No data	0.2329626186456762	No data	No data	integrin binding sialoprotein
IL6ST	0.028324189418752557	No data	No data	No data	No data	0.2329557042514531	No data	No data	interleukin 6 cytokine family signal transducer
REN	0.028280719721705067	No data	No data	No data	No data	0.23259818249718212	No data	No data	renin
TFRC	0.02822870205221566	No data	No data	No data	No data	0.23217035691494667	No data	No data	transferrin receptor
PXYLP1	0.0281586921042346	0.044799083340603944	No data	No data	No data	0.030396539880581056	No data	No data	2-phosphoxylose phosphatase 1
SERPINB10	0.02812526495842346	No data	No data	No data	No data	0.23131962609000267	No data	No data	serpin family B member 10
CORT	0.02808806895603734	No data	No data	No data	No data	0.231013703092416	No data	No data	cortistatin
SLC27A3	0.02808806895603734	No data	No data	No data	No data	0.231013703092416	No data	No data	solute carrier family 27 member 3
CREB1	0.028051617093052945	No data	No data	No data	No data	0.23071390035888448	No data	No data	cAMP responsive element binding protein 1
TMEM219	0.028030416254303882	0.046107906301880136	No data	No data	No data	No data	No data	No data	transmembrane protein 219
XDH	0.028017599015191987	No data	No data	No data	No data	0.23043411458396895	No data	No data	xanthine dehydrogenase
VARS1	0.02798933021128516	0.046040322880905024	No data	No data	No data	No data	No data	No data	valyl-tRNA synthetase 1
DDIT4	0.027962171947427013	No data	No data	No data	No data	0.2299782479953479	No data	No data	DNA damage inducible transcript 4
FCGR2A	0.027944343456993283	No data	No data	No data	No data	0.2298316154303934	No data	No data	Fc gamma receptor IIa
PDXK	0.02792127242570221	0.04592837299145983	No data	No data	No data	No data	No data	No data	pyridoxal kinase
CLEC9A	0.027903279028694987	No data	No data	No data	No data	0.22949387609838695	No data	No data	C-type lectin domain containing 9A
MEF2D	0.027882746814545837	No data	No data	No data	No data	0.22932500643238374	No data	No data	myocyte enhancer factor 2D
TTR	0.02775742117124888	No data	No data	No data	No data	0.2282942505980904	No data	No data	transthyretin
PIK3CA	0.027741885926252523	No data	No data	No data	No data	0.22816647910619203	No data	No data	phosphatidylinositol-4,5-bisphosphate 3-kinase catalytic subunit alpha
PLAGL2	0.027718855306061704	0.04468351600339351	No data	No data	No data	0.01823792392834863	No data	No data	PLAG1 like zinc finger 2
OR4X1	0.027704094463050086	0.045571131733893426	No data	No data	No data	No data	No data	No data	olfactory receptor family 4 subfamily X member 1
SNRPA	0.027659869142486686	0.0454983844397324	No data	No data	No data	No data	No data	No data	small nuclear ribonucleoprotein polypeptide A
TRIM48	0.027576487850413948	0.04536122854567288	No data	No data	No data	No data	No data	No data	tripartite motif containing 48
RORA	0.027537222391295718	No data	No data	No data	No data	0.22648319923485744	No data	No data	RAR related orphan receptor A
PYCARD	0.027523433066935707	No data	No data	No data	No data	0.22636978727732723	No data	No data	PYD and CARD domain containing
EFNA2	0.027513166959861134	No data	No data	No data	No data	0.22628535244432563	No data	No data	ephrin A2
SOD2	0.02751174777055262	No data	No data	No data	No data	0.22627368015108038	No data	No data	superoxide dismutase 2
SFN	0.027437203285937368	0.04513211601341791	No data	No data	No data	No data	No data	No data	stratifin
GPN2	0.027354347928503043	0.04499582524190274	No data	No data	No data	No data	No data	No data	GPN-loop GTPase 2
ZNF263	0.02734890924666793	No data	No data	No data	No data	0.22493439511629978	No data	No data	zinc finger protein 263
KLF15	0.02734890924666793	No data	No data	No data	No data	0.22493439511629978	No data	No data	KLF transcription factor 15
IFNL1	0.027329288411412134	No data	No data	No data	No data	0.22477302119567527	No data	No data	interferon lambda 1
EGFL8	0.027215815092593413	0.04476794924605932	No data	No data	No data	No data	No data	No data	EGF like domain multiple 8
APELA	0.02716411931932558	No data	No data	No data	No data	0.22341456812227073	No data	No data	apelin receptor early endogenous ligand
LCK	0.027123054891027284	No data	No data	No data	No data	0.2230768287902643	No data	No data	LCK proto-oncogene, Src family tyrosine kinase
IL11	0.02707509960024566	No data	No data	No data	No data	0.22268241473055533	No data	No data	interleukin 11
C4BPB	0.026979329391983227	No data	No data	No data	No data	0.22189474112824167	No data	No data	complement component 4 binding protein beta
METRNL	0.026979329391983227	No data	No data	No data	No data	0.22189474112824167	No data	No data	meteorin like, glial cell differentiation regulator
CX3CR1	0.02693791615922498	No data	No data	No data	No data	0.22155413301198115	No data	No data	C-X3-C motif chemokine receptor 1
KIF3B	0.026887973322698752	0.044228674428625075	No data	No data	No data	No data	No data	No data	kinesin family member 3B
FOXJ1	0.026878377277627548	No data	No data	No data	No data	0.22106444831570207	No data	No data	forkhead box J1
IGFBP2	0.026844843389306296	No data	No data	No data	No data	0.2207886448159205	No data	No data	insulin like growth factor binding protein 2
PRKRA	0.026832494102307033	0.04413741532378999	No data	No data	No data	No data	No data	No data	protein activator of interferon induced protein kinase EIF2AK2
CCL21	0.026822873920166704	No data	No data	No data	No data	0.22060795427329707	No data	No data	C-C motif chemokine ligand 21
COQ8B	0.026786869960820518	0.044062367075427246	No data	No data	No data	No data	No data	No data	coenzyme Q8B
GCLC	0.026750457044043247	No data	No data	No data	No data	0.2200123529613717	No data	No data	glutamate-cysteine ligase catalytic subunit
FOXC1	0.026740745063570107	No data	No data	No data	No data	0.21993247560928417	No data	No data	forkhead box C1
IL20	0.026609749537298527	No data	No data	No data	No data	0.2188550871401836	No data	No data	interleukin 20
SLC47A1	0.026609749537298527	No data	No data	No data	No data	0.2188550871401836	No data	No data	solute carrier family 47 member 1
FZR1	0.026609749537298527	No data	No data	No data	No data	0.2188550871401836	No data	No data	fizzy and cell division cycle 20 related 1
IL17RA	0.026536040649372143	No data	No data	No data	No data	0.2182488595217115	No data	No data	interleukin 17 receptor A
CS	0.02649649211544746	No data	No data	No data	No data	0.21792358784539526	No data	No data	citrate synthase
MERTK	0.026486556252403638	No data	No data	No data	No data	0.21784186914416426	No data	No data	MER proto-oncogene, tyrosine kinase
PLTP	0.026486556252403638	No data	No data	No data	No data	0.21784186914416426	No data	No data	phospholipid transfer protein
IFNA1	0.026276043438107816	No data	No data	No data	No data	0.2161104811710359	No data	No data	interferon alpha 1
CSF1	0.02625358289856689	No data	No data	No data	No data	0.21592575176080395	No data	No data	colony stimulating factor 1
DDTL	0.026240169682613824	No data	No data	No data	No data	0.21581543315212548	No data	No data	D-dopachrome tautomerase like
CCR3	0.026191801702079028	No data	No data	No data	No data	0.21541762487588068	No data	No data	C-C motif chemokine receptor 3
GSDMA	0.02616301160164165	0.042428236648466656	No data	No data	No data	0.012158615952232422	No data	No data	gasdermin A
TRBV20OR9-2	0.02616189261190124	No data	No data	No data	No data	0.21517163396461836	No data	No data	T cell receptor beta variable 20/OR9-2 (non-functional)
ZKSCAN3	0.026153878710848944	0.043021144534213004	No data	No data	No data	No data	No data	No data	zinc finger with KRAB and SCAN domains 3
IL7	0.026111647682889212	No data	No data	No data	No data	0.21475838849976092	No data	No data	interleukin 7
NOTCH3	0.026070646369177886	No data	No data	No data	No data	0.21442116826126992	No data	No data	notch receptor 3
FOXO3	0.026065554728788836	No data	No data	No data	No data	0.21437929145219023	No data	No data	forkhead box O3
MAN2B1	0.026030025233878575	0.04281741496917542	No data	No data	No data	No data	No data	No data	mannosidase alpha class 2B member 1
PI3	0.02595812246903872	No data	No data	No data	No data	0.21349570190406908	No data	No data	peptidase inhibitor 3
CDH5	0.02587927825975912	No data	No data	No data	No data	0.21284723821717116	No data	No data	cadherin 5
PLAT	0.025878833442072546	No data	No data	No data	No data	0.21284357976058108	No data	No data	plasminogen activator, tissue type
TLR8	0.025873259015768507	No data	No data	No data	No data	0.21279773222064777	No data	No data	toll like receptor 8
PXDN	0.02587058982792912	No data	No data	No data	No data	0.21277577916406737	No data	No data	peroxidasin
LANCL2	0.02587058982792912	No data	No data	No data	No data	0.21277577916406737	No data	No data	LanC like glutathione S-transferase 2
CCL22	0.025831861840037235	No data	No data	No data	No data	0.21245725616733782	No data	No data	C-C motif chemokine ligand 22
BNIP3	0.02583033411745343	No data	No data	No data	No data	0.21244469122910956	No data	No data	BCL2 interacting protein 3
LRIG1	0.025767928757183374	No data	No data	No data	No data	0.21193143083405122	No data	No data	leucine rich repeats and immunoglobulin like domains 1
MACF1	0.025706092067030235	0.03772508852487286	No data	No data	No data	0.09118961964174316	No data	No data	microtubule actin crosslinking factor 1
CXCL13	0.02553452627180178	No data	No data	No data	No data	0.21001178400666098	No data	No data	C-X-C motif chemokine ligand 13
RPP21	0.0255147507536337	0.04196982757556214	No data	No data	No data	No data	No data	No data	ribonuclease P/MRP subunit p21
ACADS	0.025501009973244428	No data	No data	No data	No data	0.20973612517600929	No data	No data	acyl-CoA dehydrogenase short chain
STK11	0.025501009973244428	No data	No data	No data	No data	0.20973612517600929	No data	No data	serine/threonine kinase 11
NR4A3	0.025480477759095278	No data	No data	No data	No data	0.20956725551000607	No data	No data	nuclear receptor subfamily 4 group A member 3
SULT1A1	0.02543428372597129	0.04122953462755685	No data	No data	No data	0.012158615952232422	No data	No data	sulfotransferase family 1A member 1
HBEGF	0.025386735630761045	No data	No data	No data	No data	0.20879626209510987	No data	No data	heparin binding EGF like growth factor
TRPV2	0.025316220045902074	No data	No data	No data	No data	0.20821629818198023	No data	No data	transient receptor potential cation channel subfamily V member 2
DFFA	0.025285607433759537	0.041592904213932164	No data	No data	No data	No data	No data	No data	DNA fragmentation factor subunit alpha
CD200	0.02514436541347369	No data	No data	No data	No data	0.20680285907753324	No data	No data	CD200 molecule
SMOC1	0.025131430118559724	No data	No data	No data	No data	0.20669647118795118	No data	No data	SPARC related modular calcium binding 1
PRKAB1	0.025131430118559724	No data	No data	No data	No data	0.20669647118795118	No data	No data	protein kinase AMP-activated non-catalytic subunit beta 1
SGPL1	0.025131430118559724	No data	No data	No data	No data	0.20669647118795118	No data	No data	sphingosine-1-phosphate lyase 1
FFAR2	0.025131430118559724	No data	No data	No data	No data	0.20669647118795118	No data	No data	free fatty acid receptor 2
SNRNP48	0.025073873307652695	0.041244617654115356	No data	No data	No data	No data	No data	No data	small nuclear ribonucleoprotein U11/U12 subunit 48
IL9	0.025065865486221858	No data	No data	No data	No data	0.2061572269796017	No data	No data	interleukin 9
TSKU	0.024998905185514626	No data	No data	No data	No data	0.2056065039288014	No data	No data	tsukushi, small leucine rich proteoglycan
CD27	0.024985946810569627	No data	No data	No data	No data	0.2054999262147268	No data	No data	CD27 molecule
CD9	0.024982949960248253	No data	No data	No data	No data	0.20547527825863418	No data	No data	CD9 molecule
CCDC197	0.024973987030120957	0.041080312312250525	No data	No data	No data	No data	No data	No data	coiled-coil domain containing 197
H2BC15	0.0249627524053841	0.041061832207638295	No data	No data	No data	No data	No data	No data	H2B clustered histone 15
DHRS9	0.024946640191217374	No data	No data	No data	No data	0.20517664419392212	No data	No data	dehydrogenase/reductase 9
LY96	0.024946640191217374	No data	No data	No data	No data	0.20517664419392212	No data	No data	lymphocyte antigen 96
NOS1AP	0.024926107977068224	No data	No data	No data	No data	0.2050077745279189	No data	No data	nitric oxide synthase 1 adaptor protein
IRF7	0.024887084199441478	No data	No data	No data	No data	0.20468681877292133	No data	No data	interferon regulatory factor 7
HRAS	0.024885043548769924	No data	No data	No data	No data	0.20467003519591243	No data	No data	HRas proto-oncogene, GTPase
DKK3	0.024885043548769924	No data	No data	No data	No data	0.20467003519591243	No data	No data	dickkopf WNT signaling pathway inhibitor 3
DUSP22	0.02476185026387502	No data	No data	No data	No data	0.20365681719989306	No data	No data	dual specificity phosphatase 22
ZSCAN16	0.024617538959310844	0.04049398230197552	No data	No data	No data	No data	No data	No data	zinc finger and SCAN domain containing 16
RPS3	0.02457706033653267	No data	No data	No data	No data	0.202136990205864	No data	No data	ribosomal protein S3
B3GAT1	0.02450931369068953	No data	No data	No data	No data	0.20157979976486898	No data	No data	beta-1,3-glucuronyltransferase 1
HDGFL3	0.02439560486784089	0.0401289175736514	No data	No data	No data	No data	No data	No data	HDGF like 3
MPPE1	0.024392270409190318	No data	No data	No data	No data	0.20061716321183495	No data	No data	metallophosphoesterase 1
ALK	0.024380246493169708	No data	No data	No data	No data	0.2005182710676316	No data	No data	ALK receptor tyrosine kinase
CUL1	0.024022690554505618	No data	No data	No data	No data	0.19757750922377684	No data	No data	cullin 1
RTEL1	0.024022690554505618	No data	No data	No data	No data	0.19757750922377684	No data	No data	regulator of telomere elongation helicase 1
TNFSF12	0.024002158340356468	No data	No data	No data	No data	0.19740863955777363	No data	No data	TNF superfamily member 12
MIA	0.023995359598277394	0.0388626136994726	No data	No data	No data	0.012158615952232422	No data	No data	MIA SH3 domain containing
BGLAP	0.023967341920693726	No data	No data	No data	No data	0.19712228772464122	No data	No data	bone gamma-carboxyglutamate protein
QKI	0.023961093912058168	No data	No data	No data	No data	0.19707090022576715	No data	No data	QKI, KH domain containing RNA binding
BAX	0.023955826612705036	No data	No data	No data	No data	0.19702757868839954	No data	No data	BCL2 associated X, apoptosis regulator
HDAC6	0.023887245217877336	No data	No data	No data	No data	0.1964635227539319	No data	No data	histone deacetylase 6
USP3	0.023866916644929962	0.039259265591899545	No data	No data	No data	No data	No data	No data	ubiquitin specific peptidase 3
OR4A5	0.023864611894708208	0.039255474452791594	No data	No data	No data	No data	No data	No data	olfactory receptor family 4 subfamily A member 5
SETD2	0.023807144225420324	No data	No data	No data	No data	0.19580472250255704	No data	No data	SET domain containing 2, histone lysine methyltransferase
FUT1	0.023777377794077587	No data	No data	No data	No data	0.1955599049060503	No data	No data	fucosyltransferase 1 (H blood group)
CEACAM5	0.02377402561194019	No data	No data	No data	No data	0.19553233448067814	No data	No data	CEA cell adhesion molecule 5
DMRTA2	0.02374606457505841	0.039060473113633365	No data	No data	No data	No data	No data	No data	DMRT like family A2
MAP3K14	0.02374603152292391	No data	No data	No data	No data	0.19530209372690932	No data	No data	mitogen-activated protein kinase kinase kinase 14
P2RY2	0.023719314519708566	No data	No data	No data	No data	0.19508235651898773	No data	No data	purinergic receptor P2Y2
NLRP7	0.023653110699820915	No data	No data	No data	No data	0.19453785523571876	No data	No data	NLR family pyrin domain containing 7
LIMASI	0.023653110699820915	No data	No data	No data	No data	0.19453785523571876	No data	No data	lncRNA inflammatory and mucous response associated, antisense to ICAM1
HDC	0.023653110699820915	No data	No data	No data	No data	0.19453785523571876	No data	No data	histidine decarboxylase
PROZ	0.023653110699820915	No data	No data	No data	No data	0.19453785523571876	No data	No data	protein Z, vitamin K dependent plasma glycoprotein
HAS3	0.023653110699820915	No data	No data	No data	No data	0.19453785523571876	No data	No data	hyaluronan synthase 3
PKM	0.023653110699820915	No data	No data	No data	No data	0.19453785523571876	No data	No data	pyruvate kinase M1/2
PPP1R12B	0.023653110699820915	No data	No data	No data	No data	0.19453785523571876	No data	No data	protein phosphatase 1 regulatory subunit 12B
MXD1	0.023653110699820915	No data	No data	No data	No data	0.19453785523571876	No data	No data	MAX dimerization protein 1
CLCF1	0.023653110699820915	No data	No data	No data	No data	0.19453785523571876	No data	No data	cardiotrophin like cytokine factor 1
TRAF1	0.023653110699820915	No data	No data	No data	No data	0.19453785523571876	No data	No data	TNF receptor associated factor 1
ERCC5	0.02365311069982091	No data	No data	No data	No data	0.1945378552357187	No data	No data	ERCC excision repair 5, endonuclease
HSP90B2P	0.023604460287900437	No data	No data	No data	No data	0.1941377240685562	No data	No data	heat shock protein 90 beta family member 2, pseudogene
CTSG	0.02345578191649399	No data	No data	No data	No data	0.1929149009117877	No data	No data	cathepsin G
PRKDC	0.023406724130031115	No data	No data	No data	No data	0.19251141924368	No data	No data	protein kinase, DNA-activated, catalytic subunit
TP63	0.023355393594658234	No data	No data	No data	No data	0.19208924507867192	No data	No data	tumor protein p63
LRIT1	0.023345127487583665	No data	No data	No data	No data	0.19200481024567034	No data	No data	leucine rich repeat, Ig-like and transmembrane domains 1
ADAM8	0.023311865300662038	No data	No data	No data	No data	0.1917312413867451	No data	No data	ADAM metallopeptidase domain 8
MAPKAPK5	0.023242951644930794	0.038232890546498755	No data	No data	No data	No data	No data	No data	MAPK activated protein kinase 5
LTF	0.023195991871574468	No data	No data	No data	No data	0.1907782264256442	No data	No data	lactotransferrin
CYP24A1	0.023186002827927744	No data	No data	No data	No data	0.1906960703341453	No data	No data	cytochrome P450 family 24 subfamily A member 1
GSDMD	0.023109815742691053	No data	No data	No data	No data	0.19006946048368192	No data	No data	gasdermin D
CACNA1D	0.023096752829788958	0.03799240459691994	No data	No data	No data	No data	No data	No data	calcium voltage-gated channel subunit alpha1 D
PJVK	0.023048627056789343	0.03791324135467479	No data	No data	No data	No data	No data	No data	pejvakin
EPCAM	0.023039184926017968	No data	No data	No data	No data	0.18948854883263078	No data	No data	epithelial cell adhesion molecule
LEPR	0.02297522707894337	No data	No data	No data	No data	0.18896251982303072	No data	No data	leptin receptor
AZGP1	0.02295501541874981	No data	No data	No data	No data	0.18879628659160896	No data	No data	alpha-2-glycoprotein 1, zinc-binding
CDK8	0.022913950990451508	No data	No data	No data	No data	0.18845854725960254	No data	No data	cyclin dependent kinase 8
S1PR2	0.022913950990451508	No data	No data	No data	No data	0.18845854725960254	No data	No data	sphingosine-1-phosphate receptor 2
SOX9	0.022862505223264534	No data	No data	No data	No data	0.188035425356673	No data	No data	SRY-box transcription factor 9
CALU	0.02282957665668108	0.037552920079673015	No data	No data	No data	No data	No data	No data	calumenin
ERBB3	0.022729161063109158	No data	No data	No data	No data	0.18693872026557348	No data	No data	erb-b2 receptor tyrosine kinase 3
LMNB1	0.022708628848960015	No data	No data	No data	No data	0.1867698505995703	No data	No data	lamin B1
INO80E	0.022651853429455925	0.03726057886596354	No data	No data	No data	No data	No data	No data	INO80 complex subunit E
BRD2	0.022647629316822005	No data	No data	No data	No data	0.18626815260715354	No data	No data	bromodomain containing 2
CHST3	0.022544371135766808	No data	No data	No data	No data	0.18541889327154443	No data	No data	carbohydrate sulfotransferase 3
PRKAR2B	0.022544371135766808	No data	No data	No data	No data	0.18541889327154443	No data	No data	protein kinase cAMP-dependent type II regulatory subunit beta
HMGA1	0.022544371135766808	No data	No data	No data	No data	0.18541889327154443	No data	No data	high mobility group AT-hook 1
BTK	0.022544371135766808	No data	No data	No data	No data	0.18541889327154443	No data	No data	Bruton tyrosine kinase
FGL2	0.022544371135766808	No data	No data	No data	No data	0.18541889327154443	No data	No data	fibrinogen like 2
IGF2BP3	0.022513572814543085	No data	No data	No data	No data	0.18516558877253958	No data	No data	insulin like growth factor 2 mRNA binding protein 3
SRF	0.02245977841347231	No data	No data	No data	No data	0.18472315024761113	No data	No data	serum response factor
CRLF2	0.022457109225632918	No data	No data	No data	No data	0.1847011971910307	No data	No data	cytokine receptor like factor 2
IL1F10	0.022454825540589807	No data	No data	No data	No data	0.18468241474858751	No data	No data	interleukin 1 family member 10
COPG1	0.022400645636722758	No data	No data	No data	No data	0.1842368056095218	No data	No data	COPI coat complex subunit gamma 1
NOXO1	0.022368089506552995	No data	No data	No data	No data	0.18396904379931525	No data	No data	NADPH oxidase organizer 1
IGFBP7	0.022203125736607935	No data	No data	No data	No data	0.18261227942257077	No data	No data	insulin like growth factor binding protein 7
CDK6	0.022174791281082105	No data	No data	No data	No data	0.18237923928348632	No data	No data	cyclin dependent kinase 6
CLEC4F	0.022174791281082105	No data	No data	No data	No data	0.18237923928348632	No data	No data	C-type lectin domain family 4 member F
MAPK7	0.022174791281082105	No data	No data	No data	No data	0.18237923928348632	No data	No data	mitogen-activated protein kinase 7
GABRB1	0.022174791281082105	No data	No data	No data	No data	0.18237923928348632	No data	No data	gamma-aminobutyric acid type A receptor subunit beta1
RIOX2	0.022174791281082105	No data	No data	No data	No data	0.18237923928348632	No data	No data	ribosomal oxygenase 2
DVL3	0.022174791281082105	No data	No data	No data	No data	0.18237923928348632	No data	No data	dishevelled segment polarity protein 3
RPS6	0.022174791281082105	No data	No data	No data	No data	0.18237923928348632	No data	No data	ribosomal protein S6
FMO5	0.022160821337866825	No data	No data	No data	No data	0.18226434180444626	No data	No data	flavin containing dimethylaniline monoxygenase 5
FCHO2	0.022106658844293744	0.036363775171687665	No data	No data	No data	No data	No data	No data	FCH and mu domain containing endocytic adaptor 2
CTLA4	0.022073192644510232	No data	No data	No data	No data	0.18154362907118068	No data	No data	cytotoxic T-lymphocyte associated protein 4
SOX30	0.022057892554497742	0.034915714033322734	No data	No data	No data	0.02735688589252295	No data	No data	SRY-box transcription factor 30
APOB	0.022052509375080565	No data	No data	No data	No data	0.18137351703284568	No data	No data	apolipoprotein B
CD81	0.02202938153521981	No data	No data	No data	No data	0.18118329933083407	No data	No data	CD81 molecule
ENO2	0.021983931732869073	No data	No data	No data	No data	0.18080949196222157	No data	No data	enolase 2
TGM2	0.021959203032516035	No data	No data	No data	No data	0.18060610779045244	No data	No data	transglutaminase 2
FOS	0.02190937613139174	No data	No data	No data	No data	0.1801963004462609	No data	No data	Fos proto-oncogene, AP-1 transcription factor subunit
TAOK2	0.021905809637692984	0.036033393477932656	No data	No data	No data	No data	No data	No data	TAO kinase 2
ACTB	0.021876106706401756	No data	No data	No data	No data	0.17992267205697146	No data	No data	actin beta
TLR6	0.02186895138058716	No data	No data	No data	No data	0.1798638222187768	No data	No data	toll like receptor 6
SETD7	0.021805211426397412	No data	No data	No data	No data	0.17933958529542823	No data	No data	SET domain containing 7, histone lysine methyltransferase
XPA	0.0218052114263974	No data	No data	No data	No data	0.1793395852954282	No data	No data	XPA, DNA damage recognition and repair factor
KCNAB1	0.021793916354973727	0.0358493375242635	No data	No data	No data	No data	No data	No data	potassium voltage-gated channel subfamily A regulatory beta subunit 1
CD63	0.021784679212248262	No data	No data	No data	No data	0.17917071562942502	No data	No data	CD63 molecule
METTL3	0.02177071730662683	No data	No data	No data	No data	0.17905588425654276	No data	No data	methyltransferase 3, N6-adenosine-methyltransferase complex catalytic subunit
CASP3	0.021753743300504887	No data	No data	No data	No data	0.17891627950063443	No data	No data	caspase 3
BPI	0.02172561371225482	No data	No data	No data	No data	0.17868492431711208	No data	No data	bactericidal permeability increasing protein
ZNF391	0.021666419885717363	0.035639615513539155	No data	No data	No data	No data	No data	No data	zinc finger protein 391
GDNF	0.02162042149905506	No data	No data	No data	No data	0.17781975830139918	No data	No data	glial cell derived neurotrophic factor
CYP27B1	0.02162042149905506	No data	No data	No data	No data	0.17781975830139918	No data	No data	cytochrome P450 family 27 subfamily B member 1
SLPI	0.021608879404473924	No data	No data	No data	No data	0.1777248289556046	No data	No data	secretory leukocyte peptidase inhibitor
ASPDH	0.021596411376741325	0.03552445683223681	No data	No data	No data	No data	No data	No data	aspartate dehydrogenase domain containing
OR4C46	0.021584427777022016	0.03550474472065044	No data	No data	No data	No data	No data	No data	olfactory receptor family 4 subfamily C member 46
SPARC	0.0215783304600493	No data	No data	No data	No data	0.17747357548609255	No data	No data	secreted protein acidic and cysteine rich
TMPRSS11D	0.021578127322996164	No data	No data	No data	No data	0.17747190476095462	No data	No data	transmembrane serine protease 11D
IL27RA	0.02146129683939914	No data	No data	No data	No data	0.17651101838987418	No data	No data	interleukin 27 receptor subunit alpha
HYAL2	0.021435631571712705	No data	No data	No data	No data	0.1762999313073701	No data	No data	hyaluronidase 2
STAU1	0.021435631571712705	No data	No data	No data	No data	0.1762999313073701	No data	No data	staufen double-stranded RNA binding protein 1
MST1	0.021435631571712705	No data	No data	No data	No data	0.1762999313073701	No data	No data	macrophage stimulating 1
KLF9	0.021435631571712705	No data	No data	No data	No data	0.1762999313073701	No data	No data	KLF transcription factor 9
SGPP2	0.021435631571712705	No data	No data	No data	No data	0.1762999313073701	No data	No data	sphingosine-1-phosphate phosphatase 2
CYP2C9	0.02142433885393067	No data	No data	No data	No data	0.1762070529910683	No data	No data	cytochrome P450 family 2 subfamily C member 9
GATA3	0.021415804516817443	No data	No data	No data	No data	0.17613686130850548	No data	No data	GATA binding protein 3
MAP2K1	0.02141509935756356	No data	No data	No data	No data	0.1761310616413669	No data	No data	mitogen-activated protein kinase kinase 1
FLNA	0.021384301036339825	No data	No data	No data	No data	0.175877757142362	No data	No data	filamin A
ENPP2	0.021270847982422417	No data	No data	No data	No data	0.17494464884810276	No data	No data	ectonucleotide pyrophosphatase/phosphodiesterase 2
P2RX7	0.021270683871621038	No data	No data	No data	No data	0.17494329909906864	No data	No data	purinergic receptor P2X 7
SFRP5	0.021250841644370355	No data	No data	No data	No data	0.17478010431334107	No data	No data	secreted frizzled related protein 5
BAK1	0.021250841644370355	No data	No data	No data	No data	0.17478010431334107	No data	No data	BCL2 antagonist/killer 1
NTRK1	0.0212090232042622	No data	No data	No data	No data	0.1744361635204708	No data	No data	neurotrophic receptor tyrosine kinase 1
CDH2	0.021107895764205957	No data	No data	No data	No data	0.17360442872060922	No data	No data	cadherin 2
KRT18	0.021099997147130213	No data	No data	No data	No data	0.1735394655939937	No data	No data	keratin 18
AKR1A1	0.021093713488897374	0.03408962618053176	No data	No data	No data	0.012158615952232422	No data	No data	aldo-keto reductase family 1 member A1
EPHA5	0.021066051717028002	No data	No data	No data	No data	0.17326027731931198	No data	No data	EPH receptor A5
PIK3R3	0.02104551950287885	No data	No data	No data	No data	0.17309140765330877	No data	No data	phosphoinositide-3-kinase regulatory subunit 3
FGFR1	0.02102859093549347	No data	No data	No data	No data	0.17295217661375717	No data	No data	fibroblast growth factor receptor 1
POMC	0.0209789515914274	No data	No data	No data	No data	0.17254391185516052	No data	No data	proopiomelanocortin
KLK3	0.020978492332969542	No data	No data	No data	No data	0.1725401346287093	No data	No data	kallikrein related peptidase 3
IGF2	0.02095312453920768	No data	No data	No data	No data	0.17233149415629426	No data	No data	insulin like growth factor 2
PCNA	0.02094400023180237	No data	No data	No data	No data	0.17225645019207042	No data	No data	proliferating cell nuclear antigen
CETP	0.020942858432133102	No data	No data	No data	No data	0.17224705932329262	No data	No data	cholesteryl ester transfer protein
TXNRD1	0.020901794003834802	No data	No data	No data	No data	0.1719093199912862	No data	No data	thioredoxin reductase 1
TWIST1	0.020888086689434558	No data	No data	No data	No data	0.17179658253453867	No data	No data	twist family bHLH transcription factor 1
HLA-DRB1	0.020874142791489556	No data	No data	No data	No data	0.17168189926795815	No data	No data	major histocompatibility complex, class II, DR beta 1
PDZK1IP1	0.020873110743849028	No data	No data	No data	No data	0.17167341106794767	No data	No data	PDZK1 interacting protein 1
SSR1	0.020847630521991022	0.0342927691834254	No data	No data	No data	No data	No data	No data	signal sequence receptor subunit 1
GAD1	0.02082890464360532	No data	No data	No data	No data	0.17130983267697472	No data	No data	glutamate decarboxylase 1
CAGE1	0.020810764155988717	0.03423212681072913	No data	No data	No data	No data	No data	No data	cancer antigen 1
XRCC6	0.02076587074616743	No data	No data	No data	No data	0.1707914028023448	No data	No data	X-ray repair cross complementing 6
IRF5	0.0207375362906416	No data	No data	No data	No data	0.17055836266326035	No data	No data	interferon regulatory factor 5
GYPA	0.020731876405409258	0.03273451815659136	No data	No data	No data	0.02735688589252295	No data	No data	glycophorin A (MNS blood group)
CEACAM1	0.020723574385020177	No data	No data	No data	No data	0.17044353129037815	No data	No data	CEA cell adhesion molecule 1
CTSB	0.020703137152121298	No data	No data	No data	No data	0.17027544280909732	No data	No data	cathepsin B
USP7	0.020696471862343302	No data	No data	No data	No data	0.17022062333125393	No data	No data	ubiquitin specific peptidase 7
PRKAA2	0.020696471862343302	No data	No data	No data	No data	0.17022062333125393	No data	No data	protein kinase AMP-activated catalytic subunit alpha 2
PRDX4	0.020696471862343302	No data	No data	No data	No data	0.17022062333125393	No data	No data	peroxiredoxin 4
CLEC4M	0.020696471862343302	No data	No data	No data	No data	0.17022062333125393	No data	No data	C-type lectin domain family 4 member M
ARSH	0.020696471862343302	No data	No data	No data	No data	0.17022062333125393	No data	No data	arylsulfatase family member H
ZNF3	0.020687981823386645	0.034030159196842075	No data	No data	No data	No data	No data	No data	zinc finger protein 3
PTPN1	0.020583544684522975	No data	No data	No data	No data	0.16929184016823615	No data	No data	protein tyrosine phosphatase non-receptor type 1
H4C13	0.020536415316265585	0.03052165924768064	No data	No data	No data	0.06518369107724604	No data	No data	H4 clustered histone 13
CALCOCO2	0.020511681935000952	No data	No data	No data	No data	0.16870079633722487	No data	No data	calcium binding and coiled-coil domain 2
SRSF1	0.020511681935000952	No data	No data	No data	No data	0.16870079633722487	No data	No data	serine and arginine rich splicing factor 1
NOS1	0.020497018855660534	No data	No data	No data	No data	0.1685801980767154	No data	No data	nitric oxide synthase 1
MCAM	0.020496570166794265	No data	No data	No data	No data	0.16857650778114203	No data	No data	melanoma cell adhesion molecule
PALD1	0.020491149720851802	No data	No data	No data	No data	0.16853192667122163	No data	No data	phosphatase domain containing paladin 1
SLC22A4	0.020491149720851802	No data	No data	No data	No data	0.16853192667122163	No data	No data	solute carrier family 22 member 4
SMOX	0.020491149720851802	No data	No data	No data	No data	0.16853192667122163	No data	No data	spermine oxidase
NOD2	0.02047181490367557	No data	No data	No data	No data	0.16837290514071032	No data	No data	nucleotide binding oligomerization domain containing 2
GRN	0.020465484453165365	No data	No data	No data	No data	0.1683208395887176	No data	No data	granulin precursor
CYP3A4	0.020457887533930172	No data	No data	No data	No data	0.16825835781229637	No data	No data	cytochrome P450 family 3 subfamily A member 4
CHRNA1	0.020436467220042033	No data	No data	No data	No data	0.16808218386312077	No data	No data	cholinergic receptor nicotinic alpha 1 subunit
ITGB2	0.02032932133748046	No data	No data	No data	No data	0.1672009496586479	No data	No data	integrin subunit beta 2
NOX5	0.020326892007658602	No data	No data	No data	No data	0.16718096934319582	No data	No data	NADPH oxidase 5 
XCL1	0.020326892007658602	No data	No data	No data	No data	0.16718096934319582	No data	No data	X-C motif chemokine ligand 1
ARG1	0.020273097606587832	No data	No data	No data	No data	0.16673853081826737	No data	No data	arginase 1
TAMM41	0.020271847743473608	0.03334565023373656	No data	No data	No data	No data	No data	No data	TAM41 mitochondrial translocator assembly and maintenance homolog
MYOD1	0.020264542628165242	No data	No data	No data	No data	0.16666816936877182	No data	No data	myogenic differentiation 1
FCN2	0.020146709257756454	No data	No data	No data	No data	0.16569903463442606	No data	No data	ficolin 2
DROSHA	0.020096509120420544	0.03305723151281978	No data	No data	No data	No data	No data	No data	drosha ribonuclease III
MFN1	0.020090771544943372	No data	No data	No data	No data	0.16523896818415865	No data	No data	mitofusin 1
KIR3DL1	0.020018908795421352	No data	No data	No data	No data	0.1646479243531474	No data	No data	killer cell immunoglobulin like receptor, three Ig domains and long cytoplasmic tail 1
CNGB1	0.019982665804234096	0.03135014090814013	No data	No data	No data	0.030396539880581056	No data	No data	cyclic nucleotide gated channel subunit beta 1
KLKB1	0.0199573121529739	No data	No data	No data	No data	0.1641413153551377	No data	No data	kallikrein B1
NKG7	0.0199573121529739	No data	No data	No data	No data	0.1641413153551377	No data	No data	natural killer cell granule protein 7
KIR2DS1	0.0199573121529739	No data	No data	No data	No data	0.1641413153551377	No data	No data	killer cell immunoglobulin like receptor, two Ig domains and short cytoplasmic tail 1 
APLN	0.01993677993882475	No data	No data	No data	No data	0.16397244568913447	No data	No data	apelin
REP15	0.01985779261985379	0.0326645609958718	No data	No data	No data	No data	No data	No data	RAB15 effector protein
C16orf82	0.019827301567723464	No data	No data	No data	No data	0.16307202765198792	No data	No data	chromosome 16 open reading frame 82
ELF5	0.0198271577477342	0.03048641116579526	No data	No data	No data	0.04255515583281348	No data	No data	E74 like ETS transcription factor 5
RIPK1	0.019673236399477045	No data	No data	No data	No data	0.16180490013639157	No data	No data	receptor interacting serine/threonine kinase 1
OR4B1	0.019670920608146233	0.032357170726384346	No data	No data	No data	No data	No data	No data	olfactory receptor family 4 subfamily B member 1
EIF2AK3	0.01963871402920213	No data	No data	No data	No data	0.16152096674783364	No data	No data	eukaryotic translation initiation factor 2 alpha kinase 3
ZNF184	0.019633700406536406	0.03229594632098154	No data	No data	No data	No data	No data	No data	zinc finger protein 184
SNORD66	0.019587732298289195	No data	No data	No data	No data	0.1611016613670796	No data	No data	small nucleolar RNA, C/D box 66
CHCHD1	0.01957407428789623	0.032197865883414584	No data	No data	No data	No data	No data	No data	coiled-coil-helix-coiled-coil-helix domain containing 1
NUDC	0.01951591307620704	0.03210219510654707	No data	No data	No data	No data	No data	No data	nuclear distribution C, dynein complex regulator
IL15	0.019478986923971413	No data	No data	No data	No data	0.16020727195018372	No data	No data	interleukin 15
GOLGA6L4	0.019477296807258588	0.03203867427637995	No data	No data	No data	No data	No data	No data	golgin A6 family like 4
BSPH1	0.01940398537368161	0.03191808253491036	No data	No data	No data	No data	No data	No data	binder of sperm protein homolog 1
JOSD2	0.01939403116573461	0.03190170861869143	No data	No data	No data	No data	No data	No data	Josephin domain containing 2
CEBPA	0.019362262569850585	No data	No data	No data	No data	0.15924725845375115	No data	No data	CCAAT enhancer binding protein alpha
S100A12	0.019290898321515516	No data	No data	No data	No data	0.15866031460573893	No data	No data	S100 calcium binding protein A12
IRAK2	0.01927215216681676	No data	No data	No data	No data	0.15850613460060997	No data	No data	interleukin 1 receptor associated kinase 2
FGFR4	0.019248950764828215	No data	No data	No data	No data	0.1583153118780263	No data	No data	fibroblast growth factor receptor 4
PF4	0.019246486899130315	No data	No data	No data	No data	0.1582950475181059	No data	No data	platelet factor 4
CR1	0.019218152443604492	No data	No data	No data	No data	0.15806200737902149	No data	No data	complement C3b/C4b receptor 1 (Knops blood group)
TRPM2	0.019218152443604492	No data	No data	No data	No data	0.15806200737902149	No data	No data	transient receptor potential cation channel subfamily M member 2
OR4X2	0.019158311941889928	0.03151396839435874	No data	No data	No data	No data	No data	No data	olfactory receptor family 4 subfamily X member 2
AKR1C3	0.019155529190449584	No data	No data	No data	No data	0.15754695489771164	No data	No data	aldo-keto reductase family 1 member C3
KRT5	0.01907528314626841	No data	No data	No data	No data	0.15688696165097665	No data	No data	keratin 5
LRP5	0.01907442694456044	No data	No data	No data	No data	0.15687991971699888	No data	No data	LDL receptor related protein 5
ATM	0.019072296547159265	No data	No data	No data	No data	0.15686239800721263	No data	No data	ATM serine/threonine kinase
GABBR1	0.019069932893959984	0.03136859157140923	No data	No data	No data	No data	No data	No data	gamma-aminobutyric acid type B receptor subunit 1
MFGE8	0.019069293891023156	No data	No data	No data	No data	0.1568377023004981	No data	No data	milk fat globule EGF and factor V/VIII domain containing
FZD8	0.01906169697178797	No data	No data	No data	No data	0.15677522052407689	No data	No data	frizzled class receptor 8
ZNF322	0.01902404027798527	0.0312931017028995	No data	No data	No data	No data	No data	No data	zinc finger protein 322
ERI1	0.018940317541435235	0.031155384158601765	No data	No data	No data	No data	No data	No data	exoribonuclease 1
SKA3	0.018905051008024133	0.031097373389037772	No data	No data	No data	No data	No data	No data	spindle and kinetochore associated complex subunit 3
NLRX1	0.018903704959387643	No data	No data	No data	No data	0.15547579620620197	No data	No data	NLR family member X1
CTAGE1	0.018898905007432795	0.031087263684749906	No data	No data	No data	No data	No data	No data	cutaneous T cell lymphoma-associated antigen 1
F2	0.01889693102770167	No data	No data	No data	No data	0.15542008318991304	No data	No data	coagulation factor II, thrombin
GHRH	0.018848572588919792	No data	No data	No data	No data	0.15502235339096337	No data	No data	growth hormone releasing hormone
DNAJB1	0.018828040374770642	No data	No data	No data	No data	0.15485348372496016	No data	No data	DnaJ heat shock protein family (Hsp40) member B1
NRIP1	0.018814743074155912	0.03094882369518608	No data	No data	No data	No data	No data	No data	nuclear receptor interacting protein 1
MYC	0.0186623590248923	No data	No data	No data	No data	0.1534908175257048	No data	No data	MYC proto-oncogene, bHLH transcription factor
BLMH	0.018520792422217436	0.03046529719333205	No data	No data	No data	No data	No data	No data	bleomycin hydrolase
ZNF208	0.01847899273423509	No data	No data	No data	No data	0.15198269940290526	No data	No data	zinc finger protein 208
FKBP1A	0.01847899273423509	No data	No data	No data	No data	0.15198269940290526	No data	No data	FKBP prolyl isomerase 1A
SGMS1	0.01847899273423509	No data	No data	No data	No data	0.15198269940290526	No data	No data	sphingomyelin synthase 1
CHRNB3	0.01847899273423509	No data	No data	No data	No data	0.15198269940290526	No data	No data	cholinergic receptor nicotinic beta 3 subunit
AIFM1	0.01847899273423509	No data	No data	No data	No data	0.15198269940290526	No data	No data	apoptosis inducing factor mitochondria associated 1
SERPINB3	0.018425198333164316	No data	No data	No data	No data	0.15154026087797678	No data	No data	serpin family B member 3
ABCB1	0.018407129984713062	No data	No data	No data	No data	0.15139165557189396	No data	No data	ATP binding cassette subfamily B member 1
PPARA	0.018377874203466038	No data	No data	No data	No data	0.15115103787854825	No data	No data	peroxisome proliferator activated receptor alpha
SULF1	0.01835579944934019	No data	No data	No data	No data	0.1509694814068859	No data	No data	sulfatase 1
LAMB2	0.01835376030622412	No data	No data	No data	No data	0.15095271022894854	No data	No data	laminin subunit beta 2
TP53BP1	0.018327670315955853	No data	No data	No data	No data	0.15073812996446148	No data	No data	tumor protein p53 binding protein 1
GRP	0.0182962479969994	No data	No data	No data	No data	0.15047969332101538	No data	No data	gastrin releasing peptide
PLG	0.018276099922565455	No data	No data	No data	No data	0.15031398305832508	No data	No data	plasminogen
A2M	0.01826695136707037	No data	No data	No data	No data	0.15023873966276902	No data	No data	alpha-2-macroglobulin
GLI1	0.01825313837859444	No data	No data	No data	No data	0.15012513307686978	No data	No data	GLI family zinc finger 1
CCL4	0.018222784377583418	No data	No data	No data	No data	0.14987548294292133	No data	No data	C-C motif chemokine ligand 4
CDH17	0.018196674789684276	No data	No data	No data	No data	0.14966074149536088	No data	No data	cadherin 17
IL36B	0.01815047730784869	No data	No data	No data	No data	0.1492807847468536	No data	No data	interleukin 36 beta
H2AX	0.01814594136462084	No data	No data	No data	No data	0.14924347833594576	No data	No data	H2A.X variant histone
MAPK1	0.018110487910898924	No data	No data	No data	No data	0.14895188713953655	No data	No data	mitogen-activated protein kinase 1
FAT1	0.01810941287955039	No data	No data	No data	No data	0.14894304541484715	No data	No data	FAT atypical cadherin 1
TP73	0.01810941287955039	No data	No data	No data	No data	0.14894304541484715	No data	No data	tumor protein p73
XIST	0.01806834845125209	No data	No data	No data	No data	0.14860530608284073	No data	No data	X inactive specific transcript
FKBP5	0.01798888878249488	No data	No data	No data	No data	0.14795178047540822	No data	No data	FKBP prolyl isomerase 5
SLC2A1	0.017969165286168338	No data	No data	No data	No data	0.14778956220645367	No data	No data	solute carrier family 2 member 1
IGKV5-2	0.01791435684513346	No data	No data	No data	No data	0.1473387835878165	No data	No data	immunoglobulin kappa variable 5-2
CHAT	0.01790409073805889	No data	No data	No data	No data	0.14725434875481488	No data	No data	choline O-acetyltransferase
DHRS2	0.01786986921718592	No data	No data	No data	No data	0.14697288973836584	No data	No data	dehydrogenase/reductase 2
BCL2L1	0.01779629661377585	No data	No data	No data	No data	0.14636778300829795	No data	No data	BCL2 like 1
LTA	0.017781375374203084	No data	No data	No data	No data	0.14624506147789193	No data	No data	lymphotoxin alpha
DUSP10	0.017739833024865686	No data	No data	No data	No data	0.14590339142678904	No data	No data	dual specificity phosphatase 10
MMP25	0.017739833024865686	No data	No data	No data	No data	0.14590339142678904	No data	No data	matrix metallopeptidase 25
TLE1	0.017739833024865686	No data	No data	No data	No data	0.14590339142678904	No data	No data	TLE family member 1, transcriptional corepressor
LTBP1	0.017739833024865686	No data	No data	No data	No data	0.14590339142678904	No data	No data	latent transforming growth factor beta binding protein 1
ATF6	0.017577012566662924	No data	No data	No data	No data	0.14456425497538344	No data	No data	activating transcription factor 6
ZEB2	0.017555851815345944	No data	No data	No data	No data	0.1443902158298087	No data	No data	zinc finger E-box binding homeobox 2
PEPD	0.017534510883374186	No data	No data	No data	No data	0.14421469476675677	No data	No data	peptidase D
S1PR1	0.01752735708284232	No data	No data	No data	No data	0.14415585747343349	No data	No data	sphingosine-1-phosphate receptor 1
GCH1	0.017453927426838534	No data	No data	No data	No data	0.13978186603417203	0.015080241589352183	No data	GTP cyclohydrolase 1
FBXO11	0.017431849812628436	No data	No data	No data	No data	0.14337034643674065	No data	No data	F-box protein 11
LTBR	0.017429385946930536	0.01654922726831635	No data	No data	No data	0.1226635479914248	No data	No data	lymphotoxin beta receptor
ATN1	0.01742774247230063	No data	No data	No data	No data	0.14333656512195989	No data	No data	atrophin 1
BID	0.017370253170180986	No data	No data	No data	No data	0.14286373743873096	No data	No data	BH3 interacting domain death agonist
APEX1	0.017370253170180983	No data	No data	No data	No data	0.14286373743873093	No data	No data	apurinic/apyrimidinic endodeoxyribonuclease 1
AMOTL1	0.017349720956031833	No data	No data	No data	No data	0.14269486777272772	No data	No data	angiomotin like 1
ULK1	0.0172587632473511	No data	No data	No data	No data	0.14194677515233342	No data	No data	unc-51 like autophagy activating kinase 1
YTHDC2	0.01725732599236066	No data	No data	No data	No data	0.1419349542757132	No data	No data	YTH N6-methyladenosine RNA binding protein C2
COL4A3	0.017222982954301913	No data	No data	No data	No data	0.14165249582654701	No data	No data	collagen type IV alpha 3 chain
CXCL11	0.017211023920379903	No data	No data	No data	No data	0.14155413731297117	No data	No data	C-X-C motif chemokine ligand 11
HNF4A	0.017185463242838636	No data	No data	No data	No data	0.1413439104447019	No data	No data	hepatocyte nuclear factor 4 alpha
CCL4L2	0.017164931028689483	No data	No data	No data	No data	0.14117504077869866	No data	No data	C-C motif chemokine ligand 4 like 2
EEA1	0.017144398814540336	No data	No data	No data	No data	0.14100617111269545	No data	No data	early endosome antigen 1
PSMB9	0.01713761061312776	No data	No data	No data	No data	0.14095034073332297	No data	No data	proteasome 20S subunit beta 9
KRT19	0.017125303855381625	No data	No data	No data	No data	0.14084912232331245	No data	No data	keratin 19
CFL1	0.017041737743794583	No data	No data	No data	No data	0.1401618227826793	No data	No data	cofilin 1
CTSL	0.017029374586707457	No data	No data	No data	No data	0.14006014050950202	No data	No data	cathepsin L
FZD6	0.017000673315496286	No data	No data	No data	No data	0.13982408345067285	No data	No data	frizzled class receptor 6
BPIFA2	0.017000673315496286	No data	No data	No data	No data	0.13982408345067285	No data	No data	BPI fold containing family A member 2
FAM230B	0.017000673315496286	No data	No data	No data	No data	0.13982408345067285	No data	No data	family with sequence similarity 230 member B
MAP2K4	0.017000673315496286	No data	No data	No data	No data	0.13982408345067285	No data	No data	mitogen-activated protein kinase kinase 4
SOAT1	0.016980378606956503	No data	No data	No data	No data	0.139657167178134	No data	No data	sterol O-acyltransferase 1
BCR	0.016918544458899683	No data	No data	No data	No data	0.13914860478665994	No data	No data	BCR activator of RhoGEF and GTPase
ATF4	0.016895548379052633	No data	No data	No data	No data	0.1389594707607363	No data	No data	activating transcription factor 4
S100A1	0.016877480030601383	No data	No data	No data	No data	0.1388108654546535	No data	No data	S100 calcium binding protein A1
PDE7A	0.01685074648252118	No data	No data	No data	No data	0.13859099217149992	No data	No data	phosphodiesterase 7A
WNT3	0.01676208898708316	No data	No data	No data	No data	0.13786181793171534	No data	No data	Wnt family member 3
BMP6	0.01676208898708316	No data	No data	No data	No data	0.13786181793171534	No data	No data	bone morphogenetic protein 6
ESR1	0.016742003547013704	No data	No data	No data	No data	0.13769662281289288	No data	No data	estrogen receptor 1
WNK2	0.016716502126004975	No data	No data	No data	No data	0.1374868833071061	No data	No data	WNK lysine deficient protein kinase 2
DNMT3A	0.016699260411786758	No data	No data	No data	No data	0.13734507675374547	No data	No data	DNA methyltransferase 3 alpha
CDH13	0.016682423996184456	No data	No data	No data	No data	0.13720660362762283	No data	No data	cadherin 13
SAA4	0.016631093460811583	No data	No data	No data	No data	0.13678442946261474	No data	No data	serum amyloid A4, constitutive
CORIN	0.016631093460811583	No data	No data	No data	No data	0.13678442946261474	No data	No data	corin, serine peptidase
SLAMF8	0.016631093460811583	No data	No data	No data	No data	0.13678442946261474	No data	No data	SLAM family member 8
SOX17	0.016631093460811583	No data	No data	No data	No data	0.13678442946261474	No data	No data	SRY-box transcription factor 17
ACSL1	0.016631093460811583	No data	No data	No data	No data	0.13678442946261474	No data	No data	acyl-CoA synthetase long chain family member 1
TJP1	0.016586377807957492	No data	No data	No data	No data	0.13641666019488097	No data	No data	tight junction protein 1
AKR1C1	0.016569496818364133	No data	No data	No data	No data	0.13627782046460507	No data	No data	aldo-keto reductase family 1 member C1
IFT88	0.01650790017591668	No data	No data	No data	No data	0.13577121146659538	No data	No data	intraflagellar transport 88
ITGAX	0.01645193642411892	No data	No data	No data	No data	0.1353109308555651	No data	No data	integrin subunit alpha X
DOCK1	0.016446303533469233	No data	No data	No data	No data	0.13526460246858568	No data	No data	dedicator of cytokinesis 1
CSN1S1	0.016430904372857366	No data	No data	No data	No data	0.13513795021908326	No data	No data	casein alpha s1
WEE1	0.01630461868509674	No data	No data	No data	No data	0.13409929838357199	No data	No data	WEE1 G2 checkpoint kinase
CYP2C19	0.016292311927350606	No data	No data	No data	No data	0.13399807997356147	No data	No data	cytochrome P450 family 2 subfamily C member 19
EXPH5	0.01626151360612688	No data	No data	No data	No data	0.13374477547455663	No data	No data	exophilin 5
IL36RN	0.01626151360612688	No data	No data	No data	No data	0.13374477547455663	No data	No data	interleukin 36 receptor antagonist
TFPI2	0.01626151360612688	No data	No data	No data	No data	0.13374477547455663	No data	No data	tissue factor pathway inhibitor 2
TBX2	0.01626151360612688	No data	No data	No data	No data	0.13374477547455663	No data	No data	T-box transcription factor 2
IDH2	0.01626151360612688	No data	No data	No data	No data	0.13374477547455663	No data	No data	isocitrate dehydrogenase (NADP(+)) 2
CEACAM8	0.016244356636568983	No data	No data	No data	No data	0.1336036659138525	No data	No data	CEA cell adhesion molecule 8
FZD4	0.016189650856604853	No data	No data	No data	No data	0.13315373164354533	No data	No data	frizzled class receptor 4
SFRP1	0.016146122562608656	No data	No data	No data	No data	0.1327957279516185	No data	No data	secreted frizzled related protein 1
GLCCI1	0.01605619146463538	No data	No data	No data	No data	0.13205607881452436	No data	No data	glucocorticoid induced 1
TLR1	0.01605619146463538	No data	No data	No data	No data	0.13205607881452436	No data	No data	toll like receptor 1
RASSF1	0.01605619146463538	No data	No data	No data	No data	0.13205607881452436	No data	No data	Ras association domain family member 1
SCGB3A2	0.016036467968308838	No data	No data	No data	No data	0.1318938605455698	No data	No data	secretoglobin family 3A member 2
NNMT	0.016022929277713756	No data	No data	No data	No data	0.13178250995559912	No data	No data	nicotinamide N-methyltransferase
BTG3	0.01601203463347135	No data	No data	No data	No data	0.131692905643026	No data	No data	BTG anti-proliferation factor 3
BIK	0.015961332635266307	No data	No data	No data	No data	0.13127590095758945	No data	No data	BCL2 interacting killer
CYCS	0.015875780579020463	No data	No data	No data	No data	0.13057226777613234	No data	No data	cytochrome c, somatic
H3P40	0.01586841179549804	No data	No data	No data	No data	0.13051166232933337	No data	No data	H3 histone pseudogene 40
TBXT	0.015785213468118647	No data	No data	No data	No data	0.12982738767417315	No data	No data	T-box transcription factor T
KLF4	0.01570714382409983	No data	No data	No data	No data	0.1291852944924695	No data	No data	KLF transcription factor 4
TOMM20	0.01570714382409983	No data	No data	No data	No data	0.1291852944924695	No data	No data	translocase of outer mitochondrial membrane 20
TRAF3	0.01570714382409983	No data	No data	No data	No data	0.1291852944924695	No data	No data	TNF receptor associated factor 3
SLC26A4	0.015697077810699945	No data	No data	No data	No data	0.12910250535397352	No data	No data	solute carrier family 26 member 4
DNAH8	0.015615433378373183	No data	No data	No data	No data	0.12843101089566086	No data	No data	dynein axonemal heavy chain 8
BCAT1	0.015522353896757478	No data	No data	No data	No data	0.12766546749844043	No data	No data	branched chain amino acid transaminase 1
NHEJ1	0.015522353896757475	No data	No data	No data	No data	0.12766546749844043	No data	No data	non-homologous end joining factor 1
BRD3	0.015522353896757475	No data	No data	No data	No data	0.12766546749844043	No data	No data	bromodomain containing 3
ITPR1	0.015522353896757475	No data	No data	No data	No data	0.12766546749844043	No data	No data	inositol 1,4,5-trisphosphate receptor type 1
UQCRC2	0.015522353896757475	No data	No data	No data	No data	0.12766546749844043	No data	No data	ubiquinol-cytochrome c reductase core protein 2
GPX2	0.015476156414921888	No data	No data	No data	No data	0.12728551074993316	No data	No data	glutathione peroxidase 2
RIPK3	0.015471179538079074	No data	No data	No data	No data	0.1272445778274495	No data	No data	receptor interacting serine/threonine kinase 3
MYF5	0.01543262812092569	No data	No data	No data	No data	0.12692750705800632	No data	No data	myogenic factor 5
C4A	0.015418621693921549	No data	No data	No data	No data	0.1268123095136545	No data	No data	complement C4A (Rodgers blood group)
NFKBIB	0.015337563969415128	No data	No data	No data	No data	0.12614564050441138	No data	No data	NFKB inhibitor beta
RPS6KB1	0.015329646496224345	No data	No data	No data	No data	0.12608052229340871	No data	No data	ribosomal protein S6 kinase B1
DUSP6	0.015317031755265973	No data	No data	No data	No data	0.12597677083840814	No data	No data	dual specificity phosphatase 6
VSIG4	0.015317031755265973	No data	No data	No data	No data	0.12597677083840814	No data	No data	V-set and immunoglobulin domain containing 4
HSPG2	0.01530943483603079	No data	No data	No data	No data	0.12591428906198696	No data	No data	heparan sulfate proteoglycan 2
GPR182	0.015152774042072773	No data	No data	No data	No data	0.12462581351038231	No data	No data	G protein-coupled receptor 182
PLA2G2A	0.015132241827923625	No data	No data	No data	No data	0.1244569438443791	No data	No data	phospholipase A2 group IIA
CCL19	0.015098979641001998	No data	No data	No data	No data	0.12418337498545386	No data	No data	C-C motif chemokine ligand 19
FGF21	0.014967984114730425	No data	No data	No data	No data	0.12310598651635328	No data	No data	fibroblast growth factor 21
ANXA5	0.014912853373803376	No data	No data	No data	No data	0.1226525571034691	No data	No data	annexin A5
CYP2F1	0.014844790829835523	No data	No data	No data	No data	0.1220927685203339	No data	No data	cytochrome P450 family 2 subfamily F member 1
PPBP	0.01483669111453427	No data	No data	No data	No data	0.12202615143716364	No data	No data	pro-platelet basic protein
TRIM60	0.014783194187388075	No data	No data	No data	No data	0.12158615952232422	No data	No data	tripartite motif containing 60
PSMB7	0.014783194187388075	No data	No data	No data	No data	0.12158615952232422	No data	No data	proteasome 20S subunit beta 7
CCNL2	0.014783194187388075	No data	No data	No data	No data	0.12158615952232422	No data	No data	cyclin L2
KRT14	0.014783194187388075	No data	No data	No data	No data	0.12158615952232422	No data	No data	keratin 14
TRPV3	0.014783194187388075	No data	No data	No data	No data	0.12158615952232422	No data	No data	transient receptor potential cation channel subfamily V member 3
CYP46A1	0.014783194187388075	No data	No data	No data	No data	0.12158615952232422	No data	No data	cytochrome P450 family 46 subfamily A member 1
SLC11A1	0.014783194187388075	No data	No data	No data	No data	0.12158615952232422	No data	No data	solute carrier family 11 member 1
LDHC	0.014783194187388075	No data	No data	No data	No data	0.12158615952232422	No data	No data	lactate dehydrogenase C
MOCS3	0.014783194187388075	No data	No data	No data	No data	0.12158615952232422	No data	No data	molybdenum cofactor synthesis 3
VAV2	0.014783194187388075	No data	No data	No data	No data	0.12158615952232422	No data	No data	vav guanine nucleotide exchange factor 2
SKP1	0.014783194187388075	No data	No data	No data	No data	0.12158615952232422	No data	No data	S-phase kinase associated protein 1
NFAT5	0.014783194187388075	No data	No data	No data	No data	0.12158615952232422	No data	No data	nuclear factor of activated T cells 5
BRDT	0.014783194187388075	No data	No data	No data	No data	0.12158615952232422	No data	No data	bromodomain testis associated
BEST1	0.014611339554959685	No data	No data	No data	No data	0.12017272041787719	No data	No data	bestrophin 1
GSTM3	0.014605863133895527	No data	No data	No data	No data	0.12012767893383268	No data	No data	glutathione S-transferase mu 3
KIR2DL1	0.014598404260045723	No data	No data	No data	No data	0.12006633252829517	No data	No data	killer cell immunoglobulin like receptor, two Ig domains and long cytoplasmic tail 1
CBR3	0.014598404260045723	No data	No data	No data	No data	0.12006633252829517	No data	No data	carbonyl reductase 3
UQCRFS1	0.014598404260045723	No data	No data	No data	No data	0.12006633252829517	No data	No data	ubiquinol-cytochrome c reductase, Rieske iron-sulfur polypeptide 1
GUSB	0.014598404260045723	No data	No data	No data	No data	0.12006633252829517	No data	No data	glucuronidase beta
PSMB8	0.014585045750105417	No data	No data	No data	No data	0.11995646385580164	No data	No data	proteasome 20S subunit beta 8
CA3	0.014577872045896572	No data	No data	No data	No data	0.11989746286229193	No data	No data	carbonic anhydrase 3
PTK2	0.014577872045896572	No data	No data	No data	No data	0.11989746286229193	No data	No data	protein tyrosine kinase 2
ANO1	0.014517186078378302	No data	No data	No data	No data	0.11939834381982288	No data	No data	anoctamin 1
HDAC5	0.014511142349911833	No data	No data	No data	No data	0.11934863644778143	No data	No data	histone deacetylase 5
CCL26	0.014509458103093589	No data	No data	No data	No data	0.11933478415715179	No data	No data	C-C motif chemokine ligand 26
PLXNA3	0.01449574318929997	No data	No data	No data	No data	0.11922198419827901	No data	No data	plexin A3
PAPPA	0.014481781283678549	No data	No data	No data	No data	0.11910715282539683	No data	No data	pappalysin 1
MAPT	0.014464944868076245	No data	No data	No data	No data	0.11896867969927419	No data	No data	microtubule associated protein tau
CPEB2	0.014413614332703372	No data	No data	No data	No data	0.11854650553426611	No data	No data	cytoplasmic polyadenylation element binding protein 2
AIMP1	0.014397762858122214	No data	No data	No data	No data	0.11841613317409426	No data	No data	aminoacyl tRNA synthetase complex interacting multifunctional protein 1
ARRB2	0.014296171828639284	No data	No data	No data	No data	0.11758058552720706	No data	No data	arrestin beta 2
GGCT	0.014277691075035999	No data	No data	No data	No data	0.11742858834532474	No data	No data	gamma-glutamylcyclotransferase
SLC18A3	0.01422882440536102	No data	No data	No data	No data	0.11702667854023706	No data	No data	solute carrier family 18 member A3
TMPRSS4	0.01422882440536102	No data	No data	No data	No data	0.11702667854023706	No data	No data	transmembrane serine protease 4
CD93	0.01422882440536102	No data	No data	No data	No data	0.11702667854023706	No data	No data	CD93 molecule
MAPK15	0.01422882440536102	No data	No data	No data	No data	0.11702667854023706	No data	No data	mitogen-activated protein kinase 15
NTRK2	0.01422882440536102	No data	No data	No data	No data	0.11702667854023706	No data	No data	neurotrophic receptor tyrosine kinase 2
PHLDA1	0.01422882440536102	No data	No data	No data	No data	0.11702667854023706	No data	No data	pleckstrin homology like domain family A member 1
MCC	0.014216094432588547	No data	No data	No data	No data	0.11692197934731505	No data	No data	MCC regulator of WNT signaling pathway
STING1	0.014181258473368614	No data	No data	No data	No data	0.11663546680874329	No data	No data	stimulator of interferon response cGAMP interactor 1
PPIG	0.014166775448944275	No data	No data	No data	No data	0.11651634943155793	No data	No data	peptidylprolyl isomerase G
CYP2E1	0.014119722566885989	No data	No data	No data	No data	0.11612935734098494	No data	No data	cytochrome P450 family 2 subfamily E member 1
RENBP	0.014119272472131945	No data	No data	No data	No data	0.1161256554825184	No data	No data	renin binding protein
SATB1	0.014095365013391542	No data	No data	No data	No data	0.11592902571121608	No data	No data	SATB homeobox 1
WNT4	0.014084573030219882	No data	No data	No data	No data	0.11584026574697294	No data	No data	Wnt family member 4
GRIK5	0.01404403447801867	No data	No data	No data	No data	0.115506851546208	No data	No data	glutamate ionotropic receptor kainate type subunit 5
HSPA9	0.01404403447801867	No data	No data	No data	No data	0.115506851546208	No data	No data	heat shock protein family A (Hsp70) member 9
BASP1	0.01404403447801867	No data	No data	No data	No data	0.115506851546208	No data	No data	brain abundant membrane attached signal protein 1
TRIM16	0.01404403447801867	No data	No data	No data	No data	0.115506851546208	No data	No data	tripartite motif containing 16
MTA1	0.01404403447801867	No data	No data	No data	No data	0.115506851546208	No data	No data	metastasis associated 1
GBP1	0.01404403447801867	No data	No data	No data	No data	0.115506851546208	No data	No data	guanylate binding protein 1
TNFRSF6B	0.01404403447801867	No data	No data	No data	No data	0.115506851546208	No data	No data	TNF receptor superfamily member 6b
CDIPT	0.01400673312502333	No data	No data	No data	No data	0.1152000620798585	No data	No data	CDP-diacylglycerol--inositol 3-phosphatidyltransferase
GATA4	0.013887579006202149	No data	No data	No data	No data	0.11422006469126342	No data	No data	GATA binding protein 4
HSP90B1	0.013838712336527167	No data	No data	No data	No data	0.11381815488617571	No data	No data	heat shock protein 90 beta family member 1
CALR	0.013795992760353577	No data	No data	No data	No data	0.11346680259129757	No data	No data	calreticulin
CTSC	0.013776724502823103	No data	No data	No data	No data	0.11330832848860223	No data	No data	cathepsin C
VANGL2	0.013743853507158094	No data	No data	No data	No data	0.1130379770292408	No data	No data	VANGL planar cell polarity protein 2
PLA2G2D	0.013687389918247929	No data	No data	No data	No data	0.11257358544773192	No data	No data	phospholipase A2 group IID
CSGALNACT1	0.013674454623333965	No data	No data	No data	No data	0.11246719755814989	No data	No data	chondroitin sulfate N-acetylgalactosaminyltransferase 1
TINCR	0.013674454623333965	No data	No data	No data	No data	0.11246719755814989	No data	No data	TINCR ubiquitin domain containing
TXNIP	0.013653922409184817	No data	No data	No data	No data	0.11229832789214668	No data	No data	thioredoxin interacting protein
PDCD1LG2	0.013653922409184817	No data	No data	No data	No data	0.11229832789214668	No data	No data	programmed cell death 1 ligand 2
AGTR2	0.01365061211343424	No data	No data	No data	No data	0.1122711019664033	No data	No data	angiotensin II receptor type 2
GZMA	0.013564411616343586	No data	No data	No data	No data	0.11156213560518825	No data	No data	granzyme A
ADCY2	0.013538531365666594	No data	No data	No data	No data	0.11134928036920852	No data	No data	adenylate cyclase 2
CST12P	0.013489664695991615	No data	No data	No data	No data	0.11094737056412086	No data	No data	cystatin 12, pseudogene
ARHGEF12	0.013489664695991615	No data	No data	No data	No data	0.11094737056412086	No data	No data	Rho guanine nucleotide exchange factor 12
MUC2	0.013479443162908101	No data	No data	No data	No data	0.11086330233527249	No data	No data	mucin 2, oligomeric mucus/gel-forming
ADAM10	0.013470043860735817	No data	No data	No data	No data	0.11078599664349631	No data	No data	ADAM metallopeptidase domain 10
KCNA3	0.013455334228676225	No data	No data	No data	No data	0.1106650155045461	No data	No data	potassium voltage-gated channel subfamily A member 3
SERPINB2	0.013430108704215724	No data	No data	No data	No data	0.11045754514312005	No data	No data	serpin family B member 2
CIRBP	0.013420862922476929	No data	No data	No data	No data	0.11038150209862288	No data	No data	cold inducible RNA binding protein
TFF3	0.013413163342170997	No data	No data	No data	No data	0.11031817597387168	No data	No data	trefoil factor 3
PROX1	0.013345939196947565	No data	No data	No data	No data	0.10976528290209825	No data	No data	prospero homeobox 1
CFD	0.013333209224175092	No data	No data	No data	No data	0.10966058370917624	No data	No data	complement factor D
LPAR1	0.013304874768649265	No data	No data	No data	No data	0.10942754357009181	No data	No data	lysophosphatidic acid receptor 1
GAL	0.013304874768649264	No data	No data	No data	No data	0.1094275435700918	No data	No data	galanin and GMAP prepropeptide
PKD2	0.013304874768649264	No data	No data	No data	No data	0.1094275435700918	No data	No data	polycystin 2, transient receptor potential cation channel
IGLC4	0.013304874768649264	No data	No data	No data	No data	0.1094275435700918	No data	No data	immunoglobulin lambda constant 4 (pseudogene)
PACS1	0.013304874768649264	No data	No data	No data	No data	0.1094275435700918	No data	No data	phosphofurin acidic cluster sorting protein 1
XRCC3	0.013304874768649264	No data	No data	No data	No data	0.1094275435700918	No data	No data	X-ray repair cross complementing 3
ABHD12	0.013304874768649264	No data	No data	No data	No data	0.1094275435700918	No data	No data	abhydrolase domain containing 12, lysophospholipase
GALNS	0.013304874768649264	No data	No data	No data	No data	0.1094275435700918	No data	No data	galactosamine (N-acetyl)-6-sulfatase
NAT2	0.013304874768649264	No data	No data	No data	No data	0.1094275435700918	No data	No data	N-acetyltransferase 2
PEDS1	0.013208972812510838	No data	No data	No data	No data	0.1086387863915182	No data	No data	plasmanylethanolamine desaturase 1
SERPINA7	0.013191947590828939	No data	No data	No data	No data	0.10849876040707404	No data	No data	serpin family A member 7
H3C12	0.013129825072284404	No data	No data	No data	No data	0.10798782627782284	No data	No data	H3 clustered histone 12
HAT1	0.013099552627157764	No data	No data	No data	No data	0.10773884691005951	No data	No data	histone acetyltransferase 1
PAEP	0.013099552627157764	No data	No data	No data	No data	0.10773884691005951	No data	No data	progestagen associated endometrial protein
GSS	0.013099552627157762	No data	No data	No data	No data	0.1077388469100595	No data	No data	glutathione synthetase
HLA-G	0.0130841534665459	No data	No data	No data	No data	0.10761219466055709	No data	No data	major histocompatibility complex, class I, G
ITGA2B	0.012976359342262864	No data	No data	No data	No data	0.10672562891404014	No data	No data	integrin subunit alpha 2b
IGHG3	0.012955478323653766	No data	No data	No data	No data	0.10655389046378287	No data	No data	immunoglobulin heavy constant gamma 3 (G3m marker)
TPSAB1	0.012935294913964564	No data	No data	No data	No data	0.1063878895820337	No data	No data	tryptase alpha/beta 1
IRAK3	0.012935294913964564	No data	No data	No data	No data	0.1063878895820337	No data	No data	interleukin 1 receptor associated kinase 3
IGKV1D-22	0.012935294913964564	No data	No data	No data	No data	0.1063878895820337	No data	No data	immunoglobulin kappa variable 1D-22 (pseudogene)
HMMR	0.01293529491396456	No data	No data	No data	No data	0.10638788958203368	No data	No data	hyaluronan mediated motility receptor
XRCC4	0.01293529491396456	No data	No data	No data	No data	0.10638788958203368	No data	No data	X-ray repair cross complementing 4
PLA2R1	0.01293529491396456	No data	No data	No data	No data	0.10638788958203368	No data	No data	phospholipase A2 receptor 1
MME	0.012919895753352699	No data	No data	No data	No data	0.10626123733253126	No data	No data	membrane metalloendopeptidase
CTSE	0.01290449659274084	No data	No data	No data	No data	0.10613458508302885	No data	No data	cathepsin E
FABP2	0.012850702191670062	No data	No data	No data	No data	0.10569214655810037	No data	No data	fatty acid binding protein 2
FGF1	0.012850358824143192	No data	No data	No data	No data	0.10568932249055668	No data	No data	fibroblast growth factor 1
AXIN2	0.01278274056283638	No data	No data	No data	No data	0.1051331879636297	No data	No data	axin 2
CARM1	0.012750504986622214	No data	No data	No data	No data	0.10486806258800464	No data	No data	coactivator associated arginine methyltransferase 1
SOST	0.012750504986622214	No data	No data	No data	No data	0.10486806258800464	No data	No data	sclerostin
CASP8	0.012741353834645908	No data	No data	No data	No data	0.1047927978373763	No data	No data	caspase 8
PZP	0.01272997277247306	No data	No data	No data	No data	0.1046991929220014	No data	No data	PZP alpha-2-macroglobulin like
AOC3	0.01272997277247306	No data	No data	No data	No data	0.1046991929220014	No data	No data	amine oxidase copper containing 3
JAK2	0.012705116222609234	No data	No data	No data	No data	0.10449475723654608	No data	No data	Janus kinase 2
CLDN1	0.012652976969413749	No data	No data	No data	No data	0.1040659316744893	No data	No data	claudin 1
COPDA1	0.012637577808801885	No data	No data	No data	No data	0.10393927942498687	No data	No data	chronic obstructive pulmonary disease associated lncRNA 1
FGFR2	0.012581592140930822	No data	No data	No data	No data	0.10347881856257445	No data	No data	fibroblast growth factor receptor 2
RGN	0.012578410496176301	No data	No data	No data	No data	0.1034526507424293	No data	No data	regucalcin
ENTPD2	0.012565715059279862	No data	No data	No data	No data	0.10334823559397559	No data	No data	ectonucleoside triphosphate diphosphohydrolase 2
AKR1B1	0.012565715059279862	No data	No data	No data	No data	0.10334823559397559	No data	No data	aldo-keto reductase family 1 member B
SLITRK6	0.012565715059279862	No data	No data	No data	No data	0.10334823559397559	No data	No data	SLIT and NTRK like family member 6
C1QTNF3	0.012565715059279862	No data	No data	No data	No data	0.10334823559397559	No data	No data	C1q and TNF related 3
MCRS1	0.012565715059279862	No data	No data	No data	No data	0.10334823559397559	No data	No data	microspherule protein 1
PTPRB	0.012565715059279862	No data	No data	No data	No data	0.10334823559397559	No data	No data	protein tyrosine phosphatase receptor type B
SLC22A11	0.012565715059279862	No data	No data	No data	No data	0.10334823559397559	No data	No data	solute carrier family 22 member 11
IFI16	0.012565715059279862	No data	No data	No data	No data	0.10334823559397559	No data	No data	interferon gamma inducible protein 16
FXYD1	0.012565715059279862	No data	No data	No data	No data	0.10334823559397559	No data	No data	FXYD domain containing ion transport regulator 1
CDC42BPA	0.012565715059279862	No data	No data	No data	No data	0.10334823559397559	No data	No data	CDC42 binding protein kinase alpha
CNTN4	0.012565715059279862	No data	No data	No data	No data	0.10334823559397559	No data	No data	contactin 4
CCND2	0.01256571505927986	No data	No data	No data	No data	0.10334823559397557	No data	No data	cyclin D2
MFN2	0.012514384523906985	No data	No data	No data	No data	0.10292606142896753	No data	No data	mitofusin 2
NGFR	0.012514384523906985	No data	No data	No data	No data	0.10292606142896753	No data	No data	nerve growth factor receptor
CDC6	0.012452787881459534	No data	No data	No data	No data	0.10241945243095782	No data	No data	cell division cycle 6
TFF2	0.012410768018637077	No data	No data	No data	No data	0.1020738550127357	No data	No data	trefoil factor 2
CCL15	0.01238092513193751	No data	No data	No data	No data	0.10182840859994653	No data	No data	C-C motif chemokine ligand 15
WNT3A	0.01238092513193751	No data	No data	No data	No data	0.10182840859994653	No data	No data	Wnt family member 3A
CIP2A	0.01238092513193751	No data	No data	No data	No data	0.10182840859994653	No data	No data	cellular inhibitor of PP2A
PDCD4	0.012360392917788359	No data	No data	No data	No data	0.10165953893394329	No data	No data	programmed cell death 4
TNFAIP2	0.012360392917788359	No data	No data	No data	No data	0.10165953893394329	No data	No data	TNF alpha induced protein 2
SLC2A4	0.01225773184704261	No data	No data	No data	No data	0.10081519060392716	No data	No data	solute carrier family 2 member 4
ELP1	0.012196135204595159	No data	No data	No data	No data	0.10030858160591748	No data	No data	elongator acetyltransferase complex subunit 1
NTF3	0.012196135204595159	No data	No data	No data	No data	0.10030858160591748	No data	No data	neurotrophin 3
ICOSLG	0.012196135204595159	No data	No data	No data	No data	0.10030858160591748	No data	No data	inducible T cell costimulator ligand
RAC2	0.012196135204595159	No data	No data	No data	No data	0.10030858160591748	No data	No data	Rac family small GTPase 2
TNFRSF13B	0.012175602990446007	No data	No data	No data	No data	0.10013971193991425	No data	No data	TNF receptor superfamily member 13B
SPI1	0.01213453856214771	No data	No data	No data	No data	0.0998019726079078	No data	No data	Spi-1 proto-oncogene
MT-CYB	0.012011345277252809	No data	No data	No data	No data	0.09878875461188842	No data	No data	mitochondrially encoded cytochrome b
ERBB2	0.011995111359833647	No data	No data	No data	No data	0.09865523680457434	No data	No data	erb-b2 receptor tyrosine kinase 2
PRKCB	0.011960014741879934	No data	No data	No data	No data	0.09836658044688036	No data	No data	protein kinase C beta
THBD	0.011946444624426457	No data	No data	No data	No data	0.09825497138293106	No data	No data	thrombomodulin
JAK1	0.011901479075439822	No data	No data	No data	No data	0.09788514681438401	No data	No data	Janus kinase 1
ITGAE	0.011875422019585434	No data	No data	No data	No data	0.09767083742294703	No data	No data	integrin subunit alpha E
ITIH4	0.011826555349910457	No data	No data	No data	No data	0.09726892761785938	No data	No data	inter-alpha-trypsin inhibitor heavy chain 4
FEN1	0.011826555349910457	No data	No data	No data	No data	0.09726892761785938	No data	No data	flap structure-specific endonuclease 1
ATXN7	0.011826555349910457	No data	No data	No data	No data	0.09726892761785938	No data	No data	ataxin 7
BPTF	0.011826555349910457	No data	No data	No data	No data	0.09726892761785938	No data	No data	bromodomain PHD finger transcription factor
CYP2C8	0.011826555349910457	No data	No data	No data	No data	0.09726892761785938	No data	No data	cytochrome P450 family 2 subfamily C member 8
PCBP1	0.011826555349910457	No data	No data	No data	No data	0.09726892761785938	No data	No data	poly(rC) binding protein 1
RAB26	0.011826555349910457	No data	No data	No data	No data	0.09726892761785938	No data	No data	RAB26, member RAS oncogene family
CDKN2B	0.011826555349910457	No data	No data	No data	No data	0.09726892761785938	No data	No data	cyclin dependent kinase inhibitor 2B
RRM1	0.011826555349910457	No data	No data	No data	No data	0.09726892761785938	No data	No data	ribonucleotide reductase catalytic subunit M1
IKBKG	0.011826555349910457	No data	No data	No data	No data	0.09726892761785938	No data	No data	inhibitor of nuclear factor kappa B kinase regulatory subunit gamma
UTS2	0.011826555349910457	No data	No data	No data	No data	0.09726892761785938	No data	No data	urotensin 2
CTRL	0.011826555349910457	No data	No data	No data	No data	0.09726892761785938	No data	No data	chymotrypsin like
SUPV3L1	0.011826555349910457	No data	No data	No data	No data	0.09726892761785938	No data	No data	Suv3 like RNA helicase
MCM3AP-AS1	0.011826555349910457	No data	No data	No data	No data	0.09726892761785938	No data	No data	MCM3AP antisense RNA 1
STARD5	0.011826555349910457	No data	No data	No data	No data	0.09726892761785938	No data	No data	StAR related lipid transfer domain containing 5
CREB3L1	0.011826555349910457	No data	No data	No data	No data	0.09726892761785938	No data	No data	cAMP responsive element binding protein 3 like 1
THOC7	0.011826555349910457	No data	No data	No data	No data	0.09726892761785938	No data	No data	THO complex subunit 7
XPC	0.011806023135761307	No data	No data	No data	No data	0.09710005795185614	No data	No data	XPC complex subunit, DNA damage recognition and repair factor
NPY	0.011734160386239282	No data	No data	No data	No data	0.09650901412084485	No data	No data	neuropeptide Y
CYP27A1	0.01171629735992952	No data	No data	No data	No data	0.09636209751142204	No data	No data	cytochrome P450 family 27 subfamily A member 1
MB	0.01171362817209013	No data	No data	No data	No data	0.09634014445484161	No data	No data	myoglobin
CEACAM6	0.011621233208418956	No data	No data	No data	No data	0.09558023095782708	No data	No data	CEA cell adhesion molecule 6
EZR	0.011616100154881667	No data	No data	No data	No data	0.09553801354132627	No data	No data	ezrin
FCGR3B	0.01161096710134438	No data	No data	No data	No data	0.09549579612482549	No data	No data	Fc gamma receptor IIIb
FGB	0.011582837967960044	No data	No data	No data	No data	0.09526444468240104	No data	No data	fibrinogen beta chain
CCL13	0.011578513632245368	No data	No data	No data	No data	0.09522887866294895	No data	No data	C-C motif chemokine ligand 13
GSR	0.011544422973888128	No data	No data	No data	No data	0.0949484959410078	No data	No data	glutathione-disulfide reductase
THY1	0.011518572137673207	No data	No data	No data	No data	0.09473588262781096	No data	No data	Thy-1 cell surface antigen
THBS2	0.011518572137673206	No data	No data	No data	No data	0.09473588262781095	No data	No data	thrombospondin 2
WWOX	0.011477507709374906	No data	No data	No data	No data	0.09439814329580448	No data	No data	WW domain containing oxidoreductase
GLI3	0.011456975495225754	No data	No data	No data	No data	0.09422927362980127	No data	No data	GLI family zinc finger 3
H3P28	0.011456975495225754	No data	No data	No data	No data	0.09422927362980127	No data	No data	H3 histone pseudogene 28
RPS6KB2	0.011456975495225754	No data	No data	No data	No data	0.09422927362980127	No data	No data	ribosomal protein S6 kinase B2
RMRP	0.011456975495225754	No data	No data	No data	No data	0.09422927362980127	No data	No data	RNA component of mitochondrial RNA processing endoribonuclease
MACROD2	0.011436443281076606	No data	No data	No data	No data	0.09406040396379804	No data	No data	mono-ADP ribosylhydrolase 2
RPL32	0.011415911066927457	No data	No data	No data	No data	0.09389153429779483	No data	No data	ribosomal protein L32
ZEB1	0.011379841646781063	No data	No data	No data	No data	0.09359487701140548	No data	No data	zinc finger E-box binding homeobox 1
APP	0.011136262310216033	No data	No data	No data	No data	0.09159152944683084	No data	No data	amyloid beta precursor protein
GAPDH	0.011122057952201905	No data	No data	No data	No data	0.09147470399506949	No data	No data	glyceraldehyde-3-phosphate dehydrogenase
MAP4K4	0.011087395640541052	No data	No data	No data	No data	0.09118961964174316	No data	No data	mitogen-activated protein kinase kinase kinase kinase 4
KDSR	0.011087395640541052	No data	No data	No data	No data	0.09118961964174316	No data	No data	3-ketodihydrosphingosine reductase
SEMA3F	0.011087395640541052	No data	No data	No data	No data	0.09118961964174316	No data	No data	semaphorin 3F
C10orf105	0.011087395640541052	No data	No data	No data	No data	0.09118961964174316	No data	No data	chromosome 10 open reading frame 105
ERBB4	0.011087395640541052	No data	No data	No data	No data	0.09118961964174316	No data	No data	erb-b2 receptor tyrosine kinase 4
HLX	0.011087395640541052	No data	No data	No data	No data	0.09118961964174316	No data	No data	H2.0 like homeobox
RAD17	0.011087395640541052	No data	No data	No data	No data	0.09118961964174316	No data	No data	RAD17 checkpoint clamp loader component
ASB4	0.011087395640541052	No data	No data	No data	No data	0.09118961964174316	No data	No data	ankyrin repeat and SOCS box containing 4
DPH7	0.011087395640541052	No data	No data	No data	No data	0.09118961964174316	No data	No data	diphthamide biosynthesis 7
FKBP4	0.011087395640541052	No data	No data	No data	No data	0.09118961964174316	No data	No data	FKBP prolyl isomerase 4
SPON2	0.011087395640541052	No data	No data	No data	No data	0.09118961964174316	No data	No data	spondin 2
IL21	0.011087395640541052	No data	No data	No data	No data	0.09118961964174316	No data	No data	interleukin 21
VAV3	0.011087395640541052	No data	No data	No data	No data	0.09118961964174316	No data	No data	vav guanine nucleotide exchange factor 3
CDKN1C	0.011087395640541052	No data	No data	No data	No data	0.09118961964174316	No data	No data	cyclin dependent kinase inhibitor 1C
TMEM44	0.011087395640541052	No data	No data	No data	No data	0.09118961964174316	No data	No data	transmembrane protein 44
DPF3	0.011087395640541052	No data	No data	No data	No data	0.09118961964174316	No data	No data	double PHD fingers 3
ACSL3	0.011087395640541052	No data	No data	No data	No data	0.09118961964174316	No data	No data	acyl-CoA synthetase long chain family member 3
MOXD1	0.011087395640541052	No data	No data	No data	No data	0.09118961964174316	No data	No data	monooxygenase DBH like 1
UOX	0.011087395640541052	No data	No data	No data	No data	0.09118961964174316	No data	No data	urate oxidase (pseudogene)
GNS	0.011087395640541052	No data	No data	No data	No data	0.09118961964174316	No data	No data	glucosamine (N-acetyl)-6-sulfatase
TNMD	0.011087395640541052	No data	No data	No data	No data	0.09118961964174316	No data	No data	tenomodulin
ATP5MC1	0.011087395640541052	No data	No data	No data	No data	0.09118961964174316	No data	No data	ATP synthase membrane subunit c locus 1
ENTPD3	0.011087395640541052	No data	No data	No data	No data	0.09118961964174316	No data	No data	ectonucleoside triphosphate diphosphohydrolase 3
SIX1	0.011087395640541052	No data	No data	No data	No data	0.09118961964174316	No data	No data	SIX homeobox 1
HOXA1	0.011087395640541052	No data	No data	No data	No data	0.09118961964174316	No data	No data	homeobox A1
GDPD3	0.011087395640541052	No data	No data	No data	No data	0.09118961964174316	No data	No data	glycerophosphodiester phosphodiesterase domain containing 3
CRYAB	0.011066863426391904	No data	No data	No data	No data	0.09102074997573993	No data	No data	crystallin alpha B
JUP	0.011066863426391904	No data	No data	No data	No data	0.09102074997573993	No data	No data	junction plakoglobin
HPX	0.011033601239470281	No data	No data	No data	No data	0.0907471811168147	No data	No data	hemopexin
LOXL1	0.011028468185932993	No data	No data	No data	No data	0.09070496370031389	No data	No data	lysyl oxidase like 1
BMP4	0.010971376059855	No data	No data	No data	No data	0.09023540263923349	No data	No data	bone morphogenetic protein 4
EIF4EBP1	0.010964202355646154	No data	No data	No data	No data	0.0901764016457238	No data	No data	eukaryotic translation initiation factor 4E binding protein 1
GHR	0.010902605713198706	No data	No data	No data	No data	0.08966979264771412	No data	No data	growth hormone receptor
MMP11	0.010902605713198706	No data	No data	No data	No data	0.08966979264771412	No data	No data	matrix metallopeptidase 11
CCL7	0.010900141847500804	No data	No data	No data	No data	0.08964952828779371	No data	No data	C-C motif chemokine ligand 7
PDC	0.010882073499049552	No data	No data	No data	No data	0.08950092298171088	No data	No data	phosducin
TCF7	0.010882073499049552	No data	No data	No data	No data	0.08950092298171088	No data	No data	transcription factor 7
SNHG5	0.010833412151516068	No data	No data	No data	No data	0.08910070187328323	No data	No data	small nucleolar RNA host gene 5
DNASE1	0.01081705365695286	No data	No data	No data	No data	0.08896615946625701	No data	No data	deoxyribonuclease 1
IRF3	0.010737895686036206	No data	No data	No data	No data	0.08831511520901884	No data	No data	interferon regulatory factor 3
DPYSL5	0.010717815785856354	No data	No data	No data	No data	0.08814996565368506	No data	No data	dihydropyrimidinase like 5
NLRC4	0.010717815785856354	No data	No data	No data	No data	0.08814996565368506	No data	No data	NLR family CARD domain containing 4
CAMK4	0.010717815785856353	No data	No data	No data	No data	0.08814996565368505	No data	No data	calcium/calmodulin dependent protein kinase IV
TNFAIP6	0.010717815785856353	No data	No data	No data	No data	0.08814996565368505	No data	No data	TNF alpha induced protein 6
TSPO	0.010703853880234933	No data	No data	No data	No data	0.08803513428080288	No data	No data	translocator protein
CASP12	0.010607557795875416	No data	No data	No data	No data	0.08724313554724772	No data	No data	caspase 12 (gene/pseudogene)
ADSL	0.010602161757336252	No data	No data	No data	No data	0.08719875517895281	No data	No data	adenylosuccinate lyase
FGFR3	0.010581892528188978	No data	No data	No data	No data	0.0870320484647437	No data	No data	fibroblast growth factor receptor 3
HIVEP2-DT	0.010581892528188978	No data	No data	No data	No data	0.0870320484647437	No data	No data	HIVEP2 divergent transcript
KRT13	0.010533025858514003	No data	No data	No data	No data	0.086630138659656	No data	No data	keratin 13
PTPN11	0.010533025858514001	No data	No data	No data	No data	0.08663013865965599	No data	No data	protein tyrosine phosphatase non-receptor type 11
IL1R2	0.010491961430215703	No data	No data	No data	No data	0.08629239932764955	No data	No data	interleukin 1 receptor type 2
DNAJC5	0.010488653573186785	No data	No data	No data	No data	0.08626519345946593	No data	No data	DnaJ heat shock protein family (Hsp40) member C5
PRKCA	0.01047923145744323	No data	No data	No data	No data	0.08618770013472754	No data	No data	protein kinase C alpha
PLOD1	0.01041097320522961	No data	No data	No data	No data	0.08562630192557459	No data	No data	procollagen-lysine,2-oxoglutarate 5-dioxygenase 1
ACKR2	0.010409832573619101	No data	No data	No data	No data	0.08561692066363663	No data	No data	atypical chemokine receptor 2
NUF2	0.010348235931171651	No data	No data	No data	No data	0.08511031166562696	No data	No data	NUF2 component of NDC80 kinetochore complex
MGST3	0.010348235931171651	No data	No data	No data	No data	0.08511031166562696	No data	No data	microsomal glutathione S-transferase 3
TTC5	0.010348235931171651	No data	No data	No data	No data	0.08511031166562696	No data	No data	tetratricopeptide repeat domain 5
WNT16	0.010348235931171651	No data	No data	No data	No data	0.08511031166562696	No data	No data	Wnt family member 16
CEACAM21	0.010348235931171651	No data	No data	No data	No data	0.08511031166562696	No data	No data	CEA cell adhesion molecule 21
ATG3	0.010348235931171651	No data	No data	No data	No data	0.08511031166562696	No data	No data	autophagy related 3
PKMYT1	0.010348235931171651	No data	No data	No data	No data	0.08511031166562696	No data	No data	protein kinase, membrane associated tyrosine/threonine 1
TCF7L1	0.010348235931171651	No data	No data	No data	No data	0.08511031166562696	No data	No data	transcription factor 7 like 1
HULC	0.010348235931171651	No data	No data	No data	No data	0.08511031166562696	No data	No data	hepatocellular carcinoma up-regulated long non-coding RNA
IL18RAP	0.010348235931171651	No data	No data	No data	No data	0.08511031166562696	No data	No data	interleukin 18 receptor accessory protein
S1PR3	0.010348235931171651	No data	No data	No data	No data	0.08511031166562696	No data	No data	sphingosine-1-phosphate receptor 3
SLC22A3	0.010348235931171651	No data	No data	No data	No data	0.08511031166562696	No data	No data	solute carrier family 22 member 3
CDHR3	0.010348235931171651	No data	No data	No data	No data	0.08511031166562696	No data	No data	cadherin related family member 3
ATP5MK	0.010348235931171651	No data	No data	No data	No data	0.08511031166562696	No data	No data	ATP synthase membrane subunit k
MRPL43	0.010348235931171651	No data	No data	No data	No data	0.08511031166562696	No data	No data	mitochondrial ribosomal protein L43
ABCA13	0.010348235931171651	No data	No data	No data	No data	0.08511031166562696	No data	No data	ATP binding cassette subfamily A member 13
GFM1	0.010348235931171651	No data	No data	No data	No data	0.08511031166562696	No data	No data	G elongation factor mitochondrial 1
NR3C2	0.010325329044154017	No data	No data	No data	No data	0.08492191121686184	No data	No data	nuclear receptor subfamily 3 group C member 2
VIPR1	0.010245122546456606	No data	No data	No data	No data	0.08426224322494137	No data	No data	vasoactive intestinal peptide receptor 1
PPP6R3	0.010204510432127601	No data	No data	No data	No data	0.08392822400360436	No data	No data	protein phosphatase 6 regulatory subunit 3
SNHG12	0.010163446003829301	No data	No data	No data	No data	0.08359048467159791	No data	No data	small nucleolar RNA host gene 12
HSP90AA2P	0.010163446003829301	No data	No data	No data	No data	0.08359048467159791	No data	No data	heat shock protein 90 alpha family class A member 2, pseudogene
HOXA-AS2	0.01014291378968015	No data	No data	No data	No data	0.08342161500559467	No data	No data	HOXA cluster antisense RNA 2
AGR2	0.01014291378968015	No data	No data	No data	No data	0.08342161500559467	No data	No data	anterior gradient 2, protein disulphide isomerase family member
CDC5L	0.01014291378968015	No data	No data	No data	No data	0.08342161500559467	No data	No data	cell division cycle 5 like
MCL1	0.010050518826008974	No data	No data	No data	No data	0.08266170150858014	No data	No data	MCL1 apoptosis regulator, BCL2 family member
IRAK4	0.010050518826008974	No data	No data	No data	No data	0.08266170150858014	No data	No data	interleukin 1 receptor associated kinase 4
VHL	0.010050518826008974	No data	No data	No data	No data	0.08266170150858014	No data	No data	von Hippel-Lindau tumor suppressor
FOXM1	0.010048054960311074	No data	No data	No data	No data	0.08264143714865975	No data	No data	forkhead box M1
MCAT	0.010039800404965105	No data	No data	No data	No data	0.0825735465649091	No data	No data	malonyl-CoA-acyl carrier protein transacylase
SLA2	0.00997865607648695	No data	No data	No data	No data	0.08207065767756885	No data	No data	Src like adaptor 2
MPIG6B	0.00997865607648695	No data	No data	No data	No data	0.08207065767756885	No data	No data	megakaryocyte and platelet inhibitory receptor G6b
SORBS1	0.00997865607648695	No data	No data	No data	No data	0.08207065767756885	No data	No data	sorbin and SH3 domain containing 1
CEMIP	0.00997865607648695	No data	No data	No data	No data	0.08207065767756885	No data	No data	cell migration inducing hyaluronidase 1
CUBN	0.0099581238623378	No data	No data	No data	No data	0.08190178801156561	No data	No data	cubilin
COPB1	0.009844170073810013	No data	No data	No data	No data	0.0809645613652477	No data	No data	COPI coat complex subunit beta 1
RTKN2	0.009793866149144598	No data	No data	No data	No data	0.0805508306835398	No data	No data	rhotekin 2
BAG3	0.009793866149144598	No data	No data	No data	No data	0.0805508306835398	No data	No data	BAG cochaperone 3
IGKV2D-30	0.009780713218445697	No data	No data	No data	No data	0.08044265282225546	No data	No data	immunoglobulin kappa variable 2D-30
PPIB	0.009777831462029048	No data	No data	No data	No data	0.08041895146983204	No data	No data	peptidylprolyl isomerase B
IL9R	0.0097528017208463	No data	No data	No data	No data	0.08021309135153334	No data	No data	interleukin 9 receptor
CCL1	0.009674150769911698	No data	No data	No data	No data	0.07956621714114956	No data	No data	C-C motif chemokine ligand 1
TFPI	0.009650140650100548	No data	No data	No data	No data	0.0793687430215172	No data	No data	tissue factor pathway inhibitor
HK1	0.009627144570253498	No data	No data	No data	No data	0.07917960899559358	No data	No data	hexokinase 1
ACER2	0.009611745409641636	No data	No data	No data	No data	0.07905295674609115	No data	No data	alkaline ceramidase 2
ALPI	0.009609076221802246	No data	No data	No data	No data	0.07903100368951074	No data	No data	alkaline phosphatase, intestinal
AQP3	0.009609076221802246	No data	No data	No data	No data	0.07903100368951074	No data	No data	aquaporin 3 (Gill blood group)
TOP1	0.009609076221802246	No data	No data	No data	No data	0.07903100368951074	No data	No data	DNA topoisomerase I
SGPP1	0.009609076221802246	No data	No data	No data	No data	0.07903100368951074	No data	No data	sphingosine-1-phosphate phosphatase 1
NRXN1	0.009609076221802246	No data	No data	No data	No data	0.07903100368951074	No data	No data	neurexin 1
OAT	0.009609076221802246	No data	No data	No data	No data	0.07903100368951074	No data	No data	ornithine aminotransferase
HJV	0.009609076221802246	No data	No data	No data	No data	0.07903100368951074	No data	No data	hemojuvelin BMP co-receptor
HPD	0.009609076221802246	No data	No data	No data	No data	0.07903100368951074	No data	No data	4-hydroxyphenylpyruvate dioxygenase
NT5DC1	0.009609076221802246	No data	No data	No data	No data	0.07903100368951074	No data	No data	5'-nucleotidase domain containing 1
GP9	0.009609076221802246	No data	No data	No data	No data	0.07903100368951074	No data	No data	glycoprotein IX platelet
CELA3B	0.009609076221802246	No data	No data	No data	No data	0.07903100368951074	No data	No data	chymotrypsin like elastase 3B
LINC00824	0.009609076221802246	No data	No data	No data	No data	0.07903100368951074	No data	No data	long intergenic non-protein coding RNA 824
MRPL48	0.009609076221802246	No data	No data	No data	No data	0.07903100368951074	No data	No data	mitochondrial ribosomal protein L48
SGSH	0.009609076221802246	No data	No data	No data	No data	0.07903100368951074	No data	No data	N-sulfoglucosamine sulfohydrolase
SLC2A10	0.009609076221802246	No data	No data	No data	No data	0.07903100368951074	No data	No data	solute carrier family 2 member 10
TSPYL4	0.009609076221802246	No data	No data	No data	No data	0.07903100368951074	No data	No data	TSPY like 4
FOLR3	0.009609076221802246	No data	No data	No data	No data	0.07903100368951074	No data	No data	folate receptor gamma
MAPK6	0.009609076221802246	No data	No data	No data	No data	0.07903100368951074	No data	No data	mitogen-activated protein kinase 6
LMO1	0.009609076221802246	No data	No data	No data	No data	0.07903100368951074	No data	No data	LIM domain only 1
THRIL	0.009609076221802246	No data	No data	No data	No data	0.07903100368951074	No data	No data	TNF and HNRNPL related immunoregulatory long non-coding RNA
CTNNB1	0.009519844895209155	No data	No data	No data	No data	0.07829710990633956	No data	No data	catenin beta 1
CD177	0.009500643428329684	No data	No data	No data	No data	0.0781391851313906	No data	No data	CD177 molecule
CD74	0.0094855341324474	No data	No data	No data	No data	0.07801491690923733	No data	No data	CD74 molecule
WNT1	0.009465350722758196	No data	No data	No data	No data	0.07784891602748814	No data	No data	Wnt family member 1
SLC7A11	0.009444818508609046	No data	No data	No data	No data	0.07768004636148493	No data	No data	solute carrier family 7 member 11
CLEC5A	0.009437738270204972	No data	No data	No data	No data	0.07762181408873374	No data	No data	C-type lectin domain containing 5A
DNAJA1	0.009424286294459896	No data	No data	No data	No data	0.07751117669548169	No data	No data	DnaJ heat shock protein family (Hsp40) member A1
MGMT	0.009403754080310744	No data	No data	No data	No data	0.07734230702947845	No data	No data	O-6-methylguanine-DNA methyltransferase
MICB	0.009403754080310744	No data	No data	No data	No data	0.07734230702947845	No data	No data	MHC class I polypeptide-related sequence B
TRPC3	0.009403754080310744	No data	No data	No data	No data	0.07734230702947845	No data	No data	transient receptor potential cation channel subfamily C member 3
SGCG	0.009384419263134514	No data	No data	No data	No data	0.07718328549896715	No data	No data	sarcoglycan gamma
DUSP4	0.009384419263134514	No data	No data	No data	No data	0.07718328549896715	No data	No data	dual specificity phosphatase 4
FETUB	0.009370491893389121	No data	No data	No data	No data	0.07706873817055322	No data	No data	fetuin B
DNM1L	0.009370491893389121	No data	No data	No data	No data	0.07706873817055322	No data	No data	dynamin 1 like
NRP1	0.009359882418787676	No data	No data	No data	No data	0.07698147927000791	No data	No data	neuropilin 1
ETS2	0.009280560795415844	No data	No data	No data	No data	0.07632908903345909	No data	No data	ETS proto-oncogene 2, transcription factor
ITGAV	0.00927173194333171	No data	No data	No data	No data	0.0762564750770777	No data	No data	integrin subunit alpha V
CEL	0.009239496367117545	No data	No data	No data	No data	0.07599134970145263	No data	No data	carboxyl ester lipase
NNT	0.009239496367117545	No data	No data	No data	No data	0.07599134970145263	No data	No data	nicotinamide nucleotide transhydrogenase
KRT6A	0.009239496367117545	No data	No data	No data	No data	0.07599134970145263	No data	No data	keratin 6A
EFNA3	0.009239496367117545	No data	No data	No data	No data	0.07599134970145263	No data	No data	ephrin A3
SPDL1	0.009239496367117545	No data	No data	No data	No data	0.07599134970145263	No data	No data	spindle apparatus coiled-coil protein 1
F2R	0.009218964152968395	No data	No data	No data	No data	0.0758224800354494	No data	No data	coagulation factor II thrombin receptor
PSMB10	0.00918816583174467	No data	No data	No data	No data	0.07556917553644457	No data	No data	proteasome 20S subunit beta 10
IRAK1	0.0091729719932743	No data	No data	No data	No data	0.07544421198360218	No data	No data	interleukin 1 receptor associated kinase 1
ITLN1	0.009144637537748473	No data	No data	No data	No data	0.07521117184451773	No data	No data	intelectin 1
EGLN3	0.009054706439775195	No data	No data	No data	No data	0.07447152270742358	No data	No data	egl-9 family hypoxia inducible factor 3
VIPR2	0.009051614036909466	No data	No data	No data	No data	0.07444608886793168	No data	No data	vasoactive intestinal peptide receptor 2
GPX3	0.009034174225626043	No data	No data	No data	No data	0.07430265304142035	No data	No data	glutathione peroxidase 3
PIK3C2A	0.008993109797327745	No data	No data	No data	No data	0.0739649137094139	No data	No data	phosphatidylinositol-4-phosphate 3-kinase catalytic subunit type 2 alpha
F10	0.008980379824555271	No data	No data	No data	No data	0.0738602145164919	No data	No data	coagulation factor X
COPB2	0.00895717842256673	No data	No data	No data	No data	0.07366939179390825	No data	No data	COPI coat complex subunit beta 2
COL4A2	0.008869916512432843	No data	No data	No data	No data	0.07295169571339452	No data	No data	collagen type IV alpha 2 chain
ZNF217	0.008869916512432843	No data	No data	No data	No data	0.07295169571339452	No data	No data	zinc finger protein 217
PRX	0.008869916512432843	No data	No data	No data	No data	0.07295169571339452	No data	No data	periaxin
HERPUD1	0.008869916512432843	No data	No data	No data	No data	0.07295169571339452	No data	No data	homocysteine inducible ER protein with ubiquitin like domain 1
SEMA5B	0.008869916512432843	No data	No data	No data	No data	0.07295169571339452	No data	No data	semaphorin 5B
FGFRL1	0.008869916512432843	No data	No data	No data	No data	0.07295169571339452	No data	No data	fibroblast growth factor receptor like 1
USP11	0.008869916512432843	No data	No data	No data	No data	0.07295169571339452	No data	No data	ubiquitin specific peptidase 11
KLRB1	0.008869916512432843	No data	No data	No data	No data	0.07295169571339452	No data	No data	killer cell lectin like receptor B1
PLOD3	0.008869916512432843	No data	No data	No data	No data	0.07295169571339452	No data	No data	procollagen-lysine,2-oxoglutarate 5-dioxygenase 3
UCA1	0.008869916512432843	No data	No data	No data	No data	0.07295169571339452	No data	No data	urothelial cancer associated 1
AFDN	0.008869916512432843	No data	No data	No data	No data	0.07295169571339452	No data	No data	afadin, adherens junction formation factor
LINC00656	0.008869916512432843	No data	No data	No data	No data	0.07295169571339452	No data	No data	long intergenic non-protein coding RNA 656
CRABP2	0.008869916512432843	No data	No data	No data	No data	0.07295169571339452	No data	No data	cellular retinoic acid binding protein 2
R3HDM1	0.008869916512432843	No data	No data	No data	No data	0.07295169571339452	No data	No data	R3H domain containing 1
LIG4	0.008869916512432843	No data	No data	No data	No data	0.07295169571339452	No data	No data	DNA ligase 4
PTCD1	0.008869916512432843	No data	No data	No data	No data	0.07295169571339452	No data	No data	pentatricopeptide repeat domain 1
PRRG4	0.008869916512432843	No data	No data	No data	No data	0.07295169571339452	No data	No data	proline rich and Gla domain 4
SH3PXD2B	0.008869916512432843	No data	No data	No data	No data	0.07295169571339452	No data	No data	SH3 and PX domains 2B
TNFRSF13C	0.008869916512432843	No data	No data	No data	No data	0.07295169571339452	No data	No data	TNF receptor superfamily member 13C
EFNA1	0.008869916512432843	No data	No data	No data	No data	0.07295169571339452	No data	No data	ephrin A1
YTHDC1	0.008869916512432843	No data	No data	No data	No data	0.07295169571339452	No data	No data	YTH N6-methyladenosine RNA binding protein C1
AP3D1	0.008869916512432843	No data	No data	No data	No data	0.07295169571339452	No data	No data	adaptor related protein complex 3 subunit delta 1
RNF130	0.008869916512432843	No data	No data	No data	No data	0.07295169571339452	No data	No data	ring finger protein 130
PPY	0.008869916512432843	No data	No data	No data	No data	0.07295169571339452	No data	No data	pancreatic polypeptide
TPM1	0.008869916512432843	No data	No data	No data	No data	0.07295169571339452	No data	No data	tropomyosin 1
HSPA8	0.008869916512432843	No data	No data	No data	No data	0.07295169571339452	No data	No data	heat shock protein family A (Hsp70) member 8
IL17RD	0.008869916512432843	No data	No data	No data	No data	0.07295169571339452	No data	No data	interleukin 17 receptor D
HJURP	0.008869916512432843	No data	No data	No data	No data	0.07295169571339452	No data	No data	Holliday junction recognition protein
SLFN12L	0.008869916512432843	No data	No data	No data	No data	0.07295169571339452	No data	No data	schlafen family member 12 like
TPSG1	0.008869916512432843	No data	No data	No data	No data	0.07295169571339452	No data	No data	tryptase gamma 1
IL31RA	0.008849384298283695	No data	No data	No data	No data	0.07278282604739131	No data	No data	interleukin 31 receptor A
S100A6	0.008846291895417965	No data	No data	No data	No data	0.0727573922078994	No data	No data	S100 calcium binding protein A6
SQSTM1	0.008821733085938453	No data	No data	No data	No data	0.0725554053240633	No data	No data	sequestosome 1
BRAF	0.008818585977059966	No data	No data	No data	No data	0.07252952154838646	No data	No data	B-Raf proto-oncogene, serine/threonine kinase
FOSL1	0.008782654602298955	No data	No data	No data	No data	0.07223399963288081	No data	No data	FOS like 1, AP-1 transcription factor subunit
FST	0.00875698933461252	No data	No data	No data	No data	0.07202291255037678	No data	No data	follistatin
SPRR2A	0.008726191013388791	No data	No data	No data	No data	0.07176960805137193	No data	No data	small proline rich protein 2A
LDLR	0.008726191013388791	No data	No data	No data	No data	0.07176960805137193	No data	No data	low density lipoprotein receptor
CCL8	0.008695265025070925	No data	No data	No data	No data	0.06765425429087325	0.015443996992461222	No data	C-C motif chemokine ligand 8
ENSG00000279284	0.008669201548381543	No data	No data	No data	No data	0.07130089133862154	No data	No data	 gene
ENSG00000280371	0.008669201548381543	No data	No data	No data	No data	0.07130089133862154	No data	No data	 gene
HNRNPA1	0.008664594370941343	No data	No data	No data	No data	0.07126299905336225	No data	No data	heterogeneous nuclear ribonucleoprotein A1
MX1	0.008644062156792191	No data	No data	No data	No data	0.07109412938735903	No data	No data	MX dynamin like GTPase 1
NKRF	0.008640022990718475	No data	No data	No data	No data	0.07106090877993473	No data	No data	NFKB repressing factor
ABCG1	0.008631332184019718	No data	No data	No data	No data	0.07098943019443701	No data	No data	ATP binding cassette subfamily G member 1
RET	0.008572199407270168	No data	No data	No data	No data	0.07050308555634772	No data	No data	ret proto-oncogene
SLC26A9	0.008569735541572268	No data	No data	No data	No data	0.07048282119642733	No data	No data	solute carrier family 26 member 9
CR2	0.008561933300195591	No data	No data	No data	No data	0.0704186507233461	No data	No data	complement C3d receptor 2
KNG1	0.008517776469031563	No data	No data	No data	No data	0.07005547755184774	No data	No data	kininogen 1
COL14A1	0.008500336657748143	No data	No data	No data	No data	0.06991204172533642	No data	No data	collagen type XIV alpha 1 chain
TGFBI	0.008500336657748143	No data	No data	No data	No data	0.06991204172533642	No data	No data	transforming growth factor beta induced
LIMK2	0.008500336657748143	No data	No data	No data	No data	0.06991204172533642	No data	No data	LIM domain kinase 2
BLNK	0.008500336657748143	No data	No data	No data	No data	0.06991204172533642	No data	No data	B cell linker
BMP7	0.008500336657748143	No data	No data	No data	No data	0.06991204172533642	No data	No data	bone morphogenetic protein 7
GSTO2	0.008419645056141982	No data	No data	No data	No data	0.06924838393794373	No data	No data	glutathione S-transferase omega 2
IGHD2-15	0.008377143372853241	No data	No data	No data	No data	0.06889882372931705	No data	No data	immunoglobulin heavy diversity 2-15
CD2	0.008315546730405791	No data	No data	No data	No data	0.06839221473130737	No data	No data	CD2 molecule
MPHOSPH9	0.008315546730405791	No data	No data	No data	No data	0.06839221473130737	No data	No data	M-phase phosphoprotein 9
ILF3	0.008315546730405791	No data	No data	No data	No data	0.06839221473130737	No data	No data	interleukin enhancer binding factor 3
ABCB6	0.008315546730405791	No data	No data	No data	No data	0.06839221473130737	No data	No data	ATP binding cassette subfamily B member 6 (Langereis blood group)
LEF1	0.008315546730405791	No data	No data	No data	No data	0.06839221473130737	No data	No data	lymphoid enhancer binding factor 1
BRCA2	0.008315546730405791	No data	No data	No data	No data	0.06839221473130737	No data	No data	BRCA2 DNA repair associated
FUT4	0.008315546730405791	No data	No data	No data	No data	0.06839221473130737	No data	No data	fucosyltransferase 4
TBX21	0.008315546730405791	No data	No data	No data	No data	0.06839221473130737	No data	No data	T-box transcription factor 21
FOXO4	0.008315546730405791	No data	No data	No data	No data	0.06839221473130737	No data	No data	forkhead box O4
XIAP	0.008315546730405791	No data	No data	No data	No data	0.06839221473130737	No data	No data	X-linked inhibitor of apoptosis
UCP2	0.008315546730405791	No data	No data	No data	No data	0.06839221473130737	No data	No data	uncoupling protein 2
CTTN	0.008295014516256641	No data	No data	No data	No data	0.06822334506530414	No data	No data	cortactin
IFIT3	0.008295014516256641	No data	No data	No data	No data	0.06822334506530414	No data	No data	interferon induced protein with tetratricopeptide repeats 3
NCR1	0.008284748409182066	No data	No data	No data	No data	0.06813891023230254	No data	No data	natural cytotoxicity triggering receptor 1
MET	0.008219455968187768	No data	No data	No data	No data	0.06760190469441227	No data	No data	MET proto-oncogene, receptor tyrosine kinase
GOT2	0.008202619552585465	No data	No data	No data	No data	0.06746343156828963	No data	No data	glutamic-oxaloacetic transaminase 2
ADIPOR1	0.008202619552585465	No data	No data	No data	No data	0.06746343156828963	No data	No data	adiponectin receptor 1
SMAD6	0.008182087338436313	No data	No data	No data	No data	0.06729456190228639	No data	No data	SMAD family member 6
CDK11A	0.00813075680306344	No data	No data	No data	No data	0.06687238773727831	No data	No data	cyclin dependent kinase 11A
OMP	0.00813075680306344	No data	No data	No data	No data	0.06687238773727831	No data	No data	olfactory marker protein
MLH1	0.00813075680306344	No data	No data	No data	No data	0.06687238773727831	No data	No data	mutL homolog 1
OPTN	0.00813075680306344	No data	No data	No data	No data	0.06687238773727831	No data	No data	optineurin
CD200R1	0.00813075680306344	No data	No data	No data	No data	0.06687238773727831	No data	No data	CD200 receptor 1
PTK2B	0.00813075680306344	No data	No data	No data	No data	0.06687238773727831	No data	No data	protein tyrosine kinase 2 beta
NFATC2	0.00813075680306344	No data	No data	No data	No data	0.06687238773727831	No data	No data	nuclear factor of activated T cells 2
HCG4B	0.00813075680306344	No data	No data	No data	No data	0.06687238773727831	No data	No data	HLA complex group 4B
GSN	0.00813075680306344	No data	No data	No data	No data	0.06687238773727831	No data	No data	gelsolin
HPSE	0.00813075680306344	No data	No data	No data	No data	0.06687238773727831	No data	No data	heparanase
MEIS1	0.00813075680306344	No data	No data	No data	No data	0.06687238773727831	No data	No data	Meis homeobox 1
MCM7	0.00813075680306344	No data	No data	No data	No data	0.06687238773727831	No data	No data	minichromosome maintenance complex component 7
COMP	0.00813075680306344	No data	No data	No data	No data	0.06687238773727831	No data	No data	cartilage oligomeric matrix protein
TACC2	0.00811022458891429	No data	No data	No data	No data	0.0667035180712751	No data	No data	transforming acidic coiled-coil containing protein 2
ESAM	0.00811022458891429	No data	No data	No data	No data	0.0667035180712751	No data	No data	endothelial cell adhesion molecule
GLB1	0.00811022458891429	No data	No data	No data	No data	0.0667035180712751	No data	No data	galactosidase beta 1
ANG	0.008087722958305935	No data	No data	No data	No data	0.0665184507026144	No data	No data	angiogenin
TREM2	0.008076962401992667	No data	No data	No data	No data	0.06642994921234986	No data	No data	triggering receptor expressed on myeloid cells 2
BIRC5	0.008056430187843515	No data	No data	No data	No data	0.06626107954634662	No data	No data	baculoviral IAP repeat containing 5
RELA	0.00800044451997245	No data	No data	No data	No data	0.06580061868393418	No data	No data	RELA proto-oncogene, NF-kB subunit
ENO1	0.007961366036332952	No data	No data	No data	No data	0.06547921299275168	No data	No data	enolase 1
SREBF1	0.00794596687572109	No data	No data	No data	No data	0.06535256074324927	No data	No data	sterol regulatory element binding transcription factor 1
PMCH	0.00794596687572109	No data	No data	No data	No data	0.06535256074324927	No data	No data	pro-melanin concentrating hormone
ELP3	0.00794596687572109	No data	No data	No data	No data	0.06535256074324927	No data	No data	elongator acetyltransferase complex subunit 3
HTR5A	0.00794596687572109	No data	No data	No data	No data	0.06535256074324927	No data	No data	5-hydroxytryptamine receptor 5A
ATG16L1	0.007945966875721088	No data	No data	No data	No data	0.06535256074324926	No data	No data	autophagy related 16 like 1
TPP2	0.007945966875721088	No data	No data	No data	No data	0.06535256074324926	No data	No data	tripeptidyl peptidase 2
CPN1	0.007930567715109227	No data	No data	No data	No data	0.06522590849374685	No data	No data	carboxypeptidase N subunit 1
PRDX2	0.007925434661571938	No data	No data	No data	No data	0.06518369107724604	No data	No data	peroxiredoxin 2
H4C4	0.007925434661571938	No data	No data	No data	No data	0.06518369107724604	No data	No data	H4 clustered histone 4
H4C15	0.007925434661571938	No data	No data	No data	No data	0.06518369107724604	No data	No data	H4 clustered histone 15
H4C2	0.007925434661571938	No data	No data	No data	No data	0.06518369107724604	No data	No data	H4 clustered histone 2
SNORD33	0.007925434661571938	No data	No data	No data	No data	0.06518369107724604	No data	No data	small nucleolar RNA, C/D box 33
H4C8	0.007925434661571938	No data	No data	No data	No data	0.06518369107724604	No data	No data	H4 clustered histone 8
SNORD33	0.007925434661571938	No data	No data	No data	No data	0.06518369107724604	No data	No data	Small nucleolar RNA Z195/SNORD33/SNORD32 family 
H4C11	0.007925434661571938	No data	No data	No data	No data	0.06518369107724604	No data	No data	H4 clustered histone 11
REL	0.007915168554497363	No data	No data	No data	No data	0.06509925624424441	No data	No data	REL proto-oncogene, NF-kB subunit
HDAC10	0.007904902447422788	No data	No data	No data	No data	0.0650148214112428	No data	No data	histone deacetylase 10
HSPD1	0.007880045897558962	No data	No data	No data	No data	0.06481038572578748	No data	No data	heat shock protein family D (Hsp60) member 1
RBMY1A1	0.007874104126199063	No data	No data	No data	No data	0.06476151691223797	No data	No data	RNA binding motif protein Y-linked family 1 member A1
MSMB	0.007822773590826188	No data	No data	No data	No data	0.06433934274722988	No data	No data	microseminoprotein beta
HLA-F	0.007812507483751613	No data	No data	No data	No data	0.06425490791422829	No data	No data	major histocompatibility complex, class I, F
PIM2	0.0077765761089906	No data	No data	No data	No data	0.06395938599872263	No data	No data	Pim-2 proto-oncogene, serine/threonine kinase
IRS2	0.007761176948378739	No data	No data	No data	No data	0.06383273374922022	No data	No data	insulin receptor substrate 2
RAP1A	0.007761176948378739	No data	No data	No data	No data	0.06383273374922022	No data	No data	RAP1A, member of RAS oncogene family
TBX3	0.007761176948378739	No data	No data	No data	No data	0.06383273374922022	No data	No data	T-box transcription factor 3
DNMT3B	0.007761176948378739	No data	No data	No data	No data	0.06383273374922022	No data	No data	DNA methyltransferase 3 beta
MT-RNR2	0.007761176948378739	No data	No data	No data	No data	0.06383273374922022	No data	No data	mitochondrially encoded 16S rRNA
CYP4F3	0.007761176948378739	No data	No data	No data	No data	0.06383273374922022	No data	No data	cytochrome P450 family 4 subfamily F member 3
PLA2G4A	0.007761176948378739	No data	No data	No data	No data	0.06383273374922022	No data	No data	phospholipase A2 group IVA
APOA4	0.007761176948378739	No data	No data	No data	No data	0.06383273374922022	No data	No data	apolipoprotein A4
HAVCR1	0.007761176948378739	No data	No data	No data	No data	0.06383273374922022	No data	No data	hepatitis A virus cellular receptor 1
CLDN8	0.007761176948378739	No data	No data	No data	No data	0.06383273374922022	No data	No data	claudin 8
LMO7	0.007761176948378737	No data	No data	No data	No data	0.06383273374922022	No data	No data	LIM domain 7
CYP7B1	0.007740644734229588	No data	No data	No data	No data	0.06366386408321698	No data	No data	cytochrome P450 family 7 subfamily B member 1
LILRA3	0.007740644734229588	No data	No data	No data	No data	0.06366386408321698	No data	No data	leukocyte immunoglobulin like receptor A3 
DUOX2	0.007740644734229588	No data	No data	No data	No data	0.06366386408321698	No data	No data	dual oxidase 2
SHBG	0.007699580305931287	No data	No data	No data	No data	0.06332612475121054	No data	No data	sex hormone binding globulin
TFF1	0.0076379836634838365	No data	No data	No data	No data	0.06281951575320084	No data	No data	trefoil factor 1
EEF1A2	0.007617451449334687	No data	No data	No data	No data	0.06265064608719761	No data	No data	eukaryotic translation elongation factor 1 alpha 2
IFNL2	0.007576387021036387	No data	No data	No data	No data	0.062312906755191154	No data	No data	interferon lambda 2
MCM3	0.007576387021036387	No data	No data	No data	No data	0.062312906755191154	No data	No data	minichromosome maintenance complex component 3
XAF1	0.007576387021036387	No data	No data	No data	No data	0.062312906755191154	No data	No data	XIAP associated factor 1
PHEX	0.007576387021036387	No data	No data	No data	No data	0.062312906755191154	No data	No data	phosphate regulating endopeptidase X-linked
ALOX15	0.007503998395417277	No data	No data	No data	No data	0.06171753779293835	No data	No data	arachidonate 15-lipoxygenase
HHAT	0.0074096654421452884	No data	No data	No data	No data	0.06094168506724495	No data	No data	hedgehog acyltransferase
ITGA3	0.0073915970936940375	No data	No data	No data	No data	0.06079307976116211	No data	No data	integrin subunit alpha 3
PTCD3	0.0073915970936940375	No data	No data	No data	No data	0.06079307976116211	No data	No data	pentatricopeptide repeat domain 3
AATK	0.0073915970936940375	No data	No data	No data	No data	0.06079307976116211	No data	No data	apoptosis associated tyrosine kinase
CARD16	0.0073915970936940375	No data	No data	No data	No data	0.06079307976116211	No data	No data	caspase recruitment domain family member 16
ZDHHC14	0.0073915970936940375	No data	No data	No data	No data	0.06079307976116211	No data	No data	zinc finger DHHC-type palmitoyltransferase 14
KLF10	0.0073915970936940375	No data	No data	No data	No data	0.06079307976116211	No data	No data	KLF transcription factor 10
WNT10B	0.0073915970936940375	No data	No data	No data	No data	0.06079307976116211	No data	No data	Wnt family member 10B
EYA1	0.0073915970936940375	No data	No data	No data	No data	0.06079307976116211	No data	No data	EYA transcriptional coactivator and phosphatase 1
H3P12	0.0073915970936940375	No data	No data	No data	No data	0.06079307976116211	No data	No data	H3 histone pseudogene 12
ARL4C	0.0073915970936940375	No data	No data	No data	No data	0.06079307976116211	No data	No data	ADP ribosylation factor like GTPase 4C
POFUT2	0.0073915970936940375	No data	No data	No data	No data	0.06079307976116211	No data	No data	protein O-fucosyltransferase 2
FZD2	0.0073915970936940375	No data	No data	No data	No data	0.06079307976116211	No data	No data	frizzled class receptor 2
AKR1B10	0.0073915970936940375	No data	No data	No data	No data	0.06079307976116211	No data	No data	aldo-keto reductase family 1 member B10
APEH	0.0073915970936940375	No data	No data	No data	No data	0.06079307976116211	No data	No data	acylaminoacyl-peptide hydrolase
SLC39A8	0.0073915970936940375	No data	No data	No data	No data	0.06079307976116211	No data	No data	solute carrier family 39 member 8
SLC2A7	0.0073915970936940375	No data	No data	No data	No data	0.06079307976116211	No data	No data	solute carrier family 2 member 7
TMEM67	0.0073915970936940375	No data	No data	No data	No data	0.06079307976116211	No data	No data	transmembrane protein 67
CETN2	0.0073915970936940375	No data	No data	No data	No data	0.06079307976116211	No data	No data	centrin 2
MRPS27	0.0073915970936940375	No data	No data	No data	No data	0.06079307976116211	No data	No data	mitochondrial ribosomal protein S27
KCND3	0.0073915970936940375	No data	No data	No data	No data	0.06079307976116211	No data	No data	potassium voltage-gated channel subfamily D member 3
ABCC3	0.0073915970936940375	No data	No data	No data	No data	0.06079307976116211	No data	No data	ATP binding cassette subfamily C member 3
TRIM41	0.0073915970936940375	No data	No data	No data	No data	0.06079307976116211	No data	No data	tripartite motif containing 41
LCP2	0.0073915970936940375	No data	No data	No data	No data	0.06079307976116211	No data	No data	lymphocyte cytosolic protein 2
NXN	0.0073915970936940375	No data	No data	No data	No data	0.06079307976116211	No data	No data	nucleoredoxin
FOXP4	0.0073915970936940375	No data	No data	No data	No data	0.06079307976116211	No data	No data	forkhead box P4
UBASH3B	0.0073915970936940375	No data	No data	No data	No data	0.06079307976116211	No data	No data	ubiquitin associated and SH3 domain containing B
COPE	0.0073915970936940375	No data	No data	No data	No data	0.06079307976116211	No data	No data	COPI coat complex subunit epsilon
CTSZ	0.0073915970936940375	No data	No data	No data	No data	0.06079307976116211	No data	No data	cathepsin Z
IGKV6-21	0.0073915970936940375	No data	No data	No data	No data	0.06079307976116211	No data	No data	immunoglobulin kappa variable 6-21 (non-functional)
ERP27	0.0073915970936940375	No data	No data	No data	No data	0.06079307976116211	No data	No data	endoplasmic reticulum protein 27
IKZF1	0.0073915970936940375	No data	No data	No data	No data	0.06079307976116211	No data	No data	IKAROS family zinc finger 1
CLTA	0.0073915970936940375	No data	No data	No data	No data	0.06079307976116211	No data	No data	clathrin light chain A
PLIN2	0.0073915970936940375	No data	No data	No data	No data	0.06079307976116211	No data	No data	perilipin 2
NR0B2	0.0073915970936940375	No data	No data	No data	No data	0.06079307976116211	No data	No data	nuclear receptor subfamily 0 group B member 2
STC2	0.0073915970936940375	No data	No data	No data	No data	0.06079307976116211	No data	No data	stanniocalcin 2
MT-CO2	0.0073915970936940375	No data	No data	No data	No data	0.06079307976116211	No data	No data	mitochondrially encoded cytochrome c oxidase II
KDF1	0.0073915970936940375	No data	No data	No data	No data	0.06079307976116211	No data	No data	keratinocyte differentiation factor 1
CCNA2	0.0073915970936940375	No data	No data	No data	No data	0.06079307976116211	No data	No data	cyclin A2
FASTK	0.0073915970936940375	No data	No data	No data	No data	0.06079307976116211	No data	No data	Fas activated serine/threonine kinase
PDE1C	0.0073915970936940375	No data	No data	No data	No data	0.06079307976116211	No data	No data	phosphodiesterase 1C
CDK2AP1	0.0073915970936940375	No data	No data	No data	No data	0.06079307976116211	No data	No data	cyclin dependent kinase 2 associated protein 1
MIR29B1	0.0073915970936940375	No data	No data	No data	No data	0.06079307976116211	No data	No data	microRNA 29b-1
CD47	0.0073915970936940375	No data	No data	No data	No data	0.06079307976116211	No data	No data	CD47 molecule
CLYBL	0.0073915970936940375	No data	No data	No data	No data	0.06079307976116211	No data	No data	citramalyl-CoA lyase
SEC61A1	0.0073915970936940375	No data	No data	No data	No data	0.06079307976116211	No data	No data	SEC61 translocon subunit alpha 1
SAA3P	0.0073915970936940375	No data	No data	No data	No data	0.06079307976116211	No data	No data	serum amyloid A3, pseudogene 
RCHY1	0.0073915970936940375	No data	No data	No data	No data	0.06079307976116211	No data	No data	ring finger and CHY zinc finger domain containing 1
CDO1	0.0073915970936940375	No data	No data	No data	No data	0.06079307976116211	No data	No data	cysteine dioxygenase type 1
MCM10	0.0073915970936940375	No data	No data	No data	No data	0.06079307976116211	No data	No data	minichromosome maintenance 10 replication initiation factor
EDEM1	0.0073915970936940375	No data	No data	No data	No data	0.06079307976116211	No data	No data	ER degradation enhancing alpha-mannosidase like protein 1
CDC25C	0.0073915970936940375	No data	No data	No data	No data	0.06079307976116211	No data	No data	cell division cycle 25C
TIGAR	0.0073915970936940375	No data	No data	No data	No data	0.06079307976116211	No data	No data	TP53 induced glycolysis regulatory phosphatase
EYA2	0.0073915970936940375	No data	No data	No data	No data	0.06079307976116211	No data	No data	EYA transcriptional coactivator and phosphatase 2
BBS10	0.0073915970936940375	No data	No data	No data	No data	0.06079307976116211	No data	No data	Bardet-Biedl syndrome 10
TTK	0.0073915970936940375	No data	No data	No data	No data	0.06079307976116211	No data	No data	TTK protein kinase
FOXK2	0.0073915970936940375	No data	No data	No data	No data	0.06079307976116211	No data	No data	forkhead box K2
ADNP	0.0073915970936940375	No data	No data	No data	No data	0.06079307976116211	No data	No data	activity dependent neuroprotector homeobox
TAFA2	0.0073915970936940375	No data	No data	No data	No data	0.06079307976116211	No data	No data	TAFA chemokine like family member 2
DYRK2	0.0073915970936940375	No data	No data	No data	No data	0.06079307976116211	No data	No data	dual specificity tyrosine phosphorylation regulated kinase 2
RBM42	0.0073915970936940375	No data	No data	No data	No data	0.06079307976116211	No data	No data	RNA binding motif protein 42
CLEC4D	0.0073915970936940375	No data	No data	No data	No data	0.06079307976116211	No data	No data	C-type lectin domain family 4 member D
SLC12A2	0.0073915970936940375	No data	No data	No data	No data	0.06079307976116211	No data	No data	solute carrier family 12 member 2
CLC	0.0073915970936940375	No data	No data	No data	No data	0.06079307976116211	No data	No data	Charcot-Leyden crystal galectin
TAC3	0.0073915970936940375	No data	No data	No data	No data	0.06079307976116211	No data	No data	tachykinin precursor 3
NR1D2	0.0073915970936940375	No data	No data	No data	No data	0.06079307976116211	No data	No data	nuclear receptor subfamily 1 group D member 2
ARF6	0.0073915970936940375	No data	No data	No data	No data	0.06079307976116211	No data	No data	ADP ribosylation factor 6
SPRY2	0.0073915970936940375	No data	No data	No data	No data	0.06079307976116211	No data	No data	sprouty RTK signaling antagonist 2
FASN	0.0073915970936940375	No data	No data	No data	No data	0.06079307976116211	No data	No data	fatty acid synthase
DHX16	0.0073915970936940375	No data	No data	No data	No data	0.06079307976116211	No data	No data	DEAH-box helicase 16
RPLP0	0.0073915970936940375	No data	No data	No data	No data	0.06079307976116211	No data	No data	ribosomal protein lateral stalk subunit P0
SLC34A2	0.0073915970936940375	No data	No data	No data	No data	0.06079307976116211	No data	No data	solute carrier family 34 member 2
COL7A1	0.0073915970936940375	No data	No data	No data	No data	0.06079307976116211	No data	No data	collagen type VII alpha 1 chain
SLC22A1	0.0073915970936940375	No data	No data	No data	No data	0.06079307976116211	No data	No data	solute carrier family 22 member 1
PLK3	0.0073915970936940375	No data	No data	No data	No data	0.06079307976116211	No data	No data	polo like kinase 3
ANLN	0.0073915970936940375	No data	No data	No data	No data	0.06079307976116211	No data	No data	anillin, actin binding protein
IFNA2	0.0073915970936940375	No data	No data	No data	No data	0.06079307976116211	No data	No data	interferon alpha 2
ENPP1	0.0073915970936940375	No data	No data	No data	No data	0.06079307976116211	No data	No data	ectonucleotide pyrophosphatase/phosphodiesterase 1
TSHR	0.0073915970936940375	No data	No data	No data	No data	0.06079307976116211	No data	No data	thyroid stimulating hormone receptor
PIK3C3	0.0073915970936940375	No data	No data	No data	No data	0.06079307976116211	No data	No data	phosphatidylinositol 3-kinase catalytic subunit type 3
IL25	0.0073915970936940375	No data	No data	No data	No data	0.06079307976116211	No data	No data	interleukin 25
KIAA1217	0.0073915970936940375	No data	No data	No data	No data	0.06079307976116211	No data	No data	KIAA1217
ITGA4	0.0073915970936940375	No data	No data	No data	No data	0.06079307976116211	No data	No data	integrin subunit alpha 4
COL11A1	0.0073915970936940375	No data	No data	No data	No data	0.06079307976116211	No data	No data	collagen type XI alpha 1 chain
ABRA	0.0073915970936940375	No data	No data	No data	No data	0.06079307976116211	No data	No data	actin binding Rho activating protein
TRAT1	0.0073915970936940375	No data	No data	No data	No data	0.06079307976116211	No data	No data	T cell receptor associated transmembrane adaptor 1
STX5	0.0073915970936940375	No data	No data	No data	No data	0.06079307976116211	No data	No data	syntaxin 5
KRT78	0.0073915970936940375	No data	No data	No data	No data	0.06079307976116211	No data	No data	keratin 78
ZNF300	0.0073915970936940375	No data	No data	No data	No data	0.06079307976116211	No data	No data	zinc finger protein 300
COL8A2	0.0073915970936940375	No data	No data	No data	No data	0.06079307976116211	No data	No data	collagen type VIII alpha 2 chain
INHBA	0.0073915970936940375	No data	No data	No data	No data	0.06079307976116211	No data	No data	inhibin subunit beta A
VDAC1	0.0073915970936940375	No data	No data	No data	No data	0.06079307976116211	No data	No data	voltage dependent anion channel 1
MYF6	0.0073915970936940375	No data	No data	No data	No data	0.06079307976116211	No data	No data	myogenic factor 6
HERC2	0.0073915970936940375	No data	No data	No data	No data	0.06079307976116211	No data	No data	HECT and RLD domain containing E3 ubiquitin protein ligase 2
PTGES	0.0073915970936940375	No data	No data	No data	No data	0.06079307976116211	No data	No data	prostaglandin E synthase
DRC3	0.0073915970936940375	No data	No data	No data	No data	0.06079307976116211	No data	No data	dynein regulatory complex subunit 3
NCOR1	0.0073915970936940375	No data	No data	No data	No data	0.06079307976116211	No data	No data	nuclear receptor corepressor 1
LINC02573	0.0073915970936940375	No data	No data	No data	No data	0.06079307976116211	No data	No data	long intergenic non-protein coding RNA 2573
PPP1R3A	0.0073915970936940375	No data	No data	No data	No data	0.06079307976116211	No data	No data	protein phosphatase 1 regulatory subunit 3A
PEX6	0.0073915970936940375	No data	No data	No data	No data	0.06079307976116211	No data	No data	peroxisomal biogenesis factor 6
FZD7	0.0073915970936940375	No data	No data	No data	No data	0.06079307976116211	No data	No data	frizzled class receptor 7
MIR22	0.0073915970936940375	No data	No data	No data	No data	0.06079307976116211	No data	No data	microRNA 22
PLEK	0.0073915970936940375	No data	No data	No data	No data	0.06079307976116211	No data	No data	pleckstrin
COL9A3	0.0073915970936940375	No data	No data	No data	No data	0.06079307976116211	No data	No data	collagen type IX alpha 3 chain
CCNB1	0.0073915970936940375	No data	No data	No data	No data	0.06079307976116211	No data	No data	cyclin B1
AKT3	0.0073915970936940375	No data	No data	No data	No data	0.06079307976116211	No data	No data	AKT serine/threonine kinase 3
KIR3DL2	0.0073915970936940375	No data	No data	No data	No data	0.06079307976116211	No data	No data	killer cell immunoglobulin like receptor, three Ig domains and long cytoplasmic tail 2
MIR29B2	0.0073915970936940375	No data	No data	No data	No data	0.06079307976116211	No data	No data	microRNA 29b-2
COL23A1	0.0073915970936940375	No data	No data	No data	No data	0.06079307976116211	No data	No data	collagen type XXIII alpha 1 chain
SLC7A5	0.0073915970936940375	No data	No data	No data	No data	0.06079307976116211	No data	No data	solute carrier family 7 member 5
UPF2	0.0073915970936940375	No data	No data	No data	No data	0.06079307976116211	No data	No data	UPF2 regulator of nonsense mediated mRNA decay
CDC20	0.0073915970936940375	No data	No data	No data	No data	0.06079307976116211	No data	No data	cell division cycle 20
COL5A3	0.0073915970936940375	No data	No data	No data	No data	0.06079307976116211	No data	No data	collagen type V alpha 3 chain
STK19	0.0073915970936940375	No data	No data	No data	No data	0.06079307976116211	No data	No data	serine/threonine kinase 19
RAPGEF2	0.0073915970936940375	No data	No data	No data	No data	0.06079307976116211	No data	No data	Rap guanine nucleotide exchange factor 2
COL4A5	0.0073915970936940375	No data	No data	No data	No data	0.06079307976116211	No data	No data	collagen type IV alpha 5 chain
CDK1	0.0073915970936940375	No data	No data	No data	No data	0.06079307976116211	No data	No data	cyclin dependent kinase 1
NUB1	0.0073915970936940375	No data	No data	No data	No data	0.06079307976116211	No data	No data	negative regulator of ubiquitin like proteins 1
KCNK1	0.0073915970936940375	No data	No data	No data	No data	0.06079307976116211	No data	No data	potassium two pore domain channel subfamily K member 1
LYVE1	0.007371064879544886	No data	No data	No data	No data	0.06062421009515888	No data	No data	lymphatic vessel endothelial hyaluronan receptor 1
CISH	0.007371064879544886	No data	No data	No data	No data	0.06062421009515888	No data	No data	cytokine inducible SH2 containing protein
UBXN11	0.007371064879544886	No data	No data	No data	No data	0.06062421009515888	No data	No data	UBX domain protein 11
F2RL1	0.00727866991587371	No data	No data	No data	No data	0.05986429659814436	No data	No data	F2R like trypsin receptor 1
LAMP3	0.007206807166351686	No data	No data	No data	No data	0.05927325276713306	No data	No data	lysosomal associated membrane protein 3
HEY2	0.007206807166351686	No data	No data	No data	No data	0.05927325276713306	No data	No data	hes related family bHLH transcription factor with YRPW motif 2
F3	0.007186274952202535	No data	No data	No data	No data	0.05910438310112983	No data	No data	coagulation factor III, tissue factor
NR1H4	0.007176008845127959	No data	No data	No data	No data	0.05901994826812821	No data	No data	nuclear receptor subfamily 1 group H member 4
KCNN4	0.007165742738053384	No data	No data	No data	No data	0.058935513435126596	No data	No data	potassium calcium-activated channel subfamily N member 4
PADI4	0.007129975015747553	No data	No data	No data	No data	0.05864133749893161	No data	No data	peptidyl arginine deiminase 4
CXCL14	0.00707334777438221	No data	No data	No data	No data	0.05817559993811207	No data	No data	C-X-C motif chemokine ligand 14
CXCL5	0.007060413724991647	No data	No data	No data	No data	0.05514732375341056	0.011687594156306325	No data	C-X-C motif chemokine ligand 5
TNFRSF4	0.007022017239009335	No data	No data	No data	No data	0.057753425773104	No data	No data	TNF receptor superfamily member 4
P2RY1	0.007022017239009335	No data	No data	No data	No data	0.057753425773104	No data	No data	purinergic receptor P2Y1
CYP26A1	0.007022017239009335	No data	No data	No data	No data	0.057753425773104	No data	No data	cytochrome P450 family 26 subfamily A member 1
COL5A1	0.007022017239009335	No data	No data	No data	No data	0.057753425773104	No data	No data	collagen type V alpha 1 chain
GLRX3	0.007022017239009335	No data	No data	No data	No data	0.057753425773104	No data	No data	glutaredoxin 3
PCBP2	0.007022017239009335	No data	No data	No data	No data	0.057753425773104	No data	No data	poly(rC) binding protein 2
COL6A3	0.007022017239009335	No data	No data	No data	No data	0.057753425773104	No data	No data	collagen type VI alpha 3 chain
DDR1	0.007022017239009335	No data	No data	No data	No data	0.057753425773104	No data	No data	discoidin domain receptor tyrosine kinase 1
GPR65	0.007001485024860183	No data	No data	No data	No data	0.057584556107100775	No data	No data	G protein-coupled receptor 65
TGFBR3	0.006968222837938561	No data	No data	No data	No data	0.05731098724817554	No data	No data	transforming growth factor beta receptor 3
MYH6	0.0069090900611890075	No data	No data	No data	No data	0.05682464261008625	No data	No data	myosin heavy chain 6
NCL	0.0068372273116669826	No data	No data	No data	No data	0.056233598779074946	No data	No data	nucleolin
GADD45B	0.006756535710060824	No data	No data	No data	No data	0.05556994099168227	No data	No data	growth arrest and DNA damage inducible beta
EGLN1	0.006714034026772082	No data	No data	No data	No data	0.05522038078305557	No data	No data	egl-9 family hypoxia inducible factor 1
PADI2	0.006714034026772082	No data	No data	No data	No data	0.05522038078305557	No data	No data	peptidyl arginine deiminase 2
IL13RA1	0.0066935018126229335	No data	No data	No data	No data	0.05505151111705235	No data	No data	interleukin 13 receptor subunit alpha 1
RPL5	0.006652437384324632	No data	No data	No data	No data	0.0547137717850459	No data	No data	ribosomal protein L5
GJA1	0.006652437384324632	No data	No data	No data	No data	0.0547137717850459	No data	No data	gap junction protein alpha 1
ESR2	0.006652437384324632	No data	No data	No data	No data	0.0547137717850459	No data	No data	estrogen receptor 2
ABCA10	0.006652437384324632	No data	No data	No data	No data	0.0547137717850459	No data	No data	ATP binding cassette subfamily A member 10
AURKA	0.006652437384324632	No data	No data	No data	No data	0.0547137717850459	No data	No data	aurora kinase A
MST1R	0.006652437384324632	No data	No data	No data	No data	0.0547137717850459	No data	No data	macrophage stimulating 1 receptor
GJA1	0.006652437384324632	No data	No data	No data	No data	0.0547137717850459	No data	No data	gap junction protein alpha 1
RPL5	0.006652437384324632	No data	No data	No data	No data	0.0547137717850459	No data	No data	ribosomal protein L5
RAF1	0.006652437384324632	No data	No data	No data	No data	0.0547137717850459	No data	No data	Raf-1 proto-oncogene, serine/threonine kinase
EXOC1	0.006652437384324632	No data	No data	No data	No data	0.0547137717850459	No data	No data	exocyst complex component 1
RAB27A	0.006652437384324632	No data	No data	No data	No data	0.0547137717850459	No data	No data	RAB27A, member RAS oncogene family
STIM2	0.006652437384324632	No data	No data	No data	No data	0.0547137717850459	No data	No data	stromal interaction molecule 2
MEF2C	0.006652437384324632	No data	No data	No data	No data	0.0547137717850459	No data	No data	myocyte enhancer factor 2C
GPRIN3	0.006652437384324632	No data	No data	No data	No data	0.0547137717850459	No data	No data	GPRIN family member 3
KLK5	0.006652437384324632	No data	No data	No data	No data	0.0547137717850459	No data	No data	kallikrein related peptidase 5
BPIFB2	0.006652437384324632	No data	No data	No data	No data	0.0547137717850459	No data	No data	BPI fold containing family B member 2
TBC1D5	0.006652437384324632	No data	No data	No data	No data	0.0547137717850459	No data	No data	TBC1 domain family member 5
RASAL1	0.006652437384324632	No data	No data	No data	No data	0.0547137717850459	No data	No data	RAS protein activator like 1
IL21R	0.006652437384324632	No data	No data	No data	No data	0.0547137717850459	No data	No data	interleukin 21 receptor
ESR2	0.006652437384324632	No data	No data	No data	No data	0.0547137717850459	No data	No data	estrogen receptor 2
PRR4	0.006652437384324632	No data	No data	No data	No data	0.0547137717850459	No data	No data	proline rich 4
GATM	0.006652437384324632	No data	No data	No data	No data	0.0547137717850459	No data	No data	glycine amidinotransferase
MST1R	0.006652437384324632	No data	No data	No data	No data	0.0547137717850459	No data	No data	macrophage stimulating 1 receptor
AURKA	0.006652437384324632	No data	No data	No data	No data	0.0547137717850459	No data	No data	aurora kinase A
NCOA7	0.006652437384324632	No data	No data	No data	No data	0.0547137717850459	No data	No data	nuclear receptor coactivator 7
TIAL1	0.006652437384324632	No data	No data	No data	No data	0.0547137717850459	No data	No data	TIA1 cytotoxic granule associated RNA binding protein like 1
GNRH1	0.006652437384324632	No data	No data	No data	No data	0.0547137717850459	No data	No data	gonadotropin releasing hormone 1
DNASE1L3	0.006652437384324632	No data	No data	No data	No data	0.0547137717850459	No data	No data	deoxyribonuclease 1 like 3
FSCN1	0.006652437384324632	No data	No data	No data	No data	0.0547137717850459	No data	No data	fascin actin-bundling protein 1
SIVA1	0.006652437384324632	No data	No data	No data	No data	0.0547137717850459	No data	No data	SIVA1 apoptosis inducing factor
BAG6	0.006652437384324632	No data	No data	No data	No data	0.0547137717850459	No data	No data	BAG cochaperone 6
TMEM30B	0.006652437384324632	No data	No data	No data	No data	0.0547137717850459	No data	No data	transmembrane protein 30B
HDGF	0.006652437384324632	No data	No data	No data	No data	0.0547137717850459	No data	No data	heparin binding growth factor
LTC4S	0.006652437384324632	No data	No data	No data	No data	0.0547137717850459	No data	No data	leukotriene C4 synthase
SCN7A	0.006652437384324632	No data	No data	No data	No data	0.0547137717850459	No data	No data	sodium voltage-gated channel alpha subunit 7
BHLHE41	0.006652437384324632	No data	No data	No data	No data	0.0547137717850459	No data	No data	basic helix-loop-helix family member e41
RXRA	0.006652437384324632	No data	No data	No data	No data	0.0547137717850459	No data	No data	retinoid X receptor alpha
CSTF2	0.006652437384324632	No data	No data	No data	No data	0.0547137717850459	No data	No data	cleavage stimulation factor subunit 2
VEPH1	0.006652437384324632	No data	No data	No data	No data	0.0547137717850459	No data	No data	ventricular zone expressed PH domain containing 1
SIRT2	0.006578110769104709	No data	No data	No data	No data	0.05410246359411421	No data	No data	sirtuin 2
MAVS	0.006578110769104709	No data	No data	No data	No data	0.05410246359411421	No data	No data	mitochondrial antiviral signaling protein
HAVCR2	0.006539510206504308	No data	No data	No data	No data	0.05378498862202815	No data	No data	hepatitis A virus cellular receptor 2
HDAC3	0.006531913287269121	No data	No data	No data	No data	0.05372250684560695	No data	No data	histone deacetylase 3
CLDN7	0.006508711885280582	No data	No data	No data	No data	0.053531684123023296	No data	No data	claudin 7
MDM2	0.00646764745698228	No data	No data	No data	No data	0.05319394479101684	No data	No data	MDM2 proto-oncogene
CADPS	0.006447115242833132	No data	No data	No data	No data	0.05302507512501362	No data	No data	calcium dependent secretion activator
SERPINA13P	0.006421452937649327	No data	No data	No data	No data	0.052814012407968985	No data	No data	serpin family A member 13, pseudogene 
SIGLEC5	0.006354720279161956	No data	No data	No data	No data	0.052265161627999095	No data	No data	sialic acid binding Ig like lectin 5 
CSF3R	0.006344454172087381	No data	No data	No data	No data	0.052180726794997474	No data	No data	colony stimulating factor 3 receptor
SEPTIN8	0.006282857529639931	No data	No data	No data	No data	0.051674117796987794	No data	No data	septin 8
IRF4	0.006282857529639931	No data	No data	No data	No data	0.051674117796987794	No data	No data	interferon regulatory factor 4
PDE9A	0.006282857529639931	No data	No data	No data	No data	0.051674117796987794	No data	No data	phosphodiesterase 9A
PAX7	0.006282857529639931	No data	No data	No data	No data	0.051674117796987794	No data	No data	paired box 7
CEP164	0.006282857529639931	No data	No data	No data	No data	0.051674117796987794	No data	No data	centrosomal protein 164
PDGFB	0.006282857529639931	No data	No data	No data	No data	0.051674117796987794	No data	No data	platelet derived growth factor subunit B
ATF3	0.006268895624018508	No data	No data	No data	No data	0.0515592864241056	No data	No data	activating transcription factor 3
LTB	0.006263762570481222	No data	No data	No data	No data	0.05151706900760479	No data	No data	lymphotoxin beta
DCBLD1	0.006262325315490781	No data	No data	No data	No data	0.05150524813098457	No data	No data	discoidin, CUB and LCCL domain containing 1
IGHG1	0.006262325315490781	No data	No data	No data	No data	0.05150524813098457	No data	No data	immunoglobulin heavy constant gamma 1 (G1m marker)
HOXD10	0.006262325315490781	No data	No data	No data	No data	0.05150524813098457	No data	No data	homeobox D10
SRXN1	0.006252059208416205	No data	No data	No data	No data	0.05142081329798295	No data	No data	sulfiredoxin 1
PCLAF	0.006181328643970055	No data	No data	No data	No data	0.04828226716572153	0.0102272563745903	No data	PCNA clamp associated factor
GPR183	0.006169930351819605	No data	No data	No data	No data	0.05074533463397004	No data	No data	G protein-coupled receptor 183
CASP9	0.006167466486121708	No data	No data	No data	No data	0.050725070274049655	No data	No data	caspase 9
MAGI2	0.00615966424474503	No data	No data	No data	No data	0.05066089980096842	No data	No data	membrane associated guanylate kinase, WW and PDZ domain containing 2
PIM1	0.006150835392660896	No data	No data	No data	No data	0.050588285844587036	No data	No data	Pim-1 proto-oncogene, serine/threonine kinase
FAM215A	0.006126402057823406	No data	No data	No data	No data	0.050387330942043194	No data	No data	family with sequence similarity 215 member A
CGAS	0.006118073940349644	No data	No data	No data	No data	0.050318835337720455	No data	No data	cyclic GMP-AMP synthase
ENSG00000254051	0.006098067602297579	No data	No data	No data	No data	0.05015429080295874	No data	No data	NADH dehydrogenase 
MYH2	0.006098067602297579	No data	No data	No data	No data	0.05015429080295874	No data	No data	myosin heavy chain 2
NUP214	0.006098067602297579	No data	No data	No data	No data	0.05015429080295874	No data	No data	nucleoporin 214
PORCN	0.006098067602297579	No data	No data	No data	No data	0.05015429080295874	No data	No data	porcupine O-acyltransferase
ENSG00000251605	0.006098067602297579	No data	No data	No data	No data	0.05015429080295874	No data	No data	NADH dehydrogenase 
LAMA1	0.0060680779988964645	No data	No data	No data	No data	0.0499076377010026	No data	No data	laminin subunit alpha 1
EIF2AK2	0.00601347488000308	No data	No data	No data	No data	0.04945854777902543	No data	No data	eukaryotic translation initiation factor 2 alpha kinase 2
PPARD	0.005928676835567091	No data	No data	No data	No data	0.0487611160584321	No data	No data	peroxisome proliferator activated receptor delta
IFRD1	0.005913277674955229	No data	No data	No data	No data	0.04863446380892969	No data	No data	interferon related developmental regulator 1
OGN	0.005913277674955229	No data	No data	No data	No data	0.04863446380892969	No data	No data	osteoglycin
SETBP1	0.005913277674955229	No data	No data	No data	No data	0.04863446380892969	No data	No data	SET binding protein 1
SOCS4	0.005913277674955229	No data	No data	No data	No data	0.04863446380892969	No data	No data	suppressor of cytokine signaling 4
RASD1	0.005913277674955229	No data	No data	No data	No data	0.04863446380892969	No data	No data	ras related dexamethasone induced 1
CNR2	0.005913277674955229	No data	No data	No data	No data	0.04863446380892969	No data	No data	cannabinoid receptor 2
SHFL	0.005913277674955229	No data	No data	No data	No data	0.04863446380892969	No data	No data	shiftless antiviral inhibitor of ribosomal frameshifting
TESMIN	0.005913277674955229	No data	No data	No data	No data	0.04863446380892969	No data	No data	testis expressed metallothionein like protein
LINC01414	0.005913277674955229	No data	No data	No data	No data	0.04863446380892969	No data	No data	long intergenic non-protein coding RNA 1414
NLRP4	0.005913277674955229	No data	No data	No data	No data	0.04863446380892969	No data	No data	NLR family pyrin domain containing 4
MUCL1	0.005913277674955229	No data	No data	No data	No data	0.04863446380892969	No data	No data	mucin like 1
HRG	0.005913277674955229	No data	No data	No data	No data	0.04863446380892969	No data	No data	histidine rich glycoprotein
EFNA4	0.005913277674955229	No data	No data	No data	No data	0.04863446380892969	No data	No data	ephrin A4
GFRA1	0.005913277674955229	No data	No data	No data	No data	0.04863446380892969	No data	No data	GDNF family receptor alpha 1
NADK	0.005913277674955229	No data	No data	No data	No data	0.04863446380892969	No data	No data	NAD kinase
SERPINH1	0.005913277674955229	No data	No data	No data	No data	0.04863446380892969	No data	No data	serpin family H member 1
GP6	0.005913277674955229	No data	No data	No data	No data	0.04863446380892969	No data	No data	glycoprotein VI platelet
ATP1B2	0.005913277674955229	No data	No data	No data	No data	0.04863446380892969	No data	No data	ATPase Na+/K+ transporting subunit beta 2
KLHL32	0.005913277674955229	No data	No data	No data	No data	0.04863446380892969	No data	No data	kelch like family member 32
PTCHD4	0.005913277674955229	No data	No data	No data	No data	0.04863446380892969	No data	No data	patched domain containing 4
CABYR	0.005913277674955229	No data	No data	No data	No data	0.04863446380892969	No data	No data	calcium binding tyrosine phosphorylation regulated
KAT5	0.005913277674955229	No data	No data	No data	No data	0.04863446380892969	No data	No data	lysine acetyltransferase 5
NPSR1	0.00589274546080608	No data	No data	No data	No data	0.04846559414292646	No data	No data	neuropeptide S receptor 1
NF1	0.005826015764821341	No data	No data	No data	No data	0.047916767728415965	No data	No data	neurofibromin 1
IVL	0.0058003504971349045	No data	No data	No data	No data	0.04770568064591194	No data	No data	involucrin
DHX58	0.0058003504971349045	No data	No data	No data	No data	0.04770568064591194	No data	No data	DExH-box helicase 58
KLHL2	0.005779818282985754	No data	No data	No data	No data	0.0475368109799087	No data	No data	kelch like family member 2
HLA-DQA2	0.0057438869082247395	No data	No data	No data	No data	0.04724128906440305	No data	No data	major histocompatibility complex, class II, DQ alpha 2
SDHAF3	0.005728487747612879	No data	No data	No data	No data	0.04711463681490064	No data	No data	succinate dehydrogenase complex assembly factor 3
SCRIB	0.005728487747612879	No data	No data	No data	No data	0.04711463681490064	No data	No data	scribble planar cell polarity protein
ERCC1	0.005728487747612879	No data	No data	No data	No data	0.04711463681490064	No data	No data	ERCC excision repair 1, endonuclease non-catalytic subunit
ARL6IP5	0.005728487747612879	No data	No data	No data	No data	0.04711463681490064	No data	No data	ADP ribosylation factor like GTPase 6 interacting protein 5
RPS6KA5	0.005728487747612879	No data	No data	No data	No data	0.04711463681490064	No data	No data	ribosomal protein S6 kinase A5
ADAMTSL4	0.005707955533463729	No data	No data	No data	No data	0.046945767148897415	No data	No data	ADAMTS like 4
ART4	0.0056412258374789895	No data	No data	No data	No data	0.04639694073438691	No data	No data	ADP-ribosyltransferase 4 (inactive) (Dombrock blood group)
ACVR1B	0.005615560569792552	No data	No data	No data	No data	0.04618585365188288	No data	No data	activin A receptor type 1B
COL1A2	0.005615560569792552	No data	No data	No data	No data	0.04618585365188288	No data	No data	collagen type I alpha 2 chain
CPB1	0.005605294462717976	No data	No data	No data	No data	0.04610141881888126	No data	No data	carboxypeptidase B1
KLRC1	0.005605294462717976	No data	No data	No data	No data	0.04610141881888126	No data	No data	killer cell lectin like receptor C1
NFASC	0.005605294462717976	No data	No data	No data	No data	0.04610141881888126	No data	No data	neurofascin
F8	0.005543697820270528	No data	No data	No data	No data	0.045594809820871586	No data	No data	coagulation factor VIII
ARSA	0.005543697820270528	No data	No data	No data	No data	0.045594809820871586	No data	No data	arylsulfatase A
STAG3	0.005543697820270528	No data	No data	No data	No data	0.045594809820871586	No data	No data	STAG3 cohesin complex component
REV1	0.005543697820270528	No data	No data	No data	No data	0.045594809820871586	No data	No data	REV1 DNA directed polymerase
TRIB3	0.005543697820270528	No data	No data	No data	No data	0.045594809820871586	No data	No data	tribbles pseudokinase 3
HBG2	0.005543697820270528	No data	No data	No data	No data	0.045594809820871586	No data	No data	hemoglobin subunit gamma 2
CLPTM1L	0.005543697820270526	No data	No data	No data	No data	0.04559480982087158	No data	No data	CLPTM1 like
ENSG00000223804	0.005543697820270526	No data	No data	No data	No data	0.04559480982087158	No data	No data	Poly 
SHOX2	0.005523165606121377	No data	No data	No data	No data	0.04542594015486835	No data	No data	short stature homeobox 2
TSC2	0.005523165606121377	No data	No data	No data	No data	0.04542594015486835	No data	No data	TSC complex subunit 2
AQP4	0.005523165606121377	No data	No data	No data	No data	0.04542594015486835	No data	No data	aquaporin 4
TH	0.005523165606121377	No data	No data	No data	No data	0.04542594015486835	No data	No data	tyrosine hydroxylase
LGALS1	0.005489903419199753	No data	No data	No data	No data	0.045152371295943114	No data	No data	galectin 1
FCGRT	0.005420504535375625	No data	No data	No data	No data	0.044581591824852204	No data	No data	Fc gamma receptor and transporter
CYP2D6	0.005420504535375625	No data	No data	No data	No data	0.044581591824852204	No data	No data	cytochrome P450 family 2 subfamily D member 6
CCR8	0.005387242348454003	No data	No data	No data	No data	0.04430802296592698	No data	No data	C-C motif chemokine receptor 8
HYDIN	0.005358907892928176	No data	No data	No data	No data	0.044074982826842524	No data	No data	HYDIN axonemal central pair apparatus protein
CLEC4C	0.005358907892928176	No data	No data	No data	No data	0.044074982826842524	No data	No data	C-type lectin domain family 4 member C
SCARB1	0.005358907892928176	No data	No data	No data	No data	0.044074982826842524	No data	No data	scavenger receptor class B member 1
MYH7	0.005358907892928176	No data	No data	No data	No data	0.044074982826842524	No data	No data	myosin heavy chain 7
FOSB	0.005358907892928176	No data	No data	No data	No data	0.044074982826842524	No data	No data	FosB proto-oncogene, AP-1 transcription factor subunit
COL6A1	0.005338375678779025	No data	No data	No data	No data	0.0439061131608393	No data	No data	collagen type VI alpha 1 chain
NEDD4	0.005305113491857403	No data	No data	No data	No data	0.04363254430191407	No data	No data	NEDD4 E3 ubiquitin protein ligase
TFEB	0.005263420526391272	No data	No data	No data	No data	0.04328963549033609	No data	No data	transcription factor EB
HLA-DQA1	0.0052357146080332755	No data	No data	No data	No data	0.043061764830823156	No data	No data	major histocompatibility complex, class II, DQ alpha 1
IL18R1	0.0052357146080332755	No data	No data	No data	No data	0.043061764830823156	No data	No data	interleukin 18 receptor 1
SUMO2	0.0052357146080332755	No data	No data	No data	No data	0.043061764830823156	No data	No data	small ubiquitin like modifier 2
RSAD2	0.0052151823938841255	No data	No data	No data	No data	0.04289289516481993	No data	No data	radical S-adenosyl methionine domain containing 2
SCUBE1	0.0051741179655858255	No data	No data	No data	No data	0.04255515583281348	No data	No data	signal peptide, CUB domain and EGF like domain containing 1
VPREB3	0.0051741179655858255	No data	No data	No data	No data	0.04255515583281348	No data	No data	V-set pre-B cell surrogate light chain 3
PSMG4	0.0051741179655858255	No data	No data	No data	No data	0.04255515583281348	No data	No data	proteasome assembly chaperone 4
TBX15	0.0051741179655858255	No data	No data	No data	No data	0.04255515583281348	No data	No data	T-box transcription factor 15
ICAM2	0.0051741179655858255	No data	No data	No data	No data	0.04255515583281348	No data	No data	intercellular adhesion molecule 2
CD59	0.0051741179655858255	No data	No data	No data	No data	0.04255515583281348	No data	No data	CD59 molecule (CD59 blood group)
ACADL	0.0051741179655858255	No data	No data	No data	No data	0.04255515583281348	No data	No data	acyl-CoA dehydrogenase long chain
CEACAM4	0.0051741179655858255	No data	No data	No data	No data	0.04255515583281348	No data	No data	CEA cell adhesion molecule 4
FTLP1	0.0051741179655858255	No data	No data	No data	No data	0.04255515583281348	No data	No data	ferritin light chain pseudogene 1
CARMIL1	0.0051741179655858255	No data	No data	No data	No data	0.04255515583281348	No data	No data	capping protein regulator and myosin 1 linker 1
ACADM	0.0051741179655858255	No data	No data	No data	No data	0.04255515583281348	No data	No data	acyl-CoA dehydrogenase medium chain
PIAS1	0.0051741179655858255	No data	No data	No data	No data	0.04255515583281348	No data	No data	protein inhibitor of activated STAT 1
IL10RB	0.0051741179655858255	No data	No data	No data	No data	0.04255515583281348	No data	No data	interleukin 10 receptor subunit beta
PSMB1	0.0051741179655858255	No data	No data	No data	No data	0.04255515583281348	No data	No data	proteasome 20S subunit beta 1
WAKMAR2	0.0051741179655858255	No data	No data	No data	No data	0.04255515583281348	No data	No data	wound and keratinocyte migration associated lncRNA 2
PSMD4	0.0051741179655858255	No data	No data	No data	No data	0.04255515583281348	No data	No data	proteasome 26S subunit ubiquitin receptor, non-ATPase 4
PHLPP1	0.0051741179655858255	No data	No data	No data	No data	0.04255515583281348	No data	No data	PH domain and leucine rich repeat protein phosphatase 1
RNF6	0.0051741179655858255	No data	No data	No data	No data	0.04255515583281348	No data	No data	ring finger protein 6
ORAI2	0.0051741179655858255	No data	No data	No data	No data	0.04255515583281348	No data	No data	ORAI calcium release-activated calcium modulator 2
ACVRL1	0.0051741179655858255	No data	No data	No data	No data	0.04255515583281348	No data	No data	activin A receptor like type 1
XK	0.0051741179655858255	No data	No data	No data	No data	0.04255515583281348	No data	No data	X-linked Kx blood group antigen, Kell and VPS13A binding protein
RAD51	0.0051741179655858255	No data	No data	No data	No data	0.04255515583281348	No data	No data	RAD51 recombinase
LINC02598	0.0051741179655858255	No data	No data	No data	No data	0.04255515583281348	No data	No data	long intergenic non-protein coding RNA 2598
ABCC4	0.0051741179655858255	No data	No data	No data	No data	0.04255515583281348	No data	No data	ATP binding cassette subfamily C member 4
FBLN2	0.0051741179655858255	No data	No data	No data	No data	0.04255515583281348	No data	No data	fibulin 2
DEFA4	0.0051741179655858255	No data	No data	No data	No data	0.04255515583281348	No data	No data	defensin alpha 4
PDS5B	0.0051741179655858255	No data	No data	No data	No data	0.04255515583281348	No data	No data	PDS5 cohesin associated factor B
PLVAP	0.0051741179655858255	No data	No data	No data	No data	0.04255515583281348	No data	No data	plasmalemma vesicle associated protein
ACSL5	0.0051741179655858255	No data	No data	No data	No data	0.04255515583281348	No data	No data	acyl-CoA synthetase long chain family member 5
IFNGR2	0.0051741179655858255	No data	No data	No data	No data	0.04255515583281348	No data	No data	interferon gamma receptor 2
DHPS	0.0051741179655858255	No data	No data	No data	No data	0.04255515583281348	No data	No data	deoxyhypusine synthase
BBC3	0.0051741179655858255	No data	No data	No data	No data	0.04255515583281348	No data	No data	BCL2 binding component 3
PSMC5	0.0051741179655858255	No data	No data	No data	No data	0.04255515583281348	No data	No data	proteasome 26S subunit, ATPase 5
AP1AR	0.0051741179655858255	No data	No data	No data	No data	0.04255515583281348	No data	No data	adaptor related protein complex 1 associated regulatory protein
AMN1	0.0051741179655858255	No data	No data	No data	No data	0.04255515583281348	No data	No data	antagonist of mitotic exit network 1 homolog
NPHP1	0.0051741179655858255	No data	No data	No data	No data	0.04255515583281348	No data	No data	nephrocystin 1
PSMA2	0.0051741179655858255	No data	No data	No data	No data	0.04255515583281348	No data	No data	proteasome 20S subunit alpha 2
SERPINB4	0.005174117965585825	No data	No data	No data	No data	0.04255515583281347	No data	No data	serpin family B member 4
DIO3	0.005174117965585825	No data	No data	No data	No data	0.04255515583281347	No data	No data	iodothyronine deiodinase 3
DRD1	0.0051535857514366755	No data	No data	No data	No data	0.04238628616681025	No data	No data	dopamine receptor D1
RHOT1	0.0051535857514366755	No data	No data	No data	No data	0.04238628616681025	No data	No data	ras homolog family member T1
TBK1	0.0051535857514366755	No data	No data	No data	No data	0.04238628616681025	No data	No data	TANK binding kinase 1
FOLH1	0.0051535857514366755	No data	No data	No data	No data	0.04238628616681025	No data	No data	folate hydrolase 1
ARCN1	0.00512278743021295	No data	No data	No data	No data	0.0421329816678054	No data	No data	archain 1
PDSS1	0.005030392466541775	No data	No data	No data	No data	0.04137306817079087	No data	No data	decaprenyl diphosphate synthase subunit 1
MAP2K6	0.004989328038243475	No data	No data	No data	No data	0.04103532883878443	No data	No data	mitogen-activated protein kinase kinase 6
CFHR1	0.004989328038243475	No data	No data	No data	No data	0.04103532883878443	No data	No data	complement factor H related 1
TMSB4X	0.004989328038243475	No data	No data	No data	No data	0.04103532883878443	No data	No data	thymosin beta 4 X-linked
HPGD	0.004968795824094324	No data	No data	No data	No data	0.04086645917278119	No data	No data	15-hydroxyprostaglandin dehydrogenase
MGP	0.004968795824094324	No data	No data	No data	No data	0.04086645917278119	No data	No data	matrix Gla protein
CYP2R1	0.004968795824094324	No data	No data	No data	No data	0.04086645917278119	No data	No data	cytochrome P450 family 2 subfamily R member 1
ARHGEF1	0.004968795824094324	No data	No data	No data	No data	0.04086645917278119	No data	No data	Rho guanine nucleotide exchange factor 1
FIS1	0.004958529717019749	No data	No data	No data	No data	0.04078202433977958	No data	No data	fission, mitochondrial 1
MUC6	0.004958529717019749	No data	No data	No data	No data	0.04078202433977958	No data	No data	mucin 6, oligomeric mucus/gel-forming
COL4A1	0.004948263609945174	No data	No data	No data	No data	0.040697589506777966	No data	No data	collagen type IV alpha 1 chain
RACK1	0.004902066128109586	No data	No data	No data	No data	0.0403176327582707	No data	No data	receptor for activated C kinase 1
DLG5	0.00487640086042315	No data	No data	No data	No data	0.04010654567576667	No data	No data	discs large MAGUK scaffold protein 5
ITGB1	0.004855868646273998	No data	No data	No data	No data	0.03993767600976344	No data	No data	integrin subunit beta 1
CELSR1	0.004832872566426951	No data	No data	No data	No data	0.03974854198383983	No data	No data	cadherin EGF LAG seven-pass G-type receptor 1
MAPK9	0.004832872566426951	No data	No data	No data	No data	0.03974854198383983	No data	No data	mitogen-activated protein kinase 9
PTGDS	0.004804538110901123	No data	No data	No data	No data	0.03951550184475537	No data	No data	prostaglandin D2 synthase
P2RY13	0.004804538110901123	No data	No data	No data	No data	0.03951550184475537	No data	No data	purinergic receptor P2Y13
CEBPG	0.004804538110901123	No data	No data	No data	No data	0.03951550184475537	No data	No data	CCAAT enhancer binding protein gamma
LBP	0.004804538110901123	No data	No data	No data	No data	0.03951550184475537	No data	No data	lipopolysaccharide binding protein
MGAT5	0.004804538110901123	No data	No data	No data	No data	0.03951550184475537	No data	No data	alpha-1,6-mannosylglycoprotein 6-beta-N-acetylglucosaminyltransferase
MAP1B	0.004804538110901123	No data	No data	No data	No data	0.03951550184475537	No data	No data	microtubule associated protein 1B
CYP2F2P	0.004804538110901123	No data	No data	No data	No data	0.03951550184475537	No data	No data	cytochrome P450 family 2 subfamily F member 2, pseudogene
ORM1	0.004804538110901123	No data	No data	No data	No data	0.03951550184475537	No data	No data	orosomucoid 1
ERCC2	0.004804538110901123	No data	No data	No data	No data	0.03951550184475537	No data	No data	ERCC excision repair 2, TFIIH core complex helicase subunit
PMAIP1	0.004804538110901123	No data	No data	No data	No data	0.03951550184475537	No data	No data	phorbol-12-myristate-13-acetate-induced protein 1
RARS1	0.004804538110901123	No data	No data	No data	No data	0.03951550184475537	No data	No data	arginyl-tRNA synthetase 1
CFI	0.004784005896751974	No data	No data	No data	No data	0.039346632178752144	No data	No data	complement factor I
OAS1	0.004784005896751974	No data	No data	No data	No data	0.039346632178752144	No data	No data	2'-5'-oligoadenylate synthetase 1
PTGIS	0.004764910937593265	No data	No data	No data	No data	0.03918958338936915	No data	No data	prostaglandin I2 synthase
GMCL2	0.004719316851438795	No data	No data	No data	No data	0.038814589341250545	No data	No data	germ cell-less 2, spermatogenesis associated
SPRED1	0.004681344826006223	No data	No data	No data	No data	0.038502283848736	No data	No data	sprouty related EVH1 domain containing 1
ADO	0.004648082639084599	No data	No data	No data	No data	0.03822871498981077	No data	No data	2-aminoethanethiol dioxygenase
BMP2	0.004635147344170636	No data	No data	No data	No data	0.03812232710022874	No data	No data	bone morphogenetic protein 2
JPH3	0.004619748183558772	No data	No data	No data	No data	0.037995674850726316	No data	No data	junctophilin 3
ABHD6	0.004619748183558772	No data	No data	No data	No data	0.037995674850726316	No data	No data	abhydrolase domain containing 6, acylglycerol lipase
DNAAF5	0.004619748183558772	No data	No data	No data	No data	0.037995674850726316	No data	No data	dynein axonemal assembly factor 5
SP3	0.004619748183558772	No data	No data	No data	No data	0.037995674850726316	No data	No data	Sp3 transcription factor
GOT1	0.004619748183558772	No data	No data	No data	No data	0.037995674850726316	No data	No data	glutamic-oxaloacetic transaminase 1
SDHB	0.004619748183558772	No data	No data	No data	No data	0.037995674850726316	No data	No data	succinate dehydrogenase complex iron sulfur subunit B
UBB	0.004619748183558772	No data	No data	No data	No data	0.037995674850726316	No data	No data	ubiquitin B
E2F4	0.004619748183558772	No data	No data	No data	No data	0.037995674850726316	No data	No data	E2F transcription factor 4
ZMYND10	0.004619748183558772	No data	No data	No data	No data	0.037995674850726316	No data	No data	zinc finger MYND-type containing 10
HLA-DRB5	0.004619748183558772	No data	No data	No data	No data	0.037995674850726316	No data	No data	major histocompatibility complex, class II, DR beta 5
CLEC14A	0.004619748183558772	No data	No data	No data	No data	0.037995674850726316	No data	No data	C-type lectin domain containing 14A
MUC7	0.004619748183558772	No data	No data	No data	No data	0.037995674850726316	No data	No data	mucin 7, secreted
TSG101	0.004619748183558772	No data	No data	No data	No data	0.037995674850726316	No data	No data	tumor susceptibility 101
LRP6	0.004619748183558772	No data	No data	No data	No data	0.037995674850726316	No data	No data	LDL receptor related protein 6
CFAP300	0.004619748183558772	No data	No data	No data	No data	0.037995674850726316	No data	No data	cilia and flagella associated protein 300
PIBF1	0.004619748183558772	No data	No data	No data	No data	0.037995674850726316	No data	No data	progesterone immunomodulatory binding factor 1
PER2	0.004599215969409622	No data	No data	No data	No data	0.03782680518472309	No data	No data	period circadian regulator 2
NEK10	0.004599215969409622	No data	No data	No data	No data	0.03782680518472309	No data	No data	NIMA related kinase 10
ITGB3	0.004588949862335047	No data	No data	No data	No data	0.037742370351721476	No data	No data	integrin subunit beta 3
IL10RA	0.004506821005738447	No data	No data	No data	No data	0.03706689168770857	No data	No data	interleukin 10 receptor subunit alpha
LPO	0.004506821005738447	No data	No data	No data	No data	0.03706689168770857	No data	No data	lactoperoxidase
RUNX2	0.004496554898663872	No data	No data	No data	No data	0.03698245685470695	No data	No data	RUNX family transcription factor 2
TUFM	0.004434958256216422	No data	No data	No data	No data	0.03647584785669727	No data	No data	Tu translation elongation factor, mitochondrial
CDKN2B-AS1	0.004434958256216422	No data	No data	No data	No data	0.03647584785669727	No data	No data	CDKN2B antisense RNA 1
ADGRG1	0.004434958256216422	No data	No data	No data	No data	0.03647584785669727	No data	No data	adhesion G protein-coupled receptor G1
SIRT5	0.004434958256216422	No data	No data	No data	No data	0.03647584785669727	No data	No data	sirtuin 5
JADE1	0.004434958256216422	No data	No data	No data	No data	0.03647584785669727	No data	No data	jade family PHD finger 1
LDHA	0.004434958256216422	No data	No data	No data	No data	0.03647584785669727	No data	No data	lactate dehydrogenase A
MMP23B	0.004434958256216422	No data	No data	No data	No data	0.03647584785669727	No data	No data	matrix metallopeptidase 23B
CNTN2	0.004434958256216422	No data	No data	No data	No data	0.03647584785669727	No data	No data	contactin 2
GPC4	0.004434958256216422	No data	No data	No data	No data	0.03647584785669727	No data	No data	glypican 4
GSTM2	0.004434958256216422	No data	No data	No data	No data	0.03647584785669727	No data	No data	glutathione S-transferase mu 2
EIF2AK4	0.004434958256216422	No data	No data	No data	No data	0.03647584785669727	No data	No data	eukaryotic translation initiation factor 2 alpha kinase 4
IFI44L	0.004434958256216422	No data	No data	No data	No data	0.03647584785669727	No data	No data	interferon induced protein 44 like
DYSF	0.0044349582562164215	No data	No data	No data	No data	0.03647584785669726	No data	No data	dysferlin
S100A11	0.0044349582562164215	No data	No data	No data	No data	0.03647584785669726	No data	No data	S100 calcium binding protein A11
TMEM201	0.0044349582562164215	No data	No data	No data	No data	0.03647584785669726	No data	No data	transmembrane protein 201
KMT2E	0.0044349582562164215	No data	No data	No data	No data	0.03647584785669726	No data	No data	lysine methyltransferase 2E (inactive)
TPP1	0.0044349582562164215	No data	No data	No data	No data	0.03647584785669726	No data	No data	tripeptidyl peptidase 1
GPER1	0.0044349582562164215	No data	No data	No data	No data	0.03647584785669726	No data	No data	G protein-coupled estrogen receptor 1
UGT1A6	0.0044349582562164215	No data	No data	No data	No data	0.03647584785669726	No data	No data	UDP glucuronosyltransferase family 1 member A6
IGHD	0.0044349582562164215	No data	No data	No data	No data	0.03647584785669726	No data	No data	immunoglobulin heavy constant delta
DPYSL2	0.0044349582562164215	No data	No data	No data	No data	0.03647584785669726	No data	No data	dihydropyrimidinase like 2
DVL1	0.0044349582562164215	No data	No data	No data	No data	0.03647584785669726	No data	No data	dishevelled segment polarity protein 1
SMARCA4	0.0044349582562164215	No data	No data	No data	No data	0.03647584785669726	No data	No data	SWI/SNF related, matrix associated, actin dependent regulator of chromatin, subfamily a, member 4
ODAD1	0.0044349582562164215	No data	No data	No data	No data	0.03647584785669726	No data	No data	outer dynein arm docking complex subunit 1
TBXAS1	0.0044349582562164215	No data	No data	No data	No data	0.03647584785669726	No data	No data	thromboxane A synthase 1
NRTN	0.0044349582562164215	No data	No data	No data	No data	0.03647584785669726	No data	No data	neurturin
TRDD3	0.0044349582562164215	No data	No data	No data	No data	0.03647584785669726	No data	No data	T cell receptor delta diversity 3
SPINK5	0.0044349582562164215	No data	No data	No data	No data	0.03647584785669726	No data	No data	serine peptidase inhibitor Kazal type 5
DNTT	0.0044349582562164215	No data	No data	No data	No data	0.03647584785669726	No data	No data	DNA nucleotidylexotransferase
SIAH2	0.0044349582562164215	No data	No data	No data	No data	0.03647584785669726	No data	No data	siah E3 ubiquitin protein ligase 2
TSPAN13	0.0044349582562164215	No data	No data	No data	No data	0.03647584785669726	No data	No data	tetraspanin 13
SERPINB9	0.0044349582562164215	No data	No data	No data	No data	0.03647584785669726	No data	No data	serpin family B member 9
CKB	0.0044349582562164215	No data	No data	No data	No data	0.03647584785669726	No data	No data	creatine kinase B
STOML2	0.0044349582562164215	No data	No data	No data	No data	0.03647584785669726	No data	No data	stomatin like 2
ZBTB7C	0.0044349582562164215	No data	No data	No data	No data	0.03647584785669726	No data	No data	zinc finger and BTB domain containing 7C
CLEC4A	0.0044349582562164215	No data	No data	No data	No data	0.03647584785669726	No data	No data	C-type lectin domain family 4 member A
ST3GAL4	0.0044349582562164215	No data	No data	No data	No data	0.03647584785669726	No data	No data	ST3 beta-galactoside alpha-2,3-sialyltransferase 4
CCDC74B	0.0044349582562164215	No data	No data	No data	No data	0.03647584785669726	No data	No data	coiled-coil domain containing 74B
RPH3A	0.0044349582562164215	No data	No data	No data	No data	0.03647584785669726	No data	No data	rabphilin 3A
SLC46A3	0.0044349582562164215	No data	No data	No data	No data	0.03647584785669726	No data	No data	solute carrier family 46 member 3
PRMT5	0.0044349582562164215	No data	No data	No data	No data	0.03647584785669726	No data	No data	protein arginine methyltransferase 5
SLC28A3	0.0044349582562164215	No data	No data	No data	No data	0.03647584785669726	No data	No data	solute carrier family 28 member 3
GSTA4	0.0044349582562164215	No data	No data	No data	No data	0.03647584785669726	No data	No data	glutathione S-transferase alpha 4
NSUN3	0.0044349582562164215	No data	No data	No data	No data	0.03647584785669726	No data	No data	NOP2/Sun RNA methyltransferase 3
IAPP	0.0044349582562164215	No data	No data	No data	No data	0.03647584785669726	No data	No data	islet amyloid polypeptide
CCAR1	0.0044349582562164215	No data	No data	No data	No data	0.03647584785669726	No data	No data	cell division cycle and apoptosis regulator 1
APOD	0.0044349582562164215	No data	No data	No data	No data	0.03647584785669726	No data	No data	apolipoprotein D
EPB41L4A	0.0044349582562164215	No data	No data	No data	No data	0.03647584785669726	No data	No data	erythrocyte membrane protein band 4.1 like 4A
MIAT	0.0044349582562164215	No data	No data	No data	No data	0.03647584785669726	No data	No data	myocardial infarction associated transcript
LMNA	0.0044349582562164215	No data	No data	No data	No data	0.03647584785669726	No data	No data	lamin A/C
ACOX1	0.0044349582562164215	No data	No data	No data	No data	0.03647584785669726	No data	No data	acyl-CoA oxidase 1
CSN3	0.0044349582562164215	No data	No data	No data	No data	0.03647584785669726	No data	No data	casein kappa
CBX5	0.0044349582562164215	No data	No data	No data	No data	0.03647584785669726	No data	No data	chromobox 5
METTL16	0.0044349582562164215	No data	No data	No data	No data	0.03647584785669726	No data	No data	methyltransferase 16, N6-methyladenosine
ATP2A1	0.0044349582562164215	No data	No data	No data	No data	0.03647584785669726	No data	No data	ATPase sarcoplasmic/endoplasmic reticulum Ca2+ transporting 1
ANXA3	0.0044349582562164215	No data	No data	No data	No data	0.03647584785669726	No data	No data	annexin A3
UGT1A9	0.0044349582562164215	No data	No data	No data	No data	0.03647584785669726	No data	No data	UDP glucuronosyltransferase family 1 member A9
MRPL4	0.0044349582562164215	No data	No data	No data	No data	0.03647584785669726	No data	No data	mitochondrial ribosomal protein L4
DUSP2	0.0044349582562164215	No data	No data	No data	No data	0.03647584785669726	No data	No data	dual specificity phosphatase 2
MYB	0.0044349582562164215	No data	No data	No data	No data	0.03647584785669726	No data	No data	MYB proto-oncogene, transcription factor
DSP-AS1	0.0044349582562164215	No data	No data	No data	No data	0.03647584785669726	No data	No data	DSP antisense RNA 1
SPOCK2	0.0044349582562164215	No data	No data	No data	No data	0.03647584785669726	No data	No data	SPARC (osteonectin), cwcv and kazal like domains proteoglycan 2
CRABP1	0.0044349582562164215	No data	No data	No data	No data	0.03647584785669726	No data	No data	cellular retinoic acid binding protein 1
GAN	0.0044349582562164215	No data	No data	No data	No data	0.03647584785669726	No data	No data	gigaxonin
GPR68	0.0044349582562164215	No data	No data	No data	No data	0.03647584785669726	No data	No data	G protein-coupled receptor 68
LIMK1	0.0044349582562164215	No data	No data	No data	No data	0.03647584785669726	No data	No data	LIM domain kinase 1
ADK	0.0044349582562164215	No data	No data	No data	No data	0.03647584785669726	No data	No data	adenosine kinase
SP1	0.0044349582562164215	No data	No data	No data	No data	0.03647584785669726	No data	No data	Sp1 transcription factor
STX8	0.0044349582562164215	No data	No data	No data	No data	0.03647584785669726	No data	No data	syntaxin 8
ORAI3	0.0044349582562164215	No data	No data	No data	No data	0.03647584785669726	No data	No data	ORAI calcium release-activated calcium modulator 3
FABP6	0.0044349582562164215	No data	No data	No data	No data	0.03647584785669726	No data	No data	fatty acid binding protein 6
CCL23	0.0044144260420672715	No data	No data	No data	No data	0.03630697819069404	No data	No data	C-C motif chemokine ligand 23
KLK11	0.0044144260420672715	No data	No data	No data	No data	0.03630697819069404	No data	No data	kallikrein related peptidase 11
SGK1	0.0044144260420672715	No data	No data	No data	No data	0.03630697819069404	No data	No data	serum/glucocorticoid regulated kinase 1
COL3A1	0.0044144260420672715	No data	No data	No data	No data	0.03630697819069404	No data	No data	collagen type III alpha 1 chain
OMA1	0.004381163855145648	No data	No data	No data	No data	0.03603340933176881	No data	No data	OMA1 zinc metallopeptidase
LAP3	0.004381163855145648	No data	No data	No data	No data	0.03603340933176881	No data	No data	leucine aminopeptidase 3
RNASE2	0.004322031078396096	No data	No data	No data	No data	0.03554706469367951	No data	No data	ribonuclease A family member 2
TNFSF14	0.004322031078396096	No data	No data	No data	No data	0.03554706469367951	No data	No data	TNF superfamily member 14
GADD45A	0.004322031078396096	No data	No data	No data	No data	0.03554706469367951	No data	No data	growth arrest and DNA damage inducible alpha
BCL2A1	0.004322031078396096	No data	No data	No data	No data	0.03554706469367951	No data	No data	BCL2 related protein A1
TNKS2	0.0042501683288740716	No data	No data	No data	No data	0.03495602086266821	No data	No data	tankyrase 2
UBQLN4	0.0042501683288740716	No data	No data	No data	No data	0.03495602086266821	No data	No data	ubiquilin 4
IL13RA2	0.0042501683288740716	No data	No data	No data	No data	0.03495602086266821	No data	No data	interleukin 13 receptor subunit alpha 2
SVIL	0.0042501683288740716	No data	No data	No data	No data	0.03495602086266821	No data	No data	supervillin
NELFCD	0.0042501683288740716	No data	No data	No data	No data	0.03495602086266821	No data	No data	negative elongation factor complex member C/D
P2RX2	0.0042501683288740716	No data	No data	No data	No data	0.03495602086266821	No data	No data	purinergic receptor P2X 2
C1QC	0.0042501683288740716	No data	No data	No data	No data	0.03495602086266821	No data	No data	complement C1q C chain
FCN3	0.0042501683288740716	No data	No data	No data	No data	0.03495602086266821	No data	No data	ficolin 3
RHOT2	0.0042501683288740716	No data	No data	No data	No data	0.03495602086266821	No data	No data	ras homolog family member T2
RB1	0.0042501683288740716	No data	No data	No data	No data	0.03495602086266821	No data	No data	RB transcriptional corepressor 1
CD209	0.0042501683288740716	No data	No data	No data	No data	0.03495602086266821	No data	No data	CD209 molecule
RHOB	0.0042501683288740716	No data	No data	No data	No data	0.03495602086266821	No data	No data	ras homolog family member B
MGST1	0.0042501683288740716	No data	No data	No data	No data	0.03495602086266821	No data	No data	microsomal glutathione S-transferase 1
NR1D1	0.004229636114724921	No data	No data	No data	No data	0.034787151196664985	No data	No data	nuclear receptor subfamily 1 group D member 1
ATG12	0.004229636114724921	No data	No data	No data	No data	0.034787151196664985	No data	No data	autophagy related 12
AKAP1	0.004229636114724921	No data	No data	No data	No data	0.034787151196664985	No data	No data	A-kinase anchoring protein 1
GPLD1	0.004229636114724921	No data	No data	No data	No data	0.034787151196664985	No data	No data	glycosylphosphatidylinositol specific phospholipase D1
RPS4Y1	0.004229636114724921	No data	No data	No data	No data	0.034787151196664985	No data	No data	ribosomal protein S4 Y-linked 1
RNPC3	0.004229636114724921	No data	No data	No data	No data	0.034787151196664985	No data	No data	RNA binding region (RNP1, RRM) containing 3
IGBP1	0.004229636114724921	No data	No data	No data	No data	0.034787151196664985	No data	No data	immunoglobulin binding protein 1
LMAN1	0.004229636114724921	No data	No data	No data	No data	0.034787151196664985	No data	No data	lectin, mannose binding 1
CORO1A	0.004229636114724921	No data	No data	No data	No data	0.034787151196664985	No data	No data	coronin 1A
HS3ST2	0.004229226331270491	No data	No data	No data	No data	0.012158615952232422	0.03174412689527483	No data	heparan sulfate-glucosamine 3-sulfotransferase 2
ENSG00000220349	0.004188045810329536	No data	No data	No data	No data	0.034445086733417014	No data	No data	galanin receptor pseudogene
JAK3	0.004099551967346698	No data	No data	No data	No data	0.0337172584729431	No data	No data	Janus kinase 3
PDCD6IP	0.00406537840153172	No data	No data	No data	No data	0.03343619386863916	No data	No data	programmed cell death 6 interacting protein
PIK3CB	0.00406537840153172	No data	No data	No data	No data	0.03343619386863916	No data	No data	phosphatidylinositol-4,5-bisphosphate 3-kinase catalytic subunit beta
CLCA3P	0.00406537840153172	No data	No data	No data	No data	0.03343619386863916	No data	No data	chloride channel accessory 3, pseudogene 
HRH1	0.00406537840153172	No data	No data	No data	No data	0.03343619386863916	No data	No data	histamine receptor H1
CYP2C18	0.00406537840153172	No data	No data	No data	No data	0.03343619386863916	No data	No data	cytochrome P450 family 2 subfamily C member 18
BMAL2	0.00406537840153172	No data	No data	No data	No data	0.03343619386863916	No data	No data	basic helix-loop-helix ARNT like 2
LINGO2	0.00406537840153172	No data	No data	No data	No data	0.03343619386863916	No data	No data	leucine rich repeat and Ig domain containing 2
KLK15	0.00406537840153172	No data	No data	No data	No data	0.03343619386863916	No data	No data	kallikrein related peptidase 15
CLCA3P	0.00406537840153172	No data	No data	No data	No data	0.03343619386863916	No data	No data	chloride channel accessory 3, pseudogene
BACH2	0.00406537840153172	No data	No data	No data	No data	0.03343619386863916	No data	No data	BTB domain and CNC homolog 2
C1QA	0.00406537840153172	No data	No data	No data	No data	0.03343619386863916	No data	No data	complement C1q A chain
SHC1	0.00406537840153172	No data	No data	No data	No data	0.03343619386863916	No data	No data	SHC adaptor protein 1
ARID4B	0.00406537840153172	No data	No data	No data	No data	0.03343619386863916	No data	No data	AT-rich interaction domain 4B
YAP1	0.00406537840153172	No data	No data	No data	No data	0.03343619386863916	No data	No data	Yes1 associated transcriptional regulator
PSORS1C1	0.00406537840153172	No data	No data	No data	No data	0.03343619386863916	No data	No data	psoriasis susceptibility 1 candidate 1
ETV5	0.00406537840153172	No data	No data	No data	No data	0.03343619386863916	No data	No data	ETS variant transcription factor 5
KMT2A	0.00406537840153172	No data	No data	No data	No data	0.03343619386863916	No data	No data	lysine methyltransferase 2A
CD3E	0.00406537840153172	No data	No data	No data	No data	0.03343619386863916	No data	No data	CD3 epsilon subunit of T-cell receptor complex
GRB2	0.00406537840153172	No data	No data	No data	No data	0.03343619386863916	No data	No data	growth factor receptor bound protein 2
C1QB	0.00406537840153172	No data	No data	No data	No data	0.03343619386863916	No data	No data	complement C1q B chain
H3P23	0.00406537840153172	No data	No data	No data	No data	0.03343619386863916	No data	No data	H3 histone pseudogene 23
PER3	0.00406537840153172	No data	No data	No data	No data	0.03343619386863916	No data	No data	period circadian regulator 3
SLC22A12	0.00406537840153172	No data	No data	No data	No data	0.03343619386863916	No data	No data	solute carrier family 22 member 12
TMEM26	0.00406537840153172	No data	No data	No data	No data	0.03343619386863916	No data	No data	transmembrane protein 26
AOC2	0.00406537840153172	No data	No data	No data	No data	0.03343619386863916	No data	No data	amine oxidase copper containing 2
TDGF1P4	0.00406537840153172	No data	No data	No data	No data	0.03343619386863916	No data	No data	teratocarcinoma-derived growth factor 1 pseudogene 4
TCN1	0.00406537840153172	No data	No data	No data	No data	0.03343619386863916	No data	No data	transcobalamin 1
TCF7L2	0.00406537840153172	No data	No data	No data	No data	0.03343619386863916	No data	No data	transcription factor 7 like 2
RPL13A	0.00406537840153172	No data	No data	No data	No data	0.03343619386863916	No data	No data	ribosomal protein L13a
RBMS3	0.00406537840153172	No data	No data	No data	No data	0.03343619386863916	No data	No data	RNA binding motif single stranded interacting protein 3
ADCYAP1	0.00406537840153172	No data	No data	No data	No data	0.03343619386863916	No data	No data	adenylate cyclase activating polypeptide 1
FCRL5	0.00406537840153172	No data	No data	No data	No data	0.03343619386863916	No data	No data	Fc receptor like 5
CRY2	0.00406537840153172	No data	No data	No data	No data	0.03343619386863916	No data	No data	cryptochrome circadian regulator 2
MASP2	0.00406537840153172	No data	No data	No data	No data	0.03343619386863916	No data	No data	MBL associated serine protease 2
MARK2	0.00406537840153172	No data	No data	No data	No data	0.03343619386863916	No data	No data	microtubule affinity regulating kinase 2
TRIM21	0.00406537840153172	No data	No data	No data	No data	0.03343619386863916	No data	No data	tripartite motif containing 21
ENSG00000290929	0.00406537840153172	No data	No data	No data	No data	0.03343619386863916	No data	No data	novel transcript
C4B	0.00406537840153172	No data	No data	No data	No data	0.03343619386863916	No data	No data	complement C4B (Chido blood group)
EHHADH	0.004034580080307995	No data	No data	No data	No data	0.033182889369634316	No data	No data	enoyl-CoA hydratase and 3-hydroxyacyl CoA dehydrogenase
IGHA1	0.004026354623904978	No data	No data	No data	No data	0.033115238113641594	No data	No data	immunoglobulin heavy constant alpha 1
FOSL2	0.003942185116636819	No data	No data	No data	No data	0.032422975872619796	No data	No data	FOS like 2, AP-1 transcription factor subunit
EPX	0.00393937788341205	No data	No data	No data	No data	0.0323998874451557	No data	No data	eosinophil peroxidase
IL3	0.00389802828547279	No data	No data	No data	No data	0.032059802701121416	No data	No data	interleukin 3
PRSS8	0.003860056260040219	No data	No data	No data	No data	0.03174749720860688	No data	No data	serine protease 8
CYGB	0.003860056260040219	No data	No data	No data	No data	0.03174749720860688	No data	No data	cytoglobin
MS4A1	0.003860056260040219	No data	No data	No data	No data	0.03174749720860688	No data	No data	membrane spanning 4-domains A1
IFI27	0.0037809859473578833	No data	No data	No data	No data	0.015198269940290528	0.02729760642199253	No data	interferon alpha inducible protein 27
CCDC18	0.0036957985468470188	No data	No data	No data	No data	0.030396539880581056	No data	No data	coiled-coil domain containing 18
NKX2-8	0.0036957985468470188	No data	No data	No data	No data	0.030396539880581056	No data	No data	NK2 homeobox 8
HCG27	0.0036957985468470188	No data	No data	No data	No data	0.030396539880581056	No data	No data	HLA complex group 27
MAD2L1	0.0036957985468470188	No data	No data	No data	No data	0.030396539880581056	No data	No data	mitotic arrest deficient 2 like 1
PNPT1	0.0036957985468470188	No data	No data	No data	No data	0.030396539880581056	No data	No data	polyribonucleotide nucleotidyltransferase 1
CFH	0.0036957985468470188	No data	No data	No data	No data	0.030396539880581056	No data	No data	complement factor H
JAG1	0.0036957985468470188	No data	No data	No data	No data	0.030396539880581056	No data	No data	jagged canonical Notch ligand 1
AHRR	0.0036957985468470188	No data	No data	No data	No data	0.030396539880581056	No data	No data	aryl hydrocarbon receptor repressor
ACP5	0.0036957985468470188	No data	No data	No data	No data	0.030396539880581056	No data	No data	acid phosphatase 5, tartrate resistant
ZZEF1	0.0036957985468470188	No data	No data	No data	No data	0.030396539880581056	No data	No data	zinc finger ZZ-type and EF-hand domain containing 1
LPIN2	0.0036957985468470188	No data	No data	No data	No data	0.030396539880581056	No data	No data	lipin 2
LARGE1	0.0036957985468470188	No data	No data	No data	No data	0.030396539880581056	No data	No data	LARGE xylosyl- and glucuronyltransferase 1
DLL4	0.0036957985468470188	No data	No data	No data	No data	0.030396539880581056	No data	No data	delta like canonical Notch ligand 4
FABP7	0.0036957985468470188	No data	No data	No data	No data	0.030396539880581056	No data	No data	fatty acid binding protein 7
CDCA3	0.0036957985468470188	No data	No data	No data	No data	0.030396539880581056	No data	No data	cell division cycle associated 3
RHAG	0.0036957985468470188	No data	No data	No data	No data	0.030396539880581056	No data	No data	Rh associated glycoprotein
SHMT2	0.0036957985468470188	No data	No data	No data	No data	0.030396539880581056	No data	No data	serine hydroxymethyltransferase 2
CCDC113	0.0036957985468470188	No data	No data	No data	No data	0.030396539880581056	No data	No data	coiled-coil domain containing 113
ZBP1	0.0036957985468470188	No data	No data	No data	No data	0.030396539880581056	No data	No data	Z-DNA binding protein 1
SHC4	0.0036957985468470188	No data	No data	No data	No data	0.030396539880581056	No data	No data	SHC adaptor protein 4
TSC22D3	0.0036957985468470188	No data	No data	No data	No data	0.030396539880581056	No data	No data	TSC22 domain family member 3
FAM83B	0.0036957985468470188	No data	No data	No data	No data	0.030396539880581056	No data	No data	family with sequence similarity 83 member B
PCDHB10	0.0036957985468470188	No data	No data	No data	No data	0.030396539880581056	No data	No data	protocadherin beta 10
ITGA6	0.0036957985468470188	No data	No data	No data	No data	0.030396539880581056	No data	No data	integrin subunit alpha 6
CAPN2	0.0036957985468470188	No data	No data	No data	No data	0.030396539880581056	No data	No data	calpain 2
ZNF516	0.0036957985468470188	No data	No data	No data	No data	0.030396539880581056	No data	No data	zinc finger protein 516
SORT1	0.0036957985468470188	No data	No data	No data	No data	0.030396539880581056	No data	No data	sortilin 1
KCNB1	0.0036957985468470188	No data	No data	No data	No data	0.030396539880581056	No data	No data	potassium voltage-gated channel subfamily B member 1
GNLY	0.0036957985468470188	No data	No data	No data	No data	0.030396539880581056	No data	No data	granulysin
RPL38	0.0036957985468470188	No data	No data	No data	No data	0.030396539880581056	No data	No data	ribosomal protein L38
SREBF2	0.0036957985468470188	No data	No data	No data	No data	0.030396539880581056	No data	No data	sterol regulatory element binding transcription factor 2
RAB5B	0.0036957985468470188	No data	No data	No data	No data	0.030396539880581056	No data	No data	RAB5B, member RAS oncogene family
STARD13	0.0036957985468470188	No data	No data	No data	No data	0.030396539880581056	No data	No data	StAR related lipid transfer domain containing 13
KLF6	0.0036957985468470188	No data	No data	No data	No data	0.030396539880581056	No data	No data	KLF transcription factor 6
ERAL1	0.0036957985468470188	No data	No data	No data	No data	0.030396539880581056	No data	No data	Era like 12S mitochondrial rRNA chaperone 1
SEC24D	0.0036957985468470188	No data	No data	No data	No data	0.030396539880581056	No data	No data	SEC24 homolog D, COPII coat complex component
RFX2	0.0036957985468470188	No data	No data	No data	No data	0.030396539880581056	No data	No data	regulatory factor X2
CHD1L	0.0036957985468470188	No data	No data	No data	No data	0.030396539880581056	No data	No data	chromodomain helicase DNA binding protein 1 like
GIPR	0.0036957985468470188	No data	No data	No data	No data	0.030396539880581056	No data	No data	gastric inhibitory polypeptide receptor
TRAF3IP3	0.0036957985468470188	No data	No data	No data	No data	0.030396539880581056	No data	No data	TRAF3 interacting protein 3
FBXL3	0.0036957985468470188	No data	No data	No data	No data	0.030396539880581056	No data	No data	F-box and leucine rich repeat protein 3
CD276	0.0036957985468470188	No data	No data	No data	No data	0.030396539880581056	No data	No data	CD276 molecule
MT2A	0.0036957985468470188	No data	No data	No data	No data	0.030396539880581056	No data	No data	metallothionein 2A
REG1A	0.0036957985468470188	No data	No data	No data	No data	0.030396539880581056	No data	No data	regenerating family member 1 alpha
FBXO46	0.0036957985468470188	No data	No data	No data	No data	0.030396539880581056	No data	No data	F-box protein 46
PLXNB2	0.0036957985468470188	No data	No data	No data	No data	0.030396539880581056	No data	No data	plexin B2
NUMB	0.0036957985468470188	No data	No data	No data	No data	0.030396539880581056	No data	No data	NUMB endocytic adaptor protein
PKP4	0.0036957985468470188	No data	No data	No data	No data	0.030396539880581056	No data	No data	plakophilin 4
BARD1	0.0036957985468470188	No data	No data	No data	No data	0.030396539880581056	No data	No data	BRCA1 associated RING domain 1
ARL8B	0.0036957985468470188	No data	No data	No data	No data	0.030396539880581056	No data	No data	ADP ribosylation factor like GTPase 8B
TRIM3	0.0036957985468470188	No data	No data	No data	No data	0.030396539880581056	No data	No data	tripartite motif containing 3
SLC25A1	0.0036957985468470188	No data	No data	No data	No data	0.030396539880581056	No data	No data	solute carrier family 25 member 1
HLA-DPA1	0.0036957985468470188	No data	No data	No data	No data	0.030396539880581056	No data	No data	major histocompatibility complex, class II, DP alpha 1
TMOD1	0.0036957985468470188	No data	No data	No data	No data	0.030396539880581056	No data	No data	tropomodulin 1
EXT2	0.0036957985468470188	No data	No data	No data	No data	0.030396539880581056	No data	No data	exostosin glycosyltransferase 2
WNT2	0.0036957985468470188	No data	No data	No data	No data	0.030396539880581056	No data	No data	Wnt family member 2
SPHKAP	0.0036957985468470188	No data	No data	No data	No data	0.030396539880581056	No data	No data	SPHK1 interactor, AKAP domain containing
NEK6	0.0036957985468470188	No data	No data	No data	No data	0.030396539880581056	No data	No data	NIMA related kinase 6
PPP2CA	0.0036957985468470188	No data	No data	No data	No data	0.030396539880581056	No data	No data	protein phosphatase 2 catalytic subunit alpha
HTRA1	0.0036957985468470188	No data	No data	No data	No data	0.030396539880581056	No data	No data	HtrA serine peptidase 1
MT1G	0.0036957985468470188	No data	No data	No data	No data	0.030396539880581056	No data	No data	metallothionein 1G
LAG3	0.0036957985468470188	No data	No data	No data	No data	0.030396539880581056	No data	No data	lymphocyte activating 3
SPATA1	0.0036957985468470188	No data	No data	No data	No data	0.030396539880581056	No data	No data	spermatogenesis associated 1
VANGL1	0.0036957985468470188	No data	No data	No data	No data	0.030396539880581056	No data	No data	VANGL planar cell polarity protein 1
SH3BP2	0.0036957985468470188	No data	No data	No data	No data	0.030396539880581056	No data	No data	SH3 domain binding protein 2
CFAP206	0.0036957985468470188	No data	No data	No data	No data	0.030396539880581056	No data	No data	cilia and flagella associated protein 206
E2F2	0.0036957985468470188	No data	No data	No data	No data	0.030396539880581056	No data	No data	E2F transcription factor 2
PCDH7	0.0036957985468470188	No data	No data	No data	No data	0.030396539880581056	No data	No data	protocadherin 7
CARMIL2	0.0036957985468470188	No data	No data	No data	No data	0.030396539880581056	No data	No data	capping protein regulator and myosin 1 linker 2
PTN	0.0036957985468470188	No data	No data	No data	No data	0.030396539880581056	No data	No data	pleiotrophin
ITSN1	0.0036957985468470188	No data	No data	No data	No data	0.030396539880581056	No data	No data	intersectin 1
HLA-DRA	0.0036957985468470188	No data	No data	No data	No data	0.030396539880581056	No data	No data	major histocompatibility complex, class II, DR alpha
GMNN	0.0036957985468470188	No data	No data	No data	No data	0.030396539880581056	No data	No data	geminin DNA replication inhibitor
IFT27	0.0036957985468470188	No data	No data	No data	No data	0.030396539880581056	No data	No data	intraflagellar transport 27
LDHAL6B	0.0036957985468470188	No data	No data	No data	No data	0.030396539880581056	No data	No data	lactate dehydrogenase A like 6B
QSOX1	0.0036957985468470188	No data	No data	No data	No data	0.030396539880581056	No data	No data	quiescin sulfhydryl oxidase 1
RO60	0.0036957985468470188	No data	No data	No data	No data	0.030396539880581056	No data	No data	Ro60, Y RNA binding protein
DAB2	0.0036957985468470188	No data	No data	No data	No data	0.030396539880581056	No data	No data	DAB adaptor protein 2
BUB1B	0.0036957985468470188	No data	No data	No data	No data	0.030396539880581056	No data	No data	BUB1 mitotic checkpoint serine/threonine kinase B
FXN	0.0036957985468470188	No data	No data	No data	No data	0.030396539880581056	No data	No data	frataxin
ATG4B	0.0036957985468470188	No data	No data	No data	No data	0.030396539880581056	No data	No data	autophagy related 4B cysteine peptidase
COLEC12	0.0036957985468470188	No data	No data	No data	No data	0.030396539880581056	No data	No data	collectin subfamily member 12
KPNA2	0.0036957985468470188	No data	No data	No data	No data	0.030396539880581056	No data	No data	karyopherin subunit alpha 2
ATXN3	0.0036957985468470188	No data	No data	No data	No data	0.030396539880581056	No data	No data	ataxin 3
VGLL1	0.0036957985468470188	No data	No data	No data	No data	0.030396539880581056	No data	No data	vestigial like family member 1
DEFB108B	0.0036957985468470188	No data	No data	No data	No data	0.030396539880581056	No data	No data	defensin beta 108B
SHROOM1	0.0036957985468470188	No data	No data	No data	No data	0.030396539880581056	No data	No data	shroom family member 1
HAS1	0.0036957985468470188	No data	No data	No data	No data	0.030396539880581056	No data	No data	hyaluronan synthase 1
CREB5	0.0036957985468470188	No data	No data	No data	No data	0.030396539880581056	No data	No data	cAMP responsive element binding protein 5
SYT2	0.0036957985468470188	No data	No data	No data	No data	0.030396539880581056	No data	No data	synaptotagmin 2
HNRNPU	0.0036957985468470188	No data	No data	No data	No data	0.030396539880581056	No data	No data	heterogeneous nuclear ribonucleoprotein U
TOP2A	0.0036957985468470188	No data	No data	No data	No data	0.030396539880581056	No data	No data	DNA topoisomerase II alpha
JPX	0.0036957985468470188	No data	No data	No data	No data	0.030396539880581056	No data	No data	JPX transcript, XIST activator
TGIF2	0.0036957985468470188	No data	No data	No data	No data	0.030396539880581056	No data	No data	TGFB induced factor homeobox 2
ARF1	0.0036957985468470188	No data	No data	No data	No data	0.030396539880581056	No data	No data	ADP ribosylation factor 1
EGR2	0.0036957985468470188	No data	No data	No data	No data	0.030396539880581056	No data	No data	early growth response 2
RRAD	0.0036957985468470188	No data	No data	No data	No data	0.030396539880581056	No data	No data	RRAD, Ras related glycolysis inhibitor and calcium channel regulator
KLRG1	0.0036957985468470188	No data	No data	No data	No data	0.030396539880581056	No data	No data	killer cell lectin like receptor G1
RPS11	0.0036957985468470188	No data	No data	No data	No data	0.030396539880581056	No data	No data	ribosomal protein S11
WDR88	0.0036957985468470188	No data	No data	No data	No data	0.030396539880581056	No data	No data	WD repeat domain 88
TYMS	0.0036957985468470188	No data	No data	No data	No data	0.030396539880581056	No data	No data	thymidylate synthetase
CMTM1	0.0036957985468470188	No data	No data	No data	No data	0.030396539880581056	No data	No data	CKLF like MARVEL transmembrane domain containing 1
CAPN14	0.0036957985468470188	No data	No data	No data	No data	0.030396539880581056	No data	No data	calpain 14
WAS	0.0036957985468470188	No data	No data	No data	No data	0.030396539880581056	No data	No data	WASP actin nucleation promoting factor
PPP4R4	0.0036957985468470188	No data	No data	No data	No data	0.030396539880581056	No data	No data	protein phosphatase 4 regulatory subunit 4
LILRA1	0.0036957985468470188	No data	No data	No data	No data	0.030396539880581056	No data	No data	leukocyte immunoglobulin like receptor A1
GFRA2	0.0036957985468470188	No data	No data	No data	No data	0.030396539880581056	No data	No data	GDNF family receptor alpha 2
VMAC	0.0036957985468470188	No data	No data	No data	No data	0.030396539880581056	No data	No data	vimentin type intermediate filament associated coiled-coil protein
PLCG1	0.0036957985468470188	No data	No data	No data	No data	0.030396539880581056	No data	No data	phospholipase C gamma 1
COX5A	0.0036957985468470188	No data	No data	No data	No data	0.030396539880581056	No data	No data	cytochrome c oxidase subunit 5A
SGMS2	0.0036957985468470188	No data	No data	No data	No data	0.030396539880581056	No data	No data	sphingomyelin synthase 2
PTPRM	0.0036957985468470188	No data	No data	No data	No data	0.030396539880581056	No data	No data	protein tyrosine phosphatase receptor type M
AMBP	0.0036957985468470188	No data	No data	No data	No data	0.030396539880581056	No data	No data	alpha-1-microglobulin/bikunin precursor
FBXO3	0.0036957985468470188	No data	No data	No data	No data	0.030396539880581056	No data	No data	F-box protein 3
SEC24B	0.0036957985468470188	No data	No data	No data	No data	0.030396539880581056	No data	No data	SEC24 homolog B, COPII coat complex component
AP1S2	0.0036957985468470188	No data	No data	No data	No data	0.030396539880581056	No data	No data	adaptor related protein complex 1 subunit sigma 2
EXOC3	0.0036957985468470188	No data	No data	No data	No data	0.030396539880581056	No data	No data	exocyst complex component 3
NAGS	0.0036957985468470188	No data	No data	No data	No data	0.030396539880581056	No data	No data	N-acetylglutamate synthase
KRT1	0.0036957985468470188	No data	No data	No data	No data	0.030396539880581056	No data	No data	keratin 1
DISC1	0.0036957985468470188	No data	No data	No data	No data	0.030396539880581056	No data	No data	DISC1 scaffold protein
CSE1L	0.0036957985468470188	No data	No data	No data	No data	0.030396539880581056	No data	No data	chromosome segregation 1 like
SLC3A2	0.0036957985468470188	No data	No data	No data	No data	0.030396539880581056	No data	No data	solute carrier family 3 member 2
SMURF1	0.0036957985468470188	No data	No data	No data	No data	0.030396539880581056	No data	No data	SMAD specific E3 ubiquitin protein ligase 1
CCL16	0.0036957985468470188	No data	No data	No data	No data	0.030396539880581056	No data	No data	C-C motif chemokine ligand 16
EYA4	0.0036957985468470188	No data	No data	No data	No data	0.030396539880581056	No data	No data	EYA transcriptional coactivator and phosphatase 4
SEC23B	0.0036957985468470188	No data	No data	No data	No data	0.030396539880581056	No data	No data	SEC23 homolog B, COPII coat complex component
DENR	0.0036957985468470188	No data	No data	No data	No data	0.030396539880581056	No data	No data	density regulated re-initiation and release factor
AKAP14	0.0036957985468470188	No data	No data	No data	No data	0.030396539880581056	No data	No data	A-kinase anchoring protein 14
CEBPD	0.0036957985468470188	No data	No data	No data	No data	0.030396539880581056	No data	No data	CCAAT enhancer binding protein delta
RHOU	0.0036957985468470188	No data	No data	No data	No data	0.030396539880581056	No data	No data	ras homolog family member U
SETD1A	0.0036957985468470188	No data	No data	No data	No data	0.030396539880581056	No data	No data	SET domain containing 1A, histone lysine methyltransferase
FN3KRP	0.0036957985468470188	No data	No data	No data	No data	0.030396539880581056	No data	No data	fructosamine 3 kinase related protein
NAPSA	0.0036957985468470188	No data	No data	No data	No data	0.030396539880581056	No data	No data	napsin A aspartic peptidase
CLCN5	0.0036957985468470188	No data	No data	No data	No data	0.030396539880581056	No data	No data	chloride voltage-gated channel 5
APOF	0.0036957985468470188	No data	No data	No data	No data	0.030396539880581056	No data	No data	apolipoprotein F
KRT7	0.0036957985468470188	No data	No data	No data	No data	0.030396539880581056	No data	No data	keratin 7
ARHGEF16	0.0036957985468470188	No data	No data	No data	No data	0.030396539880581056	No data	No data	Rho guanine nucleotide exchange factor 16
DEFB109B	0.0036957985468470188	No data	No data	No data	No data	0.030396539880581056	No data	No data	defensin beta 109B
GIGYF1	0.0036957985468470188	No data	No data	No data	No data	0.030396539880581056	No data	No data	GRB10 interacting GYF protein 1
YOD1	0.0036957985468470188	No data	No data	No data	No data	0.030396539880581056	No data	No data	YOD1 deubiquitinase
LGI4	0.0036957985468470188	No data	No data	No data	No data	0.030396539880581056	No data	No data	leucine rich repeat LGI family member 4
SCAF4	0.0036957985468470188	No data	No data	No data	No data	0.030396539880581056	No data	No data	SR-related CTD associated factor 4
BFSP2	0.0036957985468470188	No data	No data	No data	No data	0.030396539880581056	No data	No data	beaded filament structural protein 2
NOA1	0.0036957985468470188	No data	No data	No data	No data	0.030396539880581056	No data	No data	nitric oxide associated 1
IGHG2	0.0036957985468470188	No data	No data	No data	No data	0.030396539880581056	No data	No data	immunoglobulin heavy constant gamma 2 (G2m marker)
THUMPD2	0.0036957985468470188	No data	No data	No data	No data	0.030396539880581056	No data	No data	THUMP domain containing 2
TAF10	0.0036957985468470188	No data	No data	No data	No data	0.030396539880581056	No data	No data	TATA-box binding protein associated factor 10
SPEF2	0.0036957985468470188	No data	No data	No data	No data	0.030396539880581056	No data	No data	sperm flagellar 2
MAG	0.0036957985468470188	No data	No data	No data	No data	0.030396539880581056	No data	No data	myelin associated glycoprotein
UBAP1	0.0036957985468470188	No data	No data	No data	No data	0.030396539880581056	No data	No data	ubiquitin associated protein 1
HOPX	0.0036957985468470188	No data	No data	No data	No data	0.030396539880581056	No data	No data	HOP homeobox
PIGZ	0.0036957985468470188	No data	No data	No data	No data	0.030396539880581056	No data	No data	phosphatidylinositol glycan anchor biosynthesis class Z
RIPOR2	0.0036957985468470188	No data	No data	No data	No data	0.030396539880581056	No data	No data	RHO family interacting cell polarization regulator 2
FAM174C	0.0036957985468470188	No data	No data	No data	No data	0.030396539880581056	No data	No data	family with sequence similarity 174 member C
ONECUT1	0.0036957985468470188	No data	No data	No data	No data	0.030396539880581056	No data	No data	one cut homeobox 1
SNORA80E	0.0036957985468470188	No data	No data	No data	No data	0.030396539880581056	No data	No data	small nucleolar RNA, H/ACA box 80E
NXT1	0.0036957985468470188	No data	No data	No data	No data	0.030396539880581056	No data	No data	nuclear transport factor 2 like export factor 1
CD36	0.0036957985468470188	No data	No data	No data	No data	0.030396539880581056	No data	No data	CD36 molecule
LCAT	0.0036957985468470188	No data	No data	No data	No data	0.030396539880581056	No data	No data	lecithin-cholesterol acyltransferase
SSRP1	0.0036957985468470188	No data	No data	No data	No data	0.030396539880581056	No data	No data	structure specific recognition protein 1
CALHM1	0.0036957985468470188	No data	No data	No data	No data	0.030396539880581056	No data	No data	calcium homeostasis modulator 1
CD248	0.0036957985468470188	No data	No data	No data	No data	0.030396539880581056	No data	No data	CD248 molecule
CSTL1	0.0036957985468470188	No data	No data	No data	No data	0.030396539880581056	No data	No data	cystatin like 1
JAML	0.0036957985468470188	No data	No data	No data	No data	0.030396539880581056	No data	No data	junction adhesion molecule like
USP27X	0.0036957985468470188	No data	No data	No data	No data	0.030396539880581056	No data	No data	ubiquitin specific peptidase 27 X-linked
EXT1	0.0036957985468470188	No data	No data	No data	No data	0.030396539880581056	No data	No data	exostosin glycosyltransferase 1
LPIN3	0.0036957985468470188	No data	No data	No data	No data	0.030396539880581056	No data	No data	lipin 3
HIVEP1	0.0036957985468470188	No data	No data	No data	No data	0.030396539880581056	No data	No data	HIVEP zinc finger 1
ITGA5	0.0036957985468470188	No data	No data	No data	No data	0.030396539880581056	No data	No data	integrin subunit alpha 5
MUC20	0.0036957985468470188	No data	No data	No data	No data	0.030396539880581056	No data	No data	mucin 20, cell surface associated
ACSS2	0.0036957985468470188	No data	No data	No data	No data	0.030396539880581056	No data	No data	acyl-CoA synthetase short chain family member 2
CFAP45	0.0036957985468470188	No data	No data	No data	No data	0.030396539880581056	No data	No data	cilia and flagella associated protein 45
BIN1	0.0036957985468470188	No data	No data	No data	No data	0.030396539880581056	No data	No data	bridging integrator 1
SLAMF1	0.0036957985468470188	No data	No data	No data	No data	0.030396539880581056	No data	No data	signaling lymphocytic activation molecule family member 1
DEPTOR	0.0036957985468470188	No data	No data	No data	No data	0.030396539880581056	No data	No data	DEP domain containing MTOR interacting protein
CD79B	0.0036957985468470188	No data	No data	No data	No data	0.030396539880581056	No data	No data	CD79b molecule
COL16A1	0.0036957985468470188	No data	No data	No data	No data	0.030396539880581056	No data	No data	collagen type XVI alpha 1 chain
LRPAP1	0.0036957985468470188	No data	No data	No data	No data	0.030396539880581056	No data	No data	LDL receptor related protein associated protein 1
SERPINB5	0.0036957985468470188	No data	No data	No data	No data	0.030396539880581056	No data	No data	serpin family B member 5
SDC4	0.0036957985468470188	No data	No data	No data	No data	0.030396539880581056	No data	No data	syndecan 4
SPSB2	0.0036957985468470188	No data	No data	No data	No data	0.030396539880581056	No data	No data	splA/ryanodine receptor domain and SOCS box containing 2
NEDD9	0.0036957985468470188	No data	No data	No data	No data	0.030396539880581056	No data	No data	neural precursor cell expressed, developmentally down-regulated 9
S1PR4	0.0036957985468470188	No data	No data	No data	No data	0.030396539880581056	No data	No data	sphingosine-1-phosphate receptor 4
GART	0.0036957985468470188	No data	No data	No data	No data	0.030396539880581056	No data	No data	phosphoribosylglycinamide formyltransferase, phosphoribosylglycinamide synthetase, phosphoribosylaminoimidazole synthetase
NOX3	0.0036957985468470188	No data	No data	No data	No data	0.030396539880581056	No data	No data	NADPH oxidase 3
CTNNA2	0.0036957985468470188	No data	No data	No data	No data	0.030396539880581056	No data	No data	catenin alpha 2
AADAT	0.0036957985468470188	No data	No data	No data	No data	0.030396539880581056	No data	No data	aminoadipate aminotransferase
MYH1	0.0036957985468470188	No data	No data	No data	No data	0.030396539880581056	No data	No data	myosin heavy chain 1
COX10	0.0036957985468470188	No data	No data	No data	No data	0.030396539880581056	No data	No data	cytochrome c oxidase assembly factor heme A:farnesyltransferase COX10
BHLHE22	0.0036957985468470188	No data	No data	No data	No data	0.030396539880581056	No data	No data	basic helix-loop-helix family member e22
PTP4A1	0.0036957985468470188	No data	No data	No data	No data	0.030396539880581056	No data	No data	protein tyrosine phosphatase 4A1
BST2	0.0036957985468470188	No data	No data	No data	No data	0.030396539880581056	No data	No data	bone marrow stromal cell antigen 2
FBN2	0.0036957985468470188	No data	No data	No data	No data	0.030396539880581056	No data	No data	fibrillin 2
POLR1G	0.0036957985468470188	No data	No data	No data	No data	0.030396539880581056	No data	No data	RNA polymerase I subunit G
CLPB	0.0036957985468470188	No data	No data	No data	No data	0.030396539880581056	No data	No data	ClpB family mitochondrial disaggregase
GLMP	0.0036957985468470188	No data	No data	No data	No data	0.030396539880581056	No data	No data	glycosylated lysosomal membrane protein
ETS1	0.0036957985468470188	No data	No data	No data	No data	0.030396539880581056	No data	No data	ETS proto-oncogene 1, transcription factor
STAT5B	0.0036957985468470188	No data	No data	No data	No data	0.030396539880581056	No data	No data	signal transducer and activator of transcription 5B
LTV1	0.0036957985468470188	No data	No data	No data	No data	0.030396539880581056	No data	No data	LTV1 ribosome biogenesis factor
TWF1	0.0036957985468470188	No data	No data	No data	No data	0.030396539880581056	No data	No data	twinfilin actin binding protein 1
SERPINE3	0.0036957985468470188	No data	No data	No data	No data	0.030396539880581056	No data	No data	serpin family E member 3
SLX4	0.0036957985468470188	No data	No data	No data	No data	0.030396539880581056	No data	No data	SLX4 structure-specific endonuclease subunit
EML2-AS1	0.0036957985468470188	No data	No data	No data	No data	0.030396539880581056	No data	No data	EML2 antisense RNA 1
STX7	0.0036957985468470188	No data	No data	No data	No data	0.030396539880581056	No data	No data	syntaxin 7
LAMB4	0.0036957985468470188	No data	No data	No data	No data	0.030396539880581056	No data	No data	laminin subunit beta 4
MATN3	0.0036957985468470188	No data	No data	No data	No data	0.030396539880581056	No data	No data	matrilin 3
PSMC3	0.0036957985468470188	No data	No data	No data	No data	0.030396539880581056	No data	No data	proteasome 26S subunit, ATPase 3
GPR42	0.0036957985468470188	No data	No data	No data	No data	0.030396539880581056	No data	No data	G protein-coupled receptor 42
HLA-E	0.0036957985468470188	No data	No data	No data	No data	0.030396539880581056	No data	No data	major histocompatibility complex, class I, E
CRTAC1	0.0036957985468470188	No data	No data	No data	No data	0.030396539880581056	No data	No data	cartilage acidic protein 1
AICDA	0.0036957985468470188	No data	No data	No data	No data	0.030396539880581056	No data	No data	activation induced cytidine deaminase
MT-ATP6	0.0036957985468470188	No data	No data	No data	No data	0.030396539880581056	No data	No data	mitochondrially encoded ATP synthase membrane subunit 6
VGLL3	0.0036957985468470188	No data	No data	No data	No data	0.030396539880581056	No data	No data	vestigial like family member 3
CSMD3	0.0036957985468470188	No data	No data	No data	No data	0.030396539880581056	No data	No data	CUB and Sushi multiple domains 3
CRAT	0.0036957985468470188	No data	No data	No data	No data	0.030396539880581056	No data	No data	carnitine O-acetyltransferase
ELOVL3	0.0036957985468470188	No data	No data	No data	No data	0.030396539880581056	No data	No data	ELOVL fatty acid elongase 3
MEN1	0.0036957985468470188	No data	No data	No data	No data	0.030396539880581056	No data	No data	menin 1
LIFR	0.0036957985468470188	No data	No data	No data	No data	0.030396539880581056	No data	No data	LIF receptor subunit alpha
ACAN	0.0036957985468470188	No data	No data	No data	No data	0.030396539880581056	No data	No data	aggrecan
POLE	0.0036957985468470188	No data	No data	No data	No data	0.030396539880581056	No data	No data	DNA polymerase epsilon, catalytic subunit
PGRMC2	0.0036957985468470188	No data	No data	No data	No data	0.030396539880581056	No data	No data	progesterone receptor membrane component 2
MGA	0.0036957985468470188	No data	No data	No data	No data	0.030396539880581056	No data	No data	MAX dimerization protein MGA
C1S	0.0036957985468470188	No data	No data	No data	No data	0.030396539880581056	No data	No data	complement C1s
ELL2	0.0036957985468470188	No data	No data	No data	No data	0.030396539880581056	No data	No data	elongation factor for RNA polymerase II 2
SNORD73B	0.0036957985468470188	No data	No data	No data	No data	0.030396539880581056	No data	No data	small nucleolar RNA, C/D box U73B
CAVIN1	0.0036957985468470188	No data	No data	No data	No data	0.030396539880581056	No data	No data	caveolae associated protein 1
SALL4	0.0036957985468470188	No data	No data	No data	No data	0.030396539880581056	No data	No data	spalt like transcription factor 4
CLDN3	0.0036957985468470188	No data	No data	No data	No data	0.030396539880581056	No data	No data	claudin 3
YES1	0.0036957985468470188	No data	No data	No data	No data	0.030396539880581056	No data	No data	YES proto-oncogene 1, Src family tyrosine kinase
STXBP3	0.0036957985468470188	No data	No data	No data	No data	0.030396539880581056	No data	No data	syntaxin binding protein 3
ACSF3	0.0036957985468470188	No data	No data	No data	No data	0.030396539880581056	No data	No data	acyl-CoA synthetase family member 3
IGHG4	0.0036957985468470188	No data	No data	No data	No data	0.030396539880581056	No data	No data	immunoglobulin heavy constant gamma 4 (G4m marker)
CENPF	0.0036957985468470188	No data	No data	No data	No data	0.030396539880581056	No data	No data	centromere protein F
VEGFC	0.0036957985468470188	No data	No data	No data	No data	0.030396539880581056	No data	No data	vascular endothelial growth factor C
SLC40A1	0.0036957985468470188	No data	No data	No data	No data	0.030396539880581056	No data	No data	solute carrier family 40 member 1
SLC24A3	0.0036957985468470188	No data	No data	No data	No data	0.030396539880581056	No data	No data	solute carrier family 24 member 3
RPH3AL	0.0036957985468470188	No data	No data	No data	No data	0.030396539880581056	No data	No data	rabphilin 3A like (without C2 domains)
MIR6072	0.0036957985468470188	No data	No data	No data	No data	0.030396539880581056	No data	No data	microRNA 6072
ULBP2	0.0036957985468470188	No data	No data	No data	No data	0.030396539880581056	No data	No data	UL16 binding protein 2
CBX1	0.0036957985468470188	No data	No data	No data	No data	0.030396539880581056	No data	No data	chromobox 1
GPRC5C	0.0036957985468470188	No data	No data	No data	No data	0.030396539880581056	No data	No data	G protein-coupled receptor class C group 5 member C
PRMT1	0.0036957985468470188	No data	No data	No data	No data	0.030396539880581056	No data	No data	protein arginine methyltransferase 1
LINC02899	0.0036957985468470188	No data	No data	No data	No data	0.030396539880581056	No data	No data	long intergenic non-protein coding RNA 2899
FGF3	0.0036957985468470188	No data	No data	No data	No data	0.030396539880581056	No data	No data	fibroblast growth factor 3
CYB5R3	0.0036957985468470188	No data	No data	No data	No data	0.030396539880581056	No data	No data	cytochrome b5 reductase 3
CRY1	0.0036957985468470188	No data	No data	No data	No data	0.030396539880581056	No data	No data	cryptochrome circadian regulator 1
ABR	0.0036957985468470188	No data	No data	No data	No data	0.030396539880581056	No data	No data	ABR activator of RhoGEF and GTPase
ELF3	0.0036957985468470188	No data	No data	No data	No data	0.030396539880581056	No data	No data	E74 like ETS transcription factor 3
PPP1CA	0.0036957985468470188	No data	No data	No data	No data	0.030396539880581056	No data	No data	protein phosphatase 1 catalytic subunit alpha
NUDT21	0.0036957985468470188	No data	No data	No data	No data	0.030396539880581056	No data	No data	nudix hydrolase 21
GABRR1	0.0036957985468470188	No data	No data	No data	No data	0.030396539880581056	No data	No data	gamma-aminobutyric acid type A receptor subunit rho1
SIGLEC7	0.0036957985468470188	No data	No data	No data	No data	0.030396539880581056	No data	No data	sialic acid binding Ig like lectin 7
IGHV3-69-1	0.0036957985468470188	No data	No data	No data	No data	0.030396539880581056	No data	No data	immunoglobulin heavy variable 3-69-1 (pseudogene)
FAU	0.0036957985468470188	No data	No data	No data	No data	0.030396539880581056	No data	No data	FAU ubiquitin like and ribosomal protein S30 fusion
RANBP6	0.0036957985468470188	No data	No data	No data	No data	0.030396539880581056	No data	No data	RAN binding protein 6
F7	0.0036957985468470188	No data	No data	No data	No data	0.030396539880581056	No data	No data	coagulation factor VII
LMAN2L	0.0036957985468470188	No data	No data	No data	No data	0.030396539880581056	No data	No data	lectin, mannose binding 2 like
KCNA1	0.0036957985468470188	No data	No data	No data	No data	0.030396539880581056	No data	No data	potassium voltage-gated channel subfamily A member 1
F5	0.0036957985468470188	No data	No data	No data	No data	0.030396539880581056	No data	No data	coagulation factor V
SF3A3	0.0036957985468470188	No data	No data	No data	No data	0.030396539880581056	No data	No data	splicing factor 3a subunit 3
FABP9	0.0036957985468470188	No data	No data	No data	No data	0.030396539880581056	No data	No data	fatty acid binding protein 9
HAX1	0.0036957985468470188	No data	No data	No data	No data	0.030396539880581056	No data	No data	HCLS1 associated protein X-1
TACR3	0.0036957985468470188	No data	No data	No data	No data	0.030396539880581056	No data	No data	tachykinin receptor 3
STAT2	0.0036957985468470188	No data	No data	No data	No data	0.030396539880581056	No data	No data	signal transducer and activator of transcription 2
TUBB2B	0.0036957985468470188	No data	No data	No data	No data	0.030396539880581056	No data	No data	tubulin beta 2B class IIb
KCNA5	0.0036957985468470188	No data	No data	No data	No data	0.030396539880581056	No data	No data	potassium voltage-gated channel subfamily A member 5
TRPS1	0.0036957985468470188	No data	No data	No data	No data	0.030396539880581056	No data	No data	transcriptional repressor GATA binding 1
PSMD1	0.0036957985468470188	No data	No data	No data	No data	0.030396539880581056	No data	No data	proteasome 26S subunit, non-ATPase 1
CPA4	0.0036957985468470188	No data	No data	No data	No data	0.030396539880581056	No data	No data	carboxypeptidase A4
AP3B1	0.0036957985468470188	No data	No data	No data	No data	0.030396539880581056	No data	No data	adaptor related protein complex 3 subunit beta 1
SNAP23	0.0036957985468470188	No data	No data	No data	No data	0.030396539880581056	No data	No data	synaptosome associated protein 23
C12orf75	0.0036957985468470188	No data	No data	No data	No data	0.030396539880581056	No data	No data	chromosome 12 open reading frame 75
HNRNPA2B1	0.0036957985468470188	No data	No data	No data	No data	0.030396539880581056	No data	No data	heterogeneous nuclear ribonucleoprotein A2/B1
KCNC1	0.0036957985468470188	No data	No data	No data	No data	0.030396539880581056	No data	No data	potassium voltage-gated channel subfamily C member 1
UQCRC1	0.0036957985468470188	No data	No data	No data	No data	0.030396539880581056	No data	No data	ubiquinol-cytochrome c reductase core protein 1
FAXDC2	0.0036957985468470188	No data	No data	No data	No data	0.030396539880581056	No data	No data	fatty acid hydroxylase domain containing 2
PVR	0.0036957985468470188	No data	No data	No data	No data	0.030396539880581056	No data	No data	PVR cell adhesion molecule
PGC	0.0036957985468470188	No data	No data	No data	No data	0.030396539880581056	No data	No data	progastricsin
STXBP5	0.0036957985468470188	No data	No data	No data	No data	0.030396539880581056	No data	No data	syntaxin binding protein 5
PACSIN2	0.0036957985468470188	No data	No data	No data	No data	0.030396539880581056	No data	No data	protein kinase C and casein kinase substrate in neurons 2
CMIP	0.0036957985468470188	No data	No data	No data	No data	0.030396539880581056	No data	No data	c-Maf inducing protein
APCS	0.0036957985468470188	No data	No data	No data	No data	0.030396539880581056	No data	No data	amyloid P component, serum
ATRNL1	0.0036957985468470188	No data	No data	No data	No data	0.030396539880581056	No data	No data	attractin like 1
HILPDA	0.0036957985468470188	No data	No data	No data	No data	0.030396539880581056	No data	No data	hypoxia inducible lipid droplet associated
NSF	0.0036957985468470188	No data	No data	No data	No data	0.030396539880581056	No data	No data	N-ethylmaleimide sensitive factor, vesicle fusing ATPase
DMP1	0.0036957985468470188	No data	No data	No data	No data	0.030396539880581056	No data	No data	dentin matrix acidic phosphoprotein 1
ACOX2	0.0036957985468470188	No data	No data	No data	No data	0.030396539880581056	No data	No data	acyl-CoA oxidase 2
SSR4	0.0036957985468470188	No data	No data	No data	No data	0.030396539880581056	No data	No data	signal sequence receptor subunit 4
MUC13	0.0036957985468470188	No data	No data	No data	No data	0.030396539880581056	No data	No data	mucin 13, cell surface associated
TM4SF19	0.0036957985468470188	No data	No data	No data	No data	0.030396539880581056	No data	No data	transmembrane 4 L six family member 19
CTU2	0.0036957985468470188	No data	No data	No data	No data	0.030396539880581056	No data	No data	cytosolic thiouridylase subunit 2
DHFR	0.0036957985468470188	No data	No data	No data	No data	0.030396539880581056	No data	No data	dihydrofolate reductase
LINC00942	0.0036957985468470188	No data	No data	No data	No data	0.030396539880581056	No data	No data	long intergenic non-protein coding RNA 942
SART3	0.0036957985468470188	No data	No data	No data	No data	0.030396539880581056	No data	No data	spliceosome associated factor 3, U4/U6 recycling protein
BFSP1	0.0036957985468470188	No data	No data	No data	No data	0.030396539880581056	No data	No data	beaded filament structural protein 1
PSMD11	0.0036957985468470188	No data	No data	No data	No data	0.030396539880581056	No data	No data	proteasome 26S subunit, non-ATPase 11
UBA52	0.0036957985468470188	No data	No data	No data	No data	0.030396539880581056	No data	No data	ubiquitin A-52 residue ribosomal protein fusion product 1
RPS21	0.0036957985468470188	No data	No data	No data	No data	0.030396539880581056	No data	No data	ribosomal protein S21
SV2A	0.0036957985468470188	No data	No data	No data	No data	0.030396539880581056	No data	No data	synaptic vesicle glycoprotein 2A
OTUB1	0.0036957985468470188	No data	No data	No data	No data	0.030396539880581056	No data	No data	OTU deubiquitinase, ubiquitin aldehyde binding 1
MSL1	0.0036957985468470188	No data	No data	No data	No data	0.030396539880581056	No data	No data	MSL complex subunit 1
ASPM	0.0036957985468470188	No data	No data	No data	No data	0.030396539880581056	No data	No data	assembly factor for spindle microtubules
SMPDL3B	0.0036957985468470188	No data	No data	No data	No data	0.030396539880581056	No data	No data	sphingomyelin phosphodiesterase acid like 3B
LRBA	0.0036957985468470188	No data	No data	No data	No data	0.030396539880581056	No data	No data	LPS responsive beige-like anchor protein
ITSN2	0.0036957985468470188	No data	No data	No data	No data	0.030396539880581056	No data	No data	intersectin 2
USP36	0.0036957985468470188	No data	No data	No data	No data	0.030396539880581056	No data	No data	ubiquitin specific peptidase 36
IPMKP1	0.0036957985468470188	No data	No data	No data	No data	0.030396539880581056	No data	No data	inositol polyphosphate multikinase pseudogene 1
SLC4A3	0.0036957985468470188	No data	No data	No data	No data	0.030396539880581056	No data	No data	solute carrier family 4 member 3
IL23A	0.0036957985468470188	No data	No data	No data	No data	0.030396539880581056	No data	No data	interleukin 23 subunit alpha
CHRNA9	0.0036957985468470188	No data	No data	No data	No data	0.030396539880581056	No data	No data	cholinergic receptor nicotinic alpha 9 subunit
GABARAPL1	0.0036957985468470188	No data	No data	No data	No data	0.030396539880581056	No data	No data	GABA type A receptor associated protein like 1
DLEC1	0.0036957985468470188	No data	No data	No data	No data	0.030396539880581056	No data	No data	DLEC1 cilia and flagella associated protein
TAS2R62P	0.0036957985468470188	No data	No data	No data	No data	0.030396539880581056	No data	No data	taste 2 receptor member 62 pseudogene
MPP3	0.0036957985468470188	No data	No data	No data	No data	0.030396539880581056	No data	No data	MAGUK p55 scaffold protein 3
FKBP10	0.0036957985468470188	No data	No data	No data	No data	0.030396539880581056	No data	No data	FKBP prolyl isomerase 10
DNLZ	0.0036957985468470188	No data	No data	No data	No data	0.030396539880581056	No data	No data	DNL-type zinc finger
MEGF6	0.0036957985468470188	No data	No data	No data	No data	0.030396539880581056	No data	No data	multiple EGF like domains 6
MSRA	0.003675266332697868	No data	No data	No data	No data	0.030227670214577826	No data	No data	methionine sulfoxide reductase A
MYLK	0.003675266332697868	No data	No data	No data	No data	0.030227670214577826	No data	No data	myosin light chain kinase
INHBE	0.003675266332697868	No data	No data	No data	No data	0.030227670214577826	No data	No data	inhibin subunit beta E
AKAP12	0.003675266332697868	No data	No data	No data	No data	0.030227670214577826	No data	No data	A-kinase anchoring protein 12
ACLY	0.0035110086195046675	No data	No data	No data	No data	0.028876712886552	No data	No data	ATP citrate lyase
TPO	0.0035110086195046675	No data	No data	No data	No data	0.028876712886552	No data	No data	thyroid peroxidase
DDT	0.0035110086195046675	No data	No data	No data	No data	0.028876712886552	No data	No data	D-dopachrome tautomerase
GSTA1	0.0035110086195046675	No data	No data	No data	No data	0.028876712886552	No data	No data	glutathione S-transferase alpha 1
CCDC103	0.0035110086195046675	No data	No data	No data	No data	0.028876712886552	No data	No data	coiled-coil domain containing 103
IFIT1	0.0035110086195046675	No data	No data	No data	No data	0.028876712886552	No data	No data	interferon induced protein with tetratricopeptide repeats 1
NLRP12	0.0035110086195046675	No data	No data	No data	No data	0.028876712886552	No data	No data	NLR family pyrin domain containing 12
COX11	0.0035110086195046675	No data	No data	No data	No data	0.028876712886552	No data	No data	cytochrome c oxidase copper chaperone COX11
BANF1	0.0035110086195046675	No data	No data	No data	No data	0.028876712886552	No data	No data	BAF nuclear assembly factor 1
CTSK	0.003490476405355517	No data	No data	No data	No data	0.02870784322054877	No data	No data	cathepsin K
DNTTIP2	0.003490476405355517	No data	No data	No data	No data	0.02870784322054877	No data	No data	deoxynucleotidyltransferase terminal interacting protein 2
SMPD2	0.003490476405355517	No data	No data	No data	No data	0.02870784322054877	No data	No data	sphingomyelin phosphodiesterase 2
SAA1	0.003490476405355517	No data	No data	No data	No data	0.02870784322054877	No data	No data	serum amyloid A1
COMMD10	0.003326218692162316	No data	No data	No data	No data	0.02735688589252295	No data	No data	COMM domain containing 10
PLAAT4	0.003326218692162316	No data	No data	No data	No data	0.02735688589252295	No data	No data	phospholipase A and acyltransferase 4
MT-CO1	0.003326218692162316	No data	No data	No data	No data	0.02735688589252295	No data	No data	mitochondrially encoded cytochrome c oxidase I
VCP	0.003326218692162316	No data	No data	No data	No data	0.02735688589252295	No data	No data	valosin containing protein
EPHA7	0.003326218692162316	No data	No data	No data	No data	0.02735688589252295	No data	No data	EPH receptor A7
TRAPPC9	0.003326218692162316	No data	No data	No data	No data	0.02735688589252295	No data	No data	trafficking protein particle complex subunit 9
CSK	0.003326218692162316	No data	No data	No data	No data	0.02735688589252295	No data	No data	C-terminal Src kinase
EMILIN1	0.003326218692162316	No data	No data	No data	No data	0.02735688589252295	No data	No data	elastin microfibril interfacer 1
HPRT1	0.003326218692162316	No data	No data	No data	No data	0.02735688589252295	No data	No data	hypoxanthine phosphoribosyltransferase 1
PRDM16	0.003326218692162316	No data	No data	No data	No data	0.02735688589252295	No data	No data	PR/SET domain 16
MASP1	0.003326218692162316	No data	No data	No data	No data	0.02735688589252295	No data	No data	MBL associated serine protease 1
SP4	0.003326218692162316	No data	No data	No data	No data	0.02735688589252295	No data	No data	Sp4 transcription factor
IQCG	0.003326218692162316	No data	No data	No data	No data	0.02735688589252295	No data	No data	IQ motif containing G
EDN2	0.003326218692162316	No data	No data	No data	No data	0.02735688589252295	No data	No data	endothelin 2
ANXA2	0.003326218692162316	No data	No data	No data	No data	0.02735688589252295	No data	No data	annexin A2
IL17RC	0.003326218692162316	No data	No data	No data	No data	0.02735688589252295	No data	No data	interleukin 17 receptor C
MYH15	0.003326218692162316	No data	No data	No data	No data	0.02735688589252295	No data	No data	myosin heavy chain 15
CD22	0.003326218692162316	No data	No data	No data	No data	0.02735688589252295	No data	No data	CD22 molecule
ENSG00000269604	0.0032547355447565323	No data	No data	No data	No data	No data	0.026768964144795904	No data	novel transcript, antisense to FEM1A
SERPING1	0.0032159607021813807	No data	No data	No data	No data	0.026450055786085617	No data	No data	serpin family G member 1
OASL	0.003100120123464475	No data	No data	No data	No data	0.015198269940290528	0.021697743521738692	No data	2'-5'-oligoadenylate synthetase like
MAEA	0.0030876343637491924	No data	No data	No data	No data	0.02539462037356544	No data	No data	macrophage erythroblast attacher, E3 ubiquitin ligase
C5AR1	0.00302850158699964	No data	No data	No data	No data	0.024908275735476142	No data	No data	complement C5a receptor 1
OARD1	0.0029566388374776143	No data	No data	No data	No data	0.024317231904464845	No data	No data	O-acyl-ADP-ribose deacylase 1
BANP	0.0029566388374776143	No data	No data	No data	No data	0.024317231904464845	No data	No data	BTG3 associated nuclear protein
SEMA3A	0.0029566388374776143	No data	No data	No data	No data	0.024317231904464845	No data	No data	semaphorin 3A
HIPK3	0.0029566388374776143	No data	No data	No data	No data	0.024317231904464845	No data	No data	homeodomain interacting protein kinase 3
JAM3	0.0029566388374776143	No data	No data	No data	No data	0.024317231904464845	No data	No data	junctional adhesion molecule 3
RASD2	0.0029566388374776143	No data	No data	No data	No data	0.024317231904464845	No data	No data	RASD family member 2
MRC2	0.0029566388374776143	No data	No data	No data	No data	0.024317231904464845	No data	No data	mannose receptor C type 2
GDI1	0.0029566388374776143	No data	No data	No data	No data	0.024317231904464845	No data	No data	GDP dissociation inhibitor 1
TRPM4	0.0029566388374776143	No data	No data	No data	No data	0.024317231904464845	No data	No data	transient receptor potential cation channel subfamily M member 4
BDKRB2	0.0029566388374776143	No data	No data	No data	No data	0.024317231904464845	No data	No data	bradykinin receptor B2
HAS2	0.0029566388374776143	No data	No data	No data	No data	0.024317231904464845	No data	No data	hyaluronan synthase 2
TNFAIP1	0.0029566388374776143	No data	No data	No data	No data	0.024317231904464845	No data	No data	TNF alpha induced protein 1
MICAL2	0.0029566388374776143	No data	No data	No data	No data	0.024317231904464845	No data	No data	microtubule associated monooxygenase, calponin and LIM domain containing 2
LIME1	0.0029566388374776143	No data	No data	No data	No data	0.024317231904464845	No data	No data	Lck interacting transmembrane adaptor 1
RPL27A	0.0029566388374776143	No data	No data	No data	No data	0.024317231904464845	No data	No data	ribosomal protein L27a
TPI1	0.0029566388374776143	No data	No data	No data	No data	0.024317231904464845	No data	No data	triosephosphate isomerase 1
HMGN2	0.0029566388374776143	No data	No data	No data	No data	0.024317231904464845	No data	No data	high mobility group nucleosomal binding domain 2
RABEP1	0.0029566388374776143	No data	No data	No data	No data	0.024317231904464845	No data	No data	rabaptin, RAB GTPase binding effector protein 1
PCSK9	0.0029566388374776143	No data	No data	No data	No data	0.024317231904464845	No data	No data	proprotein convertase subtilisin/kexin type 9
LRRC3	0.0029566388374776143	No data	No data	No data	No data	0.024317231904464845	No data	No data	leucine rich repeat containing 3
LSM6	0.0029566388374776143	No data	No data	No data	No data	0.024317231904464845	No data	No data	LSM6 homolog, U6 small nuclear RNA and mRNA degradation associated
SLC31A1	0.0029566388374776143	No data	No data	No data	No data	0.024317231904464845	No data	No data	solute carrier family 31 member 1
MPLKIP	0.0029566388374776143	No data	No data	No data	No data	0.024317231904464845	No data	No data	M-phase specific PLK1 interacting protein
SGCD	0.0029566388374776143	No data	No data	No data	No data	0.024317231904464845	No data	No data	sarcoglycan delta
ABHD16B	0.0029566388374776143	No data	No data	No data	No data	0.024317231904464845	No data	No data	abhydrolase domain containing 16B
HFE	0.0029566388374776143	No data	No data	No data	No data	0.024317231904464845	No data	No data	homeostatic iron regulator
ETV4	0.0029566388374776143	No data	No data	No data	No data	0.024317231904464845	No data	No data	ETS variant transcription factor 4
TPM4	0.0029566388374776143	No data	No data	No data	No data	0.024317231904464845	No data	No data	tropomyosin 4
ZBTB14	0.0029566388374776143	No data	No data	No data	No data	0.024317231904464845	No data	No data	zinc finger and BTB domain containing 14
ABCA4	0.0029566388374776143	No data	No data	No data	No data	0.024317231904464845	No data	No data	ATP binding cassette subfamily A member 4
AK6	0.0029566388374776143	No data	No data	No data	No data	0.024317231904464845	No data	No data	adenylate kinase 6
EOMES	0.0029566388374776143	No data	No data	No data	No data	0.024317231904464845	No data	No data	eomesodermin
PLEKHG5	0.0029566388374776143	No data	No data	No data	No data	0.024317231904464845	No data	No data	pleckstrin homology and RhoGEF domain containing G5
DLK1	0.0029566388374776143	No data	No data	No data	No data	0.024317231904464845	No data	No data	delta like non-canonical Notch ligand 1
NF2	0.0029566388374776143	No data	No data	No data	No data	0.024317231904464845	No data	No data	NF2, moesin-ezrin-radixin like (MERLIN) tumor suppressor
CMPK2	0.0029566388374776143	No data	No data	No data	No data	0.024317231904464845	No data	No data	cytidine/uridine monophosphate kinase 2
ZNHIT1	0.0029566388374776143	No data	No data	No data	No data	0.024317231904464845	No data	No data	zinc finger HIT-type containing 1
PCDH11X	0.0029566388374776143	No data	No data	No data	No data	0.024317231904464845	No data	No data	protocadherin 11 X-linked
CD48	0.0029566388374776143	No data	No data	No data	No data	0.024317231904464845	No data	No data	CD48 molecule
ACOT2	0.0029566388374776143	No data	No data	No data	No data	0.024317231904464845	No data	No data	acyl-CoA thioesterase 2
ASXL3	0.0029566388374776143	No data	No data	No data	No data	0.024317231904464845	No data	No data	ASXL transcriptional regulator 3
RPAP2	0.0029566388374776143	No data	No data	No data	No data	0.024317231904464845	No data	No data	RNA polymerase II associated protein 2
APC	0.0029566388374776143	No data	No data	No data	No data	0.024317231904464845	No data	No data	APC regulator of WNT signaling pathway
CDK5RAP1	0.0029566388374776143	No data	No data	No data	No data	0.024317231904464845	No data	No data	CDK5 regulatory subunit associated protein 1
MT1F	0.0029566388374776143	No data	No data	No data	No data	0.024317231904464845	No data	No data	metallothionein 1F
GHSR	0.0029566388374776143	No data	No data	No data	No data	0.024317231904464845	No data	No data	growth hormone secretagogue receptor
PELI2	0.0029566388374776143	No data	No data	No data	No data	0.024317231904464845	No data	No data	pellino E3 ubiquitin protein ligase family member 2
EREG	0.0029566388374776143	No data	No data	No data	No data	0.024317231904464845	No data	No data	epiregulin
OR10G7	0.0029566388374776143	No data	No data	No data	No data	0.024317231904464845	No data	No data	olfactory receptor family 10 subfamily G member 7
IDO2	0.0029566388374776143	No data	No data	No data	No data	0.024317231904464845	No data	No data	indoleamine 2,3-dioxygenase 2
GPR4	0.0029566388374776143	No data	No data	No data	No data	0.024317231904464845	No data	No data	G protein-coupled receptor 4
STAT5A	0.0029566388374776143	No data	No data	No data	No data	0.024317231904464845	No data	No data	signal transducer and activator of transcription 5A
OAS2	0.0029566388374776143	No data	No data	No data	No data	0.024317231904464845	No data	No data	2'-5'-oligoadenylate synthetase 2
CAPZA2	0.0029566388374776143	No data	No data	No data	No data	0.024317231904464845	No data	No data	capping actin protein of muscle Z-line subunit alpha 2
CYFIP2	0.0029566388374776143	No data	No data	No data	No data	0.024317231904464845	No data	No data	cytoplasmic FMR1 interacting protein 2
ZSWIM7	0.0029566388374776143	No data	No data	No data	No data	0.024317231904464845	No data	No data	zinc finger SWIM-type containing 7
MIR5708	0.0029566388374776143	No data	No data	No data	No data	0.024317231904464845	No data	No data	microRNA 5708
ACADSB	0.0029566388374776143	No data	No data	No data	No data	0.024317231904464845	No data	No data	acyl-CoA dehydrogenase short/branched chain
CTBP1	0.0029566388374776143	No data	No data	No data	No data	0.024317231904464845	No data	No data	C-terminal binding protein 1
CYP3A5	0.0029566388374776143	No data	No data	No data	No data	0.024317231904464845	No data	No data	cytochrome P450 family 3 subfamily A member 5
SEC14L4	0.0029566388374776143	No data	No data	No data	No data	0.024317231904464845	No data	No data	SEC14 like lipid binding 4
PXN	0.0029566388374776143	No data	No data	No data	No data	0.024317231904464845	No data	No data	paxillin
HFM1	0.0029566388374776143	No data	No data	No data	No data	0.024317231904464845	No data	No data	helicase for meiosis 1
INS	0.0029566388374776143	No data	No data	No data	No data	0.024317231904464845	No data	No data	insulin
TAAR1	0.0029566388374776143	No data	No data	No data	No data	0.024317231904464845	No data	No data	trace amine associated receptor 1
MBP	0.0029566388374776143	No data	No data	No data	No data	0.024317231904464845	No data	No data	myelin basic protein
SNRPN	0.0029566388374776143	No data	No data	No data	No data	0.024317231904464845	No data	No data	small nuclear ribonucleoprotein polypeptide N
IP6K1	0.0029566388374776143	No data	No data	No data	No data	0.024317231904464845	No data	No data	inositol hexakisphosphate kinase 1
DEFB104B	0.0029566388374776143	No data	No data	No data	No data	0.024317231904464845	No data	No data	defensin beta 104B
LPCAT3	0.0029566388374776143	No data	No data	No data	No data	0.024317231904464845	No data	No data	lysophosphatidylcholine acyltransferase 3
RNF141	0.0029566388374776143	No data	No data	No data	No data	0.024317231904464845	No data	No data	ring finger protein 141
PRKCE	0.0029566388374776143	No data	No data	No data	No data	0.024317231904464845	No data	No data	protein kinase C epsilon
CLEC2D	0.0029566388374776143	No data	No data	No data	No data	0.024317231904464845	No data	No data	C-type lectin domain family 2 member D
SUMO1	0.0029566388374776143	No data	No data	No data	No data	0.024317231904464845	No data	No data	small ubiquitin like modifier 1
MLC1	0.0029566388374776143	No data	No data	No data	No data	0.024317231904464845	No data	No data	modulator of VRAC current 1
RPL10L	0.0029566388374776143	No data	No data	No data	No data	0.024317231904464845	No data	No data	ribosomal protein L10 like
DEFB104A	0.0029566388374776143	No data	No data	No data	No data	0.024317231904464845	No data	No data	defensin beta 104A
OR1D2	0.0029566388374776143	No data	No data	No data	No data	0.024317231904464845	No data	No data	olfactory receptor family 1 subfamily D member 2
TLK1	0.0029566388374776143	No data	No data	No data	No data	0.024317231904464845	No data	No data	tousled like kinase 1
MIDN	0.0029566388374776143	No data	No data	No data	No data	0.024317231904464845	No data	No data	midnolin
SPINK1	0.0029566388374776143	No data	No data	No data	No data	0.024317231904464845	No data	No data	serine peptidase inhibitor Kazal type 1
GIMAP6	0.0029566388374776143	No data	No data	No data	No data	0.024317231904464845	No data	No data	GTPase, IMAP family member 6
G6PC3	0.0029566388374776143	No data	No data	No data	No data	0.024317231904464845	No data	No data	glucose-6-phosphatase catalytic subunit 3
PELP1	0.0029566388374776143	No data	No data	No data	No data	0.024317231904464845	No data	No data	proline, glutamate and leucine rich protein 1
FHL1	0.0029566388374776143	No data	No data	No data	No data	0.024317231904464845	No data	No data	four and a half LIM domains 1
LCT	0.0029566388374776143	No data	No data	No data	No data	0.024317231904464845	No data	No data	lactase
RPL11	0.0029566388374776143	No data	No data	No data	No data	0.024317231904464845	No data	No data	ribosomal protein L11
NUFIP2	0.0029566388374776143	No data	No data	No data	No data	0.024317231904464845	No data	No data	nuclear FMR1 interacting protein 2
EPSTI1	0.0029566388374776143	No data	No data	No data	No data	0.024317231904464845	No data	No data	epithelial stromal interaction 1
FAM136A	0.0029566388374776143	No data	No data	No data	No data	0.024317231904464845	No data	No data	family with sequence similarity 136 member A
DIRAS1	0.0029566388374776143	No data	No data	No data	No data	0.024317231904464845	No data	No data	DIRAS family GTPase 1
RAN	0.0029566388374776143	No data	No data	No data	No data	0.024317231904464845	No data	No data	RAN, member RAS oncogene family
IQCK	0.0029566388374776143	No data	No data	No data	No data	0.024317231904464845	No data	No data	IQ motif containing K
DEFA3	0.0029566388374776143	No data	No data	No data	No data	0.024317231904464845	No data	No data	defensin alpha 3
SUFU	0.0029566388374776143	No data	No data	No data	No data	0.024317231904464845	No data	No data	SUFU negative regulator of hedgehog signaling
STX6	0.0029566388374776143	No data	No data	No data	No data	0.024317231904464845	No data	No data	syntaxin 6
CKAP2	0.0029566388374776143	No data	No data	No data	No data	0.024317231904464845	No data	No data	cytoskeleton associated protein 2
VTCN1	0.0029566388374776143	No data	No data	No data	No data	0.024317231904464845	No data	No data	V-set domain containing T cell activation inhibitor 1
ANXA2P3	0.0029566388374776143	No data	No data	No data	No data	0.024317231904464845	No data	No data	annexin A2 pseudogene 3
IFI44	0.0029566388374776143	No data	No data	No data	No data	0.024317231904464845	No data	No data	interferon induced protein 44
APOA5	0.0029566388374776143	No data	No data	No data	No data	0.024317231904464845	No data	No data	apolipoprotein A5
ZGPAT	0.0029566388374776143	No data	No data	No data	No data	0.024317231904464845	No data	No data	zinc finger CCCH-type and G-patch domain containing
IL31	0.0029566388374776143	No data	No data	No data	No data	0.024317231904464845	No data	No data	interleukin 31
NLRP6	0.0029566388374776143	No data	No data	No data	No data	0.024317231904464845	No data	No data	NLR family pyrin domain containing 6
LRRN4	0.0029566388374776143	No data	No data	No data	No data	0.024317231904464845	No data	No data	leucine rich repeat neuronal 4
DCK	0.0029566388374776143	No data	No data	No data	No data	0.024317231904464845	No data	No data	deoxycytidine kinase
OR51E1	0.0029566388374776143	No data	No data	No data	No data	0.024317231904464845	No data	No data	olfactory receptor family 51 subfamily E member 1
RHOH	0.0029566388374776143	No data	No data	No data	No data	0.024317231904464845	No data	No data	ras homolog family member H
MMRN1	0.0029361066233284643	No data	No data	No data	No data	0.024148362238461615	No data	No data	multimerin 1
CHIA	0.0029361066233284643	No data	No data	No data	No data	0.024148362238461615	No data	No data	chitinase acidic
TNFRSF10A	0.0029361066233284643	No data	No data	No data	No data	0.024148362238461615	No data	No data	TNF receptor superfamily member 10a
SIRT4	0.0029361066233284643	No data	No data	No data	No data	0.024148362238461615	No data	No data	sirtuin 4
ICAM3	0.0029361066233284643	No data	No data	No data	No data	0.024148362238461615	No data	No data	intercellular adhesion molecule 3
CPQ	0.002902844436406841	No data	No data	No data	No data	0.023874793379536387	No data	No data	carboxypeptidase Q
TAGLN2	0.002813607397455606	No data	No data	No data	No data	No data	0.023140852614388273	No data	transgelin 2
MAP2K3	0.002771848910135263	No data	No data	No data	No data	0.02279740491043579	No data	No data	mitogen-activated protein kinase kinase 3
SIRT7	0.002771848910135263	No data	No data	No data	No data	0.02279740491043579	No data	No data	sirtuin 7
TG	0.002771848910135263	No data	No data	No data	No data	0.02279740491043579	No data	No data	thyroglobulin
CPA1	0.002771848910135263	No data	No data	No data	No data	0.02279740491043579	No data	No data	carboxypeptidase A1
HMOX2	0.002771848910135263	No data	No data	No data	No data	0.02279740491043579	No data	No data	heme oxygenase 2
CBR1	0.002771848910135263	No data	No data	No data	No data	0.02279740491043579	No data	No data	carbonyl reductase 1
RAG1	0.002771848910135263	No data	No data	No data	No data	0.02279740491043579	No data	No data	recombination activating 1
YBX1	0.002771848910135263	No data	No data	No data	No data	0.02279740491043579	No data	No data	Y-box binding protein 1
SRSF6	0.002751316695986113	No data	No data	No data	No data	0.02262853524443256	No data	No data	serine and arginine rich splicing factor 6
YTHDF1	0.002751316695986113	No data	No data	No data	No data	0.02262853524443256	No data	No data	YTH N6-methyladenosine RNA binding protein F1
AKAP9	0.002751316695986113	No data	No data	No data	No data	0.02262853524443256	No data	No data	A-kinase anchoring protein 9
ABI3BP	0.002751316695986113	No data	No data	No data	No data	0.02262853524443256	No data	No data	ABI family member 3 binding protein
C5	0.002751316695986113	No data	No data	No data	No data	0.02262853524443256	No data	No data	complement C5
GPR15	0.002751316695986113	No data	No data	No data	No data	0.02262853524443256	No data	No data	G protein-coupled receptor 15
TRPC4	0.0025870589827929123	No data	No data	No data	No data	0.021277577916406734	No data	No data	transient receptor potential cation channel subfamily C member 4
DOCK8	0.0025870589827929123	No data	No data	No data	No data	0.021277577916406734	No data	No data	dedicator of cytokinesis 8
TNFSF13	0.0025870589827929123	No data	No data	No data	No data	0.021277577916406734	No data	No data	TNF superfamily member 13
KLK4	0.0025870589827929123	No data	No data	No data	No data	0.021277577916406734	No data	No data	kallikrein related peptidase 4
FGA	0.0025870589827929123	No data	No data	No data	No data	0.021277577916406734	No data	No data	fibrinogen alpha chain
DDX3Y	0.0025870589827929123	No data	No data	No data	No data	0.021277577916406734	No data	No data	DEAD-box helicase 3 Y-linked
DDAH2	0.0025870589827929123	No data	No data	No data	No data	0.021277577916406734	No data	No data	dimethylarginine dimethylaminohydrolase 2
ADIPOR2	0.0025870589827929123	No data	No data	No data	No data	0.021277577916406734	No data	No data	adiponectin receptor 2
IL22RA1	0.0025870589827929123	No data	No data	No data	No data	0.021277577916406734	No data	No data	interleukin 22 receptor subunit alpha 1
IL12RB1	0.0025870589827929123	No data	No data	No data	No data	0.021277577916406734	No data	No data	interleukin 12 receptor subunit beta 1
HEY1	0.0025870589827929123	No data	No data	No data	No data	0.021277577916406734	No data	No data	hes related family bHLH transcription factor with YRPW motif 1
S1PR1-DT	0.0025870589827929123	No data	No data	No data	No data	0.021277577916406734	No data	No data	S1PR1 divergent transcript
HS6ST1	0.0025870589827929123	No data	No data	No data	No data	0.021277577916406734	No data	No data	heparan sulfate 6-O-sulfotransferase 1
PIEZO1	0.0025870589827929123	No data	No data	No data	No data	0.021277577916406734	No data	No data	piezo type mechanosensitive ion channel component 1
CST4	0.0025870589827929123	No data	No data	No data	No data	0.021277577916406734	No data	No data	cystatin S
WNT7B	0.0025870589827929123	No data	No data	No data	No data	0.021277577916406734	No data	No data	Wnt family member 7B
TRAF6	0.0025870589827929123	No data	No data	No data	No data	0.021277577916406734	No data	No data	TNF receptor associated factor 6
AGRN	0.0025870589827929123	No data	No data	No data	No data	0.021277577916406734	No data	No data	agrin
IL2RG	0.0025870589827929123	No data	No data	No data	No data	0.021277577916406734	No data	No data	interleukin 2 receptor subunit gamma
AKAP5	0.0025870589827929123	No data	No data	No data	No data	0.021277577916406734	No data	No data	A-kinase anchoring protein 5
CD37	0.0025372539759411956	No data	No data	No data	No data	No data	0.02086795064429463	No data	CD37 molecule
ZC3H12C	0.0024285148528457837	No data	No data	No data	No data	No data	0.019973612641329363	No data	zinc finger CCCH-type containing 12C
STXBP2	0.0023944649427301073	No data	No data	No data	No data	No data	0.01969356505820437	No data	syntaxin binding protein 2
WIF1	0.0022580176803094257	No data	No data	No data	No data	0.01857133812911358	No data	No data	WNT inhibitory factor 1
SRPX	0.0022531111567797085	No data	No data	No data	No data	No data	0.018530983835919404	No data	sushi repeat containing protein X-linked
CRLF3	0.0022174791281082107	No data	No data	No data	No data	0.01823792392834863	No data	No data	cytokine receptor like factor 3
TET1	0.0022174791281082107	No data	No data	No data	No data	0.01823792392834863	No data	No data	tet methylcytosine dioxygenase 1
PDIA3	0.0022174791281082107	No data	No data	No data	No data	0.01823792392834863	No data	No data	protein disulfide isomerase family A member 3
COL8A1	0.0022174791281082107	No data	No data	No data	No data	0.01823792392834863	No data	No data	collagen type VIII alpha 1 chain
COX15	0.0022174791281082107	No data	No data	No data	No data	0.01823792392834863	No data	No data	cytochrome c oxidase assembly homolog COX15
TIGIT	0.0022174791281082107	No data	No data	No data	No data	0.01823792392834863	No data	No data	T cell immunoreceptor with Ig and ITIM domains
PANX1	0.0022174791281082107	No data	No data	No data	No data	0.01823792392834863	No data	No data	pannexin 1
CDX2	0.0022174791281082107	No data	No data	No data	No data	0.01823792392834863	No data	No data	caudal type homeobox 2
CEBPZ	0.0022174791281082107	No data	No data	No data	No data	0.01823792392834863	No data	No data	CCAAT enhancer binding protein zeta
BAD	0.0022174791281082107	No data	No data	No data	No data	0.01823792392834863	No data	No data	BCL2 associated agonist of cell death
DOT1L	0.0022174791281082107	No data	No data	No data	No data	0.01823792392834863	No data	No data	DOT1 like histone lysine methyltransferase
NLRP8	0.0022174791281082107	No data	No data	No data	No data	0.01823792392834863	No data	No data	NLR family pyrin domain containing 8
SERPIND1	0.0022174791281082107	No data	No data	No data	No data	0.01823792392834863	No data	No data	serpin family D member 1
OCA2	0.0022174791281082107	No data	No data	No data	No data	0.01823792392834863	No data	No data	OCA2 melanosomal transmembrane protein
MFAP5	0.0022174791281082107	No data	No data	No data	No data	0.01823792392834863	No data	No data	microfibril associated protein 5
SMAD5	0.0022174791281082107	No data	No data	No data	No data	0.01823792392834863	No data	No data	SMAD family member 5
SALRNA2	0.0022174791281082107	No data	No data	No data	No data	0.01823792392834863	No data	No data	senescence associated long non-coding RNA 2
APBB1IP	0.0022174791281082107	No data	No data	No data	No data	0.01823792392834863	No data	No data	amyloid beta precursor protein binding family B member 1 interacting protein
MUC3A	0.0022174791281082107	No data	No data	No data	No data	0.01823792392834863	No data	No data	mucin 3A, cell surface associated
SNAP25	0.0022174791281082107	No data	No data	No data	No data	0.01823792392834863	No data	No data	synaptosome associated protein 25
TOM1L1	0.0022174791281082107	No data	No data	No data	No data	0.01823792392834863	No data	No data	target of myb1 like 1 membrane trafficking protein
HES2	0.0022174791281082107	No data	No data	No data	No data	0.01823792392834863	No data	No data	hes family bHLH transcription factor 2
RHOQ	0.0022174791281082107	No data	No data	No data	No data	0.01823792392834863	No data	No data	ras homolog family member Q
TRPM5	0.0022174791281082107	No data	No data	No data	No data	0.01823792392834863	No data	No data	transient receptor potential cation channel subfamily M member 5
NAPEPLD	0.0022174791281082107	No data	No data	No data	No data	0.01823792392834863	No data	No data	N-acyl phosphatidylethanolamine phospholipase D
HSPB6	0.0022174791281082107	No data	No data	No data	No data	0.01823792392834863	No data	No data	heat shock protein family B (small) member 6
ITPA	0.0022174791281082107	No data	No data	No data	No data	0.01823792392834863	No data	No data	inosine triphosphatase
SLC5A5	0.0022174791281082107	No data	No data	No data	No data	0.01823792392834863	No data	No data	solute carrier family 5 member 5
MSI1	0.0022174791281082107	No data	No data	No data	No data	0.01823792392834863	No data	No data	musashi RNA binding protein 1
SECISBP2L	0.0022174791281082107	No data	No data	No data	No data	0.01823792392834863	No data	No data	SECIS binding protein 2 like
CD24	0.0022174791281082107	No data	No data	No data	No data	0.01823792392834863	No data	No data	CD24 molecule
CLPS	0.0022174791281082107	No data	No data	No data	No data	0.01823792392834863	No data	No data	colipase
H3P37	0.0022174791281082107	No data	No data	No data	No data	0.01823792392834863	No data	No data	H3 histone pseudogene 37
SRCIN1	0.0022174791281082107	No data	No data	No data	No data	0.01823792392834863	No data	No data	SRC kinase signaling inhibitor 1
C1orf115	0.0022174791281082107	No data	No data	No data	No data	0.01823792392834863	No data	No data	chromosome 1 open reading frame 115
PRELID1	0.0022174791281082107	No data	No data	No data	No data	0.01823792392834863	No data	No data	PRELI domain containing 1
GLS2	0.0022174791281082107	No data	No data	No data	No data	0.01823792392834863	No data	No data	glutaminase 2
CHID1	0.0022174791281082107	No data	No data	No data	No data	0.01823792392834863	No data	No data	chitinase domain containing 1
TRIM72	0.0022174791281082107	No data	No data	No data	No data	0.01823792392834863	No data	No data	tripartite motif containing 72
NBEAL2	0.0022174791281082107	No data	No data	No data	No data	0.01823792392834863	No data	No data	neurobeachin like 2
NIN	0.0022174791281082107	No data	No data	No data	No data	0.01823792392834863	No data	No data	ninein
ALOX12	0.0022174791281082107	No data	No data	No data	No data	0.01823792392834863	No data	No data	arachidonate 12-lipoxygenase, 12S type
FLT3LG	0.0022174791281082107	No data	No data	No data	No data	0.01823792392834863	No data	No data	fms related receptor tyrosine kinase 3 ligand
RING1	0.0022174791281082107	No data	No data	No data	No data	0.01823792392834863	No data	No data	ring finger protein 1
FAP	0.0022174791281082107	No data	No data	No data	No data	0.01823792392834863	No data	No data	fibroblast activation protein alpha
NINJ2	0.0022174791281082107	No data	No data	No data	No data	0.01823792392834863	No data	No data	ninjurin 2
MYO1E	0.0022174791281082107	No data	No data	No data	No data	0.01823792392834863	No data	No data	myosin IE
CHL1	0.0022174791281082107	No data	No data	No data	No data	0.01823792392834863	No data	No data	cell adhesion molecule L1 like
MAOA	0.0022174791281082107	No data	No data	No data	No data	0.01823792392834863	No data	No data	monoamine oxidase A
RASA1	0.0022174791281082107	No data	No data	No data	No data	0.01823792392834863	No data	No data	RAS p21 protein activator 1
AGBL2	0.0022174791281082107	No data	No data	No data	No data	0.01823792392834863	No data	No data	AGBL carboxypeptidase 2
AFP	0.0022174791281082107	No data	No data	No data	No data	0.01823792392834863	No data	No data	alpha fetoprotein
KIR2DL2	0.0022174791281082107	No data	No data	No data	No data	0.01823792392834863	No data	No data	killer cell immunoglobulin like receptor, two Ig domains and long cytoplasmic tail 2 
SALRNA3	0.0022174791281082107	No data	No data	No data	No data	0.01823792392834863	No data	No data	senescence associated long non-coding RNA 3
LTB4R2	0.0022174791281082107	No data	No data	No data	No data	0.01823792392834863	No data	No data	leukotriene B4 receptor 2
USP19	0.0022174791281082107	No data	No data	No data	No data	0.01823792392834863	No data	No data	ubiquitin specific peptidase 19
C5AR2	0.0022174791281082107	No data	No data	No data	No data	0.01823792392834863	No data	No data	complement C5a receptor 2
VAMP4	0.0022174791281082107	No data	No data	No data	No data	0.01823792392834863	No data	No data	vesicle associated membrane protein 4
RAB37	0.0022174791281082107	No data	No data	No data	No data	0.01823792392834863	No data	No data	RAB37, member RAS oncogene family
GSTZ1	0.0022174791281082107	No data	No data	No data	No data	0.01823792392834863	No data	No data	glutathione S-transferase zeta 1
GRK5	0.0022174791281082107	No data	No data	No data	No data	0.01823792392834863	No data	No data	G protein-coupled receptor kinase 5
TDP2	0.0022174791281082107	No data	No data	No data	No data	0.01823792392834863	No data	No data	tyrosyl-DNA phosphodiesterase 2
RRM2	0.0022174791281082107	No data	No data	No data	No data	0.01823792392834863	No data	No data	ribonucleotide reductase regulatory subunit M2
CCM2	0.0022174791281082107	No data	No data	No data	No data	0.01823792392834863	No data	No data	CCM2 scaffold protein
ZBTB9	0.0022174791281082107	No data	No data	No data	No data	0.01823792392834863	No data	No data	zinc finger and BTB domain containing 9
SNX32	0.0022174791281082107	No data	No data	No data	No data	0.01823792392834863	No data	No data	sorting nexin 32
PRKAG2	0.0022174791281082107	No data	No data	No data	No data	0.01823792392834863	No data	No data	protein kinase AMP-activated non-catalytic subunit gamma 2
PRODH	0.0022174791281082107	No data	No data	No data	No data	0.01823792392834863	No data	No data	proline dehydrogenase 1
MVP	0.0022174791281082107	No data	No data	No data	No data	0.01823792392834863	No data	No data	major vault protein
PDIA4	0.0022174791281082107	No data	No data	No data	No data	0.01823792392834863	No data	No data	protein disulfide isomerase family A member 4
MTHFD2	0.0022174791281082107	No data	No data	No data	No data	0.01823792392834863	No data	No data	methylenetetrahydrofolate dehydrogenase (NADP+ dependent) 2, methenyltetrahydrofolate cyclohydrolase
MUTYH	0.0022174791281082107	No data	No data	No data	No data	0.01823792392834863	No data	No data	mutY DNA glycosylase
CCNDBP1	0.0022174791281082107	No data	No data	No data	No data	0.01823792392834863	No data	No data	cyclin D1 binding protein 1
H3P47	0.0022174791281082107	No data	No data	No data	No data	0.01823792392834863	No data	No data	H3 histone pseudogene 47
PTCHD3	0.0022174791281082107	No data	No data	No data	No data	0.01823792392834863	No data	No data	patched domain containing 3 (gene/pseudogene)
NCR2	0.0022174791281082107	No data	No data	No data	No data	0.01823792392834863	No data	No data	natural cytotoxicity triggering receptor 2
PCMT1	0.0022174791281082107	No data	No data	No data	No data	0.01823792392834863	No data	No data	protein-L-isoaspartate (D-aspartate) O-methyltransferase
HTN1	0.0022174791281082107	No data	No data	No data	No data	0.01823792392834863	No data	No data	histatin 1
KMT5B	0.0022174791281082107	No data	No data	No data	No data	0.01823792392834863	No data	No data	lysine methyltransferase 5B
ACSBG1	0.0022174791281082107	No data	No data	No data	No data	0.01823792392834863	No data	No data	acyl-CoA synthetase bubblegum family member 1
OTOR	0.0022174791281082107	No data	No data	No data	No data	0.01823792392834863	No data	No data	otoraplin
APLNR	0.0022174791281082107	No data	No data	No data	No data	0.01823792392834863	No data	No data	apelin receptor
CHCHD4	0.0022174791281082107	No data	No data	No data	No data	0.01823792392834863	No data	No data	coiled-coil-helix-coiled-coil-helix domain containing 4
PRG2	0.0022174791281082107	No data	No data	No data	No data	0.01823792392834863	No data	No data	proteoglycan 2, pro eosinophil major basic protein
NRG1	0.0022174791281082107	No data	No data	No data	No data	0.01823792392834863	No data	No data	neuregulin 1
SERPINI1	0.0022174791281082107	No data	No data	No data	No data	0.01823792392834863	No data	No data	serpin family I member 1
SALRNA1	0.0022174791281082107	No data	No data	No data	No data	0.01823792392834863	No data	No data	senescence associated long non-coding RNA 1
FRZB	0.0022174791281082107	No data	No data	No data	No data	0.01823792392834863	No data	No data	frizzled related protein
TNFRSF10C	0.0022174791281082107	No data	No data	No data	No data	0.01823792392834863	No data	No data	TNF receptor superfamily member 10c
PDP1	0.0022174791281082107	No data	No data	No data	No data	0.01823792392834863	No data	No data	pyruvate dehydrogenase phosphatase catalytic subunit 1
LOXL2	0.0022174791281082107	No data	No data	No data	No data	0.01823792392834863	No data	No data	lysyl oxidase like 2
SUMO3	0.0022174791281082107	No data	No data	No data	No data	0.01823792392834863	No data	No data	small ubiquitin like modifier 3
METTL1	0.0022174791281082107	No data	No data	No data	No data	0.01823792392834863	No data	No data	methyltransferase 1, tRNA methylguanosine
PLEC	0.0022174791281082107	No data	No data	No data	No data	0.01823792392834863	No data	No data	plectin
GFPT1	0.0022174791281082107	No data	No data	No data	No data	0.01823792392834863	No data	No data	glutamine--fructose-6-phosphate transaminase 1
DET1	0.0022174791281082107	No data	No data	No data	No data	0.01823792392834863	No data	No data	DET1 partner of COP1 E3 ubiquitin ligase
IL15RA	0.0022174791281082107	No data	No data	No data	No data	0.01823792392834863	No data	No data	interleukin 15 receptor subunit alpha
SUCLG1	0.0022174791281082107	No data	No data	No data	No data	0.01823792392834863	No data	No data	succinate-CoA ligase GDP/ADP-forming subunit alpha
EIF4A2	0.0022174791281082107	No data	No data	No data	No data	0.01823792392834863	No data	No data	eukaryotic translation initiation factor 4A2
PREP	0.0022174791281082107	No data	No data	No data	No data	0.01823792392834863	No data	No data	prolyl endopeptidase
SERPINB6	0.0022174791281082107	No data	No data	No data	No data	0.01823792392834863	No data	No data	serpin family B member 6
GABPA	0.0022174791281082107	No data	No data	No data	No data	0.01823792392834863	No data	No data	GA binding protein transcription factor subunit alpha
NFYC	0.0022174791281082107	No data	No data	No data	No data	0.01823792392834863	No data	No data	nuclear transcription factor Y subunit gamma
C1RL	0.0022174791281082107	No data	No data	No data	No data	0.01823792392834863	No data	No data	complement C1r subcomponent like
OIT3	0.0022174791281082107	No data	No data	No data	No data	0.01823792392834863	No data	No data	oncoprotein induced transcript 3
TRIT1	0.0022174791281082107	No data	No data	No data	No data	0.01823792392834863	No data	No data	tRNA isopentenyltransferase 1
KCNA2	0.0022174791281082107	No data	No data	No data	No data	0.01823792392834863	No data	No data	potassium voltage-gated channel subfamily A member 2
GSN-AS1	0.0022174791281082107	No data	No data	No data	No data	0.01823792392834863	No data	No data	GSN antisense RNA 1
SPRY4	0.0022174791281082107	No data	No data	No data	No data	0.01823792392834863	No data	No data	sprouty RTK signaling antagonist 4
TSPEAR	0.0022174791281082107	No data	No data	No data	No data	0.01823792392834863	No data	No data	thrombospondin type laminin G domain and EAR repeats
PAIP2	0.0022174791281082107	No data	No data	No data	No data	0.01823792392834863	No data	No data	poly(A) binding protein interacting protein 2
DYNLRB1	0.0022174791281082107	No data	No data	No data	No data	0.01823792392834863	No data	No data	dynein light chain roadblock-type 1
CFAP53	0.0022174791281082107	No data	No data	No data	No data	0.01823792392834863	No data	No data	cilia and flagella associated protein 53
TRAK1	0.0022174791281082107	No data	No data	No data	No data	0.01823792392834863	No data	No data	trafficking kinesin protein 1
GRXCR1	0.0022174791281082107	No data	No data	No data	No data	0.01823792392834863	No data	No data	glutaredoxin and cysteine rich domain containing 1
ZBTB33	0.0022174791281082107	No data	No data	No data	No data	0.01823792392834863	No data	No data	zinc finger and BTB domain containing 33
ATP6V0A2	0.0022174791281082107	No data	No data	No data	No data	0.01823792392834863	No data	No data	ATPase H+ transporting V0 subunit a2
TNXA	0.0022174791281082107	No data	No data	No data	No data	0.01823792392834863	No data	No data	tenascin XA (pseudogene)
FGR	0.0022174791281082107	No data	No data	No data	No data	0.01823792392834863	No data	No data	FGR proto-oncogene, Src family tyrosine kinase
HBG1	0.0022174791281082107	No data	No data	No data	No data	0.01823792392834863	No data	No data	hemoglobin subunit gamma 1
PHLPP2	0.0022174791281082107	No data	No data	No data	No data	0.01823792392834863	No data	No data	PH domain and leucine rich repeat protein phosphatase 2
GZMH	0.0022174791281082107	No data	No data	No data	No data	0.01823792392834863	No data	No data	granzyme H
PKHD1L1	0.0022174791281082107	No data	No data	No data	No data	0.01823792392834863	No data	No data	PKHD1 like 1
NCR3	0.0022174791281082107	No data	No data	No data	No data	0.01823792392834863	No data	No data	natural cytotoxicity triggering receptor 3
KRT8	0.0022174791281082107	No data	No data	No data	No data	0.01823792392834863	No data	No data	keratin 8
TLN1	0.0021992169508702167	No data	No data	No data	No data	No data	0.018087724454084943	No data	talin 1
PTPRN2	0.0021636847270374376	No data	No data	No data	No data	0.017795485403420176	No data	No data	protein tyrosine phosphatase receptor type N2
NUCB1	0.002053650896158409	No data	No data	No data	No data	No data	0.01689049892049055	No data	nucleobindin 1
STX11	0.0020462650621697613	No data	No data	No data	No data	No data	0.016829753240080344	No data	syntaxin 11
ARHGAP1	0.00201215698661671	No data	No data	No data	No data	0.01654922726831635	No data	No data	Rho GTPase activating protein 1
PAX9	0.00201215698661671	No data	No data	No data	No data	0.01654922726831635	No data	No data	paired box 9
PIEZO2	0.00201215698661671	No data	No data	No data	No data	0.01654922726831635	No data	No data	piezo type mechanosensitive ion channel component 2
CYP19A1	0.00201215698661671	No data	No data	No data	No data	0.01654922726831635	No data	No data	cytochrome P450 family 19 subfamily A member 1
LSP1	0.001971931250950573	No data	No data	No data	No data	No data	0.016218385864786775	No data	lymphocyte specific protein 1
MGC16275	0.0019057414838331169	No data	No data	No data	No data	No data	0.015674000160217305	No data	uncharacterized protein MGC16275 
KAT2B	0.0018478992734235094	No data	No data	No data	No data	0.015198269940290528	No data	No data	lysine acetyltransferase 2B
FADD	0.0018478992734235094	No data	No data	No data	No data	0.015198269940290528	No data	No data	Fas associated via death domain
VWA8	0.0018478992734235094	No data	No data	No data	No data	0.015198269940290528	No data	No data	von Willebrand factor A domain containing 8
PPARGC1B	0.0018478992734235094	No data	No data	No data	No data	0.015198269940290528	No data	No data	PPARG coactivator 1 beta
ANXA11	0.0018478992734235094	No data	No data	No data	No data	0.015198269940290528	No data	No data	annexin A11
BAG4	0.0018478992734235094	No data	No data	No data	No data	0.015198269940290528	No data	No data	BAG cochaperone 4
HNRNPC	0.0018478992734235094	No data	No data	No data	No data	0.015198269940290528	No data	No data	heterogeneous nuclear ribonucleoprotein C
SLC25A18	0.0018478992734235094	No data	No data	No data	No data	0.015198269940290528	No data	No data	solute carrier family 25 member 18
MCFD2	0.0018478992734235094	No data	No data	No data	No data	0.015198269940290528	No data	No data	multiple coagulation factor deficiency 2, ER cargo receptor complex subunit
NAA10	0.0018478992734235094	No data	No data	No data	No data	0.015198269940290528	No data	No data	N-alpha-acetyltransferase 10, NatA catalytic subunit
TAS2R14	0.0018478992734235094	No data	No data	No data	No data	0.015198269940290528	No data	No data	taste 2 receptor member 14
LGR5	0.0018478992734235094	No data	No data	No data	No data	0.015198269940290528	No data	No data	leucine rich repeat containing G protein-coupled receptor 5
FCER1A	0.0018478992734235094	No data	No data	No data	No data	0.015198269940290528	No data	No data	Fc epsilon receptor Ia
PCDH1	0.0018478992734235094	No data	No data	No data	No data	0.015198269940290528	No data	No data	protocadherin 1
GNB4	0.0018478992734235094	No data	No data	No data	No data	0.015198269940290528	No data	No data	G protein subunit beta 4
FCHSD1	0.0018478992734235094	No data	No data	No data	No data	0.015198269940290528	No data	No data	FCH and double SH3 domains 1
CASP7	0.0018478992734235094	No data	No data	No data	No data	0.015198269940290528	No data	No data	caspase 7
ORAI1	0.0018478992734235094	No data	No data	No data	No data	0.015198269940290528	No data	No data	ORAI calcium release-activated calcium modulator 1
OSM	0.0018478992734235094	No data	No data	No data	No data	0.015198269940290528	No data	No data	oncostatin M
HHIPL1	0.0018478992734235094	No data	No data	No data	No data	0.015198269940290528	No data	No data	HHIP like 1
FGF16	0.0018478992734235094	No data	No data	No data	No data	0.015198269940290528	No data	No data	fibroblast growth factor 16
GP2	0.0018478992734235094	No data	No data	No data	No data	0.015198269940290528	No data	No data	glycoprotein 2
ABCD1	0.0018478992734235094	No data	No data	No data	No data	0.015198269940290528	No data	No data	ATP binding cassette subfamily D member 1
RP9	0.0018478992734235094	No data	No data	No data	No data	0.015198269940290528	No data	No data	RP9 pre-mRNA splicing factor
ADCY6	0.0018478992734235094	No data	No data	No data	No data	0.015198269940290528	No data	No data	adenylate cyclase 6
AMH	0.0018478992734235094	No data	No data	No data	No data	0.015198269940290528	No data	No data	anti-Mullerian hormone
MC4R	0.0018478992734235094	No data	No data	No data	No data	0.015198269940290528	No data	No data	melanocortin 4 receptor
DNAH9	0.0018478992734235094	No data	No data	No data	No data	0.015198269940290528	No data	No data	dynein axonemal heavy chain 9
PKD1	0.0018478992734235094	No data	No data	No data	No data	0.015198269940290528	No data	No data	polycystin 1, transient receptor potential channel interacting
ACO1	0.0018478992734235094	No data	No data	No data	No data	0.015198269940290528	No data	No data	aconitase 1
LPA	0.0018478992734235094	No data	No data	No data	No data	0.015198269940290528	No data	No data	lipoprotein(a)
IMPDH2	0.0018478992734235094	No data	No data	No data	No data	0.015198269940290528	No data	No data	inosine monophosphate dehydrogenase 2
TRPM6	0.0018478992734235094	No data	No data	No data	No data	0.015198269940290528	No data	No data	transient receptor potential cation channel subfamily M member 6
PRKG1	0.0018478992734235094	No data	No data	No data	No data	0.015198269940290528	No data	No data	protein kinase cGMP-dependent 1
PTPRG	0.0018478992734235094	No data	No data	No data	No data	0.015198269940290528	No data	No data	protein tyrosine phosphatase receptor type G
BTBD8	0.0018478992734235094	No data	No data	No data	No data	0.015198269940290528	No data	No data	BTB domain containing 8
BTRC	0.0018478992734235094	No data	No data	No data	No data	0.015198269940290528	No data	No data	beta-transducin repeat containing E3 ubiquitin protein ligase
COL20A1	0.0018478992734235094	No data	No data	No data	No data	0.015198269940290528	No data	No data	collagen type XX alpha 1 chain
IHH	0.0018478992734235094	No data	No data	No data	No data	0.015198269940290528	No data	No data	Indian hedgehog signaling molecule
PHB2	0.0018478992734235094	No data	No data	No data	No data	0.015198269940290528	No data	No data	prohibitin 2
RGL1	0.0018411910109488905	No data	No data	No data	No data	No data	0.015143097028332676	No data	ral guanine nucleotide dissociation stimulator like 1
TP53I11	0.0017664509438577016	No data	No data	No data	No data	No data	0.014528388352733245	No data	tumor protein p53 inducible protein 11
IGKV4-1	0.0017032857632259823	No data	No data	No data	No data	No data	0.014008878723677797	No data	immunoglobulin kappa variable 4-1
MLLT11	0.001683371368092006	No data	No data	No data	No data	No data	0.013845090384509803	No data	MLLT11 transcription factor 7 cofactor
RAB6A	0.0016382795130610787	No data	No data	No data	No data	No data	0.013474226996702506	No data	RAB6A, member RAS oncogene family
KPNA4	0.0014783194187388072	No data	No data	No data	No data	0.012158615952232422	No data	No data	karyopherin subunit alpha 4
NECTIN2	0.0014783194187388072	No data	No data	No data	No data	0.012158615952232422	No data	No data	nectin cell adhesion molecule 2
SLC39A1	0.0014783194187388072	No data	No data	No data	No data	0.012158615952232422	No data	No data	solute carrier family 39 member 1
ANGPTL3	0.0014783194187388072	No data	No data	No data	No data	0.012158615952232422	No data	No data	angiopoietin like 3
TRIM24	0.0014783194187388072	No data	No data	No data	No data	0.012158615952232422	No data	No data	tripartite motif containing 24
GGT1	0.0014783194187388072	No data	No data	No data	No data	0.012158615952232422	No data	No data	gamma-glutamyltransferase 1
RFC3	0.0014783194187388072	No data	No data	No data	No data	0.012158615952232422	No data	No data	replication factor C subunit 3
GFPT2	0.0014783194187388072	No data	No data	No data	No data	0.012158615952232422	No data	No data	glutamine-fructose-6-phosphate transaminase 2
PGLYRP3	0.0014783194187388072	No data	No data	No data	No data	0.012158615952232422	No data	No data	peptidoglycan recognition protein 3
APOC2	0.0014783194187388072	No data	No data	No data	No data	0.012158615952232422	No data	No data	apolipoprotein C2
WTAP	0.0014783194187388072	No data	No data	No data	No data	0.012158615952232422	No data	No data	WT1 associated protein
CDKN3	0.0014783194187388072	No data	No data	No data	No data	0.012158615952232422	No data	No data	cyclin dependent kinase inhibitor 3
SLBP	0.0014783194187388072	No data	No data	No data	No data	0.012158615952232422	No data	No data	stem-loop binding protein
CFAP57	0.0014783194187388072	No data	No data	No data	No data	0.012158615952232422	No data	No data	cilia and flagella associated protein 57
PPP2CB	0.0014783194187388072	No data	No data	No data	No data	0.012158615952232422	No data	No data	protein phosphatase 2 catalytic subunit beta
KCNS3	0.0014783194187388072	No data	No data	No data	No data	0.012158615952232422	No data	No data	potassium voltage-gated channel modifier subfamily S member 3
TREX1	0.0014783194187388072	No data	No data	No data	No data	0.012158615952232422	No data	No data	three prime repair exonuclease 1
CTSH	0.0014783194187388072	No data	No data	No data	No data	0.012158615952232422	No data	No data	cathepsin H
RBM20	0.0014783194187388072	No data	No data	No data	No data	0.012158615952232422	No data	No data	RNA binding motif protein 20
P2RY6	0.0014783194187388072	No data	No data	No data	No data	0.012158615952232422	No data	No data	pyrimidinergic receptor P2Y6
STS	0.0014783194187388072	No data	No data	No data	No data	0.012158615952232422	No data	No data	steroid sulfatase
SEPTIN7	0.0014783194187388072	No data	No data	No data	No data	0.012158615952232422	No data	No data	septin 7
CST1	0.0014783194187388072	No data	No data	No data	No data	0.012158615952232422	No data	No data	cystatin SN
CIDEA	0.0014783194187388072	No data	No data	No data	No data	0.012158615952232422	No data	No data	cell death inducing DFFA like effector a
KCNH1	0.0014783194187388072	No data	No data	No data	No data	0.012158615952232422	No data	No data	potassium voltage-gated channel subfamily H member 1
CFAP97	0.0014783194187388072	No data	No data	No data	No data	0.012158615952232422	No data	No data	cilia and flagella associated protein 97
NFKBIZ	0.0014783194187388072	No data	No data	No data	No data	0.012158615952232422	No data	No data	NFKB inhibitor zeta
SCD5	0.0014783194187388072	No data	No data	No data	No data	0.012158615952232422	No data	No data	stearoyl-CoA desaturase 5
PDCL3	0.0014783194187388072	No data	No data	No data	No data	0.012158615952232422	No data	No data	phosducin like 3
MMP28	0.0014783194187388072	No data	No data	No data	No data	0.012158615952232422	No data	No data	matrix metallopeptidase 28
MYO1D	0.0014783194187388072	No data	No data	No data	No data	0.012158615952232422	No data	No data	myosin ID
ZNF71	0.0014783194187388072	No data	No data	No data	No data	0.012158615952232422	No data	No data	zinc finger protein 71
ODAD2	0.0014783194187388072	No data	No data	No data	No data	0.012158615952232422	No data	No data	outer dynein arm docking complex subunit 2
CHST7	0.0014783194187388072	No data	No data	No data	No data	0.012158615952232422	No data	No data	carbohydrate sulfotransferase 7
NEIL2	0.0014783194187388072	No data	No data	No data	No data	0.012158615952232422	No data	No data	nei like DNA glycosylase 2
BRD1	0.0014783194187388072	No data	No data	No data	No data	0.012158615952232422	No data	No data	bromodomain containing 1
CUL3	0.0014783194187388072	No data	No data	No data	No data	0.012158615952232422	No data	No data	cullin 3
PLAC1	0.0014783194187388072	No data	No data	No data	No data	0.012158615952232422	No data	No data	placenta enriched 1
SLC26A7	0.0014783194187388072	No data	No data	No data	No data	0.012158615952232422	No data	No data	solute carrier family 26 member 7
PFDN6	0.0014783194187388072	No data	No data	No data	No data	0.012158615952232422	No data	No data	prefoldin subunit 6
RAB14	0.0014783194187388072	No data	No data	No data	No data	0.012158615952232422	No data	No data	RAB14, member RAS oncogene family
SELENOS	0.0014783194187388072	No data	No data	No data	No data	0.012158615952232422	No data	No data	selenoprotein S
DSG1	0.0014783194187388072	No data	No data	No data	No data	0.012158615952232422	No data	No data	desmoglein 1
PTGFRN	0.0014783194187388072	No data	No data	No data	No data	0.012158615952232422	No data	No data	prostaglandin F2 receptor inhibitor
REXO1L1P	0.0014783194187388072	No data	No data	No data	No data	0.012158615952232422	No data	No data	REXO1 like 1, pseudogene
CNFN	0.0014783194187388072	No data	No data	No data	No data	0.012158615952232422	No data	No data	cornifelin
FBXO34	0.0014783194187388072	No data	No data	No data	No data	0.012158615952232422	No data	No data	F-box protein 34
ICA1	0.0014783194187388072	No data	No data	No data	No data	0.012158615952232422	No data	No data	islet cell autoantigen 1
CHDH	0.0014783194187388072	No data	No data	No data	No data	0.012158615952232422	No data	No data	choline dehydrogenase
DDX17	0.0014783194187388072	No data	No data	No data	No data	0.012158615952232422	No data	No data	DEAD-box helicase 17
WLS	0.0014783194187388072	No data	No data	No data	No data	0.012158615952232422	No data	No data	Wnt ligand secretion mediator
LTBP2	0.0014783194187388072	No data	No data	No data	No data	0.012158615952232422	No data	No data	latent transforming growth factor beta binding protein 2
STARD3	0.0014783194187388072	No data	No data	No data	No data	0.012158615952232422	No data	No data	StAR related lipid transfer domain containing 3
RNF126	0.0014783194187388072	No data	No data	No data	No data	0.012158615952232422	No data	No data	ring finger protein 126
NPTN	0.0014783194187388072	No data	No data	No data	No data	0.012158615952232422	No data	No data	neuroplastin
FBRSL1	0.0014783194187388072	No data	No data	No data	No data	0.012158615952232422	No data	No data	fibrosin like 1
ENO3	0.0014783194187388072	No data	No data	No data	No data	0.012158615952232422	No data	No data	enolase 3
CILK1	0.0014783194187388072	No data	No data	No data	No data	0.012158615952232422	No data	No data	ciliogenesis associated kinase 1
CYP2G1P	0.0014783194187388072	No data	No data	No data	No data	0.012158615952232422	No data	No data	cytochrome P450 family 2 subfamily G member 1, pseudogene
ACD	0.0014783194187388072	No data	No data	No data	No data	0.012158615952232422	No data	No data	ACD shelterin complex subunit and telomerase recruitment factor
TMEFF2	0.0014783194187388072	No data	No data	No data	No data	0.012158615952232422	No data	No data	transmembrane protein with EGF like and two follistatin like domains 2
RICTOR	0.0014783194187388072	No data	No data	No data	No data	0.012158615952232422	No data	No data	RPTOR independent companion of MTOR complex 2
TAF1	0.0014783194187388072	No data	No data	No data	No data	0.012158615952232422	No data	No data	TATA-box binding protein associated factor 1
DMD	0.0014783194187388072	No data	No data	No data	No data	0.012158615952232422	No data	No data	dystrophin
TOM1	0.0014783194187388072	No data	No data	No data	No data	0.012158615952232422	No data	No data	target of myb1 membrane trafficking protein
FUT7	0.0014783194187388072	No data	No data	No data	No data	0.012158615952232422	No data	No data	fucosyltransferase 7
CALCR	0.0014783194187388072	No data	No data	No data	No data	0.012158615952232422	No data	No data	calcitonin receptor
JAZF1	0.0014783194187388072	No data	No data	No data	No data	0.012158615952232422	No data	No data	JAZF zinc finger 1
GUCD1	0.0014783194187388072	No data	No data	No data	No data	0.012158615952232422	No data	No data	guanylyl cyclase domain containing 1
PSEN1	0.0014783194187388072	No data	No data	No data	No data	0.012158615952232422	No data	No data	presenilin 1
TMEM132D	0.0014783194187388072	No data	No data	No data	No data	0.012158615952232422	No data	No data	transmembrane protein 132D
RBKS	0.0014783194187388072	No data	No data	No data	No data	0.012158615952232422	No data	No data	ribokinase
PRR5	0.0014783194187388072	No data	No data	No data	No data	0.012158615952232422	No data	No data	proline rich 5
AGXT	0.0014783194187388072	No data	No data	No data	No data	0.012158615952232422	No data	No data	alanine--glyoxylate aminotransferase
NR2F2	0.0014783194187388072	No data	No data	No data	No data	0.012158615952232422	No data	No data	nuclear receptor subfamily 2 group F member 2
CTH	0.0014783194187388072	No data	No data	No data	No data	0.012158615952232422	No data	No data	cystathionine gamma-lyase
CD300LF	0.0014783194187388072	No data	No data	No data	No data	0.012158615952232422	No data	No data	CD300 molecule like family member f
NME1	0.0014783194187388072	No data	No data	No data	No data	0.012158615952232422	No data	No data	NME/NM23 nucleoside diphosphate kinase 1
LIPE	0.0014783194187388072	No data	No data	No data	No data	0.012158615952232422	No data	No data	lipase E, hormone sensitive type
NMT1	0.0014783194187388072	No data	No data	No data	No data	0.012158615952232422	No data	No data	N-myristoyltransferase 1
LINC00930	0.0014783194187388072	No data	No data	No data	No data	0.012158615952232422	No data	No data	long intergenic non-protein coding RNA 930
COL6A5	0.0014783194187388072	No data	No data	No data	No data	0.012158615952232422	No data	No data	collagen type VI alpha 5 chain
NANOG	0.0014783194187388072	No data	No data	No data	No data	0.012158615952232422	No data	No data	Nanog homeobox
NKD1	0.0014783194187388072	No data	No data	No data	No data	0.012158615952232422	No data	No data	NKD inhibitor of WNT signaling pathway 1
TIE1	0.0014783194187388072	No data	No data	No data	No data	0.012158615952232422	No data	No data	tyrosine kinase with immunoglobulin like and EGF like domains 1
KANK3	0.0014783194187388072	No data	No data	No data	No data	0.012158615952232422	No data	No data	KN motif and ankyrin repeat domains 3
MIDEAS	0.0014783194187388072	No data	No data	No data	No data	0.012158615952232422	No data	No data	mitotic deacetylase associated SANT domain protein
RLN2	0.0014783194187388072	No data	No data	No data	No data	0.012158615952232422	No data	No data	relaxin 2
ARHGAP36	0.0014783194187388072	No data	No data	No data	No data	0.012158615952232422	No data	No data	Rho GTPase activating protein 36
IFT46	0.0014783194187388072	No data	No data	No data	No data	0.012158615952232422	No data	No data	intraflagellar transport 46
TMEM91	0.0014783194187388072	No data	No data	No data	No data	0.012158615952232422	No data	No data	transmembrane protein 91
CDC20B	0.0014783194187388072	No data	No data	No data	No data	0.012158615952232422	No data	No data	cell division cycle 20B
ITM2A	0.0014783194187388072	No data	No data	No data	No data	0.012158615952232422	No data	No data	integral membrane protein 2A
CD5	0.0014783194187388072	No data	No data	No data	No data	0.012158615952232422	No data	No data	CD5 molecule
ZAP70	0.0014783194187388072	No data	No data	No data	No data	0.012158615952232422	No data	No data	zeta chain of T cell receptor associated protein kinase 70
LYNX1	0.0014783194187388072	No data	No data	No data	No data	0.012158615952232422	No data	No data	Ly6/neurotoxin 1
HTR1F	0.0014783194187388072	No data	No data	No data	No data	0.012158615952232422	No data	No data	5-hydroxytryptamine receptor 1F
GAS2L2	0.0014783194187388072	No data	No data	No data	No data	0.012158615952232422	No data	No data	growth arrest specific 2 like 2
TNRC6B	0.0014783194187388072	No data	No data	No data	No data	0.012158615952232422	No data	No data	trinucleotide repeat containing adaptor 6B
MCU	0.0014783194187388072	No data	No data	No data	No data	0.012158615952232422	No data	No data	mitochondrial calcium uniporter
IRS1	0.0014783194187388072	No data	No data	No data	No data	0.012158615952232422	No data	No data	insulin receptor substrate 1
PARVG	0.0014783194187388072	No data	No data	No data	No data	0.012158615952232422	No data	No data	parvin gamma
MAX	0.0014783194187388072	No data	No data	No data	No data	0.012158615952232422	No data	No data	MYC associated factor X
CAPZA1	0.0014783194187388072	No data	No data	No data	No data	0.012158615952232422	No data	No data	capping actin protein of muscle Z-line subunit alpha 1
CYP2G1P	0.0014783194187388072	No data	No data	No data	No data	0.012158615952232422	No data	No data	cytochrome P450 family 2 subfamily G member 1, pseudogene 
CXCL3	0.0014783194187388072	No data	No data	No data	No data	0.012158615952232422	No data	No data	C-X-C motif chemokine ligand 3
PRSS12	0.0014783194187388072	No data	No data	No data	No data	0.012158615952232422	No data	No data	serine protease 12
PSMB2	0.0014783194187388072	No data	No data	No data	No data	0.012158615952232422	No data	No data	proteasome 20S subunit beta 2
HES5	0.0014783194187388072	No data	No data	No data	No data	0.012158615952232422	No data	No data	hes family bHLH transcription factor 5
PDLIM5	0.0014783194187388072	No data	No data	No data	No data	0.012158615952232422	No data	No data	PDZ and LIM domain 5
KCNQ4	0.0014783194187388072	No data	No data	No data	No data	0.012158615952232422	No data	No data	potassium voltage-gated channel subfamily Q member 4
CYP2B7P	0.0014783194187388072	No data	No data	No data	No data	0.012158615952232422	No data	No data	cytochrome P450 family 2 subfamily B member 7, pseudogene 
PPP1R13B	0.0014783194187388072	No data	No data	No data	No data	0.012158615952232422	No data	No data	protein phosphatase 1 regulatory subunit 13B
SPRR3	0.0014783194187388072	No data	No data	No data	No data	0.012158615952232422	No data	No data	small proline rich protein 3
ARNT	0.0014783194187388072	No data	No data	No data	No data	0.012158615952232422	No data	No data	aryl hydrocarbon receptor nuclear translocator
HPS1	0.0014783194187388072	No data	No data	No data	No data	0.012158615952232422	No data	No data	HPS1 biogenesis of lysosomal organelles complex 3 subunit 1
PCSK1	0.0014783194187388072	No data	No data	No data	No data	0.012158615952232422	No data	No data	proprotein convertase subtilisin/kexin type 1
CFB	0.0014783194187388072	No data	No data	No data	No data	0.012158615952232422	No data	No data	complement factor B
TRIAP1	0.0014783194187388072	No data	No data	No data	No data	0.012158615952232422	No data	No data	TP53 regulated inhibitor of apoptosis 1
PSAP	0.0014783194187388072	No data	No data	No data	No data	0.012158615952232422	No data	No data	prosaposin
VPS11	0.0014783194187388072	No data	No data	No data	No data	0.012158615952232422	No data	No data	VPS11 core subunit of CORVET and HOPS complexes
ABO	0.0014783194187388072	No data	No data	No data	No data	0.012158615952232422	No data	No data	ABO, alpha 1-3-N-acetylgalactosaminyltransferase and alpha 1-3-galactosyltransferase
OTULINL	0.0014783194187388072	No data	No data	No data	No data	0.012158615952232422	No data	No data	OTU deubiquitinase with linear linkage specificity like
FCAR	0.0014783194187388072	No data	No data	No data	No data	0.012158615952232422	No data	No data	Fc alpha receptor
GNRHR	0.0014783194187388072	No data	No data	No data	No data	0.012158615952232422	No data	No data	gonadotropin releasing hormone receptor
LIG3	0.0014783194187388072	No data	No data	No data	No data	0.012158615952232422	No data	No data	DNA ligase 3
FCGR3A	0.0014783194187388072	No data	No data	No data	No data	0.012158615952232422	No data	No data	Fc gamma receptor IIIa
RAE1	0.0014783194187388072	No data	No data	No data	No data	0.012158615952232422	No data	No data	ribonucleic acid export 1
FCGR2B	0.0014783194187388072	No data	No data	No data	No data	0.012158615952232422	No data	No data	Fc gamma receptor IIb
MED20	0.0014783194187388072	No data	No data	No data	No data	0.012158615952232422	No data	No data	mediator complex subunit 20
CRHR2	0.0014783194187388072	No data	No data	No data	No data	0.012158615952232422	No data	No data	corticotropin releasing hormone receptor 2
BCL6	0.0014783194187388072	No data	No data	No data	No data	0.012158615952232422	No data	No data	BCL6 transcription repressor
GDAP1	0.0014783194187388072	No data	No data	No data	No data	0.012158615952232422	No data	No data	ganglioside induced differentiation associated protein 1
CLDN6	0.0014783194187388072	No data	No data	No data	No data	0.012158615952232422	No data	No data	claudin 6
TTC3	0.0014783194187388072	No data	No data	No data	No data	0.012158615952232422	No data	No data	tetratricopeptide repeat domain 3
ELOVL1	0.0014783194187388072	No data	No data	No data	No data	0.012158615952232422	No data	No data	ELOVL fatty acid elongase 1
HAL	0.0014783194187388072	No data	No data	No data	No data	0.012158615952232422	No data	No data	histidine ammonia-lyase
ARSD	0.0014783194187388072	No data	No data	No data	No data	0.012158615952232422	No data	No data	arylsulfatase D
PLEKHJ1	0.0014783194187388072	No data	No data	No data	No data	0.012158615952232422	No data	No data	pleckstrin homology domain containing J1
CSTA	0.0014783194187388072	No data	No data	No data	No data	0.012158615952232422	No data	No data	cystatin A
TBX4	0.0014783194187388072	No data	No data	No data	No data	0.012158615952232422	No data	No data	T-box transcription factor 4
ANK1	0.0014783194187388072	No data	No data	No data	No data	0.012158615952232422	No data	No data	ankyrin 1
PDZD4	0.0014783194187388072	No data	No data	No data	No data	0.012158615952232422	No data	No data	PDZ domain containing 4
CAMTA1	0.0014783194187388072	No data	No data	No data	No data	0.012158615952232422	No data	No data	calmodulin binding transcription activator 1
TRERF1	0.0014783194187388072	No data	No data	No data	No data	0.012158615952232422	No data	No data	transcriptional regulating factor 1
TLR10	0.0014783194187388072	No data	No data	No data	No data	0.012158615952232422	No data	No data	toll like receptor 10
FRMPD4	0.0014783194187388072	No data	No data	No data	No data	0.012158615952232422	No data	No data	FERM and PDZ domain containing 4
METTL14	0.0014783194187388072	No data	No data	No data	No data	0.012158615952232422	No data	No data	methyltransferase 14, N6-adenosine-methyltransferase subunit
TFCP2L1	0.0014783194187388072	No data	No data	No data	No data	0.012158615952232422	No data	No data	transcription factor CP2 like 1
RPL6P27	0.0014783194187388072	No data	No data	No data	No data	0.012158615952232422	No data	No data	ribosomal protein L6 pseudogene 27
STAG2	0.0014783194187388072	No data	No data	No data	No data	0.012158615952232422	No data	No data	STAG2 cohesin complex component
GALNT18	0.0014783194187388072	No data	No data	No data	No data	0.012158615952232422	No data	No data	polypeptide N-acetylgalactosaminyltransferase 18
CXCR5	0.0014783194187388072	No data	No data	No data	No data	0.012158615952232422	No data	No data	C-X-C motif chemokine receptor 5
CHGA	0.0014783194187388072	No data	No data	No data	No data	0.012158615952232422	No data	No data	chromogranin A
COPZ1	0.0014783194187388072	No data	No data	No data	No data	0.012158615952232422	No data	No data	COPI coat complex subunit zeta 1
CSPG4P13	0.0014783194187388072	No data	No data	No data	No data	0.012158615952232422	No data	No data	chondroitin sulfate proteoglycan 4 pseudogene 13
BAZ2B	0.0014783194187388072	No data	No data	No data	No data	0.012158615952232422	No data	No data	bromodomain adjacent to zinc finger domain 2B
DERL2	0.0014783194187388072	No data	No data	No data	No data	0.012158615952232422	No data	No data	derlin 2
HYOU1	0.0014783194187388072	No data	No data	No data	No data	0.012158615952232422	No data	No data	hypoxia up-regulated 1
GLRX2	0.0014783194187388072	No data	No data	No data	No data	0.012158615952232422	No data	No data	glutaredoxin 2
SLC7A7	0.0014783194187388072	No data	No data	No data	No data	0.012158615952232422	No data	No data	solute carrier family 7 member 7
SSTR5	0.0014783194187388072	No data	No data	No data	No data	0.012158615952232422	No data	No data	somatostatin receptor 5
SEMA3E	0.0014783194187388072	No data	No data	No data	No data	0.012158615952232422	No data	No data	semaphorin 3E
SERPINA10	0.0014783194187388072	No data	No data	No data	No data	0.012158615952232422	No data	No data	serpin family A member 10
TNFAIP3	0.0014783194187388072	No data	No data	No data	No data	0.012158615952232422	No data	No data	TNF alpha induced protein 3
FOXD1	0.0014783194187388072	No data	No data	No data	No data	0.012158615952232422	No data	No data	forkhead box D1
ST14	0.0014783194187388072	No data	No data	No data	No data	0.012158615952232422	No data	No data	ST14 transmembrane serine protease matriptase
HTR1A	0.0014783194187388072	No data	No data	No data	No data	0.012158615952232422	No data	No data	5-hydroxytryptamine receptor 1A
ARSB	0.0014783194187388072	No data	No data	No data	No data	0.012158615952232422	No data	No data	arylsulfatase B
MALT1	0.0014783194187388072	No data	No data	No data	No data	0.012158615952232422	No data	No data	MALT1 paracaspase
IDUA	0.0014783194187388072	No data	No data	No data	No data	0.012158615952232422	No data	No data	alpha-L-iduronidase
TFCP2	0.0014783194187388072	No data	No data	No data	No data	0.012158615952232422	No data	No data	transcription factor CP2
UNC93B1	0.0014783194187388072	No data	No data	No data	No data	0.012158615952232422	No data	No data	unc-93 homolog B1, TLR signaling regulator
DIP2C	0.0014783194187388072	No data	No data	No data	No data	0.012158615952232422	No data	No data	disco interacting protein 2 homolog C
SCG2	0.0014783194187388072	No data	No data	No data	No data	0.012158615952232422	No data	No data	secretogranin II
H3P33	0.0014783194187388072	No data	No data	No data	No data	0.012158615952232422	No data	No data	H3 histone pseudogene 33
STAB1	0.0014783194187388072	No data	No data	No data	No data	0.012158615952232422	No data	No data	stabilin 1
DDX56	0.0014783194187388072	No data	No data	No data	No data	0.012158615952232422	No data	No data	DEAD-box helicase 56
CLDND1	0.0014783194187388072	No data	No data	No data	No data	0.012158615952232422	No data	No data	claudin domain containing 1
IFNGR1	0.0014783194187388072	No data	No data	No data	No data	0.012158615952232422	No data	No data	interferon gamma receptor 1
ITGB5	0.0014783194187388072	No data	No data	No data	No data	0.012158615952232422	No data	No data	integrin subunit beta 5
NR0B1	0.0014783194187388072	No data	No data	No data	No data	0.012158615952232422	No data	No data	nuclear receptor subfamily 0 group B member 1
PNN	0.0014783194187388072	No data	No data	No data	No data	0.012158615952232422	No data	No data	pinin, desmosome associated protein
ADAT2	0.0014783194187388072	No data	No data	No data	No data	0.012158615952232422	No data	No data	adenosine deaminase tRNA specific 2
HAUS3	0.0014783194187388072	No data	No data	No data	No data	0.012158615952232422	No data	No data	HAUS augmin like complex subunit 3
MSN	0.0014783194187388072	No data	No data	No data	No data	0.012158615952232422	No data	No data	moesin
EIF1AY	0.0014783194187388072	No data	No data	No data	No data	0.012158615952232422	No data	No data	eukaryotic translation initiation factor 1A Y-linked
TNNT1	0.0014783194187388072	No data	No data	No data	No data	0.012158615952232422	No data	No data	troponin T1, slow skeletal type
INSIG1	0.0014783194187388072	No data	No data	No data	No data	0.012158615952232422	No data	No data	insulin induced gene 1
SPAG16	0.0014783194187388072	No data	No data	No data	No data	0.012158615952232422	No data	No data	sperm associated antigen 16
PRKCZ	0.0014783194187388072	No data	No data	No data	No data	0.012158615952232422	No data	No data	protein kinase C zeta
GTF3C5	0.0014783194187388072	No data	No data	No data	No data	0.012158615952232422	No data	No data	general transcription factor IIIC subunit 5
ICAM4-AS1	0.0014783194187388072	No data	No data	No data	No data	0.012158615952232422	No data	No data	ICAM4 antisense RNA 1
ILK	0.0014783194187388072	No data	No data	No data	No data	0.012158615952232422	No data	No data	integrin linked kinase
MIR1208	0.0014783194187388072	No data	No data	No data	No data	0.012158615952232422	No data	No data	microRNA 1208
MROH2B	0.0014783194187388072	No data	No data	No data	No data	0.012158615952232422	No data	No data	maestro heat like repeat family member 2B
H3P42	0.0014783194187388072	No data	No data	No data	No data	0.012158615952232422	No data	No data	H3 histone pseudogene 42
CBL	0.0014783194187388072	No data	No data	No data	No data	0.012158615952232422	No data	No data	Cbl proto-oncogene
ADHFE1	0.0014783194187388072	No data	No data	No data	No data	0.012158615952232422	No data	No data	alcohol dehydrogenase iron containing 1
TCHP	0.0014783194187388072	No data	No data	No data	No data	0.012158615952232422	No data	No data	trichoplein keratin filament binding
PGM1	0.0014783194187388072	No data	No data	No data	No data	0.012158615952232422	No data	No data	phosphoglucomutase 1
MAS1	0.0014783194187388072	No data	No data	No data	No data	0.012158615952232422	No data	No data	MAS1 proto-oncogene, G protein-coupled receptor
ARG2	0.0014783194187388072	No data	No data	No data	No data	0.012158615952232422	No data	No data	arginase 2
CRK	0.0014783194187388072	No data	No data	No data	No data	0.012158615952232422	No data	No data	CRK proto-oncogene, adaptor protein
ATP8B1	0.0014783194187388072	No data	No data	No data	No data	0.012158615952232422	No data	No data	ATPase phospholipid transporting 8B1
RPS6KA2	0.0014783194187388072	No data	No data	No data	No data	0.012158615952232422	No data	No data	ribosomal protein S6 kinase A2
SEMA7A	0.0014783194187388072	No data	No data	No data	No data	0.012158615952232422	No data	No data	semaphorin 7A (John Milton Hagen blood group)
TRHR	0.0014783194187388072	No data	No data	No data	No data	0.012158615952232422	No data	No data	thyrotropin releasing hormone receptor
KCNJ2	0.0014783194187388072	No data	No data	No data	No data	0.012158615952232422	No data	No data	potassium inwardly rectifying channel subfamily J member 2
CLEC12A	0.0014783194187388072	No data	No data	No data	No data	0.012158615952232422	No data	No data	C-type lectin domain family 12 member A
AK7	0.0014783194187388072	No data	No data	No data	No data	0.012158615952232422	No data	No data	adenylate kinase 7
PCDH20	0.0014783194187388072	No data	No data	No data	No data	0.012158615952232422	No data	No data	protocadherin 20
ATF5	0.0014783194187388072	No data	No data	No data	No data	0.012158615952232422	No data	No data	activating transcription factor 5
C16orf46	0.0014783194187388072	No data	No data	No data	No data	0.012158615952232422	No data	No data	chromosome 16 open reading frame 46
CDK11B	0.0014783194187388072	No data	No data	No data	No data	0.012158615952232422	No data	No data	cyclin dependent kinase 11B
MAP2K2	0.0014783194187388072	No data	No data	No data	No data	0.012158615952232422	No data	No data	mitogen-activated protein kinase kinase 2
CYBRD1	0.0014783194187388072	No data	No data	No data	No data	0.012158615952232422	No data	No data	cytochrome b reductase 1
VEGFD	0.0014783194187388072	No data	No data	No data	No data	0.012158615952232422	No data	No data	vascular endothelial growth factor D
RNASE7	0.0014783194187388072	No data	No data	No data	No data	0.012158615952232422	No data	No data	ribonuclease A family member 7
SLC2A9	0.0014783194187388072	No data	No data	No data	No data	0.012158615952232422	No data	No data	solute carrier family 2 member 9
ABCC5	0.0014783194187388072	No data	No data	No data	No data	0.012158615952232422	No data	No data	ATP binding cassette subfamily C member 5
SSTR2	0.0014783194187388072	No data	No data	No data	No data	0.012158615952232422	No data	No data	somatostatin receptor 2
MEGF8	0.0014783194187388072	No data	No data	No data	No data	0.012158615952232422	No data	No data	multiple EGF like domains 8
HLA-S	0.0014783194187388072	No data	No data	No data	No data	0.012158615952232422	No data	No data	major histocompatibility complex, class I, S (pseudogene)
TDGF1P3	0.0014783194187388072	No data	No data	No data	No data	0.012158615952232422	No data	No data	teratocarcinoma-derived growth factor 1 pseudogene 3
TRPM7	0.0014783194187388072	No data	No data	No data	No data	0.012158615952232422	No data	No data	transient receptor potential cation channel subfamily M member 7
PAK6	0.0014783194187388072	No data	No data	No data	No data	0.012158615952232422	No data	No data	p21 (RAC1) activated kinase 6
PYROXD2	0.0014783194187388072	No data	No data	No data	No data	0.012158615952232422	No data	No data	pyridine nucleotide-disulphide oxidoreductase domain 2
SENP1	0.0014783194187388072	No data	No data	No data	No data	0.012158615952232422	No data	No data	SUMO specific peptidase 1
IGF1R	0.0014783194187388072	No data	No data	No data	No data	0.012158615952232422	No data	No data	insulin like growth factor 1 receptor
CNTF	0.0014783194187388072	No data	No data	No data	No data	0.012158615952232422	No data	No data	ciliary neurotrophic factor
XBP1	0.0014783194187388072	No data	No data	No data	No data	0.012158615952232422	No data	No data	X-box binding protein 1
VPS51	0.0014783194187388072	No data	No data	No data	No data	0.012158615952232422	No data	No data	VPS51 subunit of GARP complex
ZNHIT6	0.0014783194187388072	No data	No data	No data	No data	0.012158615952232422	No data	No data	zinc finger HIT-type containing 6
RPS18	0.0014783194187388072	No data	No data	No data	No data	0.012158615952232422	No data	No data	ribosomal protein S18
SLAMF6	0.0014783194187388072	No data	No data	No data	No data	0.012158615952232422	No data	No data	SLAM family member 6
CYP2S1	0.0014783194187388072	No data	No data	No data	No data	0.012158615952232422	No data	No data	cytochrome P450 family 2 subfamily S member 1
OPHN1	0.0014783194187388072	No data	No data	No data	No data	0.012158615952232422	No data	No data	oligophrenin 1
ZNF780A	0.0014783194187388072	No data	No data	No data	No data	0.012158615952232422	No data	No data	zinc finger protein 780A
SERPINA6	0.0014783194187388072	No data	No data	No data	No data	0.012158615952232422	No data	No data	serpin family A member 6
USP14	0.0014783194187388072	No data	No data	No data	No data	0.012158615952232422	No data	No data	ubiquitin specific peptidase 14
ACTA2	0.0014783194187388072	No data	No data	No data	No data	0.012158615952232422	No data	No data	actin alpha 2, smooth muscle
PI15	0.0014783194187388072	No data	No data	No data	No data	0.012158615952232422	No data	No data	peptidase inhibitor 15
KLF12	0.0014783194187388072	No data	No data	No data	No data	0.012158615952232422	No data	No data	KLF transcription factor 12
XRCC6P5	0.0014783194187388072	No data	No data	No data	No data	0.012158615952232422	No data	No data	X-ray repair cross complementing 6 pseudogene 5
DHH	0.0014783194187388072	No data	No data	No data	No data	0.012158615952232422	No data	No data	desert hedgehog signaling molecule
KIAA1958	0.0014783194187388072	No data	No data	No data	No data	0.012158615952232422	No data	No data	KIAA1958
MMEL1	0.0014783194187388072	No data	No data	No data	No data	0.012158615952232422	No data	No data	membrane metalloendopeptidase like 1
B3GNT8	0.0014783194187388072	No data	No data	No data	No data	0.012158615952232422	No data	No data	UDP-GlcNAc:betaGal beta-1,3-N-acetylglucosaminyltransferase 8
ANXA2P2	0.0014783194187388072	No data	No data	No data	No data	0.012158615952232422	No data	No data	annexin A2 pseudogene 2
MYL6B	0.0014783194187388072	No data	No data	No data	No data	0.012158615952232422	No data	No data	myosin light chain 6B
NADSYN1	0.0014783194187388072	No data	No data	No data	No data	0.012158615952232422	No data	No data	NAD synthetase 1
POLR2G	0.0014783194187388072	No data	No data	No data	No data	0.012158615952232422	No data	No data	RNA polymerase II subunit G
WDR90	0.0014783194187388072	No data	No data	No data	No data	0.012158615952232422	No data	No data	WD repeat domain 90
FOXA1	0.0014783194187388072	No data	No data	No data	No data	0.012158615952232422	No data	No data	forkhead box A1
OR5B12	0.0014783194187388072	No data	No data	No data	No data	0.012158615952232422	No data	No data	olfactory receptor family 5 subfamily B member 12
OLFM2	0.0014783194187388072	No data	No data	No data	No data	0.012158615952232422	No data	No data	olfactomedin 2
ARSL	0.0014783194187388072	No data	No data	No data	No data	0.012158615952232422	No data	No data	arylsulfatase L
CYP4B1	0.0014783194187388072	No data	No data	No data	No data	0.012158615952232422	No data	No data	cytochrome P450 family 4 subfamily B member 1
CHAC1	0.0014783194187388072	No data	No data	No data	No data	0.012158615952232422	No data	No data	ChaC glutathione specific gamma-glutamylcyclotransferase 1
IDH3A	0.0014783194187388072	No data	No data	No data	No data	0.012158615952232422	No data	No data	isocitrate dehydrogenase (NAD(+)) 3 catalytic subunit alpha
VIT	0.0014783194187388072	No data	No data	No data	No data	0.012158615952232422	No data	No data	vitrin
PRUNE2	0.0014783194187388072	No data	No data	No data	No data	0.012158615952232422	No data	No data	prune homolog 2 with BCH domain
PRDM9	0.0014783194187388072	No data	No data	No data	No data	0.012158615952232422	No data	No data	PR/SET domain 9
TRPC5	0.0014783194187388072	No data	No data	No data	No data	0.012158615952232422	No data	No data	transient receptor potential cation channel subfamily C member 5
ST8SIA1	0.0014783194187388072	No data	No data	No data	No data	0.012158615952232422	No data	No data	ST8 alpha-N-acetyl-neuraminide alpha-2,8-sialyltransferase 1
RTL10	0.0014783194187388072	No data	No data	No data	No data	0.012158615952232422	No data	No data	retrotransposon Gag like 10
SERTAD3	0.0014783194187388072	No data	No data	No data	No data	0.012158615952232422	No data	No data	SERTA domain containing 3
GAST	0.0014783194187388072	No data	No data	No data	No data	0.012158615952232422	No data	No data	gastrin
GPS2	0.0014783194187388072	No data	No data	No data	No data	0.012158615952232422	No data	No data	G protein pathway suppressor 2
FTH1	0.0014783194187388072	No data	No data	No data	No data	0.012158615952232422	No data	No data	ferritin heavy chain 1
ABAT	0.0014783194187388072	No data	No data	No data	No data	0.012158615952232422	No data	No data	4-aminobutyrate aminotransferase
LARRPM	0.0014783194187388072	No data	No data	No data	No data	0.012158615952232422	No data	No data	LINC00240 antisense RNA regulating promoter methylation
PLEK2	0.0014783194187388072	No data	No data	No data	No data	0.012158615952232422	No data	No data	pleckstrin 2
IL20RB	0.0014783194187388072	No data	No data	No data	No data	0.012158615952232422	No data	No data	interleukin 20 receptor subunit beta
CSTB	0.0014783194187388072	No data	No data	No data	No data	0.012158615952232422	No data	No data	cystatin B
ACTR3	0.0014783194187388072	No data	No data	No data	No data	0.012158615952232422	No data	No data	actin related protein 3
HLA-DOA	0.0014783194187388072	No data	No data	No data	No data	0.012158615952232422	No data	No data	major histocompatibility complex, class II, DO alpha
ABCA5	0.0014783194187388072	No data	No data	No data	No data	0.012158615952232422	No data	No data	ATP binding cassette subfamily A member 5
DNM2	0.0014783194187388072	No data	No data	No data	No data	0.012158615952232422	No data	No data	dynamin 2
SSB	0.0014783194187388072	No data	No data	No data	No data	0.012158615952232422	No data	No data	small RNA binding exonuclease protection factor La
SPARCL1	0.0014783194187388072	No data	No data	No data	No data	0.012158615952232422	No data	No data	SPARC like 1
RPGR	0.0014783194187388072	No data	No data	No data	No data	0.012158615952232422	No data	No data	retinitis pigmentosa GTPase regulator
PRKD1	0.0014783194187388072	No data	No data	No data	No data	0.012158615952232422	No data	No data	protein kinase D1
GCLM	0.0014783194187388072	No data	No data	No data	No data	0.012158615952232422	No data	No data	glutamate-cysteine ligase modifier subunit
PDGFC	0.0014783194187388072	No data	No data	No data	No data	0.012158615952232422	No data	No data	platelet derived growth factor C
PROCR	0.0014783194187388072	No data	No data	No data	No data	0.012158615952232422	No data	No data	protein C receptor
SKAP2	0.0014783194187388072	No data	No data	No data	No data	0.012158615952232422	No data	No data	src kinase associated phosphoprotein 2
GFI1	0.0014783194187388072	No data	No data	No data	No data	0.012158615952232422	No data	No data	growth factor independent 1 transcriptional repressor
POU2AF3	0.0014783194187388072	No data	No data	No data	No data	0.012158615952232422	No data	No data	POU class 2 homeobox associating factor 3
MUSK	0.0014783194187388072	No data	No data	No data	No data	0.012158615952232422	No data	No data	muscle associated receptor tyrosine kinase
GPC1	0.0014783194187388072	No data	No data	No data	No data	0.012158615952232422	No data	No data	glypican 1
GPR39	0.0014783194187388072	No data	No data	No data	No data	0.012158615952232422	No data	No data	G protein-coupled receptor 39
NUMBL	0.0014783194187388072	No data	No data	No data	No data	0.012158615952232422	No data	No data	NUMB like endocytic adaptor protein
PARG	0.0014783194187388072	No data	No data	No data	No data	0.012158615952232422	No data	No data	poly(ADP-ribose) glycohydrolase
MAPK13	0.0014783194187388072	No data	No data	No data	No data	0.012158615952232422	No data	No data	mitogen-activated protein kinase 13
PODXL	0.0014783194187388072	No data	No data	No data	No data	0.012158615952232422	No data	No data	podocalyxin like
LSM10	0.0014783194187388072	No data	No data	No data	No data	0.012158615952232422	No data	No data	LSM10, U7 small nuclear RNA associated
ADARB2	0.0014783194187388072	No data	No data	No data	No data	0.012158615952232422	No data	No data	adenosine deaminase RNA specific B2 (inactive)
PSMD13	0.0014783194187388072	No data	No data	No data	No data	0.012158615952232422	No data	No data	proteasome 26S subunit, non-ATPase 13
UBTF	0.0014783194187388072	No data	No data	No data	No data	0.012158615952232422	No data	No data	upstream binding transcription factor
AATF	0.0014783194187388072	No data	No data	No data	No data	0.012158615952232422	No data	No data	apoptosis antagonizing transcription factor
CXCL6	0.0014783194187388072	No data	No data	No data	No data	0.012158615952232422	No data	No data	C-X-C motif chemokine ligand 6
PRDX5	0.0014783194187388072	No data	No data	No data	No data	0.012158615952232422	No data	No data	peroxiredoxin 5
FSTL3	0.0014783194187388072	No data	No data	No data	No data	0.012158615952232422	No data	No data	follistatin like 3
EBF1	0.0014783194187388072	No data	No data	No data	No data	0.012158615952232422	No data	No data	EBF transcription factor 1
PDE8B	0.0014783194187388072	No data	No data	No data	No data	0.012158615952232422	No data	No data	phosphodiesterase 8B
VAMP3	0.0014783194187388072	No data	No data	No data	No data	0.012158615952232422	No data	No data	vesicle associated membrane protein 3
B9D2	0.0014783194187388072	No data	No data	No data	No data	0.012158615952232422	No data	No data	B9 domain containing 2
NRN1	0.0014783194187388072	No data	No data	No data	No data	0.012158615952232422	No data	No data	neuritin 1
UGCG	0.0014783194187388072	No data	No data	No data	No data	0.012158615952232422	No data	No data	UDP-glucose ceramide glucosyltransferase
TSEN54	0.0014783194187388072	No data	No data	No data	No data	0.012158615952232422	No data	No data	tRNA splicing endonuclease subunit 54
HHEX	0.0014783194187388072	No data	No data	No data	No data	0.012158615952232422	No data	No data	hematopoietically expressed homeobox
GNB3	0.0014783194187388072	No data	No data	No data	No data	0.012158615952232422	No data	No data	G protein subunit beta 3
SLC22A23	0.0014783194187388072	No data	No data	No data	No data	0.012158615952232422	No data	No data	solute carrier family 22 member 23
COL6A6	0.0014783194187388072	No data	No data	No data	No data	0.012158615952232422	No data	No data	collagen type VI alpha 6 chain
OSTN	0.0014783194187388072	No data	No data	No data	No data	0.012158615952232422	No data	No data	osteocrin
MNDA	0.0014783194187388072	No data	No data	No data	No data	0.012158615952232422	No data	No data	myeloid cell nuclear differentiation antigen
CA13	0.0014783194187388072	No data	No data	No data	No data	0.012158615952232422	No data	No data	carbonic anhydrase 13
PNP	0.0014783194187388072	No data	No data	No data	No data	0.012158615952232422	No data	No data	purine nucleoside phosphorylase
MRPS33	0.0014783194187388072	No data	No data	No data	No data	0.012158615952232422	No data	No data	mitochondrial ribosomal protein S33
F11R	0.0014783194187388072	No data	No data	No data	No data	0.012158615952232422	No data	No data	F11 receptor
SLC6A14	0.0014783194187388072	No data	No data	No data	No data	0.012158615952232422	No data	No data	solute carrier family 6 member 14
DCX	0.0014783194187388072	No data	No data	No data	No data	0.012158615952232422	No data	No data	doublecortin
CHD4	0.0014783194187388072	No data	No data	No data	No data	0.012158615952232422	No data	No data	chromodomain helicase DNA binding protein 4
TAMALIN	0.0014783194187388072	No data	No data	No data	No data	0.012158615952232422	No data	No data	trafficking regulator and scaffold protein tamalin
TIRAP	0.0014783194187388072	No data	No data	No data	No data	0.012158615952232422	No data	No data	TIR domain containing adaptor protein
GTF2IRD2B	0.0014783194187388072	No data	No data	No data	No data	0.012158615952232422	No data	No data	GTF2I repeat domain containing 2B
SLC6A8	0.0014783194187388072	No data	No data	No data	No data	0.012158615952232422	No data	No data	solute carrier family 6 member 8
RAD50	0.0014783194187388072	No data	No data	No data	No data	0.012158615952232422	No data	No data	RAD50 double strand break repair protein
KDM4B	0.0014783194187388072	No data	No data	No data	No data	0.012158615952232422	No data	No data	lysine demethylase 4B
CTC1	0.0014783194187388072	No data	No data	No data	No data	0.012158615952232422	No data	No data	CST telomere replication complex component 1
DYNLRB2	0.0014783194187388072	No data	No data	No data	No data	0.012158615952232422	No data	No data	dynein light chain roadblock-type 2
RASSF2	0.0014783194187388072	No data	No data	No data	No data	0.012158615952232422	No data	No data	Ras association domain family member 2
THSD7B	0.0014783194187388072	No data	No data	No data	No data	0.012158615952232422	No data	No data	thrombospondin type 1 domain containing 7B
RBM5	0.0014783194187388072	No data	No data	No data	No data	0.012158615952232422	No data	No data	RNA binding motif protein 5
PGM3	0.0014783194187388072	No data	No data	No data	No data	0.012158615952232422	No data	No data	phosphoglucomutase 3
AP1G1	0.0014783194187388072	No data	No data	No data	No data	0.012158615952232422	No data	No data	adaptor related protein complex 1 subunit gamma 1
GSTA2	0.0014783194187388072	No data	No data	No data	No data	0.012158615952232422	No data	No data	glutathione S-transferase alpha 2
IGFBP1	0.0014783194187388072	No data	No data	No data	No data	0.012158615952232422	No data	No data	insulin like growth factor binding protein 1
DUOXA1	0.0014783194187388072	No data	No data	No data	No data	0.012158615952232422	No data	No data	dual oxidase maturation factor 1
BDKRB1	0.0014783194187388072	No data	No data	No data	No data	0.012158615952232422	No data	No data	bradykinin receptor B1
CPS1	0.0014783194187388072	No data	No data	No data	No data	0.012158615952232422	No data	No data	carbamoyl-phosphate synthase 1
SP6	0.0014783194187388072	No data	No data	No data	No data	0.012158615952232422	No data	No data	Sp6 transcription factor
NPS	0.0014783194187388072	No data	No data	No data	No data	0.012158615952232422	No data	No data	neuropeptide S
TMEM18	0.0014783194187388072	No data	No data	No data	No data	0.012158615952232422	No data	No data	transmembrane protein 18
ACTN3	0.0014783194187388072	No data	No data	No data	No data	0.012158615952232422	No data	No data	actinin alpha 3
PSMD6	0.0014783194187388072	No data	No data	No data	No data	0.012158615952232422	No data	No data	proteasome 26S subunit, non-ATPase 6
NFE2L1	0.0014783194187388072	No data	No data	No data	No data	0.012158615952232422	No data	No data	NFE2 like bZIP transcription factor 1
SRSF11	0.0014783194187388072	No data	No data	No data	No data	0.012158615952232422	No data	No data	serine and arginine rich splicing factor 11
STATH	0.0014783194187388072	No data	No data	No data	No data	0.012158615952232422	No data	No data	statherin
GPM6A	0.0014783194187388072	No data	No data	No data	No data	0.012158615952232422	No data	No data	glycoprotein M6A
LRRC26	0.0014783194187388072	No data	No data	No data	No data	0.012158615952232422	No data	No data	leucine rich repeat containing 26
CBLN1	0.0014783194187388072	No data	No data	No data	No data	0.012158615952232422	No data	No data	cerebellin 1 precursor
FADS1	0.0014783194187388072	No data	No data	No data	No data	0.012158615952232422	No data	No data	fatty acid desaturase 1
EGFL7	0.0014783194187388072	No data	No data	No data	No data	0.012158615952232422	No data	No data	EGF like domain multiple 7
IBTK	0.0014783194187388072	No data	No data	No data	No data	0.012158615952232422	No data	No data	inhibitor of Bruton tyrosine kinase
HADH	0.0014783194187388072	No data	No data	No data	No data	0.012158615952232422	No data	No data	hydroxyacyl-CoA dehydrogenase
KANK1	0.0014783194187388072	No data	No data	No data	No data	0.012158615952232422	No data	No data	KN motif and ankyrin repeat domains 1
BLVRB	0.0014783194187388072	No data	No data	No data	No data	0.012158615952232422	No data	No data	biliverdin reductase B
RPL14	0.0014783194187388072	No data	No data	No data	No data	0.012158615952232422	No data	No data	ribosomal protein L14
PON2	0.0014783194187388072	No data	No data	No data	No data	0.012158615952232422	No data	No data	paraoxonase 2
MPC1	0.0014783194187388072	No data	No data	No data	No data	0.012158615952232422	No data	No data	mitochondrial pyruvate carrier 1
SKAP1-AS2	0.0014783194187388072	No data	No data	No data	No data	0.012158615952232422	No data	No data	SKAP1 antisense RNA 2
H3P30	0.0014783194187388072	No data	No data	No data	No data	0.012158615952232422	No data	No data	H3 histone pseudogene 30
LRP1	0.0014783194187388072	No data	No data	No data	No data	0.012158615952232422	No data	No data	LDL receptor related protein 1
IFITM4P	0.0014783194187388072	No data	No data	No data	No data	0.012158615952232422	No data	No data	interferon induced transmembrane protein 4 pseudogene
SBSPON	0.0014783194187388072	No data	No data	No data	No data	0.012158615952232422	No data	No data	somatomedin B and thrombospondin type 1 domain containing
KCNIP3	0.0014783194187388072	No data	No data	No data	No data	0.012158615952232422	No data	No data	potassium voltage-gated channel interacting protein 3
EBI3	0.0014783194187388072	No data	No data	No data	No data	0.012158615952232422	No data	No data	Epstein-Barr virus induced 3
KCNQ5	0.0014783194187388072	No data	No data	No data	No data	0.012158615952232422	No data	No data	potassium voltage-gated channel subfamily Q member 5
DOCK3	0.0014783194187388072	No data	No data	No data	No data	0.012158615952232422	No data	No data	dedicator of cytokinesis 3
MYL1	0.0014783194187388072	No data	No data	No data	No data	0.012158615952232422	No data	No data	myosin light chain 1
CHD1	0.0014783194187388072	No data	No data	No data	No data	0.012158615952232422	No data	No data	chromodomain helicase DNA binding protein 1
EME1	0.0014696808571580619	No data	No data	No data	No data	No data	0.012087567062994669	No data	essential meiotic structure-specific endonuclease 1
SLAMF7	0.001412265671393814	No data	No data	No data	No data	No data	0.011615348958649446	No data	SLAM family member 7
IGKV3-20	0.0013186502593176713	No data	No data	No data	No data	No data	0.010845397736866227	No data	immunoglobulin kappa variable 3-20
MAFF	0.0012758591571682908	No data	No data	No data	No data	No data	0.010493457167993141	No data	MAF bZIP transcription factor F
IGSF6	0.0012258335151244535	No data	No data	No data	No data	No data	0.01008201525519342	No data	immunoglobulin superfamily member 6
IGLV3-25	0.0012076692665127123	No data	No data	No data	No data	No data	0.00993262120670054	No data	immunoglobulin lambda variable 3-25
PLXNC1	0.0012008689749052758	No data	No data	No data	No data	No data	0.009876691390065548	No data	plexin C1
SFRP4	0.001198929232820818	No data	No data	No data	No data	No data	0.009860737747874049	No data	secreted frizzled related protein 4