"dataset";"trait";"gene_list";"cluster";"median.genes";"median.umi";"median.score_genetic";"neg.log10.p.val_genetic";"neg.log10.p.val.adj_genetic";"median.score_drugs";"neg.log10.p.val_drugs";"neg.log10.p.val.adj_drugs"
"brain_human_151509";"ADHD";"all_genes";"cluster_0";1696.5;3087;-0.00249148913469714;0.20597384329523;0;"-0.00449880288537936";"0.332590474386909";"0"
"brain_human_151509";"ADHD";"all_genes";"cluster_1";845;1378;-0.0109758656485256;0.0177269575847974;0;"-0.0438288374471279";"0.00270073667524026";"0"
"brain_human_151509";"ADHD";"all_genes";"cluster_2";1478;2632;-0.00550528898559002;0.103848016822652;0;"-0.0171448391261312";"0.0939778825216258";"0"
"brain_human_151509";"ADHD";"all_genes";"cluster_3";1597.5;2823;-0.00477617703084397;0.122096475647674;0;"-0.0156392329299531";"0.110237675408777";"0"
"brain_human_151509";"ADHD";"all_genes";"cluster_4";1363.5;2413;-0.0077094672960832;0.0593277703702;0;"-0.0256028518189378";"0.0385748719260763";"0"
"brain_human_151509";"ADHD";"all_genes";"cluster_5";768;1093;-0.0126130358333794;0.00992666120895824;0;"-0.0498325273380355";"0.00169688988049808";"0"
"brain_human_151509";"ADHD";"all_genes";"cluster_6";1383;2309;-0.0154797067207212;0.00414510363042541;0;"-0.0772316486047068";"4.34272768626769e-05";"0"
"brain_human_151509";"AHD";"all_genes";"cluster_0";1696.5;3087;0.000240701663083209;0.40443699241126;0;"0.0118029738325171";"0.798919530069483";"0"
"brain_human_151509";"AHD";"all_genes";"cluster_1";845;1378;-0.00841391169181591;0.162518117827261;0;"-0.0157889028431163";"0.0438269580334726";"0"
"brain_human_151509";"AHD";"all_genes";"cluster_2";1478;2632;0.00695747101065813;0.631384714884636;0;"0.0066749561028944";"0.645550826687426";"0"
"brain_human_151509";"AHD";"all_genes";"cluster_3";1597.5;2823;0.00887919216486202;0.703597633070466;0;"0.0159231514667906";"0.934090446962993";"0.0889924069487362"
"brain_human_151509";"AHD";"all_genes";"cluster_4";1363.5;2413;-0.00114216811921296;0.362653777147651;0;"0.00228836796437294";"0.502560889909492";"0"
"brain_human_151509";"AHD";"all_genes";"cluster_5";768;1093;0.00153437477467309;0.45498384258286;0;"-0.0142363443255542";"0.0682297233177234";"0"
"brain_human_151509";"AHD";"all_genes";"cluster_6";1383;2309;0.00336049514908621;0.456596247195163;0;"-0.0416170950613208";"0";"0"
"brain_human_151509";"ALS";"all_genes";"cluster_0";1696.5;3087;-0.00221051273240105;0.352562654103187;0;"0.0175694003088318";"0.962616929336239";"0.117518889321982"
"brain_human_151509";"ALS";"all_genes";"cluster_1";845;1378;-0.011176900673702;0.120546140027434;0;"-0.0104481061761341";"0.154387367293318";"0"
"brain_human_151509";"ALS";"all_genes";"cluster_2";1478;2632;0.00404841519176435;0.565634219689363;0;"0.0111109109158055";"0.810553113577495";"0"
"brain_human_151509";"ALS";"all_genes";"cluster_3";1597.5;2823;0.0035236202438971;0.536897290550513;0;"0.0210053724014263";"1.05654891137076";"0.211450871356503"
"brain_human_151509";"ALS";"all_genes";"cluster_4";1363.5;2413;-0.00304821284020608;0.327022520147967;0;"0.00401101593927496";"0.569807073865352";"0"
"brain_human_151509";"ALS";"all_genes";"cluster_5";768;1093;-0.00418431015290127;0.294179714992943;0;"-0.00868560651449174";"0.189139146608162";"0"
"brain_human_151509";"ALS";"all_genes";"cluster_6";1383;2309;0.00230196492157578;0.431724342181751;0;"-0.032362611238241";"0.00353175512268402";"0"
"brain_human_151509";"ALZ";"all_genes";"cluster_0";1696.5;3087;0.00488359421646692;0.543070413641045;0;"0.00734399992113639";"0.670442178920344";"0"
"brain_human_151509";"ALZ";"all_genes";"cluster_1";845;1378;0.00873770084845485;0.705797711138744;0;"-0.0153684076513064";"0.0522667188121244";"0"
"brain_human_151509";"ALZ";"all_genes";"cluster_2";1478;2632;0.00448542763816434;0.529338997554075;0;"-0.000919001668431313";"0.404878012486633";"0"
"brain_human_151509";"ALZ";"all_genes";"cluster_3";1597.5;2823;0.00227288961118096;0.451531170935827;0;"0.00477857510087297";"0.588760514259478";"0"
"brain_human_151509";"ALZ";"all_genes";"cluster_4";1363.5;2413;0.00372160607689687;0.501319456528958;0;"-0.00115216372692655";"0.3979834359489";"0"
"brain_human_151509";"ALZ";"all_genes";"cluster_5";768;1093;0.00293533542997362;0.482056224251784;0;"-0.0165990874497655";"0.0427235304215218";"0"
"brain_human_151509";"ALZ";"all_genes";"cluster_6";1383;2309;0.0105257423182301;0.727969639776853;0;"-0.0262583587935889";"0.011127906764176";"0"
"brain_human_151509";"ASD";"all_genes";"cluster_0";1696.5;3087;0.0157137348174484;1.53914558452031;0.694047544506058;"0.0116877779788945";"0.833021631486606";"0"
"brain_human_151509";"ASD";"all_genes";"cluster_1";845;1378;0.00170241364643291;0.415825315159458;0;"-0.0231828256822517";"0.0283501883270016";"0"
"brain_human_151509";"ASD";"all_genes";"cluster_2";1478;2632;0.012179968609176;1.19454256911846;0.349444529104206;"0.00494197868667695";"0.649989333697832";"0"
"brain_human_151509";"ASD";"all_genes";"cluster_3";1597.5;2823;0.0133226851649014;1.28655288418292;0.441454844168663;"0.00969269028395074";"0.776807154173865";"0"
"brain_human_151509";"ASD";"all_genes";"cluster_4";1363.5;2413;0.00692980088661737;0.745737094945577;0;"-0.00647874979588123";"0.258025680136724";"0"
"brain_human_151509";"ASD";"all_genes";"cluster_5";768;1093;-7.53776644729642e-06;0.323349817651996;0;"-0.0301099934539081";"0.00948259728284271";"0"
"brain_human_151509";"ASD";"all_genes";"cluster_6";1383;2309;-0.00559107459169353;0.123536923010982;0;"-0.0444050894502295";"0.00160970841239375";"0"
"brain_human_151509";"BIP";"all_genes";"cluster_0";1696.5;3087;9.96507155634763e-05;0.329890382084682;0;"0.195451095438966";"4.00004342727686";"3.15494538726261"
"brain_human_151509";"BIP";"all_genes";"cluster_1";845;1378;-0.00297047012627573;0.219150318589784;0;"0.168336324361301";"4.00004342727686";"3.15494538726261"
"brain_human_151509";"BIP";"all_genes";"cluster_2";1478;2632;0.000926366177868759;0.366473984722771;0;"0.184278771616384";"4.00004342727686";"3.15494538726261"
"brain_human_151509";"BIP";"all_genes";"cluster_3";1597.5;2823;0.000150331178681233;0.333899999985304;0;"0.181453235339586";"4.00004342727686";"3.15494538726261"
"brain_human_151509";"BIP";"all_genes";"cluster_4";1363.5;2413;-0.00161702187272364;0.26316906562844;0;"0.174772787772781";"4.00004342727686";"3.15494538726261"
"brain_human_151509";"BIP";"all_genes";"cluster_5";768;1093;-0.00363435979956417;0.194134972202666;0;"0.143194081018552";"4.00004342727686";"3.15494538726261"
"brain_human_151509";"BIP";"all_genes";"cluster_6";1383;2309;-0.0101691800559392;0.0598757132427877;0;"0.121517300124226";"4.00004342727686";"3.15494538726261"
"brain_human_151509";"EPI";"all_genes";"cluster_0";1696.5;3087;0.116545794509008;4.00004342727686;3.15494538726261;"0.348205491927299";"4.00004342727686";"3.15494538726261"
"brain_human_151509";"EPI";"all_genes";"cluster_1";845;1378;0.0963435509314693;4.00004342727686;3.15494538726261;"0.399755646260818";"4.00004342727686";"3.15494538726261"
"brain_human_151509";"EPI";"all_genes";"cluster_2";1478;2632;0.113044095800525;4.00004342727686;3.15494538726261;"0.347526615033321";"4.00004342727686";"3.15494538726261"
"brain_human_151509";"EPI";"all_genes";"cluster_3";1597.5;2823;0.112487726922272;4.00004342727686;3.15494538726261;"0.333128032708905";"4.00004342727686";"3.15494538726261"
"brain_human_151509";"EPI";"all_genes";"cluster_4";1363.5;2413;0.107258447949629;4.00004342727686;3.15494538726261;"0.378462226731285";"4.00004342727686";"3.15494538726261"
"brain_human_151509";"EPI";"all_genes";"cluster_5";768;1093;0.0811476488888229;4.00004342727686;3.15494538726261;"0.439003629851129";"4.00004342727686";"3.15494538726261"
"brain_human_151509";"EPI";"all_genes";"cluster_6";1383;2309;0.0680853819257559;4.00004342727686;3.15494538726261;"0.450230446598985";"4.00004342727686";"3.15494538726261"
"brain_human_151509";"INS";"all_genes";"cluster_0";1696.5;3087;-0.00633698837712027;0.207371638135295;0;"0.0145925226519946";"0.905572298635218";"0.060474258620961"
"brain_human_151509";"INS";"all_genes";"cluster_1";845;1378;-0.0126955209146569;0.0728270966855979;0;"-0.0148513725796385";"0.117803579258039";"0"
"brain_human_151509";"INS";"all_genes";"cluster_2";1478;2632;-0.00598190496693027;0.217284234652866;0;"0.00692838629077895";"0.712689654562116";"0"
"brain_human_151509";"INS";"all_genes";"cluster_3";1597.5;2823;-0.00464525477875731;0.252476264539238;0;"0.0124549573882193";"0.845923901761016";"0.000825861746759078"
"brain_human_151509";"INS";"all_genes";"cluster_4";1363.5;2413;-0.00589137141175088;0.221168955274123;0;"0.0035520220579062";"0.591633848808433";"0"
"brain_human_151509";"INS";"all_genes";"cluster_5";768;1093;-0.00802604334071985;0.167981812686136;0;"-0.0192770681516471";"0.0658986154843856";"0"
"brain_human_151509";"INS";"all_genes";"cluster_6";1383;2309;0.0144936997069657;0.83154594375383;0;"-0.0500425305498365";"0.000521414147958876";"0"
"brain_human_151509";"MDD";"all_genes";"cluster_0";1696.5;3087;0.00178778156483028;0.478251777637739;0;"0.217161854392996";"4.00004342727686";"3.15494538726261"
"brain_human_151509";"MDD";"all_genes";"cluster_1";845;1378;-0.00898793608309915;0.166705038337465;0;"0.187907546498935";"4.00004342727686";"3.15494538726261"
"brain_human_151509";"MDD";"all_genes";"cluster_2";1478;2632;-0.00204353137651994;0.359561990306441;0;"0.20876780907984";"4.00004342727686";"3.15494538726261"
"brain_human_151509";"MDD";"all_genes";"cluster_3";1597.5;2823;0.000936678287561908;0.447618581572777;0;"0.208887367095892";"4.00004342727686";"3.15494538726261"
"brain_human_151509";"MDD";"all_genes";"cluster_4";1363.5;2413;-0.00445295605717528;0.283956573502031;0;"0.194787531555503";"4.00004342727686";"3.15494538726261"
"brain_human_151509";"MDD";"all_genes";"cluster_5";768;1093;-0.0138677268273928;0.0723651631388712;0;"0.166526388013156";"4.00004342727686";"3.15494538726261"
"brain_human_151509";"MDD";"all_genes";"cluster_6";1383;2309;-0.0155142210459448;0.0765403603347581;0;"0.13199597065282";"4.00004342727686";"3.15494538726261"
"brain_human_151509";"MS";"all_genes";"cluster_0";1696.5;3087;-0.0164731641474474;0.0207227298948382;0;"0.164502456092601";"4.00004342727686";"3.15494538726261"
"brain_human_151509";"MS";"all_genes";"cluster_1";845;1378;-0.0164403715486359;0.0157411952969594;0;"0.136452402834551";"4.00004342727686";"3.15494538726261"
"brain_human_151509";"MS";"all_genes";"cluster_2";1478;2632;-0.0172668697725821;0.0131373958961415;0;"0.154172404850842";"4.00004342727686";"3.15494538726261"
"brain_human_151509";"MS";"all_genes";"cluster_3";1597.5;2823;-0.0199183039207583;0.0050228211521047;0;"0.153933951086136";"4.00004342727686";"3.15494538726261"
"brain_human_151509";"MS";"all_genes";"cluster_4";1363.5;2413;-0.0144860442398291;0.0357366449729262;0;"0.147685874313434";"4.00004342727686";"3.15494538726261"
"brain_human_151509";"MS";"all_genes";"cluster_5";768;1093;-0.0153055532191241;0.0274240882172392;0;"0.119070022608785";"4.00004342727686";"3.15494538726261"
"brain_human_151509";"MS";"all_genes";"cluster_6";1383;2309;-0.0147571679803125;0.0463803635297713;0;"0.0966265462198281";"4.00004342727686";"3.15494538726261"
"brain_human_151509";"PAR";"all_genes";"cluster_0";1696.5;3087;0.0801142213807865;4.00004342727686;3.15494538726261;"0.0103972459897968";"0.769083871528294";"0"
"brain_human_151509";"PAR";"all_genes";"cluster_1";845;1378;0.081175854720795;4.00004342727686;3.15494538726261;"-0.0197208493665747";"0.0171393094842346";"0"
"brain_human_151509";"PAR";"all_genes";"cluster_2";1478;2632;0.081566534130952;4.00004342727686;3.15494538726261;"0.00173276292605706";"0.497070368211231";"0"
"brain_human_151509";"PAR";"all_genes";"cluster_3";1597.5;2823;0.0814860651437997;4.00004342727686;3.15494538726261;"0.00931864215775743";"0.731231523537082";"0"
"brain_human_151509";"PAR";"all_genes";"cluster_4";1363.5;2413;0.0784142042213211;4.00004342727686;3.15494538726261;"-0.00782773518422424";"0.193795600081072";"0"
"brain_human_151509";"PAR";"all_genes";"cluster_5";768;1093;0.0733751681701169;4.00004342727686;3.15494538726261;"-0.0219076153329934";"0.0117074714208122";"0"
"brain_human_151509";"PAR";"all_genes";"cluster_6";1383;2309;0.0704207490586805;4.00004342727686;3.15494538726261;"-0.0470216293010015";"0";"0"
"brain_human_151509";"SCZ";"all_genes";"cluster_0";1696.5;3087;-0.00216632608875489;0.214428902330039;0;"0.182604024634052";"4.00004342727686";"3.15494538726261"
"brain_human_151509";"SCZ";"all_genes";"cluster_1";845;1378;-0.0101821619255415;0.0228687512566753;0;"0.156091288933832";"4.00004342727686";"3.15494538726261"
"brain_human_151509";"SCZ";"all_genes";"cluster_2";1478;2632;-0.00423173200165353;0.138449282632997;0;"0.178211513916208";"4.00004342727686";"3.15494538726261"
"brain_human_151509";"SCZ";"all_genes";"cluster_3";1597.5;2823;-0.0038428818680161;0.149152243140939;0;"0.179285640882198";"4.00004342727686";"3.15494538726261"
"brain_human_151509";"SCZ";"all_genes";"cluster_4";1363.5;2413;-0.00601170111749343;0.0879276981980088;0;"0.170782975876805";"4.00004342727686";"3.15494538726261"
"brain_human_151509";"SCZ";"all_genes";"cluster_5";768;1093;-0.0110749256945144;0.0172296651450002;0;"0.1413778492136";"4.00004342727686";"3.15494538726261"
"brain_human_151509";"SCZ";"all_genes";"cluster_6";1383;2309;-0.0107325275229783;0.022228401193676;0;"0.121653145679746";"4.00004342727686";"3.15494538726261"
"brain_human_151673";"ADHD";"all_genes";"cluster_0";1896;3537;-0.00407591104511838;0.172092898974233;0;"-0.00646456206007207";"0.278068025690909";"0"
"brain_human_151673";"ADHD";"all_genes";"cluster_1";2256.5;4729;-0.00283614902842333;0.208422944584049;0;"0.00902936033943035";"0.732402444930947";"0"
"brain_human_151673";"ADHD";"all_genes";"cluster_2";2695;6045;0.000200395322960567;0.324265085602778;0;"0.0400005624413635";"1.28320570397734";"0.328963194538013"
"brain_human_151673";"ADHD";"all_genes";"cluster_3";1670.5;3043.5;-0.0161185902067055;0.00833015156377323;0;"-0.067023217969195";"0.000347539866023441";"0"
"brain_human_151673";"ADHD";"all_genes";"cluster_4";2424;5384;-0.00232443085999373;0.227428377427692;0;"0.0143110582646542";"0.842586659142637";"0"
"brain_human_151673";"ADHD";"all_genes";"cluster_5";1213;1970;-0.00851797865927011;0.069756780031343;0;"-0.00363426663327646";"0.404106521007689";"0"
"brain_human_151673";"ADHD";"all_genes";"cluster_6";2634;5759;-0.000409688436092653;0.296924081040785;0;"0.011204719889079";"0.72983057238062";"0"
"brain_human_151673";"ADHD";"all_genes";"cluster_7";2079;4106;-0.0219061484712269;0.00130471102104496;0;"-0.118521147511882";"0";"0"
"brain_human_151673";"ADHD";"all_genes";"cluster_8";1469;2435;-0.0118877392189139;0.0320277132832209;0;"-0.0588397668394822";"0.000477939050880344";"0"
"brain_human_151673";"AHD";"all_genes";"cluster_0";1896;3537;0.0110650265527418;0.7120178918885;0;"0.0246748059806847";"1.13731589895889";"0.183073389519563"
"brain_human_151673";"AHD";"all_genes";"cluster_1";2256.5;4729;0.0187335817516983;0.953158236439153;0;"0.030796332739834";"1.323349817652";"0.369107308212671"
"brain_human_151673";"AHD";"all_genes";"cluster_2";2695;6045;0.00478840045155754;0.519892702003582;0;"0.0402972359517234";"1.64401757008374";"0.689775060644415"
"brain_human_151673";"AHD";"all_genes";"cluster_3";1670.5;3043.5;0.00287079036720622;0.445554267273044;0;"-0.0259811166879487";"0.0116628620548541";"0"
"brain_human_151673";"AHD";"all_genes";"cluster_4";2424;5384;0.0146517721672416;0.819057846490132;0;"0.0318952933523196";"1.33634250188721";"0.38209999244789"
"brain_human_151673";"AHD";"all_genes";"cluster_5";1213;1970;0.00719340382171776;0.605241650114152;0;"0.0145937867713011";"0.829488368755654";"0"
"brain_human_151673";"AHD";"all_genes";"cluster_6";2634;5759;0.0129805609645769;0.757501998978478;0;"0.036437366955408";"1.50588883325842";"0.551646323819095"
"brain_human_151673";"AHD";"all_genes";"cluster_7";2079;4106;0.0110932832637715;0.625661729225981;0;"-0.0539960906266163";"0";"0"
"brain_human_151673";"AHD";"all_genes";"cluster_8";1469;2435;0.00584518651868535;0.549024975121405;0;"-0.00409725408071307";"0.291112891470246";"0"
"brain_human_151673";"ALS";"all_genes";"cluster_0";1896;3537;0.00279769071156198;0.481266358350088;0;"0.039435405321124";"1.52437223895243";"0.570129729513108"
"brain_human_151673";"ALS";"all_genes";"cluster_1";2256.5;4729;0.0134947023548489;0.773185856988139;0;"0.0391460532601023";"1.46222433220359";"0.507981822764264"
"brain_human_151673";"ALS";"all_genes";"cluster_2";2695;6045;-0.00183828747912351;0.347990579028758;0;"0.0517133659359224";"1.85391539159862";"0.8996728821593"
"brain_human_151673";"ALS";"all_genes";"cluster_3";1670.5;3043.5;-0.00077984277172044;0.369513855850039;0;"-0.0110399059352191";"0.166705038337465";"0"
"brain_human_151673";"ALS";"all_genes";"cluster_4";2424;5384;0.00990764844641151;0.677204154590542;0;"0.0404460752669237";"1.49218755558103";"0.537945046141707"
"brain_human_151673";"ALS";"all_genes";"cluster_5";1213;1970;0.000426502477573448;0.432899382081205;0;"0.0267213954319376";"1.15001016958709";"0.195767660147769"
"brain_human_151673";"ALS";"all_genes";"cluster_6";2634;5759;0.00700382459221358;0.575978901859375;0;"0.0472399605676539";"1.73287169887385";"0.778629189434524"
"brain_human_151673";"ALS";"all_genes";"cluster_7";2079;4106;0.00446774534132657;0.44932600380758;0;"-0.0379081180643543";"0.00802039951301207";"0"
"brain_human_151673";"ALS";"all_genes";"cluster_8";1469;2435;0.00523236743961833;0.533917556858663;0;"0.00786646606302946";"0.62953033767827";"0"
"brain_human_151673";"ALZ";"all_genes";"cluster_0";1896;3537;0.00126993985278701;0.392159682919873;0;"0.0067334622629336";"0.597094597932458";"0"
"brain_human_151673";"ALZ";"all_genes";"cluster_1";2256.5;4729;0.00100589765965678;0.383043086155964;0;"0.0149972440418248";"0.81734352394082";"0"
"brain_human_151673";"ALZ";"all_genes";"cluster_2";2695;6045;0.00442193174920266;0.482056224251784;0;"0.0294152838259432";"1.23886761412113";"0.284625104681806"
"brain_human_151673";"ALZ";"all_genes";"cluster_3";1670.5;3043.5;0.00681068560921964;0.545655960129908;0;"-0.0236547765950939";"0.02296030696101";"0"
"brain_human_151673";"ALZ";"all_genes";"cluster_4";2424;5384;0.00457000943309699;0.485894292801425;0;"0.015474310056765";"0.832726092528687";"0"
"brain_human_151673";"ALZ";"all_genes";"cluster_5";1213;1970;0.00691565143963588;0.570937418944166;0;"0.00601226112229572";"0.599332790503631";"0"
"brain_human_151673";"ALZ";"all_genes";"cluster_6";2634;5759;-0.00229346880702086;0.292473251178926;0;"0.0175972193272674";"0.889117185010442";"0"
"brain_human_151673";"ALZ";"all_genes";"cluster_7";2079;4106;0.00920970978452174;0.593162757227738;0;"-0.0435402996660037";"0.000956404650974279";"0"
"brain_human_151673";"ALZ";"all_genes";"cluster_8";1469;2435;0.00464241736137502;0.488561138650861;0;"-0.00895736607024711";"0.183934756536959";"0"
"brain_human_151673";"ASD";"all_genes";"cluster_0";1896;3537;0.0283270152308956;2.43184170320987;1.47759919377054;"-0.00144900454185937";"0.414582697768362";"0"
"brain_human_151673";"ASD";"all_genes";"cluster_1";2256.5;4729;0.0290216683894392;2.48152948739898;1.52728697795965;"0.0164481517437993";"0.88979050992346";"0"
"brain_human_151673";"ASD";"all_genes";"cluster_2";2695;6045;0.0364534465434351;3.3979834359489;2.44374092650958;"0.0354642879407513";"1.24646036838396";"0.292217858944631"
"brain_human_151673";"ASD";"all_genes";"cluster_3";1670.5;3043.5;0.00734162608745069;0.672480167089585;0;"-0.0500902768193285";"0.000738854938513879";"0"
"brain_human_151673";"ASD";"all_genes";"cluster_4";2424;5384;0.0308846477673541;2.85391539159862;1.8996728821593;"0.0172976808410908";"0.902092356282713";"0"
"brain_human_151673";"ASD";"all_genes";"cluster_5";1213;1970;0.021860487143419;1.86332286012046;0.909080350681131;"-0.00423256627163185";"0.352953998560308";"0"
"brain_human_151673";"ASD";"all_genes";"cluster_6";2634;5759;0.0327181223086581;3.00004342727686;2.04580091783754;"0.012973483726198";"0.773185856988139";"0"
"brain_human_151673";"ASD";"all_genes";"cluster_7";2079;4106;-0.00560116099600516;0.155131553364722;0;"-0.0882098119805899";"0";"0"
"brain_human_151673";"ASD";"all_genes";"cluster_8";1469;2435;0.0191183404058738;1.60559174645065;0.651349237011322;"-0.0211860584439116";"0.0667586549281679";"0"
"brain_human_151673";"BIP";"all_genes";"cluster_0";1896;3537;0.00102293832490179;0.358470174098687;0;"0.212273763473472";"4.00004342727686";"3.04580091783754"
"brain_human_151673";"BIP";"all_genes";"cluster_1";2256.5;4729;-0.000700902082938992;0.297871476419151;0;"0.241652337833745";"4.00004342727686";"3.04580091783754"
"brain_human_151673";"BIP";"all_genes";"cluster_2";2695;6045;0.00415514702111702;0.486027246876213;0;"0.242721704557696";"4.00004342727686";"3.04580091783754"
"brain_human_151673";"BIP";"all_genes";"cluster_3";1670.5;3043.5;-0.00779685077810248;0.122384183165254;0;"0.170797707466536";"4.00004342727686";"3.04580091783754"
"brain_human_151673";"BIP";"all_genes";"cluster_4";2424;5384;0.000505794100854023;0.338136134510842;0;"0.241853436373942";"4.00004342727686";"3.04580091783754"
"brain_human_151673";"BIP";"all_genes";"cluster_5";1213;1970;-0.00344320836619913;0.217785853613561;0;"0.218520358434946";"4.00004342727686";"3.04580091783754"
"brain_human_151673";"BIP";"all_genes";"cluster_6";2634;5759;-0.00155785301451597;0.267569249995669;0;"0.225361380153477";"4.00004342727686";"3.04580091783754"
"brain_human_151673";"BIP";"all_genes";"cluster_7";2079;4106;-0.0118828063123539;0.0687890208604492;0;"0.138186490976058";"4.00004342727686";"3.04580091783754"
"brain_human_151673";"BIP";"all_genes";"cluster_8";1469;2435;0.00025989271644683;0.338041547886946;0;"0.17654735682881";"4.00004342727686";"3.04580091783754"
"brain_human_151673";"EPI";"all_genes";"cluster_0";1896;3537;0.145033849113359;4.00004342727686;3.04580091783754;"0.439921153654356";"4.00004342727686";"3.04580091783754"
"brain_human_151673";"EPI";"all_genes";"cluster_1";2256.5;4729;0.153901691252787;4.00004342727686;3.04580091783754;"0.426342723837988";"4.00004342727686";"3.04580091783754"
"brain_human_151673";"EPI";"all_genes";"cluster_2";2695;6045;0.155026390545188;4.00004342727686;3.04580091783754;"0.40322560290175";"4.00004342727686";"3.04580091783754"
"brain_human_151673";"EPI";"all_genes";"cluster_3";1670.5;3043.5;0.105129303310766;4.00004342727686;3.04580091783754;"0.51246393451351";"4.00004342727686";"3.04580091783754"
"brain_human_151673";"EPI";"all_genes";"cluster_4";2424;5384;0.154180611281297;4.00004342727686;3.04580091783754;"0.403745970549691";"4.00004342727686";"3.04580091783754"
"brain_human_151673";"EPI";"all_genes";"cluster_5";1213;1970;0.136293956775705;4.00004342727686;3.04580091783754;"0.470040465440564";"4.00004342727686";"3.04580091783754"
"brain_human_151673";"EPI";"all_genes";"cluster_6";2634;5759;0.155133344245808;4.00004342727686;3.04580091783754;"0.414044853881217";"4.00004342727686";"3.04580091783754"
"brain_human_151673";"EPI";"all_genes";"cluster_7";2079;4106;0.0798123381629461;4.00004342727686;3.04580091783754;"0.500666327239274";"4.00004342727686";"3.04580091783754"
"brain_human_151673";"EPI";"all_genes";"cluster_8";1469;2435;0.120955374251339;4.00004342727686;3.04580091783754;"0.479202714998116";"4.00004342727686";"3.04580091783754"
"brain_human_151673";"INS";"all_genes";"cluster_0";1896;3537;0.00234636517584211;0.443258644969837;0;"-0.00886638434933752";"0.214713592266096";"0"
"brain_human_151673";"INS";"all_genes";"cluster_1";2256.5;4729;-0.00223559746617211;0.313764749209662;0;"0.00936323372147013";"0.714036305197388";"0"
"brain_human_151673";"INS";"all_genes";"cluster_2";2695;6045;-0.00798626972179692;0.17598270985821;0;"0.0257078871342605";"1.07370098065121";"0.119458471211883"
"brain_human_151673";"INS";"all_genes";"cluster_3";1670.5;3043.5;0.0103056821181191;0.659599312436744;0;"-0.0689473592244917";"0";"0"
"brain_human_151673";"INS";"all_genes";"cluster_4";2424;5384;-0.00517303487025914;0.241358577394422;0;"0.0127003389836041";"0.792139896890811";"0"
"brain_human_151673";"INS";"all_genes";"cluster_5";1213;1970;-0.00890554642404176;0.166641298045004;0;"-0.0157674545366285";"0.107503622618227";"0"
"brain_human_151673";"INS";"all_genes";"cluster_6";2634;5759;0.00165549665679468;0.412781577584328;0;"0.00363668227632244";"0.523066961517336";"0"
"brain_human_151673";"INS";"all_genes";"cluster_7";2079;4106;0.0134802786705013;0.699447943386899;0;"-0.115878599959998";"0";"0"
"brain_human_151673";"INS";"all_genes";"cluster_8";1469;2435;0.00134081856329396;0.413118719132042;0;"-0.0405444689945081";"0.0022639964112587";"0"
"brain_human_151673";"MDD";"all_genes";"cluster_0";1896;3537;0.00283150249454824;0.478905343572826;0;"0.239673467290571";"4.00004342727686";"3.04580091783754"
"brain_human_151673";"MDD";"all_genes";"cluster_1";2256.5;4729;0.00388616288452895;0.50868173344259;0;"0.274514064826396";"4.00004342727686";"3.04580091783754"
"brain_human_151673";"MDD";"all_genes";"cluster_2";2695;6045;0.00594129011631478;0.562768629866739;0;"0.264148412532084";"4.00004342727686";"3.04580091783754"
"brain_human_151673";"MDD";"all_genes";"cluster_3";1670.5;3043.5;-0.0143624826111942;0.0970077304883654;0;"0.186649499687216";"4.00004342727686";"3.04580091783754"
"brain_human_151673";"MDD";"all_genes";"cluster_4";2424;5384;0.00345916584785988;0.4973432519663;0;"0.270781850860408";"4.00004342727686";"3.04580091783754"
"brain_human_151673";"MDD";"all_genes";"cluster_5";1213;1970;-0.00542393177097711;0.266765893344281;0;"0.242596641639609";"4.00004342727686";"3.04580091783754"
"brain_human_151673";"MDD";"all_genes";"cluster_6";2634;5759;0.00629834638417209;0.561659320242149;0;"0.255630579495669";"4.00004342727686";"3.04580091783754"
"brain_human_151673";"MDD";"all_genes";"cluster_7";2079;4106;-0.0244745250120185;0.0370588429598656;0;"0.148462348861556";"4.00004342727686";"3.04580091783754"
"brain_human_151673";"MDD";"all_genes";"cluster_8";1469;2435;-0.009614443577363;0.165432006554175;0;"0.211720426955171";"4.00004342727686";"3.04580091783754"
"brain_human_151673";"MS";"all_genes";"cluster_0";1896;3537;-0.0210907963956356;0.0134508204546517;0;"0.17454041656364";"4.00004342727686";"3.04580091783754"
"brain_human_151673";"MS";"all_genes";"cluster_1";2256.5;4729;-0.0240338057372938;0.00563828058769622;0;"0.19467838034512";"4.00004342727686";"3.04580091783754"
"brain_human_151673";"MS";"all_genes";"cluster_2";2695;6045;-0.0227154362232498;0.00757827946881936;0;"0.194869814290276";"4.00004342727686";"3.04580091783754"
"brain_human_151673";"MS";"all_genes";"cluster_3";1670.5;3043.5;-0.0177484320035047;0.0363028084189786;0;"0.132917604554251";"4.00004342727686";"3.04580091783754"
"brain_human_151673";"MS";"all_genes";"cluster_4";2424;5384;-0.0236531077834142;0.00603439415324939;0;"0.191418356091414";"4.00004342727686";"3.04580091783754"
"brain_human_151673";"MS";"all_genes";"cluster_5";1213;1970;-0.0200326523269025;0.0148415689122909;0;"0.173409102066639";"4.00004342727686";"3.04580091783754"
"brain_human_151673";"MS";"all_genes";"cluster_6";2634;5759;-0.0266592709980941;0.00331291184171001;0;"0.18383347130533";"4.00004342727686";"3.04580091783754"
"brain_human_151673";"MS";"all_genes";"cluster_7";2079;4106;-0.0189215053269025;0.0417663017291651;0;"0.109571284439967";"4.00004342727686";"3.04580091783754"
"brain_human_151673";"MS";"all_genes";"cluster_8";1469;2435;-0.0162164108312589;0.0453668403582192;0;"0.150383781691566";"4.00004342727686";"3.04580091783754"
"brain_human_151673";"PAR";"all_genes";"cluster_0";1896;3537;0.102258050978489;4.00004342727686;3.04580091783754;"0.018785585816582";"0.941237940600956";"0"
"brain_human_151673";"PAR";"all_genes";"cluster_1";2256.5;4729;0.105451953586393;4.00004342727686;3.04580091783754;"0.0240158203237873";"1.06605026344562";"0.111807754006295"
"brain_human_151673";"PAR";"all_genes";"cluster_2";2695;6045;0.101650371373517;4.00004342727686;3.04580091783754;"0.0439501421503576";"1.70119035086716";"0.746947841427831"
"brain_human_151673";"PAR";"all_genes";"cluster_3";1670.5;3043.5;0.0974584690530236;4.00004342727686;3.04580091783754;"-0.0355765074129323";"0.000782356163762182";"0"
"brain_human_151673";"PAR";"all_genes";"cluster_4";2424;5384;0.105402441694255;4.00004342727686;3.04580091783754;"0.0254844618467957";"1.09641091119263";"0.1421684017533"
"brain_human_151673";"PAR";"all_genes";"cluster_5";1213;1970;0.101630078337715;4.00004342727686;3.04580091783754;"0.0112804343499107";"0.745253739879653";"0"
"brain_human_151673";"PAR";"all_genes";"cluster_6";2634;5759;0.104648528401507;4.00004342727686;3.04580091783754;"0.0308484854769661";"1.26684616217029";"0.312603652730968"
"brain_human_151673";"PAR";"all_genes";"cluster_7";2079;4106;0.0917846201376075;4.00004342727686;3.04580091783754;"-0.0668053220574967";"0";"0"
"brain_human_151673";"PAR";"all_genes";"cluster_8";1469;2435;0.0996370630553608;4.00004342727686;3.04580091783754;"-0.012302053760381";"0.127188182572052";"0"
"brain_human_151673";"SCZ";"all_genes";"cluster_0";1896;3537;-0.000958726219106178;0.273153286535041;0;"0.217327682565194";"4.00004342727686";"3.04580091783754"
"brain_human_151673";"SCZ";"all_genes";"cluster_1";2256.5;4729;-0.000806085435602927;0.279636026473754;0;"0.240241442396765";"4.00004342727686";"3.04580091783754"
"brain_human_151673";"SCZ";"all_genes";"cluster_2";2695;6045;0.0029839163380265;0.465636528138986;0;"0.231219854345255";"4.00004342727686";"3.04580091783754"
"brain_human_151673";"SCZ";"all_genes";"cluster_3";1670.5;3043.5;-0.00982515053166601;0.0508486530388804;0;"0.177164959273212";"4.00004342727686";"3.04580091783754"
"brain_human_151673";"SCZ";"all_genes";"cluster_4";2424;5384;0.00102857841686746;0.361853787086026;0;"0.235982935508733";"4.00004342727686";"3.04580091783754"
"brain_human_151673";"SCZ";"all_genes";"cluster_5";1213;1970;-0.00565037211667871;0.123248451076162;0;"0.216092546932896";"4.00004342727686";"3.04580091783754"
"brain_human_151673";"SCZ";"all_genes";"cluster_6";2634;5759;0.00165061856370466;0.390022402612717;0;"0.234459007744467";"4.00004342727686";"3.04580091783754"
"brain_human_151673";"SCZ";"all_genes";"cluster_7";2079;4106;-0.0121980274275982;0.0312337133640044;0;"0.149228815245716";"4.00004342727686";"3.04580091783754"
"brain_human_151673";"SCZ";"all_genes";"cluster_8";1469;2435;-0.00479746852792311;0.144463704775145;0;"0.19056979915579";"4.00004342727686";"3.04580091783754"
"brain_mouse_10X";"ADHD";"all_genes";"cluster_0";6595.5;38043.5;0.00166961703710866;0.336248305057455;0;"-0.0613185468103628";"0.012690038541069";"0"
"brain_mouse_10X";"ADHD";"all_genes";"cluster_1";5165.5;23182;0.0413871161226322;1.92816141997074;0.649407819017908;"0.0105041311495483";"0.551955760584522";"0"
"brain_mouse_10X";"ADHD";"all_genes";"cluster_2";4805;21052.5;0.00457427674710495;0.393984677866548;0;"-0.153194207432708";"0";"0"
"brain_mouse_10X";"ADHD";"all_genes";"cluster_3";5370;23638;0.0371389276391084;1.63455544238596;0.355801841433134;"0.0541709130494759";"1.09263206650228";"0"
"brain_mouse_10X";"ADHD";"all_genes";"cluster_4";5534;25287;0.0136665184525121;0.641918142000214;0;"-0.0334985605179145";"0.0676711451289487";"0"
"brain_mouse_10X";"ADHD";"all_genes";"cluster_5";6340;32458;0.0404925735003666;1.83569057149243;0.556936970539597;"-0.00645797112076785";"0.291537546321626";"0"
"brain_mouse_10X";"ADHD";"all_genes";"cluster_6";4012;15712;0.0321922122629339;1.35168341629593;0.0729298153431021;"0.00853383313538475";"0.522343498944732";"0"
"brain_mouse_10X";"ADHD";"all_genes";"cluster_7";6226;30340;0.0489737544356077;2.45597538292659;1.17722178197376;"-0.000792823383490848";"0.35570332845054";"0"
"brain_mouse_10X";"ADHD";"all_genes";"cluster_8";6803;36674;0.0443011896647167;2.05556075512669;0.776807154173865;"-0.00457312322973769";"0.305964965196103";"0"
"brain_mouse_10X";"ADHD";"all_genes";"cluster_9";6377.5;31876;0.0543441506383209;2.79592344462094;1.51716984366811;"0.0203658188203503";"0.638882432081837";"0"
"brain_mouse_10X";"ADHD";"all_genes";"cluster_10";6103;31806;0.0270585079563048;1.1493971920938;0;"0.00969981689166088";"0.474480369006796";"0"
"brain_mouse_10X";"ADHD";"all_genes";"cluster_11";6988;41195;0.0411580655015884;1.88945371697761;0.610700116024785;"0.0325689331414614";"0.852367103035764";"0"
"brain_mouse_10X";"ADHD";"all_genes";"cluster_12";7771;56006;0.00897864135239734;0.507562417147986;0;"-0.00379911170336455";"0.299166718899959";"0"
"brain_mouse_10X";"ADHD";"all_genes";"cluster_13";6581.5;35309.5;0.0290518966528581;1.24037558258723;0;"0.0123094975082352";"0.501595024102863";"0"
"brain_mouse_10X";"ADHD";"all_genes";"cluster_14";5770;26893;0.0104170162550169;0.557093557699001;0;"-0.0693231744775832";"0.00493496953212205";"0"
"brain_mouse_10X";"ADHD";"all_genes";"cluster_15";8086;60122;0.0418023388038367;1.77215672266319;0.49340312171036;"0.00886997297088876";"0.415260048280355";"0"
"brain_mouse_10X";"ADHD";"all_genes";"cluster_16";8319;66466;0.0499823897767466;2.2147135922661;0.935959991313267;"0.0890235490941631";"1.35757890703474";"0.0788253060819123"
"brain_mouse_10X";"ADHD";"all_genes";"cluster_17";7644.5;50543;-0.0398539303403888;0.00318165878618925;0;"-0.277341848706627";"0";"0"
"brain_mouse_10X";"ADHD";"all_genes";"cluster_18";9295.5;79652.5;0.03044683306644;1.22406909614749;0;"-0.0355639578188693";"0.12094754777679";"0"
"brain_mouse_10X";"AHD";"all_genes";"cluster_0";6595.5;38043.5;0.0429153515408827;1.07679940864659;0;"-0.0313590557029595";"0.0576384864207559";"0"
"brain_mouse_10X";"AHD";"all_genes";"cluster_1";5165.5;23182;0.068295698957721;1.72820182074036;0.449448219787535;"0.0636205524063702";"1.64210858027641";"0.36335497932358"
"brain_mouse_10X";"AHD";"all_genes";"cluster_2";4805;21052.5;0.0443867475445149;1.05853199464246;0;"-0.0527147390404715";"0.0129136596169655";"0"
"brain_mouse_10X";"AHD";"all_genes";"cluster_3";5370;23638;0.091419003723215;2.2147135922661;0.935959991313267;"0.0546256137867928";"1.3080783245095";"0.0293247235566734"
"brain_mouse_10X";"AHD";"all_genes";"cluster_4";5534;25287;0.067291436183841;1.65762074645466;0.378867145501827;"0.00765445303428713";"0.44993742792927";"0"
"brain_mouse_10X";"AHD";"all_genes";"cluster_5";6340;32458;0.0778287277152933;1.87946949607101;0.600715895118184;"0.0647519987965767";"1.62897556500513";"0.350221964052297"
"brain_mouse_10X";"AHD";"all_genes";"cluster_6";4012;15712;0.057989368532822;1.45473631081104;0.17598270985821;"0.054381696923405";"1.36155417032223";"0.0828005693693964"
"brain_mouse_10X";"AHD";"all_genes";"cluster_7";6226;30340;0.0666097639806926;1.63831559125927;0.359561990306441;"0.0709883755939258";"1.78255948306296";"0.503805882110127"
"brain_mouse_10X";"AHD";"all_genes";"cluster_8";6803;36674;0.074693986296038;1.80971172910657;0.530958128153742;"0.0418845730396484";"1.06858555658786";"0"
"brain_mouse_10X";"AHD";"all_genes";"cluster_9";6377.5;31876;0.0839402660345206;2.00881735158437;0.730063750631539;"0.0835599399297956";"2.07062450156257";"0.791870900609741"
"brain_mouse_10X";"AHD";"all_genes";"cluster_10";6103;31806;0.0727129159513584;1.74719039629697;0.468436795344141;"0.0228716984085044";"0.689987689525971";"0"
"brain_mouse_10X";"AHD";"all_genes";"cluster_11";6988;41195;0.0597763479513715;1.47112672699921;0.192373126046379;"0.0589903090122822";"1.47370414988702";"0.19495054893419"
"brain_mouse_10X";"AHD";"all_genes";"cluster_12";7771;56006;0.0432935101567422;1.02876757853876;0;"-0.0147092536713886";"0.17578738964718";"0"
"brain_mouse_10X";"AHD";"all_genes";"cluster_13";6581.5;35309.5;0.0616652684002218;1.51432200079528;0.235568399842454;"0.0191327161671794";"0.628975565005126";"0"
"brain_mouse_10X";"AHD";"all_genes";"cluster_14";5770;26893;0.0621852515728953;1.57353216591229;0.294778564959458;"0.00234246317299724";"0.363054325464634";"0"
"brain_mouse_10X";"AHD";"all_genes";"cluster_15";8086;60122;0.0970510104554834;2.19386345329298;0.915109852340147;"0.0745852367802098";"1.67370756634811";"0.394953965395282"
"brain_mouse_10X";"AHD";"all_genes";"cluster_16";8319;66466;0.0529831435631543;1.1543254093102;0;"0.0851062308214139";"1.80414377486763";"0.5253901739148"
"brain_mouse_10X";"AHD";"all_genes";"cluster_17";7644.5;50543;0.0709571829371264;1.45473631081104;0.17598270985821;"-0.170437812378963";"0";"0"
"brain_mouse_10X";"AHD";"all_genes";"cluster_18";9295.5;79652.5;0.0516160063418574;1.12209647564767;0;"0.00121348151146228";"0.334743927776966";"0"
"brain_mouse_10X";"ALS";"all_genes";"cluster_0";6595.5;38043.5;0.0403110621905685;1.01148447039825;0;"-0.011975441580125";"0.20201463387279";"0"
"brain_mouse_10X";"ALS";"all_genes";"cluster_1";5165.5;23182;0.0500780482210652;1.27905768312312;0.000304082170294646;"0.0791799872972165";"1.92086218122924";"0.642108580276409"
"brain_mouse_10X";"ALS";"all_genes";"cluster_2";4805;21052.5;0.0351675589336399;0.833317371696811;0;"-0.0252831932849484";"0.11130246659397";"0"
"brain_mouse_10X";"ALS";"all_genes";"cluster_3";5370;23638;0.0803792905744192;1.87293862891206;0.594185027959226;"0.0451869561129425";"1.05310015657904";"0"
"brain_mouse_10X";"ALS";"all_genes";"cluster_4";5534;25287;0.0563017567207209;1.34876541327872;0.0700118123258897;"0.0149947439039451";"0.567234422243694";"0"
"brain_mouse_10X";"ALS";"all_genes";"cluster_5";6340;32458;0.066387436871675;1.57353216591229;0.294778564959458;"0.0542770448509979";"1.32979757420274";"0.0510439732499097"
"brain_mouse_10X";"ALS";"all_genes";"cluster_6";4012;15712;0.0434647024810462;1.11524806332788;0;"0.0722553786016517";"1.71000881591434";"0.431255214961516"
"brain_mouse_10X";"ALS";"all_genes";"cluster_7";6226;30340;0.0540011074492321;1.32152504823675;0.0427714472839198;"0.0684180130184144";"1.62897556500513";"0.350221964052297"
"brain_mouse_10X";"ALS";"all_genes";"cluster_8";6803;36674;0.0625506082299712;1.4762969604653;0.197543359512469;"0.0502622296716274";"1.23214581125877";"0"
"brain_mouse_10X";"ALS";"all_genes";"cluster_9";6377.5;31876;0.0604700421810689;1.42717182507638;0.148418224123554;"0.0682786891332494";"1.59864288649532";"0.31988928554249"
"brain_mouse_10X";"ALS";"all_genes";"cluster_10";6103;31806;0.0566912339988738;1.33540145172074;0.0566478507679082;"0.0412002414242487";"1.01958553500076";"0"
"brain_mouse_10X";"ALS";"all_genes";"cluster_11";6988;41195;0.0431370080551717;1.1085059696043;0;"0.0795458053280386";"1.84168093518161";"0.562927334228784"
"brain_mouse_10X";"ALS";"all_genes";"cluster_12";7771;56006;0.0428386956926735;0.996582895167356;0;"0.00591259745984007";"0.410876036730815";"0"
"brain_mouse_10X";"ALS";"all_genes";"cluster_13";6581.5;35309.5;0.0550122333569027;1.3080783245095;0.0293247235566734;"0.049276683165117";"1.19250839920801";"0"
"brain_mouse_10X";"ALS";"all_genes";"cluster_14";5770;26893;0.052520143284272;1.24493116088179;0;"0.0072684061391175";"0.429967721955259";"0"
"brain_mouse_10X";"ALS";"all_genes";"cluster_15";8086;60122;0.0666966049092342;1.4330170611178;0.154263460164973;"0.0979797683303347";"2.03625559993131";"0.757501998978478"
"brain_mouse_10X";"ALS";"all_genes";"cluster_16";8319;66466;0.0285426083078162;0.677410715584639;0;"0.121417591351723";"2.48152948739898";"1.20277588644615"
"brain_mouse_10X";"ALS";"all_genes";"cluster_17";7644.5;50543;0.0537774575326127;1.01958553500076;0;"-0.141249088063307";"0";"0"
"brain_mouse_10X";"ALS";"all_genes";"cluster_18";9295.5;79652.5;0.0289596966412936;0.691692478690137;0;"0.0052807760928032";"0.376277427142932";"0"
"brain_mouse_10X";"ALZ";"all_genes";"cluster_0";6595.5;38043.5;-0.00449637360719471;0.266044140738476;0;"-0.0205188882278324";"0.124634867199799";"0"
"brain_mouse_10X";"ALZ";"all_genes";"cluster_1";5165.5;23182;0.01492758786321;0.554750657850891;0;"0.0461014353619774";"1.18247805771708";"0"
"brain_mouse_10X";"ALZ";"all_genes";"cluster_2";4805;21052.5;0.0151363646694365;0.537945046141707;0;"-0.0452511801184784";"0.0270542004215139";"0"
"brain_mouse_10X";"ALZ";"all_genes";"cluster_3";5370;23638;0.0196196403367074;0.621645526328725;0;"0.0636072970492927";"1.51008494785203";"0.231331346899199"
"brain_mouse_10X";"ALZ";"all_genes";"cluster_4";5534;25287;0.00352542526162275;0.371245941710153;0;"0.00514449845265108";"0.415825315159458";"0"
"brain_mouse_10X";"ALZ";"all_genes";"cluster_5";6340;32458;-0.00066018208312757;0.314480816118633;0;"0.0170065739211416";"0.607698271915659";"0"
"brain_mouse_10X";"ALZ";"all_genes";"cluster_6";4012;15712;0.00569816806596057;0.408311188325027;0;"0.031577080803384";"0.887103451192783";"0"
"brain_mouse_10X";"ALZ";"all_genes";"cluster_7";6226;30340;0.007287419946299;0.421633456945627;0;"0.0398486823867908";"1.03767409160684";"0"
"brain_mouse_10X";"ALZ";"all_genes";"cluster_8";6803;36674;-0.00198332986433142;0.296924081040785;0;"0.0128155173469213";"0.521332671764103";"0"
"brain_mouse_10X";"ALZ";"all_genes";"cluster_9";6377.5;31876;0.000832021146159601;0.334837798842262;0;"0.0427467407964977";"1.07164757502015";"0"
"brain_mouse_10X";"ALZ";"all_genes";"cluster_10";6103;31806;0.00165140684104476;0.343370381392012;0;"0.0318868623462526";"0.859221247167552";"0"
"brain_mouse_10X";"ALZ";"all_genes";"cluster_11";6988;41195;0.0104805361024181;0.473704149887019;0;"0.0515501506038655";"1.27658775524168";"0"
"brain_mouse_10X";"ALZ";"all_genes";"cluster_12";7771;56006;0.0047173309437577;0.385673587728574;0;"0.00785876157754151";"0.441094981298823";"0"
"brain_mouse_10X";"ALZ";"all_genes";"cluster_13";6581.5;35309.5;2.60306006801547e-05;0.319164252850052;0;"0.0070990237224916";"0.434077609830196";"0"
"brain_mouse_10X";"ALZ";"all_genes";"cluster_14";5770;26893;0.0212080310821373;0.66881864625613;0;"0.00971085947394357";"0.479428905398627";"0"
"brain_mouse_10X";"ALZ";"all_genes";"cluster_15";8086;60122;-0.01308751634086;0.184133776390088;0;"0.054701156415493";"1.21116831150145";"0"
"brain_mouse_10X";"ALZ";"all_genes";"cluster_16";8319;66466;-0.00258887607948333;0.28714130222964;0;"0.0755602341662459";"1.52875171621792";"0.249998115265095"
"brain_mouse_10X";"ALZ";"all_genes";"cluster_17";7644.5;50543;0.0481874781860286;1.22189217689322;0;"-0.141844985280746";"0";"0"
"brain_mouse_10X";"ALZ";"all_genes";"cluster_18";9295.5;79652.5;0.00034506837291437;0.321434010717937;0;"0.0182391744769176";"0.540650939517632";"0"
"brain_mouse_10X";"ASD";"all_genes";"cluster_0";6595.5;38043.5;0.0689389628601335;2.92086218122924;1.64210858027641;"-0.0123231302098014";"0.213717992886793";"0"
"brain_mouse_10X";"ASD";"all_genes";"cluster_1";5165.5;23182;0.146897425386067;4.00004342727686;2.72128982632403;"0.0675996695183145";"1.48549567461658";"0.206742073663748"
"brain_mouse_10X";"ASD";"all_genes";"cluster_2";4805;21052.5;0.0784747781363876;3.30107342294084;2.02231982198801;"-0.130535429539107";"0";"0"
"brain_mouse_10X";"ASD";"all_genes";"cluster_3";5370;23638;0.147354578783532;4.00004342727686;2.72128982632403;"0.0616195831348533";"1.25653366254843";"0"
"brain_mouse_10X";"ASD";"all_genes";"cluster_4";5534;25287;0.0973893769965166;4.00004342727686;2.72128982632403;"0.0147945778587248";"0.560868687433394";"0"
"brain_mouse_10X";"ASD";"all_genes";"cluster_5";6340;32458;0.141760032759612;4.00004342727686;2.72128982632403;"0.0300311719960573";"0.848367196429815";"0"
"brain_mouse_10X";"ASD";"all_genes";"cluster_6";4012;15712;0.14009793159819;4.00004342727686;2.72128982632403;"0.0403124250177819";"1.04052505030386";"0"
"brain_mouse_10X";"ASD";"all_genes";"cluster_7";6226;30340;0.164298264011512;4.00004342727686;2.72128982632403;"0.0751661341515667";"1.5497943189575";"0.271040718004673"
"brain_mouse_10X";"ASD";"all_genes";"cluster_8";6803;36674;0.147935438357843;4.00004342727686;2.72128982632403;"0.0105734098445805";"0.495708515474399";"0"
"brain_mouse_10X";"ASD";"all_genes";"cluster_9";6377.5;31876;0.170831533807066;4.00004342727686;2.72128982632403;"0.0739807821423386";"1.52437223895243";"0.245618637999604"
"brain_mouse_10X";"ASD";"all_genes";"cluster_10";6103;31806;0.117598200104243;4.00004342727686;2.72128982632403;"0.0424357114146244";"0.977202816400335";"0"
"brain_mouse_10X";"ASD";"all_genes";"cluster_11";6988;41195;0.13809878148007;4.00004342727686;2.72128982632403;"0.0807578546235789";"1.64210858027641";"0.36335497932358"
"brain_mouse_10X";"ASD";"all_genes";"cluster_12";7771;56006;0.0762493094683188;3.04580091783754;1.76704731688471;"0.0589215517750761";"1.15308810225704";"0"
"brain_mouse_10X";"ASD";"all_genes";"cluster_13";6581.5;35309.5;0.124506541369751;4.00004342727686;2.72128982632403;"-0.0266660331660939";"0.0988576471397123";"0"
"brain_mouse_10X";"ASD";"all_genes";"cluster_14";5770;26893;0.100513145058822;4.00004342727686;2.72128982632403;"-0.0305546125354053";"0.0813317618945415";"0"
"brain_mouse_10X";"ASD";"all_genes";"cluster_15";8086;60122;0.13775773087595;4.00004342727686;2.72128982632403;"0.0621356741693855";"1.15805862268675";"0"
"brain_mouse_10X";"ASD";"all_genes";"cluster_16";8319;66466;0.164362597849325;4.00004342727686;2.72128982632403;"0.130089155292017";"2.25185540027066";"0.973101799317833"
"brain_mouse_10X";"ASD";"all_genes";"cluster_17";7644.5;50543;-0.0117012181139645;0.144827232543499;0;"-0.23102917898673";"0";"0"
"brain_mouse_10X";"ASD";"all_genes";"cluster_18";9295.5;79652.5;0.153872576628472;4.00004342727686;2.72128982632403;"0.0295625615979912";"0.619108963946161";"0"
"brain_mouse_10X";"BIP";"all_genes";"cluster_0";6595.5;38043.5;0.00598623271561599;0.40742260595488;0;"0.455666323160184";"4.00004342727686";"2.72128982632403"
"brain_mouse_10X";"BIP";"all_genes";"cluster_1";5165.5;23182;0.0528024276541409;1.8447073898118;0.565953788858972;"0.474974403866235";"4.00004342727686";"2.72128982632403"
"brain_mouse_10X";"BIP";"all_genes";"cluster_2";4805;21052.5;0.0152732291572476;0.58490307508099;0;"0.358136359393641";"4.00004342727686";"2.72128982632403"
"brain_mouse_10X";"BIP";"all_genes";"cluster_3";5370;23638;0.0449168502878167;1.47499862024002;0.196245019287188;"0.467016422745867";"4.00004342727686";"2.72128982632403"
"brain_mouse_10X";"BIP";"all_genes";"cluster_4";5534;25287;0.0196114686105612;0.692119723664981;0;"0.454710441126258";"4.00004342727686";"2.72128982632403"
"brain_mouse_10X";"BIP";"all_genes";"cluster_5";6340;32458;0.0503438860113787;1.71448611826909;0.43573251731626;"0.480203852482335";"4.00004342727686";"2.72128982632403"
"brain_mouse_10X";"BIP";"all_genes";"cluster_6";4012;15712;0.047995790341879;1.5800876787871;0.301334077834276;"0.501407910711801";"4.00004342727686";"2.72128982632403"
"brain_mouse_10X";"BIP";"all_genes";"cluster_7";6226;30340;0.065173722156378;2.35659075079068;1.07783714983785;"0.466030762266811";"4.00004342727686";"2.72128982632403"
"brain_mouse_10X";"BIP";"all_genes";"cluster_8";6803;36674;0.0562269583634137;1.92086218122924;0.642108580276409;"0.466771364939054";"4.00004342727686";"2.72128982632403"
"brain_mouse_10X";"BIP";"all_genes";"cluster_9";6377.5;31876;0.062551629896639;2.16119433653961;0.882440735586778;"0.466095653788107";"4.00004342727686";"2.72128982632403"
"brain_mouse_10X";"BIP";"all_genes";"cluster_10";6103;31806;0.0318620363222272;1.01282419736886;0;"0.450785531458599";"4.00004342727686";"2.72128982632403"
"brain_mouse_10X";"BIP";"all_genes";"cluster_11";6988;41195;0.0454240945009613;1.48949841707025;0.210744816117421;"0.489015124708637";"4.00004342727686";"2.72128982632403"
"brain_mouse_10X";"BIP";"all_genes";"cluster_12";7771;56006;0.000557569328747176;0.315467339888407;0;"0.479529536133386";"4.00004342727686";"2.72128982632403"
"brain_mouse_10X";"BIP";"all_genes";"cluster_13";6581.5;35309.5;0.046369068654092;1.56388078023611;0.285127179283278;"0.497500419522841";"4.00004342727686";"2.72128982632403"
"brain_mouse_10X";"BIP";"all_genes";"cluster_14";5770;26893;0.0280395014414081;0.950437814681889;0;"0.414317529918071";"4.00004342727686";"2.72128982632403"
"brain_mouse_10X";"BIP";"all_genes";"cluster_15";8086;60122;0.0492315244189179;1.53764542937791;0.258891828425078;"0.498056325260942";"4.00004342727686";"2.72128982632403"
"brain_mouse_10X";"BIP";"all_genes";"cluster_16";8319;66466;0.0708206443518133;2.42025983066005;1.14150622970722;"0.531604713674212";"4.00004342727686";"2.72128982632403"
"brain_mouse_10X";"BIP";"all_genes";"cluster_17";7644.5;50543;-0.027925071979008;0.0435868438669628;0;"0.321878962161488";"4.00004342727686";"2.72128982632403"
"brain_mouse_10X";"BIP";"all_genes";"cluster_18";9295.5;79652.5;0.0602871143423861;1.99572205349422;0.716968452541391;"0.456057656086861";"4.00004342727686";"2.72128982632403"
"brain_mouse_10X";"EPI";"all_genes";"cluster_0";6595.5;38043.5;0.181628272091375;4.00004342727686;2.72128982632403;"1.07686107868568";"4.00004342727686";"2.72128982632403"
"brain_mouse_10X";"EPI";"all_genes";"cluster_1";5165.5;23182;0.292175453990578;4.00004342727686;2.72128982632403;"0.958851238850538";"4.00004342727686";"2.72128982632403"
"brain_mouse_10X";"EPI";"all_genes";"cluster_2";4805;21052.5;0.195428311656244;4.00004342727686;2.72128982632403;"1.02538240621158";"4.00004342727686";"2.72128982632403"
"brain_mouse_10X";"EPI";"all_genes";"cluster_3";5370;23638;0.298771482608783;4.00004342727686;2.72128982632403;"0.916471171259689";"4.00004342727686";"2.72128982632403"
"brain_mouse_10X";"EPI";"all_genes";"cluster_4";5534;25287;0.242378615680037;4.00004342727686;2.72128982632403;"1.00656380172586";"4.00004342727686";"2.72128982632403"
"brain_mouse_10X";"EPI";"all_genes";"cluster_5";6340;32458;0.302585296503584;4.00004342727686;2.72128982632403;"0.936582009849279";"4.00004342727686";"2.72128982632403"
"brain_mouse_10X";"EPI";"all_genes";"cluster_6";4012;15712;0.295118170850344;4.00004342727686;2.72128982632403;"1.02148289229095";"4.00004342727686";"2.72128982632403"
"brain_mouse_10X";"EPI";"all_genes";"cluster_7";6226;30340;0.31212517870001;4.00004342727686;2.72128982632403;"0.927299609240492";"4.00004342727686";"2.72128982632403"
"brain_mouse_10X";"EPI";"all_genes";"cluster_8";6803;36674;0.284500259584911;4.00004342727686;2.72128982632403;"0.950891970782801";"4.00004342727686";"2.72128982632403"
"brain_mouse_10X";"EPI";"all_genes";"cluster_9";6377.5;31876;0.326638654800647;4.00004342727686;2.72128982632403;"0.923969582276264";"4.00004342727686";"2.72128982632403"
"brain_mouse_10X";"EPI";"all_genes";"cluster_10";6103;31806;0.245238327781145;4.00004342727686;2.72128982632403;"0.978223397844953";"4.00004342727686";"2.72128982632403"
"brain_mouse_10X";"EPI";"all_genes";"cluster_11";6988;41195;0.27042372168877;4.00004342727686;2.72128982632403;"0.974492139818416";"4.00004342727686";"2.72128982632403"
"brain_mouse_10X";"EPI";"all_genes";"cluster_12";7771;56006;0.18565225112372;4.00004342727686;2.72128982632403;"1.04789615852942";"4.00004342727686";"2.72128982632403"
"brain_mouse_10X";"EPI";"all_genes";"cluster_13";6581.5;35309.5;0.236333014852223;4.00004342727686;2.72128982632403;"1.05399043272491";"4.00004342727686";"2.72128982632403"
"brain_mouse_10X";"EPI";"all_genes";"cluster_14";5770;26893;0.235008241822485;4.00004342727686;2.72128982632403;"0.985583631294647";"4.00004342727686";"2.72128982632403"
"brain_mouse_10X";"EPI";"all_genes";"cluster_15";8086;60122;0.315246175727656;4.00004342727686;2.72128982632403;"0.899628784740837";"4.00004342727686";"2.72128982632403"
"brain_mouse_10X";"EPI";"all_genes";"cluster_16";8319;66466;0.293569910829542;4.00004342727686;2.72128982632403;"0.922758344547606";"4.00004342727686";"2.72128982632403"
"brain_mouse_10X";"EPI";"all_genes";"cluster_17";7644.5;50543;0.0834987507835425;2.85391539159862;1.5751617906458;"0.876824484577285";"4.00004342727686";"2.72128982632403"
"brain_mouse_10X";"EPI";"all_genes";"cluster_18";9295.5;79652.5;0.251398433017585;4.00004342727686;2.72128982632403;"1.02229969004222";"4.00004342727686";"2.72128982632403"
"brain_mouse_10X";"INS";"all_genes";"cluster_0";6595.5;38043.5;-0.0169023114782255;0.14909102748337;0;"-0.00127925723868227";"0.328963194538013";"0"
"brain_mouse_10X";"INS";"all_genes";"cluster_1";5165.5;23182;0.0294573882289273;0.835690571492426;0;"0.0812223871896094";"1.67370756634811";"0.394953965395282"
"brain_mouse_10X";"INS";"all_genes";"cluster_2";4805;21052.5;0.0323032224713521;0.840777096183368;0;"-0.163320548414086";"0";"0"
"brain_mouse_10X";"INS";"all_genes";"cluster_3";5370;23638;0.0368834449065441;0.957074353883683;0;"0.0511219298812009";"1.08096533490079";"0"
"brain_mouse_10X";"INS";"all_genes";"cluster_4";5534;25287;0.00817361508268055;0.448227604925847;0;"-0.00623316705722299";"0.265803822841408";"0"
"brain_mouse_10X";"INS";"all_genes";"cluster_5";6340;32458;0.0441951363505418;1.13434736736079;0;"0.0384980387423702";"0.99572205349422";"0"
"brain_mouse_10X";"INS";"all_genes";"cluster_6";4012;15712;0.030568083828767;0.865229056956403;0;"0.0254811316065515";"0.798919530069483";"0"
"brain_mouse_10X";"INS";"all_genes";"cluster_7";6226;30340;0.0357259910215936;0.941617402819857;0;"0.0930196448258417";"1.86650451890665";"0.587750917953816"
"brain_mouse_10X";"INS";"all_genes";"cluster_8";6803;36674;0.0403915791575376;1.04483688973492;0;"0.0201440485645629";"0.652128240775171";"0"
"brain_mouse_10X";"INS";"all_genes";"cluster_9";6377.5;31876;0.0339814072992106;0.894873999277531;0;"0.096489994993241";"1.89623970632091";"0.617486105368077"
"brain_mouse_10X";"INS";"all_genes";"cluster_10";6103;31806;0.0223689175267849;0.679274198938176;0;"0.0339911125001174";"0.834799101151552";"0"
"brain_mouse_10X";"INS";"all_genes";"cluster_11";6988;41195;0.0283592527203699;0.792139896890811;0;"0.0806973843058498";"1.62529508126676";"0.34654148031393"
"brain_mouse_10X";"INS";"all_genes";"cluster_12";7771;56006;-0.0204686455612865;0.127013615215818;0;"0.0690346962796835";"1.29933971013184";"0.0205861091790143"
"brain_mouse_10X";"INS";"all_genes";"cluster_13";6581.5;35309.5;0.0181649271783412;0.607170681874783;0;"0.0220938248075175";"0.646319489687914";"0"
"brain_mouse_10X";"INS";"all_genes";"cluster_14";5770;26893;0.00616224944797711;0.414808363911087;0;"-0.0529068696423006";"0.014616953193861";"0"
"brain_mouse_10X";"INS";"all_genes";"cluster_15";8086;60122;0.0419120493814102;0.985522888518939;0;"0.10517935716246";"1.8827721316211";"0.604018530668269"
"brain_mouse_10X";"INS";"all_genes";"cluster_16";8319;66466;0.0310214140114884;0.761746359401469;0;"0.109685434432911";"1.8827721316211";"0.604018530668269"
"brain_mouse_10X";"INS";"all_genes";"cluster_17";7644.5;50543;-0.0295466108078646;0.0883532685230015;0;"-0.27527609778692";"0";"0"
"brain_mouse_10X";"INS";"all_genes";"cluster_18";9295.5;79652.5;0.0416392331062428;0.955503666884452;0;"0.0117461547621605";"0.427404130234049";"0"
"brain_mouse_10X";"MDD";"all_genes";"cluster_0";6595.5;38043.5;-0.00373715102763886;0.290264825428637;0;"0.430236904252002";"4.00004342727686";"2.72128982632403"
"brain_mouse_10X";"MDD";"all_genes";"cluster_1";5165.5;23182;0.029074146027273;0.848367196429815;0;"0.468939601133935";"4.00004342727686";"2.72128982632403"
"brain_mouse_10X";"MDD";"all_genes";"cluster_2";4805;21052.5;-0.0329653208548021;0.0656965005386071;0;"0.339792123364127";"4.00004342727686";"2.72128982632403"
"brain_mouse_10X";"MDD";"all_genes";"cluster_3";5370;23638;0.0122299089734208;0.503944435144291;0;"0.479144886465574";"4.00004342727686";"2.72128982632403"
"brain_mouse_10X";"MDD";"all_genes";"cluster_4";5534;25287;-0.00188882936223;0.317627565599504;0;"0.4418466783624";"4.00004342727686";"2.72128982632403"
"brain_mouse_10X";"MDD";"all_genes";"cluster_5";6340;32458;0.0261595927891468;0.773443522069505;0;"0.489931477793127";"4.00004342727686";"2.72128982632403"
"brain_mouse_10X";"MDD";"all_genes";"cluster_6";4012;15712;0.0156298837624836;0.585906065092386;0;"0.485524741335507";"4.00004342727686";"2.72128982632403"
"brain_mouse_10X";"MDD";"all_genes";"cluster_7";6226;30340;0.0233944617256423;0.716516062415169;0;"0.479518332283247";"4.00004342727686";"2.72128982632403"
"brain_mouse_10X";"MDD";"all_genes";"cluster_8";6803;36674;0.0306611819028025;0.839274865415735;0;"0.464659357206916";"4.00004342727686";"2.72128982632403"
"brain_mouse_10X";"MDD";"all_genes";"cluster_9";6377.5;31876;0.024373304371358;0.715387144488347;0;"0.489560281156986";"4.00004342727686";"2.72128982632403"
"brain_mouse_10X";"MDD";"all_genes";"cluster_10";6103;31806;0.0269441568865698;0.764010280159227;0;"0.453728695926707";"4.00004342727686";"2.72128982632403"
"brain_mouse_10X";"MDD";"all_genes";"cluster_11";6988;41195;0.0257288129940959;0.745978974362525;0;"0.471652587371701";"4.00004342727686";"2.72128982632403"
"brain_mouse_10X";"MDD";"all_genes";"cluster_12";7771;56006;0.00220309257110107;0.360556938008277;0;"0.465374358883962";"4.00004342727686";"2.72128982632403"
"brain_mouse_10X";"MDD";"all_genes";"cluster_13";6581.5;35309.5;0.015416799858321;0.560394997713389;0;"0.472689168308704";"4.00004342727686";"2.72128982632403"
"brain_mouse_10X";"MDD";"all_genes";"cluster_14";5770;26893;-0.00903120240823452;0.22421461281225;0;"0.412846408444083";"4.00004342727686";"2.72128982632403"
"brain_mouse_10X";"MDD";"all_genes";"cluster_15";8086;60122;0.0227263406752198;0.636807622793169;0;"0.488920133922231";"4.00004342727686";"2.72128982632403"
"brain_mouse_10X";"MDD";"all_genes";"cluster_16";8319;66466;0.0454692523203335;0.985522888518939;0;"0.529645886799073";"4.00004342727686";"2.72128982632403"
"brain_mouse_10X";"MDD";"all_genes";"cluster_17";7644.5;50543;-0.0909969780182905;0.00108698680637646;0;"0.301736366691963";"4.00004342727686";"2.72128982632403"
"brain_mouse_10X";"MDD";"all_genes";"cluster_18";9295.5;79652.5;0.0515893428332365;1.11411708747543;0;"0.439929735499487";"4.00004342727686";"2.72128982632403"
"brain_mouse_10X";"MS";"all_genes";"cluster_0";6595.5;38043.5;-0.0315049840154747;0.0531492321745359;0;"0.324417786183411";"4.00004342727686";"2.72128982632403"
"brain_mouse_10X";"MS";"all_genes";"cluster_1";5165.5;23182;-0.0311369337769439;0.0549689387981327;0;"0.367245980768417";"4.00004342727686";"2.72128982632403"
"brain_mouse_10X";"MS";"all_genes";"cluster_2";4805;21052.5;-0.0189599863988585;0.132634870754071;0;"0.278808309801609";"4.00004342727686";"2.72128982632403"
"brain_mouse_10X";"MS";"all_genes";"cluster_3";5370;23638;-0.0322808962729266;0.0575889009343856;0;"0.3928710084476";"4.00004342727686";"2.72128982632403"
"brain_mouse_10X";"MS";"all_genes";"cluster_4";5534;25287;-0.0356727022542433;0.0400485889484465;0;"0.348828651244707";"4.00004342727686";"2.72128982632403"
"brain_mouse_10X";"MS";"all_genes";"cluster_5";6340;32458;-0.0330106371889417;0.0502632189148621;0;"0.382657369068508";"4.00004342727686";"2.72128982632403"
"brain_mouse_10X";"MS";"all_genes";"cluster_6";4012;15712;-0.0307592734646669;0.0583829488884703;0;"0.386855400771312";"4.00004342727686";"2.72128982632403"
"brain_mouse_10X";"MS";"all_genes";"cluster_7";6226;30340;-0.034474524622561;0.0455114846499486;0;"0.379745929715556";"4.00004342727686";"2.72128982632403"
"brain_mouse_10X";"MS";"all_genes";"cluster_8";6803;36674;-0.0379805524270959;0.0357837970800138;0;"0.358116356317215";"4.00004342727686";"2.72128982632403"
"brain_mouse_10X";"MS";"all_genes";"cluster_9";6377.5;31876;-0.027139425537887;0.0801811737213246;0;"0.379342552787728";"4.00004342727686";"2.72128982632403"
"brain_mouse_10X";"MS";"all_genes";"cluster_10";6103;31806;-0.0346365753278695;0.0461871290518768;0;"0.343822098011288";"4.00004342727686";"2.72128982632403"
"brain_mouse_10X";"MS";"all_genes";"cluster_11";6988;41195;-0.0322748961495615;0.052560690719944;0;"0.363606228703841";"4.00004342727686";"2.72128982632403"
"brain_mouse_10X";"MS";"all_genes";"cluster_12";7771;56006;-0.0407677848154586;0.0262692333062823;0;"0.337820227567444";"4.00004342727686";"2.72128982632403"
"brain_mouse_10X";"MS";"all_genes";"cluster_13";6581.5;35309.5;-0.0477569206566767;0.0123324841465568;0;"0.343161576912194";"4.00004342727686";"2.72128982632403"
"brain_mouse_10X";"MS";"all_genes";"cluster_14";5770;26893;-0.0257719309064128;0.078929453440182;0;"0.325682454507084";"4.00004342727686";"2.72128982632403"
"brain_mouse_10X";"MS";"all_genes";"cluster_15";8086;60122;-0.0429324388771388;0.0309071936801501;0;"0.398906034544051";"4.00004342727686";"2.72128982632403"
"brain_mouse_10X";"MS";"all_genes";"cluster_16";8319;66466;-0.0440622308571712;0.032776335717077;0;"0.39208381276447";"4.00004342727686";"2.72128982632403"
"brain_mouse_10X";"MS";"all_genes";"cluster_17";7644.5;50543;-0.0496608452120017;0.0131373958961415;0;"0.214245869103828";"4.00004342727686";"2.72128982632403"
"brain_mouse_10X";"MS";"all_genes";"cluster_18";9295.5;79652.5;-0.0118224814851659;0.19604037254725;0;"0.333909595764887";"4.00004342727686";"2.72128982632403"
"brain_mouse_10X";"PAR";"all_genes";"cluster_0";6595.5;38043.5;0.146981232561478;4.00004342727686;2.72128982632403;"-0.0338950909314935";"0.0484145334402245";"0"
"brain_mouse_10X";"PAR";"all_genes";"cluster_1";5165.5;23182;0.157282227223514;4.00004342727686;2.72128982632403;"0.0544988869175322";"1.37576133144119";"0.0970077304883654"
"brain_mouse_10X";"PAR";"all_genes";"cluster_2";4805;21052.5;0.158020299382863;4.00004342727686;2.72128982632403;"-0.0884653884658832";"4.34272768626769e-05";"0"
"brain_mouse_10X";"PAR";"all_genes";"cluster_3";5370;23638;0.161798195174442;4.00004342727686;2.72128982632403;"0.0549036819829295";"1.28571366753163";"0.00696006657880067"
"brain_mouse_10X";"PAR";"all_genes";"cluster_4";5534;25287;0.156754688009862;4.00004342727686;2.72128982632403;"-0.0177090547994581";"0.145919645175696";"0"
"brain_mouse_10X";"PAR";"all_genes";"cluster_5";6340;32458;0.159467059190844;4.00004342727686;2.72128982632403;"0.0377898526111329";"0.999609349797544";"0"
"brain_mouse_10X";"PAR";"all_genes";"cluster_6";4012;15712;0.159116304421898;4.00004342727686;2.72128982632403;"0.0346403295899791";"0.952379232675303";"0"
"brain_mouse_10X";"PAR";"all_genes";"cluster_7";6226;30340;0.149055269908815;4.00004342727686;2.72128982632403;"0.0588638178198307";"1.43894204362781";"0.160188442674978"
"brain_mouse_10X";"PAR";"all_genes";"cluster_8";6803;36674;0.151937871840628;4.00004342727686;2.72128982632403;"0.0395366884340972";"1.01237716235059";"0"
"brain_mouse_10X";"PAR";"all_genes";"cluster_9";6377.5;31876;0.156590953946696;4.00004342727686;2.72128982632403;"0.0656363219375531";"1.53466057582844";"0.255906974875615"
"brain_mouse_10X";"PAR";"all_genes";"cluster_10";6103;31806;0.158778896919364;4.00004342727686;2.72128982632403;"0.0205611928007903";"0.65722611264113";"0"
"brain_mouse_10X";"PAR";"all_genes";"cluster_11";6988;41195;0.152369237358853;4.00004342727686;2.72128982632403;"0.0648171869357493";"1.56229286445647";"0.283539263503646"
"brain_mouse_10X";"PAR";"all_genes";"cluster_12";7771;56006;0.151212603949319;4.00004342727686;2.72128982632403;"0.00432924861416817";"0.384408958399447";"0"
"brain_mouse_10X";"PAR";"all_genes";"cluster_13";6581.5;35309.5;0.149823452857762;4.00004342727686;2.72128982632403;"0.0301029673809859";"0.823084446689955";"0"
"brain_mouse_10X";"PAR";"all_genes";"cluster_14";5770;26893;0.157824889758783;4.00004342727686;2.72128982632403;"-0.0358082057740402";"0.0407634771459238";"0"
"brain_mouse_10X";"PAR";"all_genes";"cluster_15";8086;60122;0.147255781773828;4.00004342727686;2.72128982632403;"0.0994641277696028";"2.20070287782328";"0.921949276870452"
"brain_mouse_10X";"PAR";"all_genes";"cluster_16";8319;66466;0.123454795009004;3.3979834359489;2.11922983499607;"0.137922712484601";"2.88610007497003";"1.6073464740172"
"brain_mouse_10X";"PAR";"all_genes";"cluster_17";7644.5;50543;0.112231828801371;3.5229221725572;2.24416857160437;"-0.214879331845738";"0";"0"
"brain_mouse_10X";"PAR";"all_genes";"cluster_18";9295.5;79652.5;0.131572101525183;4.00004342727686;2.72128982632403;"0.0537153004524101";"1.11638199212324";"0"
"brain_mouse_10X";"SCZ";"all_genes";"cluster_0";6595.5;38043.5;0.0072685985608037;0.468947880406835;0;"0.434282234952511";"4.00004342727686";"2.72128982632403"
"brain_mouse_10X";"SCZ";"all_genes";"cluster_1";5165.5;23182;0.0550476125661295;3.04580091783754;1.76704731688471;"0.453762086347206";"4.00004342727686";"2.72128982632403"
"brain_mouse_10X";"SCZ";"all_genes";"cluster_2";4805;21052.5;0.0265521774940919;1.14513040496901;0;"0.352704075702926";"4.00004342727686";"2.72128982632403"
"brain_mouse_10X";"SCZ";"all_genes";"cluster_3";5370;23638;0.0476336013726483;2.33728559559529;1.05853199464246;"0.463496694186069";"4.00004342727686";"2.72128982632403"
"brain_mouse_10X";"SCZ";"all_genes";"cluster_4";5534;25287;0.0237630070137147;1.03062751492288;0;"0.446093617556463";"4.00004342727686";"2.72128982632403"
"brain_mouse_10X";"SCZ";"all_genes";"cluster_5";6340;32458;0.0653589991159332;4.00004342727686;2.72128982632403;"0.458252851168234";"4.00004342727686";"2.72128982632403"
"brain_mouse_10X";"SCZ";"all_genes";"cluster_6";4012;15712;0.0494605209578701;2.56867966311788;1.28992606216505;"0.468687178347707";"4.00004342727686";"2.72128982632403"
"brain_mouse_10X";"SCZ";"all_genes";"cluster_7";6226;30340;0.0692916415923009;4.00004342727686;2.72128982632403;"0.441041483501372";"4.00004342727686";"2.72128982632403"
"brain_mouse_10X";"SCZ";"all_genes";"cluster_8";6803;36674;0.0608522313554294;3.5229221725572;2.24416857160437;"0.446749033902057";"4.00004342727686";"2.72128982632403"
"brain_mouse_10X";"SCZ";"all_genes";"cluster_9";6377.5;31876;0.0750425837664406;4.00004342727686;2.72128982632403;"0.442640388985126";"4.00004342727686";"2.72128982632403"
"brain_mouse_10X";"SCZ";"all_genes";"cluster_10";6103;31806;0.0404042547129336;1.80414377486763;0.5253901739148;"0.452973994255088";"4.00004342727686";"2.72128982632403"
"brain_mouse_10X";"SCZ";"all_genes";"cluster_11";6988;41195;0.051254337927359;2.63831559125927;1.35956199030644;"0.464455973584259";"4.00004342727686";"2.72128982632403"
"brain_mouse_10X";"SCZ";"all_genes";"cluster_12";7771;56006;0.00573759553274744;0.423471743211572;0;"0.455197968503435";"4.00004342727686";"2.72128982632403"
"brain_mouse_10X";"SCZ";"all_genes";"cluster_13";6581.5;35309.5;0.0489420638944368;2.44374092650958;1.16498732555675;"0.447825981142105";"4.00004342727686";"2.72128982632403"
"brain_mouse_10X";"SCZ";"all_genes";"cluster_14";5770;26893;0.0290826936936864;1.31251446606223;0.0337608651093994;"0.398741075255229";"4.00004342727686";"2.72128982632403"
"brain_mouse_10X";"SCZ";"all_genes";"cluster_15";8086;60122;0.047921342953691;2.14878507855779;0.870031477604958;"0.46161925351673";"4.00004342727686";"2.72128982632403"
"brain_mouse_10X";"SCZ";"all_genes";"cluster_16";8319;66466;0.0715293176089667;4.00004342727686;2.72128982632403;"0.469008579211854";"4.00004342727686";"2.72128982632403"
"brain_mouse_10X";"SCZ";"all_genes";"cluster_17";7644.5;50543;-0.0207657992179059;0.0458974384473146;0;"0.284959279033408";"4.00004342727686";"2.72128982632403"
"brain_mouse_10X";"SCZ";"all_genes";"cluster_18";9295.5;79652.5;0.0443822470375674;1.95865074211864;0.679897141165809;"0.420382862056044";"4.00004342727686";"2.72128982632403"
"brain_mouse_cell2location";"ADHD";"all_genes";"cluster_0";3544;9083;0.0216200803994417;1.16945475859172;0;"-0.0172116729430054";"0.156499215331227";"0"
"brain_mouse_cell2location";"ADHD";"all_genes";"cluster_1";4101;11305;0.0340005022948601;1.9318575655307;0.701408644152427;"0.0364411467923092";"1.00484713567968";"0"
"brain_mouse_cell2location";"ADHD";"all_genes";"cluster_2";5542;20168;0.0322603490029991;1.88610007497003;0.655651153591752;"0.00278387359356569";"0.420031314747438";"0"
"brain_mouse_cell2location";"ADHD";"all_genes";"cluster_3";3280.5;9212;0.00363413529786566;0.412893929022519;0;"-0.141652432473913";"0";"0"
"brain_mouse_cell2location";"ADHD";"all_genes";"cluster_4";5305;19287.5;0.037649281623157;2.22919141563472;0.998742494256445;"0.0128993370951929";"0.63008581993081";"0"
"brain_mouse_cell2location";"ADHD";"all_genes";"cluster_5";5303.5;19593.5;0.0416773470002777;2.60210341860483;1.37165449722655;"-6.98193790236168e-05";"0.37247276309632";"0"
"brain_mouse_cell2location";"ADHD";"all_genes";"cluster_6";5015;17961;0.0246166514931465;1.38409337562046;0.153644454242188;"-0.00893958343640311";"0.249843699447681";"0"
"brain_mouse_cell2location";"ADHD";"all_genes";"cluster_7";5395;19955.5;0.03193447589503;1.8125227064404;0.582073785062126;"-0.015055042314775";"0.177875347908845";"0"
"brain_mouse_cell2location";"ADHD";"all_genes";"cluster_8";4705;15072;0.0329847556168263;1.91725805696041;0.686809135582139;"0.00552077657187849";"0.483772544547523";"0"
"brain_mouse_cell2location";"ADHD";"all_genes";"cluster_9";2932;8086;0.0311601154405656;1.81535199645926;0.58490307508099;"-0.0242364024596189";"0.0979861164683961";"0"
"brain_mouse_cell2location";"ADHD";"all_genes";"cluster_10";5204;17298;0.0210172651631707;1.13316561293936;0;"0.00384581710416454";"0.413793788410821";"0"
"brain_mouse_cell2location";"ADHD";"all_genes";"cluster_11";3721;9668;0.0241171712515234;1.2967520491582;0.0663031277799274;"0.00580062266669124";"0.457965280941237";"0"
"brain_mouse_cell2location";"ADHD";"all_genes";"cluster_12";2620;6252;0.0124314208077069;0.739495054639883;0;"-0.0698825956697507";"0.000434468305445637";"0"
"brain_mouse_cell2location";"ADHD";"all_genes";"cluster_13";5242;17865;0.0238338985767209;1.2848760694284;0.0544271480501309;"-0.0183958028734748";"0.148540474506318";"0"
"brain_mouse_cell2location";"ADHD";"all_genes";"cluster_14";3837.5;10310;0.018552727416711;0.976790967643151;0;"-0.0689774925779195";"0.00475931958760301";"0"
"brain_mouse_cell2location";"ADHD";"all_genes";"cluster_15";5303;17213;0.0166727064053695;0.91332776333198;0;"-0.0957190507997074";"0.00026062882272692";"0"
"brain_mouse_cell2location";"ADHD";"all_genes";"cluster_16";4686;16227.5;-0.00512507436879919;0.19495054893419;0;"-0.187547900022339";"0";"0"
"brain_mouse_cell2location";"AHD";"all_genes";"cluster_0";3544;9083;0.0537390728302584;1.60210341860483;0.371654497226551;"0.020266791723056";"0.761746359401469";"0"
"brain_mouse_cell2location";"AHD";"all_genes";"cluster_1";4101;11305;0.0686907095467185;2.0655449760333;0.835096054655021;"0.0484563181156658";"1.43419560860334";"0.203746687225071"
"brain_mouse_cell2location";"AHD";"all_genes";"cluster_2";5542;20168;0.0364518208049938;1.17009673133523;0;"0.039151441272305";"1.21258295275845";"0"
"brain_mouse_cell2location";"AHD";"all_genes";"cluster_3";3280.5;9212;0.0370988180562905;1.08411621557975;0;"-0.0499091394260868";"0.00594633768865269";"0"
"brain_mouse_cell2location";"AHD";"all_genes";"cluster_4";5305;19287.5;0.0525672351737616;1.59692290610104;0.366473984722771;"0.059045498207989";"1.74962342496797";"0.519174503589695"
"brain_mouse_cell2location";"AHD";"all_genes";"cluster_5";5303.5;19593.5;0.045326446568183;1.37990737230311;0.149458450924831;"0.0649206013255228";"1.85391539159862";"0.623466470220351"
"brain_mouse_cell2location";"AHD";"all_genes";"cluster_6";5015;17961;0.0346722700216517;1.11922983499607;0;"0.0260621041366101";"0.884432915602563";"0"
"brain_mouse_cell2location";"AHD";"all_genes";"cluster_7";5395;19955.5;0.0454801863542451;1.38409337562046;0.153644454242188;"0.0400977275313619";"1.24037558258723";"0.00992666120895824"
"brain_mouse_cell2location";"AHD";"all_genes";"cluster_8";4705;15072;0.0383892561818436;1.20695182710028;0;"0.0476775326307609";"1.41345612260511";"0.183007201226834"
"brain_mouse_cell2location";"AHD";"all_genes";"cluster_9";2932;8086;0.0343884258542851;1.12382558668522;0;"0.0371942360138149";"1.17526696480132";"0"
"brain_mouse_cell2location";"AHD";"all_genes";"cluster_10";5204;17298;0.0554140321427462;1.61265360093813;0.382204679559859;"0.0112942293370887";"0.550873695111662";"0"
"brain_mouse_cell2location";"AHD";"all_genes";"cluster_11";3721;9668;0.0820949595453846;2.44374092650958;1.2132920051313;"0.0404316027888565";"1.20416340993279";"0"
"brain_mouse_cell2location";"AHD";"all_genes";"cluster_12";2620;6252;0.0497316938024729;1.49625274421968;0.265803822841408;"-0.00455641628221753";"0.298993796547723";"0"
"brain_mouse_cell2location";"AHD";"all_genes";"cluster_13";5242;17865;0.0367809365885077;1.13493945263573;0;"0.0170920889802869";"0.680520978211409";"0"
"brain_mouse_cell2location";"AHD";"all_genes";"cluster_14";3837.5;10310;0.0800622395077087;2.35659075079068;1.1261418294124;"0.0210236642241717";"0.729131787866382";"0"
"brain_mouse_cell2location";"AHD";"all_genes";"cluster_15";5303;17213;0.0749762582215432;2.23661543371393;1.00616651233565;"-0.0279764642018338";"0.0583829488884703";"0"
"brain_mouse_cell2location";"AHD";"all_genes";"cluster_16";4686;16227.5;0.0398102324605885;1.17656919810656;0;"-0.0925701173712803";"0";"0"
"brain_mouse_cell2location";"ALS";"all_genes";"cluster_0";3544;9083;0.0441210192552438;1.31880218990128;0.0883532685230015;"0.0426292658340389";"1.26764966745389";"0.0372007460756202"
"brain_mouse_cell2location";"ALS";"all_genes";"cluster_1";4101;11305;0.0536431269748459;1.53466057582844;0.30421165445017;"0.0589981933044327";"1.61802638470199";"0.38757746332372"
"brain_mouse_cell2location";"ALS";"all_genes";"cluster_2";5542;20168;0.0290917986781858;0.964213602024034;0;"0.0639136986676284";"1.86332286012046";"0.632873938742182"
"brain_mouse_cell2location";"ALS";"all_genes";"cluster_3";3280.5;9212;0.0303593278880127;0.903480988902727;0;"-0.0144558626973858";"0.180762780304382";"0"
"brain_mouse_cell2location";"ALS";"all_genes";"cluster_4";5305;19287.5;0.0430863563261812;1.29933971013184;0.0688907887535694;"0.0618375493407119";"1.78255948306296";"0.552110561684682"
"brain_mouse_cell2location";"ALS";"all_genes";"cluster_5";5303.5;19593.5;0.0320366311738802;1.00309417878148;0;"0.0644022818978575";"1.82395216822118";"0.593503246842908"
"brain_mouse_cell2location";"ALS";"all_genes";"cluster_6";5015;17961;0.018495875186154;0.714486118269089;0;"0.0535951289371957";"1.52437223895243";"0.293923317574159"
"brain_mouse_cell2location";"ALS";"all_genes";"cluster_7";5395;19955.5;0.0383206962916123;1.17396862457604;0;"0.0509445527723195";"1.48949841707025";"0.259049495691976"
"brain_mouse_cell2location";"ALS";"all_genes";"cluster_8";4705;15072;0.0319006207787031;1.02645380384961;0;"0.0777871617664594";"2.14878507855779";"0.918336157179513"
"brain_mouse_cell2location";"ALS";"all_genes";"cluster_9";2932;8086;0.0265769272499887;0.919777799937018;0;"0.0549171750006278";"1.55756365821241";"0.32711473683414"
"brain_mouse_cell2location";"ALS";"all_genes";"cluster_10";5204;17298;0.052119096598086;1.45104016525107;0.220591243872801;"0.0390296079210767";"1.13316561293936";"0"
"brain_mouse_cell2location";"ALS";"all_genes";"cluster_11";3721;9668;0.0702087271985892;1.88610007497003;0.655651153591752;"0.0386373537971665";"1.12094754777679";"0"
"brain_mouse_cell2location";"ALS";"all_genes";"cluster_12";2620;6252;0.0439589337680272;1.28823619823567;0.0577872768573978;"0.0247469375383276";"0.860794209705256";"0"
"brain_mouse_cell2location";"ALS";"all_genes";"cluster_13";5242;17865;0.0268174975625092;0.894873999277531;0;"0.0388790450089703";"1.16245498904135";"0"
"brain_mouse_cell2location";"ALS";"all_genes";"cluster_14";3837.5;10310;0.0794286256391928;2.13081170754589;0.900362786167613;"0.00203163262010037";"0.390342324897463";"0"
"brain_mouse_cell2location";"ALS";"all_genes";"cluster_15";5303;17213;0.0670155260878217;1.79864630295641;0.568197381578137;"-0.0160066660701803";"0.150685445615564";"0"
"brain_mouse_cell2location";"ALS";"all_genes";"cluster_16";4686;16227.5;0.0427691504529333;1.16498732555675;0;"-0.0616518370222906";"0.0024823116432743";"0"
"brain_mouse_cell2location";"ALZ";"all_genes";"cluster_0";3544;9083;0.008589864985311;0.503390488025945;0;"-0.00132766514300864";"0.346252239889051";"0"
"brain_mouse_cell2location";"ALZ";"all_genes";"cluster_1";4101;11305;0.0297474648121327;1.00528648268923;0;"0.042063814541883";"1.27988412387091";"0.0494352024926319"
"brain_mouse_cell2location";"ALZ";"all_genes";"cluster_2";5542;20168;0.0100426301603316;0.525244608476232;0;"0.0138055277712881";"0.623284031871983";"0"
"brain_mouse_cell2location";"ALZ";"all_genes";"cluster_3";3280.5;9212;0.0131360363547582;0.575325089945296;0;"-0.0576649159239326";"0.00169688988049808";"0"
"brain_mouse_cell2location";"ALZ";"all_genes";"cluster_4";5305;19287.5;0.00995375220564101;0.523066961517336;0;"0.0168636120690805";"0.688501468875668";"0"
"brain_mouse_cell2location";"ALZ";"all_genes";"cluster_5";5303.5;19593.5;0.00930780065758594;0.510225518975412;0;"0.0212069330550511";"0.773701340113232";"0"
"brain_mouse_cell2location";"ALZ";"all_genes";"cluster_6";5015;17961;0.0115577924821725;0.558662542360351;0;"0.011312376723583";"0.559764214041275";"0"
"brain_mouse_cell2location";"ALZ";"all_genes";"cluster_7";5395;19955.5;0.000961932326185605;0.35158583299434;0;"-0.00105968922772556";"0.338704087270823";"0"
"brain_mouse_cell2location";"ALZ";"all_genes";"cluster_8";4705;15072;0.0178346373469705;0.701190350867156;0;"0.00810780388381716";"0.510225518975412";"0"
"brain_mouse_cell2location";"ALZ";"all_genes";"cluster_9";2932;8086;0.0140782795296167;0.62383157699419;0;"0.0104053244535662";"0.569162480823971";"0"
"brain_mouse_cell2location";"ALZ";"all_genes";"cluster_10";5204;17298;7.99606425029853e-05;0.340697791530686;0;"0.00360980450556653";"0.411323647676806";"0"
"brain_mouse_cell2location";"ALZ";"all_genes";"cluster_11";3721;9668;0.0231486566818681;0.802487214123326;0;"0.0225660140397029";"0.780458901062608";"0"
"brain_mouse_cell2location";"ALZ";"all_genes";"cluster_12";2620;6252;0.0219186552768391;0.80138634032244;0;"-0.0175380584963254";"0.124924261814294";"0"
"brain_mouse_cell2location";"ALZ";"all_genes";"cluster_13";5242;17865;0.00734599423470772;0.46984372907378;0;"-0.0108932154508375";"0.195018582847057";"0"
"brain_mouse_cell2location";"ALZ";"all_genes";"cluster_14";3837.5;10310;0.00423531256737605;0.404988337517559;0;"-0.0345289987302412";"0.0352183093934739";"0"
"brain_mouse_cell2location";"ALZ";"all_genes";"cluster_15";5303;17213;0.0175578265581884;0.678444996811519;0;"-0.0435858920745154";"0.0113507247270459";"0"
"brain_mouse_cell2location";"ALZ";"all_genes";"cluster_16";4686;16227.5;0.0172176869653743;0.674117471505396;0;"-0.0760502146959498";"0.000173735168594841";"0"
"brain_mouse_cell2location";"ASD";"all_genes";"cluster_0";3544;9083;0.0884205533319661;4.00004342727686;2.76959450589859;"0.0142272971777729";"0.665388660393621";"0"
"brain_mouse_cell2location";"ASD";"all_genes";"cluster_1";4101;11305;0.113945197968149;4.00004342727686;2.76959450589859;"0.0677002433868722";"1.65959931243674";"0.42915039105847"
"brain_mouse_cell2location";"ASD";"all_genes";"cluster_2";5542;20168;0.101687243974991;4.00004342727686;2.76959450589859;"0.0245294215186371";"0.860794209705256";"0"
"brain_mouse_cell2location";"ASD";"all_genes";"cluster_3";3280.5;9212;0.0483186063273116;2.48152948739898;1.2510805660207;"-0.111109656523054";"0";"0"
"brain_mouse_cell2location";"ASD";"all_genes";"cluster_4";5305;19287.5;0.110955803477536;4.00004342727686;2.76959450589859;"0.0195259592373191";"0.771130021282175";"0"
"brain_mouse_cell2location";"ASD";"all_genes";"cluster_5";5303.5;19593.5;0.121641736222927;4.00004342727686;2.76959450589859;"0.0430293117235804";"1.17591759336031";"0"
"brain_mouse_cell2location";"ASD";"all_genes";"cluster_6";5015;17961;0.0951662571092031;4.00004342727686;2.76959450589859;"0.0102118845164393";"0.548717618787343";"0"
"brain_mouse_cell2location";"ASD";"all_genes";"cluster_7";5395;19955.5;0.104218455891109;4.00004342727686;2.76959450589859;"-0.00264481665904945";"0.340127227207012";"0"
"brain_mouse_cell2location";"ASD";"all_genes";"cluster_8";4705;15072;0.105931538522111;4.00004342727686;2.76959450589859;"-0.00626640386317195";"0.298043952387226";"0"
"brain_mouse_cell2location";"ASD";"all_genes";"cluster_9";2932;8086;0.0993922966021482;4.00004342727686;2.76959450589859;"0.0120402146572321";"0.645934988129462";"0"
"brain_mouse_cell2location";"ASD";"all_genes";"cluster_10";5204;17298;0.089261857878652;4.00004342727686;2.76959450589859;"0.0175745532176706";"0.651543856993025";"0"
"brain_mouse_cell2location";"ASD";"all_genes";"cluster_11";3721;9668;0.10485442015489;4.00004342727686;2.76959450589859;"0.0521133024826634";"1.30456175078667";"0.0741128294083913"
"brain_mouse_cell2location";"ASD";"all_genes";"cluster_12";2620;6252;0.0739850390517975;4.00004342727686;2.76959450589859;"-0.0291435393306965";"0.0649394061254131";"0"
"brain_mouse_cell2location";"ASD";"all_genes";"cluster_13";5242;17865;0.0935327394481851;4.00004342727686;2.76959450589859;"-0.0202713797533732";"0.122499319560919";"0"
"brain_mouse_cell2location";"ASD";"all_genes";"cluster_14";3837.5;10310;0.0802738463690407;4.00004342727686;2.76959450589859;"-0.0469777726112932";"0.0210416788021416";"0"
"brain_mouse_cell2location";"ASD";"all_genes";"cluster_15";5303;17213;0.0746967689009863;4.00004342727686;2.76959450589859;"-0.012043098867897";"0.213646965904558";"0"
"brain_mouse_cell2location";"ASD";"all_genes";"cluster_16";4686;16227.5;0.0321537641607275;1.59350324684291;0.363054325464634;"-0.153194629021153";"0";"0"
"brain_mouse_cell2location";"BIP";"all_genes";"cluster_0";3544;9083;0.020121200776609;0.849594017815982;0;"0.328729450535313";"4.00004342727686";"2.76959450589859"
"brain_mouse_cell2location";"BIP";"all_genes";"cluster_1";4101;11305;0.0356794519452048;1.50868173344259;0.278232812064316;"0.336709861893793";"4.00004342727686";"2.76959450589859"
"brain_mouse_cell2location";"BIP";"all_genes";"cluster_2";5542;20168;0.0369659250531434;1.59350324684291;0.363054325464634;"0.328680961987575";"4.00004342727686";"2.76959450589859"
"brain_mouse_cell2location";"BIP";"all_genes";"cluster_3";3280.5;9212;0.00810503191440376;0.496388908033903;0;"0.25530752160001";"4.00004342727686";"2.76959450589859"
"brain_mouse_cell2location";"BIP";"all_genes";"cluster_4";5305;19287.5;0.0414399769600511;1.83867542504189;0.608226503663614;"0.342804925087988";"4.00004342727686";"2.76959450589859"
"brain_mouse_cell2location";"BIP";"all_genes";"cluster_5";5303.5;19593.5;0.0495063439607669;2.42025983066005;1.18981090928178;"0.332617871385634";"4.00004342727686";"2.76959450589859"
"brain_mouse_cell2location";"BIP";"all_genes";"cluster_6";5015;17961;0.0331099033347894;1.41684465330824;0.186395731929966;"0.344049518086506";"4.00004342727686";"2.76959450589859"
"brain_mouse_cell2location";"BIP";"all_genes";"cluster_7";5395;19955.5;0.0368219434401368;1.5607107334466;0.330261812068326;"0.332528198658457";"4.00004342727686";"2.76959450589859"
"brain_mouse_cell2location";"BIP";"all_genes";"cluster_8";4705;15072;0.0410647959509473;1.84168093518161;0.611232013803339;"0.356324071928831";"4.00004342727686";"2.76959450589859"
"brain_mouse_cell2location";"BIP";"all_genes";"cluster_9";2932;8086;0.0404065098816729;1.79052841273423;0.560079491355958;"0.338981412351872";"4.00004342727686";"2.76959450589859"
"brain_mouse_cell2location";"BIP";"all_genes";"cluster_10";5204;17298;0.0159961785469109;0.71878274022185;0;"0.327028154165853";"4.00004342727686";"2.76959450589859"
"brain_mouse_cell2location";"BIP";"all_genes";"cluster_11";3721;9668;0.0288251928330831;1.1688137334098;0;"0.333538278750453";"4.00004342727686";"2.76959450589859"
"brain_mouse_cell2location";"BIP";"all_genes";"cluster_12";2620;6252;0.0212696815511981;0.904874075845107;0;"0.300511448979536";"4.00004342727686";"2.76959450589859"
"brain_mouse_cell2location";"BIP";"all_genes";"cluster_13";5242;17865;0.0327007092006448;1.31609629652535;0.0856473751470766;"0.314082689121829";"4.00004342727686";"2.76959450589859"
"brain_mouse_cell2location";"BIP";"all_genes";"cluster_14";3837.5;10310;0.0178427072732762;0.75576630647502;0;"0.308439846172622";"4.00004342727686";"2.76959450589859"
"brain_mouse_cell2location";"BIP";"all_genes";"cluster_15";5303;17213;0.0114307056447575;0.588929008725958;0;"0.286189884026396";"4.00004342727686";"2.76959450589859"
"brain_mouse_cell2location";"BIP";"all_genes";"cluster_16";4686;16227.5;0.00338844804820812;0.393662062166258;0;"0.25174187176456";"4.00004342727686";"2.76959450589859"
"brain_mouse_cell2location";"EPI";"all_genes";"cluster_0";3544;9083;0.182365799707192;4.00004342727686;2.76959450589859;"0.616820353952939";"4.00004342727686";"2.76959450589859"
"brain_mouse_cell2location";"EPI";"all_genes";"cluster_1";4101;11305;0.224371580331967;4.00004342727686;2.76959450589859;"0.504651232372603";"4.00004342727686";"2.76959450589859"
"brain_mouse_cell2location";"EPI";"all_genes";"cluster_2";5542;20168;0.189056142669056;4.00004342727686;2.76959450589859;"0.553925642689963";"4.00004342727686";"2.76959450589859"
"brain_mouse_cell2location";"EPI";"all_genes";"cluster_3";3280.5;9212;0.12781815199873;4.00004342727686;2.76959450589859;"0.642354731843824";"4.00004342727686";"2.76959450589859"
"brain_mouse_cell2location";"EPI";"all_genes";"cluster_4";5305;19287.5;0.220389995735657;4.00004342727686;2.76959450589859;"0.529412276297897";"4.00004342727686";"2.76959450589859"
"brain_mouse_cell2location";"EPI";"all_genes";"cluster_5";5303.5;19593.5;0.220516416015899;4.00004342727686;2.76959450589859;"0.544149868138099";"4.00004342727686";"2.76959450589859"
"brain_mouse_cell2location";"EPI";"all_genes";"cluster_6";5015;17961;0.192636271254503;4.00004342727686;2.76959450589859;"0.599051394904716";"4.00004342727686";"2.76959450589859"
"brain_mouse_cell2location";"EPI";"all_genes";"cluster_7";5395;19955.5;0.201900079335845;4.00004342727686;2.76959450589859;"0.557998413571275";"4.00004342727686";"2.76959450589859"
"brain_mouse_cell2location";"EPI";"all_genes";"cluster_8";4705;15072;0.182088774462053;4.00004342727686;2.76959450589859;"0.641683716801738";"4.00004342727686";"2.76959450589859"
"brain_mouse_cell2location";"EPI";"all_genes";"cluster_9";2932;8086;0.208160749822023;4.00004342727686;2.76959450589859;"0.599522065788272";"4.00004342727686";"2.76959450589859"
"brain_mouse_cell2location";"EPI";"all_genes";"cluster_10";5204;17298;0.160597748506143;4.00004342727686;2.76959450589859;"0.604677916067806";"4.00004342727686";"2.76959450589859"
"brain_mouse_cell2location";"EPI";"all_genes";"cluster_11";3721;9668;0.229695613172757;4.00004342727686;2.76959450589859;"0.501022287736434";"4.00004342727686";"2.76959450589859"
"brain_mouse_cell2location";"EPI";"all_genes";"cluster_12";2620;6252;0.184041624822519;4.00004342727686;2.76959450589859;"0.594154004905076";"4.00004342727686";"2.76959450589859"
"brain_mouse_cell2location";"EPI";"all_genes";"cluster_13";5242;17865;0.175096770903159;4.00004342727686;2.76959450589859;"0.584069306048911";"4.00004342727686";"2.76959450589859"
"brain_mouse_cell2location";"EPI";"all_genes";"cluster_14";3837.5;10310;0.198432768649817;4.00004342727686;2.76959450589859;"0.515908016107132";"4.00004342727686";"2.76959450589859"
"brain_mouse_cell2location";"EPI";"all_genes";"cluster_15";5303;17213;0.138301718698695;4.00004342727686;2.76959450589859;"0.551243957422941";"4.00004342727686";"2.76959450589859"
"brain_mouse_cell2location";"EPI";"all_genes";"cluster_16";4686;16227.5;0.0937286054836451;4.00004342727686;2.76959450589859;"0.597973343587016";"4.00004342727686";"2.76959450589859"
"brain_mouse_cell2location";"INS";"all_genes";"cluster_0";3544;9083;-0.00124647732859484;0.329797574202739;0;"0.0220165887045207";"0.821930174962231";"0"
"brain_mouse_cell2location";"INS";"all_genes";"cluster_1";4101;11305;0.00789789825936116;0.488160066297988;0;"0.0592083130863338";"1.48949841707025";"0.259049495691976"
"brain_mouse_cell2location";"INS";"all_genes";"cluster_2";5542;20168;0.00678555309774415;0.466779910498148;0;"0.0497915940316121";"1.34012722720701";"0.109678305828739"
"brain_mouse_cell2location";"INS";"all_genes";"cluster_3";3280.5;9212;0.0191392544615651;0.689350114933502;0;"-0.128871668339017";"0";"0"
"brain_mouse_cell2location";"INS";"all_genes";"cluster_4";5305;19287.5;0.014930572727572;0.64268039666172;0;"0.0490816474829946";"1.33446243625891";"0.104013514880636"
"brain_mouse_cell2location";"INS";"all_genes";"cluster_5";5303.5;19593.5;0.0120142759935116;0.573206973473355;0;"0.0956454985606725";"2.2147135922661";"0.984264670887822"
"brain_mouse_cell2location";"INS";"all_genes";"cluster_6";5015;17961;0.0100129976719155;0.52889846211623;0;"0.0164871793175521";"0.653690452826224";"0"
"brain_mouse_cell2location";"INS";"all_genes";"cluster_7";5395;19955.5;0.00978417323178069;0.523791631269829;0;"0.0264916913486332";"0.879798631730497";"0"
"brain_mouse_cell2location";"INS";"all_genes";"cluster_8";4705;15072;0.00805212232110292;0.496525114552788;0;"0.0377432435124295";"1.07628146644816";"0"
"brain_mouse_cell2location";"INS";"all_genes";"cluster_9";2932;8086;0.00734296319443872;0.498162933521804;0;"0.0462310332537023";"1.29589291043706";"0.0654439890587896"
"brain_mouse_cell2location";"INS";"all_genes";"cluster_10";5204;17298;-0.0137013002648621;0.15712230651688;0;"0.0502851212011002";"1.26926115161047";"0.0388122302321996"
"brain_mouse_cell2location";"INS";"all_genes";"cluster_11";3721;9668;0.0121533884505077;0.5607107334466;0;"0.0406515700066211";"1.08411621557975";"0"
"brain_mouse_cell2location";"INS";"all_genes";"cluster_12";2620;6252;0.000967554956386729;0.367586135092138;0;"-0.0332388078892976";"0.0441633410514873";"0"
"brain_mouse_cell2location";"INS";"all_genes";"cluster_13";5242;17865;0.00668572220680835;0.457965280941237;0;"-0.00525793729211166";"0.292899238934417";"0"
"brain_mouse_cell2location";"INS";"all_genes";"cluster_14";3837.5;10310;-0.00241689143196286;0.311178859222071;0;"-0.0611705546874593";"0.00467152124870026";"0"
"brain_mouse_cell2location";"INS";"all_genes";"cluster_15";5303;17213;-0.0231572060626429;0.0794505651920542;0;"-0.0341221518894665";"0.0610736300539724";"0"
"brain_mouse_cell2location";"INS";"all_genes";"cluster_16";4686;16227.5;-0.00072515642033863;0.322345245802352;0;"-0.164623522799128";"0";"0"
"brain_mouse_cell2location";"MDD";"all_genes";"cluster_0";3544;9083;0.0212934896167715;0.792947886857645;0;"0.324682357659801";"4.00004342727686";"2.76959450589859"
"brain_mouse_cell2location";"MDD";"all_genes";"cluster_1";4101;11305;0.0314260734917508;1.01506630086137;0;"0.350634386953801";"4.00004342727686";"2.76959450589859"
"brain_mouse_cell2location";"MDD";"all_genes";"cluster_2";5542;20168;0.0189268541248859;0.733576531836621;0;"0.33354548368372";"4.00004342727686";"2.76959450589859"
"brain_mouse_cell2location";"MDD";"all_genes";"cluster_3";3280.5;9212;-0.0254806281107875;0.0808606982343621;0;"0.246232446459796";"4.00004342727686";"2.76959450589859"
"brain_mouse_cell2location";"MDD";"all_genes";"cluster_4";5305;19287.5;0.0169198573795141;0.693832919109101;0;"0.364075759251342";"4.00004342727686";"2.76959450589859"
"brain_mouse_cell2location";"MDD";"all_genes";"cluster_5";5303.5;19593.5;0.0139742517432981;0.616766776869212;0;"0.357037652811444";"4.00004342727686";"2.76959450589859"
"brain_mouse_cell2location";"MDD";"all_genes";"cluster_6";5015;17961;0.000191733929590154;0.357479990172475;0;"0.345759857674423";"4.00004342727686";"2.76959450589859"
"brain_mouse_cell2location";"MDD";"all_genes";"cluster_7";5395;19955.5;0.00684911480768632;0.47603698171949;0;"0.342271679985162";"4.00004342727686";"2.76959450589859"
"brain_mouse_cell2location";"MDD";"all_genes";"cluster_8";4705;15072;0.0190995891864941;0.728666555382788;0;"0.358338583761135";"4.00004342727686";"2.76959450589859"
"brain_mouse_cell2location";"MDD";"all_genes";"cluster_9";2932;8086;0.0151238195164828;0.666999397453375;0;"0.351791362265163";"4.00004342727686";"2.76959450589859"
"brain_mouse_cell2location";"MDD";"all_genes";"cluster_10";5204;17298;0.0115136147118958;0.551646323819095;0;"0.320993949076012";"4.00004342727686";"2.76959450589859"
"brain_mouse_cell2location";"MDD";"all_genes";"cluster_11";3721;9668;0.0125645598516179;0.587414906732487;0;"0.350255815912132";"4.00004342727686";"2.76959450589859"
"brain_mouse_cell2location";"MDD";"all_genes";"cluster_12";2620;6252;-0.0125290660410596;0.182808696851365;0;"0.31258893205333";"4.00004342727686";"2.76959450589859"
"brain_mouse_cell2location";"MDD";"all_genes";"cluster_13";5242;17865;0.00896806259411553;0.514463950292184;0;"0.316761935015827";"4.00004342727686";"2.76959450589859"
"brain_mouse_cell2location";"MDD";"all_genes";"cluster_14";3837.5;10310;-0.0123998174937197;0.188602483602705;0;"0.309358898368962";"4.00004342727686";"2.76959450589859"
"brain_mouse_cell2location";"MDD";"all_genes";"cluster_15";5303;17213;-0.011139745962493;0.19420287846219;0;"0.286192799956076";"4.00004342727686";"2.76959450589859"
"brain_mouse_cell2location";"MDD";"all_genes";"cluster_16";4686;16227.5;-0.0548457931420502;0.00462762873444759;0;"0.239874445370322";"4.00004342727686";"2.76959450589859"
"brain_mouse_cell2location";"MS";"all_genes";"cluster_0";3544;9083;-0.033259431436802;0.0247954860361815;0;"0.267513420075571";"4.00004342727686";"2.76959450589859"
"brain_mouse_cell2location";"MS";"all_genes";"cluster_1";4101;11305;-0.0343541068683989;0.0218629103394488;0;"0.296383214947172";"4.00004342727686";"2.76959450589859"
"brain_mouse_cell2location";"MS";"all_genes";"cluster_2";5542;20168;-0.0338424837424429;0.0197672861990224;0;"0.273751566070825";"4.00004342727686";"2.76959450589859"
"brain_mouse_cell2location";"MS";"all_genes";"cluster_3";3280.5;9212;-0.0183339118662936;0.112257392438491;0;"0.208103174036605";"4.00004342727686";"2.76959450589859"
"brain_mouse_cell2location";"MS";"all_genes";"cluster_4";5305;19287.5;-0.0292069225311638;0.0372480574196295;0;"0.295354243884638";"4.00004342727686";"2.76959450589859"
"brain_mouse_cell2location";"MS";"all_genes";"cluster_5";5303.5;19593.5;-0.0338896022506068;0.0225484582038263;0;"0.297310796124198";"4.00004342727686";"2.76959450589859"
"brain_mouse_cell2location";"MS";"all_genes";"cluster_6";5015;17961;-0.030861236500222;0.0287675785387574;0;"0.279473657708208";"4.00004342727686";"2.76959450589859"
"brain_mouse_cell2location";"MS";"all_genes";"cluster_7";5395;19955.5;-0.0351104471658721;0.0202674945471771;0;"0.283846174531219";"4.00004342727686";"2.76959450589859"
"brain_mouse_cell2location";"MS";"all_genes";"cluster_8";4705;15072;-0.0344898602954105;0.019267653314241;0;"0.280715127895131";"4.00004342727686";"2.76959450589859"
"brain_mouse_cell2location";"MS";"all_genes";"cluster_9";2932;8086;-0.0384101518795588;0.010015528506568;0;"0.288840590246629";"4.00004342727686";"2.76959450589859"
"brain_mouse_cell2location";"MS";"all_genes";"cluster_10";5204;17298;-0.0342615817264539;0.0222741091852883;0;"0.255305895691187";"4.00004342727686";"2.76959450589859"
"brain_mouse_cell2location";"MS";"all_genes";"cluster_11";3721;9668;-0.0407979377607097;0.0105046239563602;0;"0.307399971858198";"4.00004342727686";"2.76959450589859"
"brain_mouse_cell2location";"MS";"all_genes";"cluster_12";2620;6252;-0.021113969691396;0.0853301403032388;0;"0.249474268475832";"4.00004342727686";"2.76959450589859"
"brain_mouse_cell2location";"MS";"all_genes";"cluster_13";5242;17865;-0.0290556371018634;0.0408111782258667;0;"0.256285426467991";"4.00004342727686";"2.76959450589859"
"brain_mouse_cell2location";"MS";"all_genes";"cluster_14";3837.5;10310;-0.0271556324169036;0.0548211106415219;0;"0.277370042114825";"4.00004342727686";"2.76959450589859"
"brain_mouse_cell2location";"MS";"all_genes";"cluster_15";5303;17213;-0.0415594766659954;0.00899465082418615;0;"0.229981990861627";"4.00004342727686";"2.76959450589859"
"brain_mouse_cell2location";"MS";"all_genes";"cluster_16";4686;16227.5;-0.0254813386344398;0.0542795041656889;0;"0.181485733292609";"4.00004342727686";"2.76959450589859"
"brain_mouse_cell2location";"PAR";"all_genes";"cluster_0";3544;9083;0.121323479180356;4.00004342727686;2.76959450589859;"-0.000648597569874454";"0.355900376766944";"0"
"brain_mouse_cell2location";"PAR";"all_genes";"cluster_1";4101;11305;0.124773563248102;4.00004342727686;2.76959450589859;"0.0454896237269325";"1.36859965826369";"0.138150736885417"
"brain_mouse_cell2location";"PAR";"all_genes";"cluster_2";5542;20168;0.111542855604048;4.00004342727686;2.76959450589859;"0.0324956459954368";"1.04725098423277";"0"
"brain_mouse_cell2location";"PAR";"all_genes";"cluster_3";3280.5;9212;0.106753800477264;4.00004342727686;2.76959450589859;"-0.0816822202038001";"0";"0"
"brain_mouse_cell2location";"PAR";"all_genes";"cluster_4";5305;19287.5;0.120499531437155;4.00004342727686;2.76959450589859;"0.0308149919875454";"1.02507143297879";"0"
"brain_mouse_cell2location";"PAR";"all_genes";"cluster_5";5303.5;19593.5;0.10811616235613;4.00004342727686;2.76959450589859;"0.037835963530305";"1.15805862268675";"0"
"brain_mouse_cell2location";"PAR";"all_genes";"cluster_6";5015;17961;0.109827240306262;4.00004342727686;2.76959450589859;"0.0350036435213941";"1.08570027015742";"0"
"brain_mouse_cell2location";"PAR";"all_genes";"cluster_7";5395;19955.5;0.110594692712928;4.00004342727686;2.76959450589859;"0.0191959126658742";"0.730764037504964";"0"
"brain_mouse_cell2location";"PAR";"all_genes";"cluster_8";4705;15072;0.116435178912049;4.00004342727686;2.76959450589859;"0.034394755317539";"1.09532788199818";"0"
"brain_mouse_cell2location";"PAR";"all_genes";"cluster_9";2932;8086;0.115177420762542;4.00004342727686;2.76959450589859;"0.0122992229712834";"0.6130097259945";"0"
"brain_mouse_cell2location";"PAR";"all_genes";"cluster_10";5204;17298;0.116538357568325;4.00004342727686;2.76959450589859;"0.0116378431881946";"0.553195717121054";"0"
"brain_mouse_cell2location";"PAR";"all_genes";"cluster_11";3721;9668;0.122992243557804;4.00004342727686;2.76959450589859;"0.0363564778583872";"1.08570027015742";"0"
"brain_mouse_cell2location";"PAR";"all_genes";"cluster_12";2620;6252;0.121805988403048;4.00004342727686;2.76959450589859;"-0.0303362628103877";"0.0370115522229644";"0"
"brain_mouse_cell2location";"PAR";"all_genes";"cluster_13";5242;17865;0.111484389550898;4.00004342727686;2.76959450589859;"0.0294812517546779";"0.965014145074495";"0"
"brain_mouse_cell2location";"PAR";"all_genes";"cluster_14";3837.5;10310;0.114296725358465;4.00004342727686;2.76959450589859;"-0.040485613139491";"0.0183606999055773";"0"
"brain_mouse_cell2location";"PAR";"all_genes";"cluster_15";5303;17213;0.128459919886873;4.00004342727686;2.76959450589859;"-0.055361087027389";"0.00204579086885834";"0"
"brain_mouse_cell2location";"PAR";"all_genes";"cluster_16";4686;16227.5;0.0824163783467382;3.30107342294084;2.07062450156257;"-0.122896209552499";"0";"0"
"brain_mouse_cell2location";"SCZ";"all_genes";"cluster_0";3544;9083;0.0244457336391209;1.33728559559529;0.106836674217015;"0.315577247926678";"4.00004342727686";"2.76959450589859"
"brain_mouse_cell2location";"SCZ";"all_genes";"cluster_1";4101;11305;0.0385042396490912;2.31880218990128;1.088353268523;"0.326328786972982";"4.00004342727686";"2.76959450589859"
"brain_mouse_cell2location";"SCZ";"all_genes";"cluster_2";5542;20168;0.0342956633827389;2.09155840839821;0.861109487019939;"0.306464511096252";"4.00004342727686";"2.76959450589859"
"brain_mouse_cell2location";"SCZ";"all_genes";"cluster_3";3280.5;9212;0.0156388820857502;0.869709658781857;0;"0.245337454815466";"4.00004342727686";"2.76959450589859"
"brain_mouse_cell2location";"SCZ";"all_genes";"cluster_4";5305;19287.5;0.0457796480888886;3.09695344028492;1.86650451890665;"0.317897865022156";"4.00004342727686";"2.76959450589859"
"brain_mouse_cell2location";"SCZ";"all_genes";"cluster_5";5303.5;19593.5;0.0490375223963443;3.30107342294084;2.07062450156257;"0.305566495961809";"4.00004342727686";"2.76959450589859"
"brain_mouse_cell2location";"SCZ";"all_genes";"cluster_6";5015;17961;0.0284631194515881;1.66158693367226;0.431138012293984;"0.311608620827423";"4.00004342727686";"2.76959450589859"
"brain_mouse_cell2location";"SCZ";"all_genes";"cluster_7";5395;19955.5;0.0372795746002042;2.22189217689322;0.991443255514945;"0.305686142468838";"4.00004342727686";"2.76959450589859"
"brain_mouse_cell2location";"SCZ";"all_genes";"cluster_8";4705;15072;0.0356598037521434;2.16753451457063;0.937085593192352;"0.327187007140686";"4.00004342727686";"2.76959450589859"
"brain_mouse_cell2location";"SCZ";"all_genes";"cluster_9";2932;8086;0.0371344209005259;2.25185540027066;1.02140647889239;"0.310917310313201";"4.00004342727686";"2.76959450589859"
"brain_mouse_cell2location";"SCZ";"all_genes";"cluster_10";5204;17298;0.0186425547131382;1.01913148950002;0;"0.310408049218101";"4.00004342727686";"2.76959450589859"
"brain_mouse_cell2location";"SCZ";"all_genes";"cluster_11";3721;9668;0.0323768450151076;1.82106647998369;0.590617558605419;"0.327528418799719";"4.00004342727686";"2.76959450589859"
"brain_mouse_cell2location";"SCZ";"all_genes";"cluster_12";2620;6252;0.0220137918603946;1.23886761412113;0.0084186927428573;"0.280135082851946";"4.00004342727686";"2.76959450589859"
"brain_mouse_cell2location";"SCZ";"all_genes";"cluster_13";5242;17865;0.0331506009490254;1.93558543804994;0.70513651667167;"0.296517383724157";"4.00004342727686";"2.76959450589859"
"brain_mouse_cell2location";"SCZ";"all_genes";"cluster_14";3837.5;10310;0.0306363659521439;1.73522560426733;0.504776682889052;"0.295213219707296";"4.00004342727686";"2.76959450589859"
"brain_mouse_cell2location";"SCZ";"all_genes";"cluster_15";5303;17213;0.0184435825049385;1.02277721484957;0;"0.269922404975285";"4.00004342727686";"2.76959450589859"
"brain_mouse_cell2location";"SCZ";"all_genes";"cluster_16";4686;16227.5;0.0031584664498302;0.412556961865899;0;"0.226955303687036";"4.00004342727686";"2.76959450589859"
"heart_human_adult_ACH003";"CAD";"all_genes";"cluster_0";1499.5;5228.5;-0.0092078412203742;0.124461322948977;0;"0.399120383803437";"4.00004342727686";"3.15494538726261"
"heart_human_adult_ACH003";"CAD";"all_genes";"cluster_1";1510;4515.5;-0.0064780094158588;0.174227982291659;0;"0.393196437987689";"4.00004342727686";"3.15494538726261"
"heart_human_adult_ACH003";"CAD";"all_genes";"cluster_2";1583.5;4852;-0.00360344712095459;0.230739967087781;0;"0.378349994386837";"4.00004342727686";"3.15494538726261"
"heart_human_adult_ACH003";"CAD";"all_genes";"cluster_3";1869;5551.5;0.00320041467558127;0.408533618282208;0;"0.333811472923693";"4.00004342727686";"3.15494538726261"
"heart_human_adult_ACH003";"CAD";"all_genes";"cluster_4";1614.5;4831.5;-0.00947180326985511;0.123479213293017;0;"0.359840401405295";"4.00004342727686";"3.15494538726261"
"heart_human_adult_ACH003";"CAD";"all_genes";"cluster_5";1555.5;5142;-0.00710258493257487;0.162581255790868;0;"0.389620688521081";"4.00004342727686";"3.15494538726261"
"heart_human_adult_ACH003";"CAD";"all_genes";"cluster_6";2807;8046.5;0.0327831897424094;1.67782413254294;0.832726092528687;"0.190334895493995";"4.00004342727686";"3.15494538726261"
"heart_human_adult_ACH003";"CHD";"all_genes";"cluster_0";1499.5;5228.5;0.222683301331505;4.00004342727686;3.15494538726261;"0.186936440854128";"2.63831559125927";"1.79321755124501"
"heart_human_adult_ACH003";"CHD";"all_genes";"cluster_1";1510;4515.5;0.23621116030899;4.00004342727686;3.15494538726261;"0.190282495705789";"2.79592344462094";"1.95082540460668"
"heart_human_adult_ACH003";"CHD";"all_genes";"cluster_2";1583.5;4852;0.215246328262076;4.00004342727686;3.15494538726261;"0.176772298825946";"2.60210341860483";"1.75700537859057"
"heart_human_adult_ACH003";"CHD";"all_genes";"cluster_3";1869;5551.5;0.204873057558977;4.00004342727686;3.15494538726261;"0.141020063866194";"2.17396862457604";"1.32887058456178"
"heart_human_adult_ACH003";"CHD";"all_genes";"cluster_4";1614.5;4831.5;0.205796551152099;4.00004342727686;3.15494538726261;"0.171065634672348";"2.53764542937791";"1.69254738936365"
"heart_human_adult_ACH003";"CHD";"all_genes";"cluster_5";1555.5;5142;0.213710336803423;4.00004342727686;3.15494538726261;"0.188650083597789";"2.74477092217356";"1.8996728821593"
"heart_human_adult_ACH003";"CHD";"all_genes";"cluster_6";2807;8046.5;0.0976039077454127;3.09695344028492;2.25185540027066;"0.00800698797225405";"0.44001717836397";"0"
"heart_human_adult_ACH003";"LDL";"all_genes";"cluster_0";1499.5;5228.5;-0.0183558311643963;0.0102377763400366;0;"N/A";"N/A";"N/A"
"heart_human_adult_ACH003";"LDL";"all_genes";"cluster_1";1510;4515.5;-0.0173405527167463;0.0144822395035176;0;"N/A";"N/A";"N/A"
"heart_human_adult_ACH003";"LDL";"all_genes";"cluster_2";1583.5;4852;-0.0162080682626162;0.0205861091790144;0;"N/A";"N/A";"N/A"
"heart_human_adult_ACH003";"LDL";"all_genes";"cluster_3";1869;5551.5;-0.0134451552948909;0.041145232566091;0;"N/A";"N/A";"N/A"
"heart_human_adult_ACH003";"LDL";"all_genes";"cluster_4";1614.5;4831.5;-0.0148209073864691;0.0281648102505969;0;"N/A";"N/A";"N/A"
"heart_human_adult_ACH003";"LDL";"all_genes";"cluster_5";1555.5;5142;-0.0180323572539894;0.0120645114013806;0;"N/A";"N/A";"N/A"
"heart_human_adult_ACH003";"LDL";"all_genes";"cluster_6";2807;8046.5;-0.00873395495593154;0.113778368247106;0;"N/A";"N/A";"N/A"
"heart_human_adult_ACH003";"MI";"all_genes";"cluster_0";1499.5;5228.5;0.0151390764592405;0.726579154655516;0;"0.0982051123979877";"1.99144325551495";"1.14634521550069"
"heart_human_adult_ACH003";"MI";"all_genes";"cluster_1";1510;4515.5;0.0176948772590629;0.794027550513518;0;"0.105074169518423";"2.17396862457604";"1.32887058456178"
"heart_human_adult_ACH003";"MI";"all_genes";"cluster_2";1583.5;4852;0.0162308318211178;0.745978974362525;0;"0.0976939600800497";"2.05556075512669";"1.21046271511244"
"heart_human_adult_ACH003";"MI";"all_genes";"cluster_3";1869;5551.5;0.018789197361031;0.8125227064404;0;"0.077331606277565";"1.72588557801318";"0.880787537998926"
"heart_human_adult_ACH003";"MI";"all_genes";"cluster_4";1614.5;4831.5;0.0147026943496777;0.708230739809744;0;"0.0905909371459007";"1.91013831583746";"1.06504027582321"
"heart_human_adult_ACH003";"MI";"all_genes";"cluster_5";1555.5;5142;0.0138555816532205;0.687020316953625;0;"0.0975867216535846";"2.00881735158437";"1.16371931157011"
"heart_human_adult_ACH003";"MI";"all_genes";"cluster_6";2807;8046.5;0.0441017187709681;1.43894204362781;0.59384400361355;"0.0165437379049355";"0.551491688075285";"0"
"heart_human_adult_ACH004";"CAD";"all_genes";"cluster_0";1631;5866;-0.00229827524827131;0.26966495868922;0;"0.458521333711645";"4.00004342727686";"3.30107342294084"
"heart_human_adult_ACH004";"CAD";"all_genes";"cluster_1";1726;5570;0.00185882065446241;0.36405731547603;0;"0.424359173845042";"4.00004342727686";"3.30107342294084"
"heart_human_adult_ACH004";"CAD";"all_genes";"cluster_2";1722;5718.5;0.00340889191877555;0.404106521007689;0;"0.438271684339081";"4.00004342727686";"3.30107342294084"
"heart_human_adult_ACH004";"CAD";"all_genes";"cluster_3";1657;5548;-0.000475564257873179;0.308873493145259;0;"0.438612882897448";"4.00004342727686";"3.30107342294084"
"heart_human_adult_ACH004";"CAD";"all_genes";"cluster_4";1874.5;5424;0.0136775802331059;0.743325681299376;0.0443556769633569;"0.379891551530276";"4.00004342727686";"3.30107342294084"
"heart_human_adult_ACH004";"CHD";"all_genes";"cluster_0";1631;5866;0.250032272887322;4.00004342727686;3.30107342294084;"0.198907118799487";"2.5229221725572";"1.82395216822118"
"heart_human_adult_ACH004";"CHD";"all_genes";"cluster_1";1726;5570;0.23476073875229;4.00004342727686;3.30107342294084;"0.186524845847766";"2.43184170320987";"1.73287169887385"
"heart_human_adult_ACH004";"CHD";"all_genes";"cluster_2";1722;5718.5;0.256415844533791;4.00004342727686;3.30107342294084;"0.194430894237296";"2.53764542937791";"1.83867542504189"
"heart_human_adult_ACH004";"CHD";"all_genes";"cluster_3";1657;5548;0.238474169767832;4.00004342727686;3.30107342294084;"0.188903264841164";"2.42025983066005";"1.72128982632403"
"heart_human_adult_ACH004";"CHD";"all_genes";"cluster_4";1874.5;5424;0.218279944012546;4.00004342727686;3.30107342294084;"0.144478604363085";"2.01777219423729";"1.31880218990128"
"heart_human_adult_ACH004";"LDL";"all_genes";"cluster_0";1631;5866;-0.0191093254537205;0.0166426890963244;0;"N/A";"N/A";"N/A"
"heart_human_adult_ACH004";"LDL";"all_genes";"cluster_1";1726;5570;-0.0157474800192687;0.034559503031724;0;"N/A";"N/A";"N/A"
"heart_human_adult_ACH004";"LDL";"all_genes";"cluster_2";1722;5718.5;-0.0168067607775952;0.026915573677164;0;"N/A";"N/A";"N/A"
"heart_human_adult_ACH004";"LDL";"all_genes";"cluster_3";1657;5548;-0.0175816997316342;0.0237393107248598;0;"N/A";"N/A";"N/A"
"heart_human_adult_ACH004";"LDL";"all_genes";"cluster_4";1874.5;5424;-0.0141826511799516;0.0494352024926319;0;"N/A";"N/A";"N/A"
"heart_human_adult_ACH004";"MI";"all_genes";"cluster_0";1631;5866;0.0153185188771681;0.683025326228751;0;"0.112562983599332";"1.96261692933624";"1.26364692500022"
"heart_human_adult_ACH004";"MI";"all_genes";"cluster_1";1726;5570;0.0163802982513512;0.706239067357526;0.00726906302150713;"0.110822561952376";"2.01777219423729";"1.31880218990128"
"heart_human_adult_ACH004";"MI";"all_genes";"cluster_2";1722;5718.5;0.0202421586994358;0.801936428403461;0.102966424067442;"0.120467082469511";"2.14271093084559";"1.44374092650958"
"heart_human_adult_ACH004";"MI";"all_genes";"cluster_3";1657;5548;0.0137504878707361;0.644783521749484;0;"0.108143401751344";"1.91725805696041";"1.21828805262439"
"heart_human_adult_ACH004";"MI";"all_genes";"cluster_4";1874.5;5424;0.0232644725530758;0.863322860120456;0.164352855784437;"0.0988132498281345";"1.87293862891206";"1.17396862457604"
"heart_human_pcw6.5_nr8";"CAD";"all_genes";"cluster_0";3122;8927;-0.00452886352418219;0.233110333439579;0;"0.303392861928894";"4.00004342727686";"3.22189217689322"
"heart_human_pcw6.5_nr8";"CAD";"all_genes";"cluster_1";2474;6112;-0.0126705339675956;0.117063773239564;0;"0.25259746281202";"4.00004342727686";"3.22189217689322"
"heart_human_pcw6.5_nr8";"CAD";"all_genes";"cluster_2";3051;8318;0.00053398362114615;0.321707180544683;0;"0.285728358585709";"4.00004342727686";"3.22189217689322"
"heart_human_pcw6.5_nr8";"CAD";"all_genes";"cluster_3";3693.5;10755.5;0.0236028836451201;1.03437145605676;0.256220205673112;"0.12360948530646";"3.30107342294084";"2.5229221725572"
"heart_human_pcw6.5_nr8";"CAD";"all_genes";"cluster_4";2817;6361;0.00132568787544074;0.34203203061975;0;"0.248795219319871";"4.00004342727686";"3.22189217689322"
"heart_human_pcw6.5_nr8";"CAD";"all_genes";"cluster_5";2938.5;9415.5;-0.0334174279262312;0.0112170202315869;0;"0.151110975655569";"4.00004342727686";"3.22189217689322"
"heart_human_pcw6.5_nr8";"CHD";"all_genes";"cluster_0";3122;8927;0.298182929628094;4.00004342727686;3.22189217689322;"0.223486900989149";"2.92086218122924";"2.14271093084559"
"heart_human_pcw6.5_nr8";"CHD";"all_genes";"cluster_1";2474;6112;0.266659242380857;4.00004342727686;3.22189217689322;"0.186931513155832";"2.42025983066005";"1.64210858027641"
"heart_human_pcw6.5_nr8";"CHD";"all_genes";"cluster_2";3051;8318;0.277944773810569;4.00004342727686;3.22189217689322;"0.16817304733926";"2.09155840839821";"1.31340715801457"
"heart_human_pcw6.5_nr8";"CHD";"all_genes";"cluster_3";3693.5;10755.5;0.133282714883555;4.00004342727686;3.22189217689322;"0.0560085443480003";"0.862056694553331";"0.0839054441696874"
"heart_human_pcw6.5_nr8";"CHD";"all_genes";"cluster_4";2817;6361;0.256042287194508;4.00004342727686;3.22189217689322;"0.173358258617372";"2.22189217689322";"1.44374092650958"
"heart_human_pcw6.5_nr8";"CHD";"all_genes";"cluster_5";2938.5;9415.5;0.10082245201953;2.74477092217356;1.96661967178991;"0.00939643815077149";"0.427636559718807";"0"
"heart_human_pcw6.5_nr8";"LDL";"all_genes";"cluster_0";3122;8927;0.00515941909641587;0.469715637498776;0;"N/A";"N/A";"N/A"
"heart_human_pcw6.5_nr8";"LDL";"all_genes";"cluster_1";2474;6112;0.00103164879566353;0.341078584612428;0;"N/A";"N/A";"N/A"
"heart_human_pcw6.5_nr8";"LDL";"all_genes";"cluster_2";3051;8318;0.00496520994776251;0.464369623851113;0;"N/A";"N/A";"N/A"
"heart_human_pcw6.5_nr8";"LDL";"all_genes";"cluster_3";3693.5;10755.5;0.0069347662672678;0.538094932073101;0;"N/A";"N/A";"N/A"
"heart_human_pcw6.5_nr8";"LDL";"all_genes";"cluster_4";2817;6361;0.00804947963399422;0.573532165912288;0;"N/A";"N/A";"N/A"
"heart_human_pcw6.5_nr8";"LDL";"all_genes";"cluster_5";2938.5;9415.5;0.0163288766968647;0.953548262942154;0.175397012558511;"N/A";"N/A";"N/A"
"heart_human_pcw6.5_nr8";"MI";"all_genes";"cluster_0";3122;8927;1.50316988924426e-05;0.343657708218175;0;"0.143369737999468";"2.63831559125927";"1.86016434087563"
"heart_human_pcw6.5_nr8";"MI";"all_genes";"cluster_1";2474;6112;-0.00692002856950402;0.245160199024695;0;"0.114378433731444";"2.25185540027066";"1.47370414988702"
"heart_human_pcw6.5_nr8";"MI";"all_genes";"cluster_2";3051;8318;0.00866080120338963;0.495436656634909;0;"0.142113399701629";"2.49489344895696";"1.71674219857331"
"heart_human_pcw6.5_nr8";"MI";"all_genes";"cluster_3";3693.5;10755.5;0.0329667958293481;1.00047793905088;0.222326688667237;"0.0632438720711899";"1.19932634899448";"0.421175098610834"
"heart_human_pcw6.5_nr8";"MI";"all_genes";"cluster_4";2817;6361;0.0194505695639098;0.700100527254096;0;"0.101660404830325";"1.97065964959165";"1.19250839920801"
"heart_human_pcw6.5_nr8";"MI";"all_genes";"cluster_5";2938.5;9415.5;-0.0278504808289044;0.0654944796107158;0;"0.0583590787585658";"0.928529622181774";"0.15037837179813"
"heart_human_pcw9_nr16";"CAD";"all_genes";"cluster_0";1486.5;3398.5;-0.0176977685914455;0.067366768654462;0;"0.180770197879858";"4.00004342727686";"3.3979834359489"
"heart_human_pcw9_nr16";"CAD";"all_genes";"cluster_1";1718.5;4233;-0.0165756275828377;0.0783569517932606;0;"0.184850754704261";"4.00004342727686";"3.3979834359489"
"heart_human_pcw9_nr16";"CAD";"all_genes";"cluster_2";929;1748;-0.00405443277063414;0.245695091565844;0;"0.0813162510219335";"2.2147135922661";"1.61265360093813"
"heart_human_pcw9_nr16";"CAD";"all_genes";"cluster_3";1625;4060;0.0259384971597718;1.12209647564767;0.520036484319712;"0.0233905058760374";"0.73664409594286";"0.134584104614898"
"heart_human_pcw9_nr16";"CHD";"all_genes";"cluster_0";1486.5;3398.5;0.228776575679735;4.00004342727686;3.3979834359489;"0.247902523621736";"3.04580091783754";"2.44374092650958"
"heart_human_pcw9_nr16";"CHD";"all_genes";"cluster_1";1718.5;4233;0.230753835049082;4.00004342727686;3.3979834359489;"0.233616529094943";"2.79592344462094";"2.19386345329298"
"heart_human_pcw9_nr16";"CHD";"all_genes";"cluster_2";929;1748;0.148214693554224;4.00004342727686;3.3979834359489;"0.0814670555331029";"1.26604414073848";"0.663984149410513"
"heart_human_pcw9_nr16";"CHD";"all_genes";"cluster_3";1625;4060;0.0949019980740983;2.92086218122924;2.31880218990128;"-0.0326927736767915";"0.156312462164771";"0"
"heart_human_pcw9_nr16";"LDL";"all_genes";"cluster_0";1486.5;3398.5;-0.0089233723391474;0.122614486488643;0;"N/A";"N/A";"N/A"
"heart_human_pcw9_nr16";"LDL";"all_genes";"cluster_1";1718.5;4233;-0.00581347411948957;0.17578738964718;0;"N/A";"N/A";"N/A"
"heart_human_pcw9_nr16";"LDL";"all_genes";"cluster_2";929;1748;-0.00338048281006539;0.229191415634719;0;"N/A";"N/A";"N/A"
"heart_human_pcw9_nr16";"LDL";"all_genes";"cluster_3";1625;4060;-0.00369503700722154;0.21922225142339;0;"N/A";"N/A";"N/A"
"heart_human_pcw9_nr16";"MI";"all_genes";"cluster_0";1486.5;3398.5;-0.004762092593714;0.284457875383666;0;"0.135981809586707";"2.63831559125927";"2.03625559993131"
"heart_human_pcw9_nr16";"MI";"all_genes";"cluster_1";1718.5;4233;-0.0105871867160062;0.194814513073437;0;"0.126002846027446";"2.44374092650958";"1.84168093518161"
"heart_human_pcw9_nr16";"MI";"all_genes";"cluster_2";929;1748;-0.0112666901772786;0.191157559917051;0;"0.0777862352796888";"1.59692290610104";"0.994862914773082"
"heart_human_pcw9_nr16";"MI";"all_genes";"cluster_3";1625;4060;0.0264887535679292;0.841982633340257;0.239922642012295;"0.00831592726284969";"0.435377363024773";"0"
"intestine_human_adult_HFGA_A1";"CD";"all_genes";"cluster_0";921.5;1516.5;0.00906779460941575;0.718101493836038;0;"0.00111230179678435";"0.479036174868259";"0"
"intestine_human_adult_HFGA_A1";"CD";"all_genes";"cluster_1";759.5;1311.5;0.00631150265899233;0.574835376138206;0;"0.00222249221747156";"0.50090643273948";"0"
"intestine_human_adult_HFGA_A1";"CD";"all_genes";"cluster_2";1782;3195;0.00845194465419985;0.673093433110864;0;"0.00279721075320137";"0.449692754975247";"0"
"intestine_human_adult_HFGA_A1";"CD";"all_genes";"cluster_3";2031;5326.5;0.0167971588457254;1.00353175512268;0;"0.0115866682511693";"0.602277171150413";"0"
"intestine_human_adult_HFGA_A1";"CD";"all_genes";"cluster_4";1129.5;2259;0.00475391745557314;0.484037196890815;0;"-0.0039304137125024";"0.317356949027095";"0"
"intestine_human_adult_HFGA_A1";"CD";"all_genes";"cluster_5";940;1809;0.00318854262067486;0.436325087311185;0;"-0.00218034645438194";"0.373395158802852";"0"
"intestine_human_adult_HFGA_A1";"CD";"all_genes";"cluster_6";1724;3627;0.0046530769897381;0.482979553794208;0;"-0.00237968096645851";"0.333619054758103";"0"
"intestine_human_adult_HFGA_A1";"CD";"all_genes";"cluster_7";1235;2301;0.00343634221663733;0.454860059061456;0;"-0.0107646674970758";"0.197543359512469";"0"
"intestine_human_adult_HFGA_A1";"CD";"all_genes";"cluster_8";2521.5;7207;0.0183312016176766;1.0438749968015;0.00248231164327435;"0.0222356045560452";"0.763506165788169";"0"
"intestine_human_adult_HFGA_A1";"CD";"all_genes";"cluster_9";909.5;1815;0.00455115582602881;0.487092347304372;0;"-0.00252795496967401";"0.376380719920658";"0"
"intestine_human_adult_HFGA_A1";"CD";"all_genes";"cluster_10";1812;4030.5;0.0269929039337217;1.59864288649532;0.557250201337093;"0.0594885609765522";"1.53914558452031";"0.49775289936209"
"intestine_human_adult_HFGA_A1";"IBD";"all_genes";"cluster_0";921.5;1516.5;0.0101029240037482;0.939723398588577;0;"0.0908712153495339";"3.69901343161288";"2.65762074645466"
"intestine_human_adult_HFGA_A1";"IBD";"all_genes";"cluster_1";759.5;1311.5;0.00771041604821114;0.745253739879653;0;"0.114067334080484";"4.00004342727686";"2.95865074211864"
"intestine_human_adult_HFGA_A1";"IBD";"all_genes";"cluster_2";1782;3195;0.00762816954720955;0.743566221035186;0;"0.0870235511887285";"3.69901343161288";"2.65762074645466"
"intestine_human_adult_HFGA_A1";"IBD";"all_genes";"cluster_3";2031;5326.5;0.0177409368816761;1.42717182507638;0.385779139918157;"0.0879334888247736";"3.30107342294084";"2.25968073778262"
"intestine_human_adult_HFGA_A1";"IBD";"all_genes";"cluster_4";1129.5;2259;0.0113860338983855;0.931857565530701;0;"0.0989175633638643";"3.69901343161288";"2.65762074645466"
"intestine_human_adult_HFGA_A1";"IBD";"all_genes";"cluster_5";940;1809;0.0102896393571998;0.887773658859592;0;"0.105348950541328";"3.69901343161288";"2.65762074645466"
"intestine_human_adult_HFGA_A1";"IBD";"all_genes";"cluster_6";1724;3627;0.00745774048173889;0.691265653612142;0;"0.0839649049994727";"3.30107342294084";"2.25968073778262"
"intestine_human_adult_HFGA_A1";"IBD";"all_genes";"cluster_7";1235;2301;0.00889935245829618;0.827440496067003;0;"0.0816490844440075";"3.30107342294084";"2.25968073778262"
"intestine_human_adult_HFGA_A1";"IBD";"all_genes";"cluster_8";2521.5;7207;0.0154412909612591;1.18049949173499;0.139106806576769;"0.096835552159084";"3.69901343161288";"2.65762074645466"
"intestine_human_adult_HFGA_A1";"IBD";"all_genes";"cluster_9";909.5;1815;0.0140618744865091;1.1493971920938;0.108004506935571;"0.0932601628769369";"3.30107342294084";"2.25968073778262"
"intestine_human_adult_HFGA_A1";"IBD";"all_genes";"cluster_10";1812;4030.5;0.0139131622026584;1.08782137074445;0.0464286855862222;"0.0903306901302197";"3.22189217689322";"2.18049949173499"
"intestine_human_adult_HFGA_A1";"LID";"all_genes";"cluster_0";921.5;1516.5;0.0272144183680755;3.00004342727686;1.95865074211864;"0.0669378580444454";"4.00004342727686";"2.95865074211864"
"intestine_human_adult_HFGA_A1";"LID";"all_genes";"cluster_1";759.5;1311.5;0.0264466775097077;2.79592344462094;1.75453075946271;"0.0769852353142239";"4.00004342727686";"2.95865074211864"
"intestine_human_adult_HFGA_A1";"LID";"all_genes";"cluster_2";1782;3195;0.0235982483731839;2.5229221725572;1.48152948739898;"0.0637229139584203";"4.00004342727686";"2.95865074211864"
"intestine_human_adult_HFGA_A1";"LID";"all_genes";"cluster_3";2031;5326.5;0.0421198876214049;4.00004342727686;2.95865074211864;"0.0737999291495454";"4.00004342727686";"2.95865074211864"
"intestine_human_adult_HFGA_A1";"LID";"all_genes";"cluster_4";1129.5;2259;0.0223255126266068;1.9318575655307;0.890464880372476;"0.0695099470935424";"3.69901343161288";"2.65762074645466"
"intestine_human_adult_HFGA_A1";"LID";"all_genes";"cluster_5";940;1809;0.0254560253574506;2.38725957055713;1.3458668853989;"0.070371521045329";"4.00004342727686";"2.95865074211864"
"intestine_human_adult_HFGA_A1";"LID";"all_genes";"cluster_6";1724;3627;0.0181547676769873;1.54065093951763;0.499258254359407;"0.0586077605840173";"3.15494538726261";"2.11355270210438"
"intestine_human_adult_HFGA_A1";"LID";"all_genes";"cluster_7";1235;2301;0.0220878130346124;2.18713007063401;1.14573738547578;"0.0591371194817438";"3.5229221725572";"2.48152948739898"
"intestine_human_adult_HFGA_A1";"LID";"all_genes";"cluster_8";2521.5;7207;0.0435346012158669;4.00004342727686;2.95865074211864;"0.0826600107079576";"4.00004342727686";"2.95865074211864"
"intestine_human_adult_HFGA_A1";"LID";"all_genes";"cluster_9";909.5;1815;0.0325980002976436;3.5229221725572;2.48152948739898;"0.0654855328437727";"3.5229221725572";"2.48152948739898"
"intestine_human_adult_HFGA_A1";"LID";"all_genes";"cluster_10";1812;4030.5;0.0145777849588895;1.18579583154494;0.144403146386717;"0.0608219186314892";"2.95865074211864";"1.91725805696041"
"intestine_human_adult_HFGA_A1";"UC";"all_genes";"cluster_0";921.5;1516.5;0.00559944786939301;0.556467547526605;0;"0.126280067637452";"4.00004342727686";"2.95865074211864"
"intestine_human_adult_HFGA_A1";"UC";"all_genes";"cluster_1";759.5;1311.5;0.00139503109519357;0.378347964947584;0;"0.155785475059335";"4.00004342727686";"2.95865074211864"
"intestine_human_adult_HFGA_A1";"UC";"all_genes";"cluster_2";1782;3195;0.00543771120356032;0.533027608838427;0;"0.114413167040149";"4.00004342727686";"2.95865074211864"
"intestine_human_adult_HFGA_A1";"UC";"all_genes";"cluster_3";2031;5326.5;0.019689864522774;1.21757080311058;0.176178117952351;"0.115575235367529";"3.5229221725572";"2.48152948739898"
"intestine_human_adult_HFGA_A1";"UC";"all_genes";"cluster_4";1129.5;2259;0.00294200440420958;0.42140421730879;0;"0.132602569388333";"4.00004342727686";"2.95865074211864"
"intestine_human_adult_HFGA_A1";"UC";"all_genes";"cluster_5";940;1809;0.00235066831380495;0.40686816379876;0;"0.143789273713668";"4.00004342727686";"2.95865074211864"
"intestine_human_adult_HFGA_A1";"UC";"all_genes";"cluster_6";1724;3627;-0.00589687443899609;0.173126780091942;0;"0.117767442347003";"4.00004342727686";"2.95865074211864"
"intestine_human_adult_HFGA_A1";"UC";"all_genes";"cluster_7";1235;2301;0.00134513093237161;0.376587379206929;0;"0.120642965579555";"4.00004342727686";"2.95865074211864"
"intestine_human_adult_HFGA_A1";"UC";"all_genes";"cluster_8";2521.5;7207;0.0209414364708753;1.23586729488653;0.194474609728307;"0.125245181190482";"3.69901343161288";"2.65762074645466"
"intestine_human_adult_HFGA_A1";"UC";"all_genes";"cluster_9";909.5;1815;0.00811943558963874;0.638693402924596;0;"0.128130998988271";"3.69901343161288";"2.65762074645466"
"intestine_human_adult_HFGA_A1";"UC";"all_genes";"cluster_10";1812;4030.5;0.00317085620661621;0.424163111596217;0;"0.107682591995989";"3.30107342294084";"2.25968073778262"
"intestine_human_adult_RRST_349_B1";"CD";"all_genes";"cluster_0";1190;2218;-0.0134287463847985;0.111190260293926;0;"-0.00679919930248818";"0.282123401439869";"0"
"intestine_human_adult_RRST_349_B1";"CD";"all_genes";"cluster_1";1200;2102.5;-0.00154070265615518;0.295463977580563;0;"-0.00767224778686397";"0.259365002049408";"0"
"intestine_human_adult_RRST_349_B1";"CD";"all_genes";"cluster_2";962;1444;0.0092160994636086;0.595722960055132;0;"-0.0110227875083698";"0.218144507925714";"0"
"intestine_human_adult_RRST_349_B1";"CD";"all_genes";"cluster_3";1975.5;4314;0.0149694600713018;0.731933697468384;0;"-0.00888765914088674";"0.248148739233115";"0"
"intestine_human_adult_RRST_349_B1";"CD";"all_genes";"cluster_4";1452;2754;0.00179538564105258;0.361753891862606;0;"-0.00290843834785785";"0.319707913862299";"0"
"intestine_human_adult_RRST_349_B1";"CD";"all_genes";"cluster_5";1958.5;4830;0.00888544354749855;0.509102221920076;0;"0.00934909920350074";"0.438107663963081";"0"
"intestine_human_adult_RRST_349_B1";"CD";"all_genes";"cluster_6";1544.5;2605;0.0479536881599968;2.53764542937791;1.63455544238596;"0.0187065461716313";"0.661786197030607";"0"
"intestine_human_adult_RRST_349_B1";"CD";"all_genes";"cluster_7";1333;2693.5;0.0282142860117447;1.13970542070587;0.236615433713925;"0.00952832194344207";"0.472155861324158";"0"
"intestine_human_adult_RRST_349_B1";"IBD";"all_genes";"cluster_0";1190;2218;0.00428864507226012;0.447010411074423;0;"-0.0194301390797743";"0.110685690387931";"0"
"intestine_human_adult_RRST_349_B1";"IBD";"all_genes";"cluster_1";1200;2102.5;0.0133115393480849;0.859849748698231;0;"-0.0323117795576365";"0.0184966222316265";"0"
"intestine_human_adult_RRST_349_B1";"IBD";"all_genes";"cluster_2";962;1444;0.00879436543600323;0.660591985970422;0;"-0.016612488304281";"0.115474612358529";"0"
"intestine_human_adult_RRST_349_B1";"IBD";"all_genes";"cluster_3";1975.5;4314;0.0147371664825147;0.902786117583443;0;"-0.016214218032722";"0.140544869089087";"0"
"intestine_human_adult_RRST_349_B1";"IBD";"all_genes";"cluster_4";1452;2754;0.0163584714381808;0.993149719328962;0.0900597323370186;"-0.0214141768527634";"0.0884064941474205";"0"
"intestine_human_adult_RRST_349_B1";"IBD";"all_genes";"cluster_5";1958.5;4830;0.0125574381204379;0.719237498883196;0;"-0.0222749605582278";"0.120488826337888";"0"
"intestine_human_adult_RRST_349_B1";"IBD";"all_genes";"cluster_6";1544.5;2605;0.0243957258767025;1.61087734291233;0.707787355920387;"-0.014001998383774";"0.153768184864649";"0"
"intestine_human_adult_RRST_349_B1";"IBD";"all_genes";"cluster_7";1333;2693.5;0.0294082401006366;1.68617620690771;0.783086219915766;"-0.0349946460566653";"0.0405250503038644";"0"
"intestine_human_adult_RRST_349_B1";"LID";"all_genes";"cluster_0";1190;2218;0.00686886645423473;0.552110561684682;0;"-0.0107444066889879";"0.170675319288042";"0"
"intestine_human_adult_RRST_349_B1";"LID";"all_genes";"cluster_1";1200;2102.5;0.0156243316435891;1.02277721484957;0.119687227857626;"-0.0197180253678866";"0.0676711451289487";"0"
"intestine_human_adult_RRST_349_B1";"LID";"all_genes";"cluster_2";962;1444;0.0178267684705842;1.26364692500022;0.360556938008277;"-0.00718310676999356";"0.207161681891466";"0"
"intestine_human_adult_RRST_349_B1";"LID";"all_genes";"cluster_3";1975.5;4314;0.0248818846386987;1.60036970579582;0.697279718803881;"-0.0051136677194851";"0.244625964465926";"0"
"intestine_human_adult_RRST_349_B1";"LID";"all_genes";"cluster_4";1452;2754;0.0176038328143111;1.08888581853689;0.185795831544942;"-0.0109971268697099";"0.16220256562134";"0"
"intestine_human_adult_RRST_349_B1";"LID";"all_genes";"cluster_5";1958.5;4830;0.0343566638921141;2.11355270210438;1.21046271511244;"0.000268130032605632";"0.329055824266828";"0"
"intestine_human_adult_RRST_349_B1";"LID";"all_genes";"cluster_6";1544.5;2605;0.0252695548433398;1.77993533923681;0.876845352244864;"-0.00605599658911748";"0.222471622585453";"0"
"intestine_human_adult_RRST_349_B1";"LID";"all_genes";"cluster_7";1333;2693.5;0.0320632897875015;1.96661967178991;1.06352968479797;"-0.02185966472046";"0.0724677725857521";"0"
"intestine_human_adult_RRST_349_B1";"UC";"all_genes";"cluster_0";1190;2218;-0.0229832953370218;0.0281648102505969;0;"-0.00664256022845769";"0.276916268481171";"0"
"intestine_human_adult_RRST_349_B1";"UC";"all_genes";"cluster_1";1200;2102.5;-0.00160795564938881;0.290943145725696;0;"-0.0257549777390825";"0.0583829488884703";"0"
"intestine_human_adult_RRST_349_B1";"UC";"all_genes";"cluster_2";962;1444;0.00865348487733214;0.5924825777905;0;"-0.0139890980965398";"0.159247528429769";"0"
"intestine_human_adult_RRST_349_B1";"UC";"all_genes";"cluster_3";1975.5;4314;0.0192854290730321;0.934463712548414;0.0313737255564707;"-0.0186124040890885";"0.133992503267588";"0"
"intestine_human_adult_RRST_349_B1";"UC";"all_genes";"cluster_4";1452;2754;-0.00742767484903675;0.178660927529564;0;"-0.0213715213133273";"0.100605972990685";"0"
"intestine_human_adult_RRST_349_B1";"UC";"all_genes";"cluster_5";1958.5;4830;0.0299765500409414;1.24646036838396;0.343370381392012;"-0.0359187820750442";"0.0606739572022028";"0"
"intestine_human_adult_RRST_349_B1";"UC";"all_genes";"cluster_6";1544.5;2605;0.0256111039140412;1.33352544672198;0.430435459730038;"-0.00602822996845084";"0.260312898712145";"0"
"intestine_human_adult_RRST_349_B1";"UC";"all_genes";"cluster_7";1333;2693.5;0.0297485796587811;1.29503546794353;0.391945480951583;"-0.0369707426456352";"0.0439230408838431";"0"
"intestine_human_pcw12_HFGA_A8";"CD";"all_genes";"cluster_0";2578;4972;0.00488317365582336;0.433488096393808;0;"0.000527341494136024";"0.390876052974843";"0"
"intestine_human_pcw12_HFGA_A8";"CD";"all_genes";"cluster_1";2735;5220;0.00789900493394419;0.509242475266008;0;"-0.0207783172936159";"0.109063830287174";"0"
"intestine_human_pcw12_HFGA_A8";"CD";"all_genes";"cluster_2";3554.5;8525;0.00394542457828756;0.406425119147327;0;"-0.00459155364159397";"0.288995823409829";"0"
"intestine_human_pcw12_HFGA_A8";"CD";"all_genes";"cluster_3";2823;5388;0.00864323939100609;0.529192102750745;0;"-0.00659371312022314";"0.263407929590041";"0"
"intestine_human_pcw12_HFGA_A8";"CD";"all_genes";"cluster_4";2847;5405;0.000910206977767891;0.347410359193753;0;"0.00263370789282746";"0.414695516182272";"0"
"intestine_human_pcw12_HFGA_A8";"CD";"all_genes";"cluster_5";3660.5;8174.5;-0.00332430344252396;0.262056100943432;0;"0.00328357429977487";"0.40180023562324";"0"
"intestine_human_pcw12_HFGA_A8";"CD";"all_genes";"cluster_6";3775;10185;0.0193921469331618;0.800014160723092;0;"-0.0362126040035507";"0.0557582065881099";"0"
"intestine_human_pcw12_HFGA_A8";"IBD";"all_genes";"cluster_0";2578;4972;0.00309331282904227;0.398961699492839;0;"0.0828959852348304";"2.49489344895696";"1.6497954089427"
"intestine_human_pcw12_HFGA_A8";"IBD";"all_genes";"cluster_1";2735;5220;0.0059760810878321;0.495980544598171;0;"0.0413690791281355";"1.32610142864277";"0.481003388628518"
"intestine_human_pcw12_HFGA_A8";"IBD";"all_genes";"cluster_2";3554.5;8525;0.00439403856616186;0.438703485817961;0;"0.0313240949464427";"1.02095052663854";"0.175852486624279"
"intestine_human_pcw12_HFGA_A8";"IBD";"all_genes";"cluster_3";2823;5388;0.00863942385505562;0.59881525977875;0;"0.0432717839719305";"1.41345612260511";"0.568358082590851"
"intestine_human_pcw12_HFGA_A8";"IBD";"all_genes";"cluster_4";2847;5405;0.00579411898762144;0.487092347304372;0;"0.0380231674903093";"1.27087863758409";"0.425780597569836"
"intestine_human_pcw12_HFGA_A8";"IBD";"all_genes";"cluster_5";3660.5;8174.5;-0.000879488451795446;0.292899238934417;0;"0.0814244348545893";"2.49489344895696";"1.6497954089427"
"intestine_human_pcw12_HFGA_A8";"IBD";"all_genes";"cluster_6";3775;10185;0.017559645868373;0.947734327629539;0.102636287615282;"0.0484302011071669";"1.3979834359489";"0.552885395934643"
"intestine_human_pcw12_HFGA_A8";"LID";"all_genes";"cluster_0";2578;4972;0.0209506455066339;1.18981090928178;0.344712869267522;"0.11196734640624";"3.69901343161288";"2.85391539159862"
"intestine_human_pcw12_HFGA_A8";"LID";"all_genes";"cluster_1";2735;5220;0.0236550381684134;1.37063382817414;0.525535788159887;"0.0909587275644735";"3.5229221725572";"2.67782413254294"
"intestine_human_pcw12_HFGA_A8";"LID";"all_genes";"cluster_2";3554.5;8525;0.0168779457163069;0.999175705745636;0.154077665731379;"0.100513824841388";"3.69901343161288";"2.85391539159862"
"intestine_human_pcw12_HFGA_A8";"LID";"all_genes";"cluster_3";2823;5388;0.0156870908302371;0.958650742118638;0.113552702104381;"0.0933860542744011";"3.69901343161288";"2.85391539159862"
"intestine_human_pcw12_HFGA_A8";"LID";"all_genes";"cluster_4";2847;5405;0.0178017141402961;1.07835695179326;0.233258911779004;"0.0963987664151607";"3.69901343161288";"2.85391539159862"
"intestine_human_pcw12_HFGA_A8";"LID";"all_genes";"cluster_5";3660.5;8174.5;0.00987453274292779;0.662584165986207;0;"0.115881653485013";"4.00004342727686";"3.15494538726261"
"intestine_human_pcw12_HFGA_A8";"LID";"all_genes";"cluster_6";3775;10185;0.0334490736681206;2.00881735158437;1.16371931157011;"0.0746839744974616";"2.63831559125927";"1.79321755124501"
"intestine_human_pcw12_HFGA_A8";"UC";"all_genes";"cluster_0";2578;4972;-0.00590945224395467;0.21979814341151;0;"0.119540136151874";"3.3979834359489";"2.55288539593464"
"intestine_human_pcw12_HFGA_A8";"UC";"all_genes";"cluster_1";2735;5220;0.000877163367735967;0.338420018047633;0;"0.0676187046567889";"1.88610007497003";"1.04100203495577"
"intestine_human_pcw12_HFGA_A8";"UC";"all_genes";"cluster_2";3554.5;8525;-0.00244072297162651;0.277738640402535;0;"0.0621287036170896";"1.73053048305895";"0.885432443044689"
"intestine_human_pcw12_HFGA_A8";"UC";"all_genes";"cluster_3";2823;5388;-0.00545676689565688;0.224287389432765;0;"0.0652624217272794";"1.88945371697761";"1.04435567696336"
"intestine_human_pcw12_HFGA_A8";"UC";"all_genes";"cluster_4";2847;5405;-0.00298867837525824;0.267006744343283;0;"0.0674986384539257";"1.96261692933624";"1.11751888932198"
"intestine_human_pcw12_HFGA_A8";"UC";"all_genes";"cluster_5";3660.5;8174.5;-0.0145182095543103;0.104731402801075;0;"0.118671345979446";"3.30107342294084";"2.45597538292659"
"intestine_human_pcw12_HFGA_A8";"UC";"all_genes";"cluster_6";3775;10185;0.0199118357044125;0.869066735671246;0.0239686956569887;"0.0831092352480113";"2.16119433653961";"1.31609629652535"
"intestine_human_pcw19_HFGA_A4";"CD";"all_genes";"cluster_0";2124.5;4548.5;0.00777890922779732;0.538244869751753;0;"-0.0163752031921356";"0.150746886442136";"0"
"intestine_human_pcw19_HFGA_A4";"CD";"all_genes";"cluster_1";1605.5;3374.5;0.00489214909997557;0.450917500518752;0;"-0.0048706559898267";"0.302465393625749";"0"
"intestine_human_pcw19_HFGA_A4";"CD";"all_genes";"cluster_2";3263;8084;0.00545937415571821;0.460340188329037;0;"-0.00358120229742265";"0.311445652195693";"0"
"intestine_human_pcw19_HFGA_A4";"CD";"all_genes";"cluster_3";4231.5;12062.5;0.00767001806917282;0.518887556448828;0;"0.000884064272419383";"0.369208909448812";"0"
"intestine_human_pcw19_HFGA_A4";"CD";"all_genes";"cluster_4";1249;2203.5;0.00589065415796122;0.479690923193545;0;"-0.00551724271925343";"0.302552540105806";"0"
"intestine_human_pcw19_HFGA_A4";"CD";"all_genes";"cluster_5";2396;4677;0.0100063815654756;0.612475647859674;0;"-0.00880347234166176";"0.231775410825315";"0"
"intestine_human_pcw19_HFGA_A4";"CD";"all_genes";"cluster_6";2903;6246;0.00664827638637813;0.508401633799276;0;"0.00767565154182348";"0.49666136380313";"0"
"intestine_human_pcw19_HFGA_A4";"CD";"all_genes";"cluster_7";4115.5;11665;0.00300875211108459;0.389489721959768;0;"0.000873454050565221";"0.369513855850039";"0"
"intestine_human_pcw19_HFGA_A4";"CD";"all_genes";"cluster_8";4850;13771;-0.0074062867241233;0.183338243610347;0;"-0.0153889750706379";"0.176569198106562";"0"
"intestine_human_pcw19_HFGA_A4";"IBD";"all_genes";"cluster_0";2124.5;4548.5;0.00665615212618226;0.540048171229471;0;"0.0761548741580775";"2.58507007930604";"1.63082756986672"
"intestine_human_pcw19_HFGA_A4";"IBD";"all_genes";"cluster_1";1605.5;3374.5;0.00208947568038419;0.370429981898679;0;"0.114061322224695";"4.00004342727686";"3.04580091783754"
"intestine_human_pcw19_HFGA_A4";"IBD";"all_genes";"cluster_2";3263;8084;-0.000774780818365961;0.287225427069013;0;"0.105428725342882";"3.69901343161288";"2.74477092217356"
"intestine_human_pcw19_HFGA_A4";"IBD";"all_genes";"cluster_3";4231.5;12062.5;0.0013174393307398;0.345866885398902;0;"0.0581687617621476";"1.81535199645926";"0.861109487019939"
"intestine_human_pcw19_HFGA_A4";"IBD";"all_genes";"cluster_4";1249;2203.5;0.00170631837026355;0.35946262078721;0;"0.0876596977173118";"3.15494538726261";"2.20070287782328"
"intestine_human_pcw19_HFGA_A4";"IBD";"all_genes";"cluster_5";2396;4677;0.00590955116888772;0.515601219634456;0;"0.053697030564204";"1.81819983933209";"0.863957329892765"
"intestine_human_pcw19_HFGA_A4";"IBD";"all_genes";"cluster_6";2903;6246;0.0028283454102071;0.394415205269244;0;"0.0507884875991525";"1.66760496736126";"0.713362457921932"
"intestine_human_pcw19_HFGA_A4";"IBD";"all_genes";"cluster_7";4115.5;11665;-0.00312777764949852;0.229485952425868;0;"0.111904627143992";"3.69901343161288";"2.74477092217356"
"intestine_human_pcw19_HFGA_A4";"IBD";"all_genes";"cluster_8";4850;13771;-0.0107104414902869;0.100387046971227;0;"0.123056788841204";"3.69901343161288";"2.74477092217356"
"intestine_human_pcw19_HFGA_A4";"LID";"all_genes";"cluster_0";2124.5;4548.5;0.0261587246555181;1.8125227064404;0.858280197001075;"0.0820270330020965";"4.00004342727686";"3.04580091783754"
"intestine_human_pcw19_HFGA_A4";"LID";"all_genes";"cluster_1";1605.5;3374.5;0.0242926422951392;1.60910832017348;0.654865810734159;"0.104926055751171";"4.00004342727686";"3.04580091783754"
"intestine_human_pcw19_HFGA_A4";"LID";"all_genes";"cluster_2";3263;8084;0.0110699217735321;0.753298717553021;0;"0.105681367651149";"4.00004342727686";"3.04580091783754"
"intestine_human_pcw19_HFGA_A4";"LID";"all_genes";"cluster_3";4231.5;12062.5;0.00895268330903769;0.640207944936975;0;"0.0861309598693753";"4.00004342727686";"3.04580091783754"
"intestine_human_pcw19_HFGA_A4";"LID";"all_genes";"cluster_4";1249;2203.5;0.0158436703075696;1.00926073547372;0.0550182260344;"0.0899651067045769";"3.69901343161288";"2.74477092217356"
"intestine_human_pcw19_HFGA_A4";"LID";"all_genes";"cluster_5";2396;4677;0.0227545217909277;1.53615043829096;0.581907928851631;"0.0705360079476423";"3.30107342294084";"2.34683091350152"
"intestine_human_pcw19_HFGA_A4";"LID";"all_genes";"cluster_6";2903;6246;0.0168979025681133;1.11130246659397;0.157059957154645;"0.074805655563691";"3.3979834359489";"2.44374092650958"
"intestine_human_pcw19_HFGA_A4";"LID";"all_genes";"cluster_7";4115.5;11665;0.0100797042499425;0.687442988015603;0;"0.108151818001162";"4.00004342727686";"3.04580091783754"
"intestine_human_pcw19_HFGA_A4";"LID";"all_genes";"cluster_8";4850;13771;0.00669690082114982;0.525972924061819;0;"0.119542171622189";"4.00004342727686";"3.04580091783754"
"intestine_human_pcw19_HFGA_A4";"UC";"all_genes";"cluster_0";2124.5;4548.5;0.00356185072664922;0.418207503219215;0;"0.132144198032538";"4.00004342727686";"3.04580091783754"
"intestine_human_pcw19_HFGA_A4";"UC";"all_genes";"cluster_1";1605.5;3374.5;-0.00135092379285404;0.294864182403186;0;"0.182322499670354";"4.00004342727686";"3.04580091783754"
"intestine_human_pcw19_HFGA_A4";"UC";"all_genes";"cluster_2";3263;8084;-0.00827577656548534;0.160628234592969;0;"0.158592562643144";"4.00004342727686";"3.04580091783754"
"intestine_human_pcw19_HFGA_A4";"UC";"all_genes";"cluster_3";4231.5;12062.5;-0.00624265609138924;0.194474609728307;0;"0.0931536068748647";"2.60210341860483";"1.6478609091655"
"intestine_human_pcw19_HFGA_A4";"UC";"all_genes";"cluster_4";1249;2203.5;-0.00420063249354737;0.23452388417891;0;"0.150958421710115";"4.00004342727686";"3.04580091783754"
"intestine_human_pcw19_HFGA_A4";"UC";"all_genes";"cluster_5";2396;4677;0.00447520355721034;0.446403091045508;0;"0.0995264442130575";"3.04580091783754";"2.09155840839821"
"intestine_human_pcw19_HFGA_A4";"UC";"all_genes";"cluster_6";2903;6246;-0.000180057373072418;0.319979999794914;0;"0.0920246918483517";"2.79592344462094";"1.84168093518161"
"intestine_human_pcw19_HFGA_A4";"UC";"all_genes";"cluster_7";4115.5;11665;-0.0153230799932949;0.0815936848757049;0;"0.17351123212578";"4.00004342727686";"3.04580091783754"
"intestine_human_pcw19_HFGA_A4";"UC";"all_genes";"cluster_8";4850;13771;-0.0128534678288237;0.107392393399562;0;"0.179533645109964";"4.00004342727686";"3.04580091783754"
"intestine_mouse_healing_ctrl";"CD";"all_genes";"cluster_0";5343;16804;0.0187787545401983;0.774475713837392;0;"-0.0372736625015493";"0.00939383895800826";"0"
"intestine_mouse_healing_ctrl";"CD";"all_genes";"cluster_1";2997.5;5982;0.0213577841333362;0.845619454162216;0;"-0.0509017006769558";"0.000347539866023441";"0"
"intestine_mouse_healing_ctrl";"CD";"all_genes";"cluster_2";3400.5;7860;0.0160432556646988;0.693403986252601;0;"-0.0362281538397208";"0.0130478875524811";"0"
"intestine_mouse_healing_ctrl";"CD";"all_genes";"cluster_3";4734;12836;0.01444066681204;0.650571628062477;0;"-0.0434979980426577";"0.00392595113957468";"0"
"intestine_mouse_healing_ctrl";"CD";"all_genes";"cluster_4";4424;11838;0.015984498376998;0.688077766908496;0;"-0.0568332796817744";"8.68588966701944e-05";"0"
"intestine_mouse_healing_ctrl";"CD";"all_genes";"cluster_5";4059;9877;0.0148992063810156;0.652518267278173;0;"-0.0535905323315689";"0.000477939050880344";"0"
"intestine_mouse_healing_ctrl";"CD";"all_genes";"cluster_6";5308;19457;0.0131660371688975;0.595551809518177;0;"-0.0562668745979202";"0.00174048717832151";"0"
"intestine_mouse_healing_ctrl";"CD";"all_genes";"cluster_7";5070;16748;0.0270028065131516;1.03016178353036;0;"-0.0439726369103176";"0.00899465082418615";"0"
"intestine_mouse_healing_ctrl";"CD";"all_genes";"cluster_8";5594.5;19827;0.0205253502197361;0.823952168221181;0;"-0.0517272038213751";"0.000956404650974279";"0"
"intestine_mouse_healing_ctrl";"CD";"all_genes";"cluster_9";2737.5;5796.5;0.0116611180818347;0.576469907544127;0;"-0.0400242139897444";"0.00788771623424592";"0"
"intestine_mouse_healing_ctrl";"CD";"all_genes";"cluster_10";4412;11350;0.00983757393326012;0.533175806922753;0;"-0.0493713604370744";"0.0027444348673487";"0"
"intestine_mouse_healing_ctrl";"CD";"all_genes";"cluster_11";3524;7637;0.0761463653317018;3.5229221725572;2.44374092650958;"0.0307518770900031";"0.930375330365267";"0"
"intestine_mouse_healing_ctrl";"IBD";"all_genes";"cluster_0";5343;16804;0.00879533764335405;0.559291726797677;0;"0.104435759686244";"3.30107342294084";"2.22189217689322"
"intestine_mouse_healing_ctrl";"IBD";"all_genes";"cluster_1";2997.5;5982;0.0089840399604347;0.557250201337093;0;"0.0940430659524877";"3.09695344028492";"2.01777219423729"
"intestine_mouse_healing_ctrl";"IBD";"all_genes";"cluster_2";3400.5;7860;0.0075630921557733;0.520612090079126;0;"0.110504364408951";"3.3979834359489";"2.31880218990128"
"intestine_mouse_healing_ctrl";"IBD";"all_genes";"cluster_3";4734;12836;0.0023576862039939;0.360756201366626;0;"0.0858467938894085";"2.76959450589859";"1.69041325985096"
"intestine_mouse_healing_ctrl";"IBD";"all_genes";"cluster_4";4424;11838;0.000586092588825138;0.320161485164;0;"0.103338731828453";"3.30107342294084";"2.22189217689322"
"intestine_mouse_healing_ctrl";"IBD";"all_genes";"cluster_5";4059;9877;0.00185639889166722;0.35109824511119;0;"0.0877764454026909";"2.76959450589859";"1.69041325985096"
"intestine_mouse_healing_ctrl";"IBD";"all_genes";"cluster_6";5308;19457;0.00278479366714462;0.370429981898679;0;"0.117904011661727";"4.00004342727686";"2.92086218122924"
"intestine_mouse_healing_ctrl";"IBD";"all_genes";"cluster_7";5070;16748;0.0138343132672015;0.733811730586969;0;"0.0710562688013074";"2.22189217689322";"1.14271093084559"
"intestine_mouse_healing_ctrl";"IBD";"all_genes";"cluster_8";5594.5;19827;0.00861153141485715;0.551182581669422;0;"0.0806299383432987";"2.60210341860483";"1.5229221725572"
"intestine_mouse_healing_ctrl";"IBD";"all_genes";"cluster_9";2737.5;5796.5;0.00516106510910266;0.442656545217356;0;"0.137606252808369";"3.69901343161288";"2.61983218556526"
"intestine_mouse_healing_ctrl";"IBD";"all_genes";"cluster_10";4412;11350;0.00879283166607608;0.56932353941358;0;"0.101148807669599";"3.30107342294084";"2.22189217689322"
"intestine_mouse_healing_ctrl";"IBD";"all_genes";"cluster_11";3524;7637;0.0379437064443496;2.22919141563472;1.15001016958709;"0.107472975634146";"3.30107342294084";"2.22189217689322"
"intestine_mouse_healing_ctrl";"LID";"all_genes";"cluster_0";5343;16804;0.0271383853717873;1.48284752932689;0.403666283279263;"0.107685557743234";"4.00004342727686";"2.92086218122924"
"intestine_mouse_healing_ctrl";"LID";"all_genes";"cluster_1";2997.5;5982;0.0299824006524179;1.62713142430676;0.547950178259131;"0.103147490727716";"4.00004342727686";"2.92086218122924"
"intestine_mouse_healing_ctrl";"LID";"all_genes";"cluster_2";3400.5;7860;0.0279819012193296;1.54216153054287;0.462980284495245;"0.118901834677679";"4.00004342727686";"2.92086218122924"
"intestine_mouse_healing_ctrl";"LID";"all_genes";"cluster_3";4734;12836;0.0228094217560363;1.24340731903101;0.16422607298339;"0.0933641286529549";"3.69901343161288";"2.61983218556526"
"intestine_mouse_healing_ctrl";"LID";"all_genes";"cluster_4";4424;11838;0.0254130587393864;1.38725957055713;0.308078324509502;"0.110030428223318";"4.00004342727686";"2.92086218122924"
"intestine_mouse_healing_ctrl";"LID";"all_genes";"cluster_5";4059;9877;0.0233982409990698;1.26364692500022;0.184465678952595;"0.0997940455643236";"3.69901343161288";"2.61983218556526"
"intestine_mouse_healing_ctrl";"LID";"all_genes";"cluster_6";5308;19457;0.0248993326520897;1.30281408451715;0.22363283846952;"0.110366475587673";"4.00004342727686";"2.92086218122924"
"intestine_mouse_healing_ctrl";"LID";"all_genes";"cluster_7";5070;16748;0.0353285715105174;1.95865074211864;0.879469496071013;"0.0851840110345988";"3.09695344028492";"2.01777219423729"
"intestine_mouse_healing_ctrl";"LID";"all_genes";"cluster_8";5594.5;19827;0.030427334967585;1.67989714116581;0.600715895118184;"0.0907780723466622";"3.30107342294084";"2.22189217689322"
"intestine_mouse_healing_ctrl";"LID";"all_genes";"cluster_9";2737.5;5796.5;0.0271965116859343;1.45226872188904;0.373087475841415;"0.130088827203374";"4.00004342727686";"2.92086218122924"
"intestine_mouse_healing_ctrl";"LID";"all_genes";"cluster_10";4412;11350;0.0252426572270572;1.39044901805164;0.311267772004018;"0.125943601372101";"4.00004342727686";"2.92086218122924"
"intestine_mouse_healing_ctrl";"LID";"all_genes";"cluster_11";3524;7637;0.0438475482669584;2.88610007497003;1.8069188289224;"0.105053448762523";"4.00004342727686";"2.92086218122924"
"intestine_mouse_healing_ctrl";"UC";"all_genes";"cluster_0";5343;16804;0.00542916564715218;0.42324153144795;0;"0.182072915606286";"4.00004342727686";"2.92086218122924"
"intestine_mouse_healing_ctrl";"UC";"all_genes";"cluster_1";2997.5;5982;0.00859565227681094;0.4973432519663;0;"0.16688216007208";"4.00004342727686";"2.92086218122924"
"intestine_mouse_healing_ctrl";"UC";"all_genes";"cluster_2";3400.5;7860;0.000347811203691539;0.315018642171149;0;"0.189939236068209";"4.00004342727686";"2.92086218122924"
"intestine_mouse_healing_ctrl";"UC";"all_genes";"cluster_3";4734;12836;-0.00205181813196587;0.265803822841408;0;"0.160251036409575";"4.00004342727686";"2.92086218122924"
"intestine_mouse_healing_ctrl";"UC";"all_genes";"cluster_4";4424;11838;0.00151321844501334;0.333899999985304;0;"0.189064302229223";"4.00004342727686";"2.92086218122924"
"intestine_mouse_healing_ctrl";"UC";"all_genes";"cluster_5";4059;9877;0.000332241873781447;0.311356702992739;0;"0.162994970433803";"4.00004342727686";"2.92086218122924"
"intestine_mouse_healing_ctrl";"UC";"all_genes";"cluster_6";5308;19457;0.00434496725113298;0.392910222885296;0;"0.213190082657836";"4.00004342727686";"2.92086218122924"
"intestine_mouse_healing_ctrl";"UC";"all_genes";"cluster_7";5070;16748;0.0148495573848027;0.66841370964693;0;"0.144859130007614";"4.00004342727686";"2.92086218122924"
"intestine_mouse_healing_ctrl";"UC";"all_genes";"cluster_8";5594.5;19827;0.0134997022110246;0.639450013711614;0;"0.158525297341991";"4.00004342727686";"2.92086218122924"
"intestine_mouse_healing_ctrl";"UC";"all_genes";"cluster_9";2737.5;5796.5;-0.000373741675124606;0.303949267281639;0;"0.224604447205301";"4.00004342727686";"2.92086218122924"
"intestine_mouse_healing_ctrl";"UC";"all_genes";"cluster_10";4412;11350;-0.000111736059813738;0.307460865001954;0;"0.191705073741663";"4.00004342727686";"2.92086218122924"
"intestine_mouse_healing_ctrl";"UC";"all_genes";"cluster_11";3524;7637;0.0368604890290432;1.57843950040703;0.499258254359407;"0.159515497517373";"4.00004342727686";"2.92086218122924"
"kidney_human_JCI";"CKD";"all_genes";"cluster_0";1848.5;4298.5;0.0666936653617859;2.28404008364206;1.24264739848384;"0.332184612251608";"4.00004342727686";"2.95865074211864"
"kidney_human_JCI";"CKD";"all_genes";"cluster_1";2057;4883;0.070086729380401;2.49489344895696;1.45350076379873;"0.339297981983416";"4.00004342727686";"2.95865074211864"
"kidney_human_JCI";"CKD";"all_genes";"cluster_2";3671;11332;0.058557851369995;1.97473756201209;0.933344876853867;"0.353369857488858";"4.00004342727686";"2.95865074211864"
"kidney_human_JCI";"CKD";"all_genes";"cluster_3";3003;9369;0.0892269801528617;3.3979834359489;2.35659075079068;"0.293820085408498";"4.00004342727686";"2.95865074211864"
"kidney_human_JCI";"CKD";"all_genes";"cluster_4";3594.5;10133.5;0.0921001159203195;3.22189217689322;2.18049949173499;"0.278152085200567";"4.00004342727686";"2.95865074211864"
"kidney_human_JCI";"CKD";"all_genes";"cluster_5";3943;13493;0.0382660532830648;1.30107342294084;0.259680737782619;"0.314177280273571";"4.00004342727686";"2.95865074211864"
"kidney_human_JCI";"CKD";"all_genes";"cluster_6";3693;12658.5;0.0564225561740854;1.87293862891206;0.83154594375383;"0.363278303446095";"4.00004342727686";"2.95865074211864"
"kidney_human_JCI";"CKD";"all_genes";"cluster_7";2951;8578;0.0470679127925026;1.63082756986672;0.589434884708495;"0.34201995396053";"4.00004342727686";"2.95865074211864"
"kidney_human_JCI";"CKD";"all_genes";"cluster_8";2740;7239;0.048523357279831;1.61983218556526;0.578439500407032;"0.300732462343029";"4.00004342727686";"2.95865074211864"
"kidney_human_JCI";"CKD";"all_genes";"cluster_9";3641.5;12654;0.0322178080224164;1.13022521929753;0.0888325341393095;"0.335686298386056";"4.00004342727686";"2.95865074211864"
"kidney_human_JCI";"CKD";"all_genes";"cluster_10";3426;9806;0.0640681405636566;2.16119433653961;1.11980165138138;"0.263850587005431";"4.00004342727686";"2.95865074211864"
"kidney_human_JCI";"IKD";"all_genes";"cluster_0";1848.5;4298.5;0.106567543275815;4.00004342727686;2.95865074211864;"0.767625257599168";"4.00004342727686";"2.95865074211864"
"kidney_human_JCI";"IKD";"all_genes";"cluster_1";2057;4883;0.107645844371977;4.00004342727686;2.95865074211864;"0.759912803613011";"4.00004342727686";"2.95865074211864"
"kidney_human_JCI";"IKD";"all_genes";"cluster_2";3671;11332;0.0854268909190612;4.00004342727686;2.95865074211864;"0.752409630712041";"4.00004342727686";"2.95865074211864"
"kidney_human_JCI";"IKD";"all_genes";"cluster_3";3003;9369;0.10509702136668;4.00004342727686;2.95865074211864;"0.68943812109399";"4.00004342727686";"2.95865074211864"
"kidney_human_JCI";"IKD";"all_genes";"cluster_4";3594.5;10133.5;0.104552335921151;4.00004342727686;2.95865074211864;"0.717577544888578";"4.00004342727686";"2.95865074211864"
"kidney_human_JCI";"IKD";"all_genes";"cluster_5";3943;13493;0.079996672216095;4.00004342727686;2.95865074211864;"0.786873892789927";"4.00004342727686";"2.95865074211864"
"kidney_human_JCI";"IKD";"all_genes";"cluster_6";3693;12658.5;0.0920085837121161;4.00004342727686;2.95865074211864;"0.749878773101154";"4.00004342727686";"2.95865074211864"
"kidney_human_JCI";"IKD";"all_genes";"cluster_7";2951;8578;0.100084183204824;4.00004342727686;2.95865074211864;"0.735277465975675";"4.00004342727686";"2.95865074211864"
"kidney_human_JCI";"IKD";"all_genes";"cluster_8";2740;7239;0.0823142355935961;4.00004342727686;2.95865074211864;"0.792409320619803";"4.00004342727686";"2.95865074211864"
"kidney_human_JCI";"IKD";"all_genes";"cluster_9";3641.5;12654;0.0897082539808553;4.00004342727686;2.95865074211864;"0.789761309757539";"4.00004342727686";"2.95865074211864"
"kidney_human_JCI";"IKD";"all_genes";"cluster_10";3426;9806;0.0839847311828509;4.00004342727686;2.95865074211864;"0.77553960305589";"4.00004342727686";"2.95865074211864"
"kidney_mouse_10X";"CKD";"all_genes";"cluster_0";7363.5;58439;0.0635186488512465;1.32610142864277;0.28470874348455;"0.523879326936896";"4.00004342727686";"2.95865074211864"
"kidney_mouse_10X";"CKD";"all_genes";"cluster_1";5645.5;31699.5;0.166513162153659;3.5229221725572;2.48152948739898;"0.451064389005562";"4.00004342727686";"2.95865074211864"
"kidney_mouse_10X";"CKD";"all_genes";"cluster_2";5552;25019;0.163676686267741;3.3979834359489;2.35659075079068;"0.500264584785077";"4.00004342727686";"2.95865074211864"
"kidney_mouse_10X";"CKD";"all_genes";"cluster_3";7785.5;72409.5;0.099347561381656;1.96261692933624;0.921224244178014;"0.43092901362917";"4.00004342727686";"2.95865074211864"
"kidney_mouse_10X";"CKD";"all_genes";"cluster_4";5381;25742;0.167793274658776;3.5229221725572;2.48152948739898;"0.498405838062344";"4.00004342727686";"2.95865074211864"
"kidney_mouse_10X";"CKD";"all_genes";"cluster_5";4117;14447;0.172569253236798;3.5229221725572;2.48152948739898;"0.481601638433051";"4.00004342727686";"2.95865074211864"
"kidney_mouse_10X";"CKD";"all_genes";"cluster_6";7081.5;52663.5;0.131232081277198;2.60210341860483;1.5607107334466;"0.436496113237759";"4.00004342727686";"2.95865074211864"
"kidney_mouse_10X";"CKD";"all_genes";"cluster_7";7331;52297;0.13018963120947;2.76959450589859;1.72820182074036;"0.442407511848713";"4.00004342727686";"2.95865074211864"
"kidney_mouse_10X";"CKD";"all_genes";"cluster_8";6445.5;40899;0.150556684108223;3.22189217689322;2.18049949173499;"0.467141338947567";"4.00004342727686";"2.95865074211864"
"kidney_mouse_10X";"CKD";"all_genes";"cluster_9";5991;27353.5;0.194772721478943;3.69901343161288;2.65762074645466;"0.47318053748112";"4.00004342727686";"2.95865074211864"
"kidney_mouse_10X";"CKD";"all_genes";"cluster_10";4668;24030;0.118493681301537;2.50868173344259;1.46728904828437;"0.44654923383823";"4.00004342727686";"2.95865074211864"
"kidney_mouse_10X";"IKD";"all_genes";"cluster_0";7363.5;58439;0.0685475125162995;2.16753451457063;1.1261418294124;"1.07443958766618";"4.00004342727686";"2.95865074211864"
"kidney_mouse_10X";"IKD";"all_genes";"cluster_1";5645.5;31699.5;0.127110178942965;4.00004342727686;2.95865074211864;"1.01460826451853";"4.00004342727686";"2.95865074211864"
"kidney_mouse_10X";"IKD";"all_genes";"cluster_2";5552;25019;0.144298619229944;4.00004342727686;2.95865074211864;"1.01962401044773";"4.00004342727686";"2.95865074211864"
"kidney_mouse_10X";"IKD";"all_genes";"cluster_3";7785.5;72409.5;0.0768880099125624;2.25968073778262;1.21828805262439;"1.02341976775927";"4.00004342727686";"2.95865074211864"
"kidney_mouse_10X";"IKD";"all_genes";"cluster_4";5381;25742;0.144365383015586;4.00004342727686;2.95865074211864;"1.02554469215799";"4.00004342727686";"2.95865074211864"
"kidney_mouse_10X";"IKD";"all_genes";"cluster_5";4117;14447;0.138285647794926;4.00004342727686;2.95865074211864;"1.03963624901824";"4.00004342727686";"2.95865074211864"
"kidney_mouse_10X";"IKD";"all_genes";"cluster_6";7081.5;52663.5;0.0978334542169917;3.09695344028492;2.05556075512669;"1.01508188681737";"4.00004342727686";"2.95865074211864"
"kidney_mouse_10X";"IKD";"all_genes";"cluster_7";7331;52297;0.106114005851874;3.69901343161288;2.65762074645466;"1.04930061433853";"4.00004342727686";"2.95865074211864"
"kidney_mouse_10X";"IKD";"all_genes";"cluster_8";6445.5;40899;0.121241629191539;4.00004342727686;2.95865074211864;"1.03841862904342";"4.00004342727686";"2.95865074211864"
"kidney_mouse_10X";"IKD";"all_genes";"cluster_9";5991;27353.5;0.15354363488956;4.00004342727686;2.95865074211864;"1.05088719520048";"4.00004342727686";"2.95865074211864"
"kidney_mouse_10X";"IKD";"all_genes";"cluster_10";4668;24030;0.103193556698659;3.30107342294084;2.25968073778262;"1.07948908560612";"4.00004342727686";"2.95865074211864"
"kidney_mouse_JCI";"CKD";"all_genes";"cluster_0";5731;41157;0.0996003779992642;2.10241633598642;0.956288300308183;"0.477152064870299";"4.00004342727686";"2.85391539159862"
"kidney_mouse_JCI";"CKD";"all_genes";"cluster_1";5305;30694.5;0.123159445828774;2.53764542937791;1.39151739369967;"0.514337920911767";"4.00004342727686";"2.85391539159862"
"kidney_mouse_JCI";"CKD";"all_genes";"cluster_2";5623;37545;0.103079121725314;2.11355270210438;0.967424666426143;"0.502449165959688";"4.00004342727686";"2.85391539159862"
"kidney_mouse_JCI";"CKD";"all_genes";"cluster_3";6106;41755;0.100133183962805;2.12498216388516;0.978854128206925;"0.505671984740058";"4.00004342727686";"2.85391539159862"
"kidney_mouse_JCI";"CKD";"all_genes";"cluster_4";5625.5;34345;0.105972928465806;2.26764966745389;1.12152163177566;"0.536611865159604";"4.00004342727686";"2.85391539159862"
"kidney_mouse_JCI";"CKD";"all_genes";"cluster_5";5715;36085.5;0.121381151714079;2.55288539593464;1.40675736025641;"0.523052228003796";"4.00004342727686";"2.85391539159862"
"kidney_mouse_JCI";"CKD";"all_genes";"cluster_6";5791;28871;0.0676300616789269;1.3458668853989;0.199738849720664;"0.591789057481295";"4.00004342727686";"2.85391539159862"
"kidney_mouse_JCI";"CKD";"all_genes";"cluster_7";5862;33483;0.110727576074255;2.34683091350152;1.20070287782328;"0.547722894409681";"4.00004342727686";"2.85391539159862"
"kidney_mouse_JCI";"CKD";"all_genes";"cluster_8";5633;24927.5;0.156970615323518;3.30107342294084;2.15494538726261;"0.526921089385298";"4.00004342727686";"2.85391539159862"
"kidney_mouse_JCI";"CKD";"all_genes";"cluster_9";5929;31911;0.0490175176707225;0.951213340748513;0;"0.598603350353414";"4.00004342727686";"2.85391539159862"
"kidney_mouse_JCI";"CKD";"all_genes";"cluster_10";6058;39013;0.109330195764029;2.32794556934115;1.18181753366291;"0.517338247290677";"4.00004342727686";"2.85391539159862"
"kidney_mouse_JCI";"CKD";"all_genes";"cluster_11";4166;23095;0.0520605665376735;1.04725098423277;0;"0.656033083488293";"4.00004342727686";"2.85391539159862"
"kidney_mouse_JCI";"CKD";"all_genes";"cluster_12";5446;25063;0.0647153744818969;1.33165751058686;0.185529474908624;"0.504980365778726";"4.00004342727686";"2.85391539159862"
"kidney_mouse_JCI";"CKD";"all_genes";"cluster_13";5258;20207;0.0682646939566519;1.26126286879249;0.115134833114256;"0.489056819162077";"4.00004342727686";"2.85391539159862"
"kidney_mouse_JCI";"IKD";"all_genes";"cluster_0";5731;41157;0.0557091069546102;1.51432200079528;0.368193965117045;"0.932232320278869";"4.00004342727686";"2.85391539159862"
"kidney_mouse_JCI";"IKD";"all_genes";"cluster_1";5305;30694.5;0.0735458990004746;2.19386345329298;1.04773541761474;"1.00120818523507";"4.00004342727686";"2.85391539159862"
"kidney_mouse_JCI";"IKD";"all_genes";"cluster_2";5623;37545;0.0614094621451231;1.72128982632403;0.575161790645796;"0.971610511744733";"4.00004342727686";"2.85391539159862"
"kidney_mouse_JCI";"IKD";"all_genes";"cluster_3";6106;41755;0.0542295616364011;1.48416958356518;0.338041547886946;"1.01272739965924";"4.00004342727686";"2.85391539159862"
"kidney_mouse_JCI";"IKD";"all_genes";"cluster_4";5625.5;34345;0.0805301439621151;2.50868173344259;1.36255369776435;"0.996895516673936";"4.00004342727686";"2.85391539159862"
"kidney_mouse_JCI";"IKD";"all_genes";"cluster_5";5715;36085.5;0.0716609647664402;2.13672056715641;0.990592531478169;"0.997207233869918";"4.00004342727686";"2.85391539159862"
"kidney_mouse_JCI";"IKD";"all_genes";"cluster_6";5791;28871;0.0603065564446439;1.73759233754643;0.591464301868195;"1.13045885900506";"4.00004342727686";"2.85391539159862"
"kidney_mouse_JCI";"IKD";"all_genes";"cluster_7";5862;33483;0.0941186323359768;3.22189217689322;2.07576414121498;"1.01599179426233";"4.00004342727686";"2.85391539159862"
"kidney_mouse_JCI";"IKD";"all_genes";"cluster_8";5633;24927.5;0.106311599741285;4.00004342727686;2.85391539159862;"1.0395024680784";"4.00004342727686";"2.85391539159862"
"kidney_mouse_JCI";"IKD";"all_genes";"cluster_9";5929;31911;0.0536178517855408;1.46728904828437;0.321161012606127;"1.14050917928952";"4.00004342727686";"2.85391539159862"
"kidney_mouse_JCI";"IKD";"all_genes";"cluster_10";6058;39013;0.0767997215478571;2.35659075079068;1.21046271511244;"0.974266776034175";"4.00004342727686";"2.85391539159862"
"kidney_mouse_JCI";"IKD";"all_genes";"cluster_11";4166;23095;0.0373355739048923;0.977202816400335;0;"1.09495929701787";"4.00004342727686";"2.85391539159862"
"kidney_mouse_JCI";"IKD";"all_genes";"cluster_12";5446;25063;0.0470486545906453;1.27658775524168;0.130459719563439;"1.15903550744191";"4.00004342727686";"2.85391539159862"
"kidney_mouse_JCI";"IKD";"all_genes";"cluster_13";5258;20207;0.0491506143567143;1.28823619823567;0.142108162557434;"1.14225360906517";"4.00004342727686";"2.85391539159862"
"liver_human_JBO0018";"CAD";"all_genes";"cluster_0";3378.5;16180.5;0.101254756250391;3.5229221725572;2.74477092217356;"0.247971657539632";"4.00004342727686";"3.22189217689322"
"liver_human_JBO0018";"CAD";"all_genes";"cluster_1";3365;17061.5;0.100081434920779;3.69901343161288;2.92086218122924;"0.260616054851762";"4.00004342727686";"3.22189217689322"
"liver_human_JBO0018";"CAD";"all_genes";"cluster_2";2949.5;13991;0.0943033172821025;3.5229221725572;2.74477092217356;"0.298861551400908";"4.00004342727686";"3.22189217689322"
"liver_human_JBO0018";"CAD";"all_genes";"cluster_3";3450;17368;0.103016281303312;3.69901343161288;2.92086218122924;"0.244596599479636";"4.00004342727686";"3.22189217689322"
"liver_human_JBO0018";"CAD";"all_genes";"cluster_4";2487;8921;0.0939820831336249;3.5229221725572;2.74477092217356;"0.249954771759003";"4.00004342727686";"3.22189217689322"
"liver_human_JBO0018";"CAD";"all_genes";"cluster_5";2725.5;12730;0.0909052427188312;3.5229221725572;2.74477092217356;"0.317776869029319";"4.00004342727686";"3.22189217689322"
"liver_human_JBO0018";"CHOL";"all_genes";"cluster_0";3378.5;16180.5;0.166968923407942;4.00004342727686;3.22189217689322;"N/A";"N/A";"N/A"
"liver_human_JBO0018";"CHOL";"all_genes";"cluster_1";3365;17061.5;0.166258888335796;4.00004342727686;3.22189217689322;"N/A";"N/A";"N/A"
"liver_human_JBO0018";"CHOL";"all_genes";"cluster_2";2949.5;13991;0.160280485334242;4.00004342727686;3.22189217689322;"N/A";"N/A";"N/A"
"liver_human_JBO0018";"CHOL";"all_genes";"cluster_3";3450;17368;0.159346878068093;4.00004342727686;3.22189217689322;"N/A";"N/A";"N/A"
"liver_human_JBO0018";"CHOL";"all_genes";"cluster_4";2487;8921;0.1485121670329;4.00004342727686;3.22189217689322;"N/A";"N/A";"N/A"
"liver_human_JBO0018";"CHOL";"all_genes";"cluster_5";2725.5;12730;0.155525840226453;4.00004342727686;3.22189217689322;"N/A";"N/A";"N/A"
"liver_human_JBO0018";"CIRR";"all_genes";"cluster_0";3378.5;16180.5;0.00335460216645192;0.423586894871242;0;"-0.00786432745044513";"0.285462218437331";"0"
"liver_human_JBO0018";"CIRR";"all_genes";"cluster_1";3365;17061.5;0.00487775856834677;0.448227604925847;0;"-0.00103570745753576";"0.380324161665136";"0"
"liver_human_JBO0018";"CIRR";"all_genes";"cluster_2";2949.5;13991;0.00352018889694788;0.426823600162441;0;"0.00412518388451556";"0.452637967609373";"0"
"liver_human_JBO0018";"CIRR";"all_genes";"cluster_3";3450;17368;0.0101570646551658;0.532583317769599;0;"-0.000678293786965767";"0.379699127522369";"0"
"liver_human_JBO0018";"CIRR";"all_genes";"cluster_4";2487;8921;0.00735893370834195;0.480477926396354;0;"-0.0149438879575505";"0.205834310930366";"0"
"liver_human_JBO0018";"CIRR";"all_genes";"cluster_5";2725.5;12730;0.001991919487671;0.398092023143341;0;"-0.010955157660648";"0.25123542231826";"0"
"liver_human_JBO0018";"LD";"all_genes";"cluster_0";3378.5;16180.5;0.0539658851741313;2.26764966745389;1.48949841707025;"0.146900279428406";"3.69901343161288";"2.92086218122924"
"liver_human_JBO0018";"LD";"all_genes";"cluster_1";3365;17061.5;0.0552444045870968;2.3979834359489;1.61983218556526;"0.152868426866086";"4.00004342727686";"3.22189217689322"
"liver_human_JBO0018";"LD";"all_genes";"cluster_2";2949.5;13991;0.0524404346981147;2.18049949173499;1.40234824135135;"0.158229376125363";"4.00004342727686";"3.22189217689322"
"liver_human_JBO0018";"LD";"all_genes";"cluster_3";3450;17368;0.0563580286174029;2.46856451023461;1.69041325985096;"0.149846836031591";"4.00004342727686";"3.22189217689322"
"liver_human_JBO0018";"LD";"all_genes";"cluster_4";2487;8921;0.0582916985561215;2.44374092650958;1.66558967612593;"0.149915754906858";"3.69901343161288";"2.92086218122924"
"liver_human_JBO0018";"LD";"all_genes";"cluster_5";2725.5;12730;0.0433500748579184;1.70557720111527;0.927425950731626;"0.160206024594652";"4.00004342727686";"3.22189217689322"
"liver_human_JBO0018";"LDL";"all_genes";"cluster_0";3378.5;16180.5;0.128804989546205;4.00004342727686;3.22189217689322;"N/A";"N/A";"N/A"
"liver_human_JBO0018";"LDL";"all_genes";"cluster_1";3365;17061.5;0.126900218446786;4.00004342727686;3.22189217689322;"N/A";"N/A";"N/A"
"liver_human_JBO0018";"LDL";"all_genes";"cluster_2";2949.5;13991;0.12352794863489;4.00004342727686;3.22189217689322;"N/A";"N/A";"N/A"
"liver_human_JBO0018";"LDL";"all_genes";"cluster_3";3450;17368;0.124151073815561;4.00004342727686;3.22189217689322;"N/A";"N/A";"N/A"
"liver_human_JBO0018";"LDL";"all_genes";"cluster_4";2487;8921;0.115313124934905;4.00004342727686;3.22189217689322;"N/A";"N/A";"N/A"
"liver_human_JBO0018";"LDL";"all_genes";"cluster_5";2725.5;12730;0.1165389498833;4.00004342727686;3.22189217689322;"N/A";"N/A";"N/A"
"liver_human_JBO0018";"MI";"all_genes";"cluster_0";3378.5;16180.5;0.106798202043519;2.92086218122924;2.14271093084559;"0.0938921092597152";"1.76199732414807";"0.983846073764424"
"liver_human_JBO0018";"MI";"all_genes";"cluster_1";3365;17061.5;0.109021274558079;3.04580091783754;2.26764966745389;"0.0985129928935223";"1.86332286012046";"1.08517160973681"
"liver_human_JBO0018";"MI";"all_genes";"cluster_2";2949.5;13991;0.0982270643707156;2.60210341860483;1.82395216822118;"0.0933216633317719";"1.73759233754643";"0.95944108716279"
"liver_human_JBO0018";"MI";"all_genes";"cluster_3";3450;17368;0.110910287498285;3.04580091783754;2.26764966745389;"0.0843155510453926";"1.61983218556526";"0.841680935181613"
"liver_human_JBO0018";"MI";"all_genes";"cluster_4";2487;8921;0.102430414944934;2.74477092217356;1.96661967178991;"0.074669839539713";"1.48152948739898";"0.703378237015332"
"liver_human_JBO0018";"MI";"all_genes";"cluster_5";2725.5;12730;0.0951128308569693;2.53764542937791;1.75949417899426;"0.103912757075876";"1.8447073898118";"1.06655613942816"
"liver_human_JBO0018";"NAFLD";"all_genes";"cluster_0";3378.5;16180.5;0.132052021600704;3.09695344028492;2.31880218990128;"0.212639342192384";"4.00004342727686";"3.22189217689322"
"liver_human_JBO0018";"NAFLD";"all_genes";"cluster_1";3365;17061.5;0.130390017337815;3.04580091783754;2.26764966745389;"0.23352598023075";"4.00004342727686";"3.22189217689322"
"liver_human_JBO0018";"NAFLD";"all_genes";"cluster_2";2949.5;13991;0.125206268073484;2.85391539159862;2.07576414121498;"0.270934483932164";"4.00004342727686";"3.22189217689322"
"liver_human_JBO0018";"NAFLD";"all_genes";"cluster_3";3450;17368;0.126178934634566;3.00004342727686;2.22189217689322;"0.21768777393844";"4.00004342727686";"3.22189217689322"
"liver_human_JBO0018";"NAFLD";"all_genes";"cluster_4";2487;8921;0.119800287986631;2.69901343161288;1.92086218122924;"0.225992853984454";"4.00004342727686";"3.22189217689322"
"liver_human_JBO0018";"NAFLD";"all_genes";"cluster_5";2725.5;12730;0.109474425227471;2.38725957055713;1.60910832017348;"0.313855439262531";"4.00004342727686";"3.22189217689322"
"liver_human_JBO0022";"CAD";"all_genes";"cluster_0";1643;4929;0.0895896138737969;3.69901343161288;3.09695344028492;"0.26970800537323";"4.00004342727686";"3.3979834359489"
"liver_human_JBO0022";"CAD";"all_genes";"cluster_1";3052;14812;0.0906270364016619;3.69901343161288;3.09695344028492;"0.275098213316099";"4.00004342727686";"3.3979834359489"
"liver_human_JBO0022";"CAD";"all_genes";"cluster_2";2889;12716;0.0938988261497561;4.00004342727686;3.3979834359489;"0.268266435172502";"4.00004342727686";"3.3979834359489"
"liver_human_JBO0022";"CAD";"all_genes";"cluster_3";1077;2030;0.0796988832430265;2.92086218122924;2.31880218990128;"0.248583422447011";"4.00004342727686";"3.3979834359489"
"liver_human_JBO0022";"CHOL";"all_genes";"cluster_0";1643;4929;0.15733914003525;4.00004342727686;3.3979834359489;"N/A";"N/A";"N/A"
"liver_human_JBO0022";"CHOL";"all_genes";"cluster_1";3052;14812;0.159171154001449;4.00004342727686;3.3979834359489;"N/A";"N/A";"N/A"
"liver_human_JBO0022";"CHOL";"all_genes";"cluster_2";2889;12716;0.163557746351031;4.00004342727686;3.3979834359489;"N/A";"N/A";"N/A"
"liver_human_JBO0022";"CHOL";"all_genes";"cluster_3";1077;2030;0.13816820941839;4.00004342727686;3.3979834359489;"N/A";"N/A";"N/A"
"liver_human_JBO0022";"CIRR";"all_genes";"cluster_0";1643;4929;0.00586320204281116;0.457093578462684;0;"0.00336935275459116";"0.471640989323245";"0"
"liver_human_JBO0022";"CIRR";"all_genes";"cluster_1";3052;14812;0.00479680283693146;0.438703485817961;0;"0.0268422760727769";"0.75576630647502";"0.153706315147057"
"liver_human_JBO0022";"CIRR";"all_genes";"cluster_2";2889;12716;-0.00263111408698888;0.33502560186439;0;"0.0131299981949329";"0.580583354490792";"0"
"liver_human_JBO0022";"CIRR";"all_genes";"cluster_3";1077;2030;0.00977051847699967;0.509523117913514;0;"-0.00774651631952672";"0.311712609164596";"0"
"liver_human_JBO0022";"LD";"all_genes";"cluster_0";1643;4929;0.0461299881051621;1.66962965392767;1.06756966259971;"0.137912789914341";"4.00004342727686";"3.3979834359489"
"liver_human_JBO0022";"LD";"all_genes";"cluster_1";3052;14812;0.0403681795293535;1.48284752932689;0.880787537998926;"0.142344493312707";"4.00004342727686";"3.3979834359489"
"liver_human_JBO0022";"LD";"all_genes";"cluster_2";2889;12716;0.0409175467074453;1.49353839487199;0.891478403544028;"0.136335547229471";"4.00004342727686";"3.3979834359489"
"liver_human_JBO0022";"LD";"all_genes";"cluster_3";1077;2030;0.0470339616445942;1.67166382383812;1.06960383251016;"0.128899584150753";"4.00004342727686";"3.3979834359489"
"liver_human_JBO0022";"LDL";"all_genes";"cluster_0";1643;4929;0.116652253934947;4.00004342727686;3.3979834359489;"N/A";"N/A";"N/A"
"liver_human_JBO0022";"LDL";"all_genes";"cluster_1";3052;14812;0.11782872183199;4.00004342727686;3.3979834359489;"N/A";"N/A";"N/A"
"liver_human_JBO0022";"LDL";"all_genes";"cluster_2";2889;12716;0.122093854619454;4.00004342727686;3.3979834359489;"N/A";"N/A";"N/A"
"liver_human_JBO0022";"LDL";"all_genes";"cluster_3";1077;2030;0.103850413184136;4.00004342727686;3.3979834359489;"N/A";"N/A";"N/A"
"liver_human_JBO0022";"MI";"all_genes";"cluster_0";1643;4929;0.0888310646366608;2.0655449760333;1.46348498470533;"0.0915515353423731";"1.54825699175257";"0.94619700042461"
"liver_human_JBO0022";"MI";"all_genes";"cluster_1";3052;14812;0.0890540934322002;2.11355270210438;1.51149271077642;"0.0896186539227257";"1.51574358793008";"0.913683596602114"
"liver_human_JBO0022";"MI";"all_genes";"cluster_2";2889;12716;0.0892445096402907;2.10794882458638;1.50588883325842;"0.0935176045537525";"1.56229286445647";"0.960232873128512"
"liver_human_JBO0022";"MI";"all_genes";"cluster_3";1077;2030;0.0795609316013526;1.8125227064404;1.21046271511244;"0.0580481097288116";"1.16625905262038";"0.564199061292421"
"liver_human_JBO0022";"NAFLD";"all_genes";"cluster_0";1643;4929;0.151275085895325;2.95865074211864;2.35659075079068;"0.242032672303336";"4.00004342727686";"3.3979834359489"
"liver_human_JBO0022";"NAFLD";"all_genes";"cluster_1";3052;14812;0.149678611835473;3.00004342727686;2.3979834359489;"0.245222087607361";"4.00004342727686";"3.3979834359489"
"liver_human_JBO0022";"NAFLD";"all_genes";"cluster_2";2889;12716;0.160550227385554;3.3979834359489;2.79592344462094;"0.232879517792643";"4.00004342727686";"3.3979834359489"
"liver_human_JBO0022";"NAFLD";"all_genes";"cluster_3";1077;2030;0.124661882786664;2.60210341860483;2.00004342727686;"0.22306754092266";"4.00004342727686";"3.3979834359489"
"liver_mouse_JBO002";"CAD";"all_genes";"cluster_0";4162;25321;0.0522191985296006;1.35956199030644;0.581410739922797;"0.476178545399336";"4.00004342727686";"3.22189217689322"
"liver_mouse_JBO002";"CAD";"all_genes";"cluster_1";4374.5;27910;0.0483669177567371;1.25340922833928;0.47525797795564;"0.460860919920927";"4.00004342727686";"3.22189217689322"
"liver_mouse_JBO002";"CAD";"all_genes";"cluster_2";4350;27696.5;0.0555141270104575;1.44859342930399;0.670442178920344;"0.466824465865805";"4.00004342727686";"3.22189217689322"
"liver_mouse_JBO002";"CAD";"all_genes";"cluster_3";4612;31261;0.0474267101895107;1.22261660488755;0.444465354503908;"0.463732049420022";"4.00004342727686";"3.22189217689322"
"liver_mouse_JBO002";"CAD";"all_genes";"cluster_4";4095;23806;0.0543191430956136;1.41009382595115;0.631942575567511;"0.47731405164146";"4.00004342727686";"3.22189217689322"
"liver_mouse_JBO002";"CAD";"all_genes";"cluster_5";4526;30282;0.0488364604974421;1.25496863569481;0.476817385311162;"0.483547455633083";"4.00004342727686";"3.22189217689322"
"liver_mouse_JBO002";"CHOL";"all_genes";"cluster_0";4162;25321;0.136232475752907;4.00004342727686;3.22189217689322;"N/A";"N/A";"N/A"
"liver_mouse_JBO002";"CHOL";"all_genes";"cluster_1";4374.5;27910;0.130773328728373;4.00004342727686;3.22189217689322;"N/A";"N/A";"N/A"
"liver_mouse_JBO002";"CHOL";"all_genes";"cluster_2";4350;27696.5;0.13623084706012;4.00004342727686;3.22189217689322;"N/A";"N/A";"N/A"
"liver_mouse_JBO002";"CHOL";"all_genes";"cluster_3";4612;31261;0.126084871761747;4.00004342727686;3.22189217689322;"N/A";"N/A";"N/A"
"liver_mouse_JBO002";"CHOL";"all_genes";"cluster_4";4095;23806;0.137251255054007;4.00004342727686;3.22189217689322;"N/A";"N/A";"N/A"
"liver_mouse_JBO002";"CHOL";"all_genes";"cluster_5";4526;30282;0.134186094518732;4.00004342727686;3.22189217689322;"N/A";"N/A";"N/A"
"liver_mouse_JBO002";"CIRR";"all_genes";"cluster_0";4162;25321;-0.00624966440583896;0.287899013061977;0;"-0.0237301114510413";"0.144160997240827";"0"
"liver_mouse_JBO002";"CIRR";"all_genes";"cluster_1";4374.5;27910;-0.0246588934546841;0.134229047108895;0;"-0.0129399505058941";"0.230739967087781";"0"
"liver_mouse_JBO002";"CIRR";"all_genes";"cluster_2";4350;27696.5;-0.00897448445881621;0.262135503902224;0;"-0.0180294470105871";"0.18753114298688";"0"
"liver_mouse_JBO002";"CIRR";"all_genes";"cluster_3";4612;31261;-0.0287079135246601;0.111863933358538;0;"-0.0134557721942207";"0.226915503243528";"0"
"liver_mouse_JBO002";"CIRR";"all_genes";"cluster_4";4095;23806;0.0129233130403351;0.494215393422026;0;"-0.0282606468811779";"0.117689680888149";"0"
"liver_mouse_JBO002";"CIRR";"all_genes";"cluster_5";4526;30282;-0.00333681601635324;0.309758724764233;0;"0.018150468872947";"0.557563658212414";"0"
"liver_mouse_JBO002";"LD";"all_genes";"cluster_0";4162;25321;0.0390916749225574;1.04243614021677;0.264284889833124;"0.284648918546411";"4.00004342727686";"3.22189217689322"
"liver_mouse_JBO002";"LD";"all_genes";"cluster_1";4374.5;27910;0.0360495321893837;0.961820788908144;0.183669538524501;"0.277413136449687";"4.00004342727686";"3.22189217689322"
"liver_mouse_JBO002";"LD";"all_genes";"cluster_2";4350;27696.5;0.038982078292666;1.0438749968015;0.265723746417856;"0.282106110835927";"4.00004342727686";"3.22189217689322"
"liver_mouse_JBO002";"LD";"all_genes";"cluster_3";4612;31261;0.0333464506191802;0.903133414268806;0.124982163885163;"0.283973195414133";"4.00004342727686";"3.22189217689322"
"liver_mouse_JBO002";"LD";"all_genes";"cluster_4";4095;23806;0.0440172715675873;1.18181753366291;0.403666283279263;"0.286877997816661";"4.00004342727686";"3.22189217689322"
"liver_mouse_JBO002";"LD";"all_genes";"cluster_5";4526;30282;0.0419858843957456;1.11581465764426;0.337663407260615;"0.297591238474024";"4.00004342727686";"3.22189217689322"
"liver_mouse_JBO002";"LDL";"all_genes";"cluster_0";4162;25321;0.0935737754297739;3.69901343161288;2.92086218122924;"N/A";"N/A";"N/A"
"liver_mouse_JBO002";"LDL";"all_genes";"cluster_1";4374.5;27910;0.0943023740210154;4.00004342727686;3.22189217689322;"N/A";"N/A";"N/A"
"liver_mouse_JBO002";"LDL";"all_genes";"cluster_2";4350;27696.5;0.0952514023554514;4.00004342727686;3.22189217689322;"N/A";"N/A";"N/A"
"liver_mouse_JBO002";"LDL";"all_genes";"cluster_3";4612;31261;0.0934943793434366;3.69901343161288;2.92086218122924;"N/A";"N/A";"N/A"
"liver_mouse_JBO002";"LDL";"all_genes";"cluster_4";4095;23806;0.0947255717713613;3.69901343161288;2.92086218122924;"N/A";"N/A";"N/A"
"liver_mouse_JBO002";"LDL";"all_genes";"cluster_5";4526;30282;0.0964065480960158;4.00004342727686;3.22189217689322;"N/A";"N/A";"N/A"
"liver_mouse_JBO002";"MI";"all_genes";"cluster_0";4162;25321;0.0571576154763425;1.10572736459242;0.327576114208781;"0.142947121920029";"2.13081170754589";"1.35266045716224"
"liver_mouse_JBO002";"MI";"all_genes";"cluster_1";4374.5;27910;0.0493154537615042;0.972693819502106;0.194542569118463;"0.130334232670483";"1.99572205349422";"1.21757080311058"
"liver_mouse_JBO002";"MI";"all_genes";"cluster_2";4350;27696.5;0.0593960759490842;1.146953897425;0.368802647041353;"0.138193132210695";"2.08622957489315";"1.3080783245095"
"liver_mouse_JBO002";"MI";"all_genes";"cluster_3";4612;31261;0.0533526029552946;1.032495451058;0.254344200674357;"0.120263974370563";"1.87293862891206";"1.09478737852841"
"liver_mouse_JBO002";"MI";"all_genes";"cluster_4";4095;23806;0.058996498305327;1.13791204796383;0.359760797580182;"0.152930369684895";"2.23661543371393";"1.45846418333028"
"liver_mouse_JBO002";"MI";"all_genes";"cluster_5";4526;30282;0.0650044866595693;1.23586729488653;0.457716044502888;"0.145035796396482";"2.12498216388516";"1.34683091350152"
"liver_mouse_JBO002";"NAFLD";"all_genes";"cluster_0";4162;25321;0.0910958778963163;1.62346647022035;0.845315219836707;"0.508839976602749";"4.00004342727686";"3.22189217689322"
"liver_mouse_JBO002";"NAFLD";"all_genes";"cluster_1";4374.5;27910;0.0762557561855914;1.41121170168266;0.633060451299012;"0.493844889083914";"4.00004342727686";"3.22189217689322"
"liver_mouse_JBO002";"NAFLD";"all_genes";"cluster_2";4350;27696.5;0.0855619353725468;1.53466057582844;0.756509325444801;"0.49753351140901";"4.00004342727686";"3.22189217689322"
"liver_mouse_JBO002";"NAFLD";"all_genes";"cluster_3";4612;31261;0.0700895673164091;1.28992606216505;0.511774811781403;"0.500735859252383";"4.00004342727686";"3.22189217689322"
"liver_mouse_JBO002";"NAFLD";"all_genes";"cluster_4";4095;23806;0.113975517379813;1.94313857594039;1.16498732555675;"0.502145841095615";"4.00004342727686";"3.22189217689322"
"liver_mouse_JBO002";"NAFLD";"all_genes";"cluster_5";4526;30282;0.0862505694908806;1.52875171621792;0.750600465834281;"0.496141807521858";"4.00004342727686";"3.22189217689322"
"liver_mouse_zonation_C1";"CAD";"all_genes";"cluster_0";1499.5;5182.5;0.120948678123048;3.09695344028492;2.31880218990128;"0.224151919401801";"3.3979834359489";"2.61983218556526"
"liver_mouse_zonation_C1";"CAD";"all_genes";"cluster_1";1759.5;6879.5;0.115225439240533;3.09695344028492;2.31880218990128;"0.204237301013883";"3.15494538726261";"2.37679413687896"
"liver_mouse_zonation_C1";"CAD";"all_genes";"cluster_2";1676.5;6086;0.113813097318382;3.04580091783754;2.26764966745389;"0.174437676162211";"2.65762074645466";"1.87946949607101"
"liver_mouse_zonation_C1";"CAD";"all_genes";"cluster_3";1644;6461.5;0.119195457270799;3.09695344028492;2.31880218990128;"0.204834415969211";"3.09695344028492";"2.31880218990128"
"liver_mouse_zonation_C1";"CAD";"all_genes";"cluster_4";1811;7275;0.107913289296859;2.76959450589859;1.99144325551495;"0.206956037003214";"3.15494538726261";"2.37679413687896"
"liver_mouse_zonation_C1";"CAD";"all_genes";"cluster_5";1340.5;4237;0.133614728271967;3.3979834359489;2.61983218556526;"0.230295357051618";"3.22189217689322";"2.44374092650958"
"liver_mouse_zonation_C1";"CHOL";"all_genes";"cluster_0";1499.5;5182.5;0.160020893944661;4.00004342727686;3.22189217689322;"N/A";"N/A";"N/A"
"liver_mouse_zonation_C1";"CHOL";"all_genes";"cluster_1";1759.5;6879.5;0.152209614061955;4.00004342727686;3.22189217689322;"N/A";"N/A";"N/A"
"liver_mouse_zonation_C1";"CHOL";"all_genes";"cluster_2";1676.5;6086;0.148530644713292;4.00004342727686;3.22189217689322;"N/A";"N/A";"N/A"
"liver_mouse_zonation_C1";"CHOL";"all_genes";"cluster_3";1644;6461.5;0.155694161390434;4.00004342727686;3.22189217689322;"N/A";"N/A";"N/A"
"liver_mouse_zonation_C1";"CHOL";"all_genes";"cluster_4";1811;7275;0.157902872298594;4.00004342727686;3.22189217689322;"N/A";"N/A";"N/A"
"liver_mouse_zonation_C1";"CHOL";"all_genes";"cluster_5";1340.5;4237;0.165742358256026;4.00004342727686;3.22189217689322;"N/A";"N/A";"N/A"
"liver_mouse_zonation_C1";"CIRR";"all_genes";"cluster_0";1499.5;5182.5;-0.051517231155101;0.0607238961986246;0;"-0.00112984929796267";"0.396574267543024";"0"
"liver_mouse_zonation_C1";"CIRR";"all_genes";"cluster_1";1759.5;6879.5;-0.0598534036195345;0.0344184601676199;0;"-0.00328990630269943";"0.366979154585363";"0"
"liver_mouse_zonation_C1";"CIRR";"all_genes";"cluster_2";1676.5;6086;-0.0647175948579981;0.026223102924179;0;"0.0298958363162365";"0.687442988015603";"0"
"liver_mouse_zonation_C1";"CIRR";"all_genes";"cluster_3";1644;6461.5;-0.0433551112296487;0.0887792562784927;0;"-0.0180432875600175";"0.240677805620934";"0"
"liver_mouse_zonation_C1";"CIRR";"all_genes";"cluster_4";1811;7275;-0.0496104766170954;0.0636805076791182;0;"-0.010564562237262";"0.295549730267564";"0"
"liver_mouse_zonation_C1";"CIRR";"all_genes";"cluster_5";1340.5;4237;-0.0448468719915391;0.0864944693703448;0;"0.0270593123070127";"0.657818197916072";"0"
"liver_mouse_zonation_C1";"LD";"all_genes";"cluster_0";1499.5;5182.5;-0.0150489298997823;0.174552397397432;0;"0.170989552635181";"3.5229221725572";"2.74477092217356"
"liver_mouse_zonation_C1";"LD";"all_genes";"cluster_1";1759.5;6879.5;-0.0194224602817904;0.140424848504682;0;"0.155316921720894";"3.00004342727686";"2.22189217689322"
"liver_mouse_zonation_C1";"LD";"all_genes";"cluster_2";1676.5;6086;-0.0200700017708605;0.13827013055817;0;"0.15367779996159";"3.22189217689322";"2.44374092650958"
"liver_mouse_zonation_C1";"LD";"all_genes";"cluster_3";1644;6461.5;-0.0186216149625612;0.147990618579012;0;"0.155999113620933";"3.04580091783754";"2.26764966745389"
"liver_mouse_zonation_C1";"LD";"all_genes";"cluster_4";1811;7275;-0.016300497198535;0.158934342808709;0;"0.169224621205719";"3.69901343161288";"2.92086218122924"
"liver_mouse_zonation_C1";"LD";"all_genes";"cluster_5";1340.5;4237;-0.0101258900051445;0.215212249152393;0;"0.173717564557817";"3.3979834359489";"2.61983218556526"
"liver_mouse_zonation_C1";"LDL";"all_genes";"cluster_0";1499.5;5182.5;0.0963330289027478;4.00004342727686;3.22189217689322;"N/A";"N/A";"N/A"
"liver_mouse_zonation_C1";"LDL";"all_genes";"cluster_1";1759.5;6879.5;0.0935433353249788;4.00004342727686;3.22189217689322;"N/A";"N/A";"N/A"
"liver_mouse_zonation_C1";"LDL";"all_genes";"cluster_2";1676.5;6086;0.100837365463863;4.00004342727686;3.22189217689322;"N/A";"N/A";"N/A"
"liver_mouse_zonation_C1";"LDL";"all_genes";"cluster_3";1644;6461.5;0.0944696709069406;3.69901343161288;2.92086218122924;"N/A";"N/A";"N/A"
"liver_mouse_zonation_C1";"LDL";"all_genes";"cluster_4";1811;7275;0.0923051668746893;3.69901343161288;2.92086218122924;"N/A";"N/A";"N/A"
"liver_mouse_zonation_C1";"LDL";"all_genes";"cluster_5";1340.5;4237;0.103487437940144;4.00004342727686;3.22189217689322;"N/A";"N/A";"N/A"
"liver_mouse_zonation_C1";"MI";"all_genes";"cluster_0";1499.5;5182.5;0.128268217091738;2.05556075512669;1.27740950474305;"0.100181734213023";"1.33072654671075";"0.552575296327107"
"liver_mouse_zonation_C1";"MI";"all_genes";"cluster_1";1759.5;6879.5;0.120489531308261;1.93934558692325;1.16119433653961;"0.062600716684593";"1.02004005569312";"0.241888805309473"
"liver_mouse_zonation_C1";"MI";"all_genes";"cluster_2";1676.5;6086;0.119922708339857;1.91725805696041;1.13910680657677;"0.0712704558433771";"1.06706260535366";"0.288911354970021"
"liver_mouse_zonation_C1";"MI";"all_genes";"cluster_3";1644;6461.5;0.119443436388632;1.91368359660211;1.13553234621847;"0.0615617456247591";"0.989743470637051";"0.211592220253407"
"liver_mouse_zonation_C1";"MI";"all_genes";"cluster_4";1811;7275;0.126048108760409;2.03625559993131;1.25810434954766;"0.0714189481425937";"1.06302731981205";"0.284876069428405"
"liver_mouse_zonation_C1";"MI";"all_genes";"cluster_5";1340.5;4237;0.124189285777627;1.98301008797808;1.20485883759444;"0.084496353958769";"1.17787534790885";"0.399724097525202"
"liver_mouse_zonation_C1";"NAFLD";"all_genes";"cluster_0";1499.5;5182.5;0.134637160184331;1.74477092217356;0.966619671789913;"0.215108037981459";"2.88610007497003";"2.10794882458638"
"liver_mouse_zonation_C1";"NAFLD";"all_genes";"cluster_1";1759.5;6879.5;0.122388165838043;1.6497954089427;0.871644158559056;"0.191372382029572";"2.63831559125927";"1.86016434087563"
"liver_mouse_zonation_C1";"NAFLD";"all_genes";"cluster_2";1676.5;6086;0.112326039113695;1.54065093951763;0.762499689133988;"0.17098275606519";"2.36657497169728";"1.58842372131363"
"liver_mouse_zonation_C1";"NAFLD";"all_genes";"cluster_3";1644;6461.5;0.132675892693211;1.72128982632403;0.94313857594039;"0.193368307307447";"2.61983218556526";"1.84168093518161"
"liver_mouse_zonation_C1";"NAFLD";"all_genes";"cluster_4";1811;7275;0.137291888394555;1.79321755124501;1.01506630086137;"0.197755431868651";"2.69901343161288";"1.92086218122924"
"liver_mouse_zonation_C1";"NAFLD";"all_genes";"cluster_5";1340.5;4237;0.142335075628651;1.82685715886459;1.04870590848094;"0.225502246529414";"3.04580091783754";"2.26764966745389"
"lung_bronchi_human_A42";"AST";"all_genes";"cluster_0";615;993;-0.0168549099823126;0.0109052030610736;0;"-0.00508526941381532";"0.313496528213856";"0"
"lung_bronchi_human_A42";"AST";"all_genes";"cluster_1";689.5;1173;-0.0122898655941966;0.0493378925030015;0;"0.0104415398894371";"0.711794201704877";"0"
"lung_bronchi_human_A42";"AST";"all_genes";"cluster_2";1434;3213;-0.0190104220156024;0.00744573117482444;0;"-0.00855407120434023";"0.24538935802143";"0"
"lung_bronchi_human_A42";"AST";"all_genes";"cluster_3";530;888;-0.0175977797994092;0.00948259728284271;0;"-0.00557239116636916";"0.309404415560895";"0"
"lung_bronchi_human_A42";"AST";"all_genes";"cluster_4";535;800;-0.0124156257339523;0.0407157813046916;0;"0.0037993526522416";"0.563086096607413";"0"
"lung_bronchi_human_A42";"AST";"all_genes";"cluster_5";1624;3521;-0.0116500352522479;0.0558569659931752;0;"-0.0035405608959429";"0.324356718577462";"0"
"lung_bronchi_human_A42";"AST";"all_genes";"cluster_6";1246;2382;-0.0227359653637789;0.00471541819945308;0;"0.00601458808638317";"0.528311775796812";"0"
"lung_bronchi_human_A42";"AST";"all_genes";"cluster_7";2031;5941;-0.034329798733027;0.000738854938513879;0;"0.00968931513654003";"0.501595024102863";"0"
"lung_bronchi_human_A42";"BRD";"all_genes";"cluster_0";615;993;-0.0166923065954239;0.00988223437838364;0;"0.000560408408606737";"0.545350978037386";"0"
"lung_bronchi_human_A42";"BRD";"all_genes";"cluster_1";689.5;1173;-0.0139211775801875;0.0308605680446012;0;"0.00892106978589376";"0.655651153591752";"0"
"lung_bronchi_human_A42";"BRD";"all_genes";"cluster_2";1434;3213;-0.0178085500721618;0.00961576879159913;0;"-0.00187947944351196";"0.426359734183065";"0"
"lung_bronchi_human_A42";"BRD";"all_genes";"cluster_3";530;888;-0.0176755755414041;0.0076224712248385;0;"-0.00270947901451442";"0.431138012293984";"0"
"lung_bronchi_human_A42";"BRD";"all_genes";"cluster_4";535;800;-0.0126317761697472;0.0348887812899374;0;"0.00619138201739626";"0.598126176759288";"0"
"lung_bronchi_human_A42";"BRD";"all_genes";"cluster_5";1624;3521;-0.0115779688192974;0.0528548617507691;0;"0.0150541643860446";"0.76224843400294";"0"
"lung_bronchi_human_A42";"BRD";"all_genes";"cluster_6";1246;2382;-0.0224472026025984;0.00471541819945308;0;"0.0123544790423687";"0.654865810734159";"0"
"lung_bronchi_human_A42";"BRD";"all_genes";"cluster_7";2031;5941;-0.0345061891294609;0.000477939050880344;0;"0.00481949345084268";"0.429734041840983";"0"
"lung_bronchi_human_A42";"COPD";"all_genes";"cluster_0";615;993;0.00761180344262471;0.63101320546771;0;"0.0832739429689168";"2.69901343161288";"1.79592344462094"
"lung_bronchi_human_A42";"COPD";"all_genes";"cluster_1";689.5;1173;0.00169177655897181;0.401471763794722;0;"0.0922681133318366";"3.04580091783754";"2.14271093084559"
"lung_bronchi_human_A42";"COPD";"all_genes";"cluster_2";1434;3213;0.00271862105755808;0.440376148888805;0;"0.0722967508261629";"2.29247325117893";"1.38938326418698"
"lung_bronchi_human_A42";"COPD";"all_genes";"cluster_3";530;888;0.00135393324079146;0.400160355203175;0;"0.0989592044279727";"3.00004342727686";"2.09695344028492"
"lung_bronchi_human_A42";"COPD";"all_genes";"cluster_4";535;800;0.0150355163401936;0.986784761993346;0.0836947750014025;"0.0769687667670729";"2.65762074645466";"1.75453075946271"
"lung_bronchi_human_A42";"COPD";"all_genes";"cluster_5";1624;3521;0.0134345937614842;0.857653961158027;0;"0.0902003778910179";"3.15494538726261";"2.25185540027066"
"lung_bronchi_human_A42";"COPD";"all_genes";"cluster_6";1246;2382;0.0248684449377264;1.34779708627354;0.444707099281596;"0.144394871836646";"4.00004342727686";"3.09695344028492"
"lung_bronchi_human_A42";"COPD";"all_genes";"cluster_7";2031;5941;-0.0187358687669047;0.056796302139001;0;"0.12817413727185";"3.22189217689322";"2.31880218990128"
"lung_bronchi_human_A42";"LUD";"all_genes";"cluster_0";615;993;0.0184683658405373;1.41233246225795;0.509242475266008;"0.0339958742033319";"2.16753451457063";"1.26444452757868"
"lung_bronchi_human_A42";"LUD";"all_genes";"cluster_1";689.5;1173;0.00945857884764643;0.777326956129279;0;"0.0372920988773861";"2.45597538292659";"1.55288539593464"
"lung_bronchi_human_A42";"LUD";"all_genes";"cluster_2";1434;3213;0.0182745716284465;1.3197079138623;0.416617926870356;"0.0254199914219374";"1.55913434521164";"0.656044358219701"
"lung_bronchi_human_A42";"LUD";"all_genes";"cluster_3";530;888;0.0162622495281924;1.24340731903101;0.340317332039071;"0.0313761876466609";"2.01777219423729";"1.11468220724535"
"lung_bronchi_human_A42";"LUD";"all_genes";"cluster_4";535;800;0.0157466645085199;1.25653366254843;0.353443675556489;"0.0343609068262248";"2.36657497169728";"1.46348498470533"
"lung_bronchi_human_A42";"LUD";"all_genes";"cluster_5";1624;3521;0.0216350531745035;1.64020794493697;0.737117957945031;"0.0417488773785584";"2.56867966311788";"1.66558967612593"
"lung_bronchi_human_A42";"LUD";"all_genes";"cluster_6";1246;2382;0.0216705549639627;1.49761630729243;0.594526320300486;"0.051921242877064";"3.15494538726261";"2.25185540027066"
"lung_bronchi_human_A42";"LUD";"all_genes";"cluster_7";2031;5941;-0.0124631879311681;0.0848019299706683;0;"0.0660799437062293";"3.5229221725572";"2.61983218556526"
"lung_bronchi_human_A50";"AST";"all_genes";"cluster_0";1713;3700;0.000429573455953236;0.329426540876537;0;"0.0215606424926216";"0.777587090597616";"0.0786170862615972"
"lung_bronchi_human_A50";"AST";"all_genes";"cluster_1";5994;38503;-0.00957658613592516;0.175527099269654;0;"-0.0731187208384355";"0.0180889828068891";"0"
"lung_bronchi_human_A50";"AST";"all_genes";"cluster_2";1346;2732.5;0.00549324177758811;0.437274884260344;0;"0.0253835562204074";"0.777847380975143";"0.078877376639124"
"lung_bronchi_human_A50";"AST";"all_genes";"cluster_3";3425.5;12152.5;0.00339636959955097;0.388001682631593;0;"0.0187752786367248";"0.627315486391267";"0"
"lung_bronchi_human_A50";"AST";"all_genes";"cluster_4";1851;4108;0.0106738608933494;0.569968371724923;0;"0.0387324028212561";"0.894533242506889";"0.19556323817087"
"lung_bronchi_human_A50";"BRD";"all_genes";"cluster_0";1713;3700;-0.00154498842512016;0.292302973003091;0;"0.0106405490750662";"0.583902396108534";"0"
"lung_bronchi_human_A50";"BRD";"all_genes";"cluster_1";5994;38503;-0.00583777895790383;0.220374800069715;0;"-0.0560227511962493";"0.0336200813331696";"0"
"lung_bronchi_human_A50";"BRD";"all_genes";"cluster_2";1346;2732.5;-0.00160499288145249;0.28916480959169;0;"0.00735771094791612";"0.494486488613041";"0"
"lung_bronchi_human_A50";"BRD";"all_genes";"cluster_3";3425.5;12152.5;-0.000479408454160085;0.312692857718835;0;"0.00103946130929039";"0.366070271487189";"0"
"lung_bronchi_human_A50";"BRD";"all_genes";"cluster_4";1851;4108;0.0054899264353479;0.445796619110752;0;"0.0176728575087285";"0.605241650114152";"0"
"lung_bronchi_human_A50";"COPD";"all_genes";"cluster_0";1713;3700;0.0194583532588156;0.729131787866382;0.0301617835303627;"0.177809973207583";"4.00004342727686";"3.30107342294084"
"lung_bronchi_human_A50";"COPD";"all_genes";"cluster_1";5994;38503;0.00652642334774883;0.420488466875864;0;"0.191432613020685";"4.00004342727686";"3.30107342294084"
"lung_bronchi_human_A50";"COPD";"all_genes";"cluster_2";1346;2732.5;0.00730651991616053;0.461846848927408;0;"0.219223415896169";"4.00004342727686";"3.30107342294084"
"lung_bronchi_human_A50";"COPD";"all_genes";"cluster_3";3425.5;12152.5;0.019507160464429;0.70867457682528;0.00970457248926118;"0.201899684802127";"4.00004342727686";"3.30107342294084"
"lung_bronchi_human_A50";"COPD";"all_genes";"cluster_4";1851;4108;0.031613683307821;1.03016178353036;0.331191779194344;"0.173082846362888";"4.00004342727686";"3.30107342294084"
"lung_bronchi_human_A50";"LUD";"all_genes";"cluster_0";1713;3700;0.0242679759429343;1.03390169453783;0.334931690201811;"0.108326366656585";"4.00004342727686";"3.30107342294084"
"lung_bronchi_human_A50";"LUD";"all_genes";"cluster_1";5994;38503;0.0130254282850549;0.608402723784475;0;"0.0834966969614559";"3.22189217689322";"2.5229221725572"
"lung_bronchi_human_A50";"LUD";"all_genes";"cluster_2";1346;2732.5;0.0166937534065617;0.76476755058981;0.0657975462537915;"0.121418878673424";"4.00004342727686";"3.30107342294084"
"lung_bronchi_human_A50";"LUD";"all_genes";"cluster_3";3425.5;12152.5;0.0229862480190702;0.941237940600956;0.242267936264937;"0.115038776828236";"4.00004342727686";"3.30107342294084"
"lung_bronchi_human_A50";"LUD";"all_genes";"cluster_4";1851;4108;0.0678170110407207;3.3979834359489;2.69901343161288;"0.119545171378492";"4.00004342727686";"3.30107342294084"
"lung_parenchyma_human_A37";"AST";"all_genes";"cluster_0";507;782;-0.0106988496906412;0.0731867183271703;0;"0.00140766843830824";"0.576142508748446";"0"
"lung_parenchyma_human_A37";"AST";"all_genes";"cluster_1";498.5;789;-0.019387548190328;0.0109052030610736;0;"-0.00349705778423953";"0.394522903839394";"0"
"lung_parenchyma_human_A37";"AST";"all_genes";"cluster_2";545;863;-0.0125752698850786;0.0547718457691529;0;"-0.00138974271850279";"0.442536225371205";"0"
"lung_parenchyma_human_A37";"AST";"all_genes";"cluster_3";479;709;-0.00709257062706392;0.134820970986684;0;"-0.000756112089712234";"0.437631594327135";"0"
"lung_parenchyma_human_A37";"BRD";"all_genes";"cluster_0";507;782;-0.0109863674606903;0.0631277463316088;0;"0.00272273741128343";"0.571260915779908";"0"
"lung_parenchyma_human_A37";"BRD";"all_genes";"cluster_1";498.5;789;-0.0207821924326603;0.00581428645916424;0;"-0.00405664523830886";"0.357084547867072";"0"
"lung_parenchyma_human_A37";"BRD";"all_genes";"cluster_2";545;863;-0.0131686054000406;0.0440191449961855;0;"-0.00173017649296466";"0.412220255957908";"0"
"lung_parenchyma_human_A37";"BRD";"all_genes";"cluster_3";479;709;-0.00665429688189542;0.138628508640866;0;"-0.00967573602684452";"0.217427495245259";"0"
"lung_parenchyma_human_A37";"COPD";"all_genes";"cluster_0";507;782;0.0198187133743043;1.07473133577721;0.472671344449251;"0.0585932170739987";"2.02691557367716";"1.4248555823492"
"lung_parenchyma_human_A37";"COPD";"all_genes";"cluster_1";498.5;789;0.00756519885323595;0.591125406430083;0;"0.063647394240978";"2.24416857160437";"1.64210858027641"
"lung_parenchyma_human_A37";"COPD";"all_genes";"cluster_2";545;863;0.0125152019573533;0.773701340113232;0.17164134878527;"0.0786564949101847";"2.88610007497003";"2.28404008364206"
"lung_parenchyma_human_A37";"COPD";"all_genes";"cluster_3";479;709;0.0208322345566219;1.13198706545382;0.529927074125859;"0.0430729020584047";"1.64210858027641";"1.04004858894845"
"lung_parenchyma_human_A37";"LUD";"all_genes";"cluster_0";507;782;0.0589301615956307;4.00004342727686;3.3979834359489;"0.0252746788073093";"1.61087734291233";"1.00881735158437"
"lung_parenchyma_human_A37";"LUD";"all_genes";"cluster_1";498.5;789;0.0439129451834857;3.69901343161288;3.09695344028492;"0.0219130848742102";"1.34394522526403";"0.741885233936068"
"lung_parenchyma_human_A37";"LUD";"all_genes";"cluster_2";545;863;0.0387766978430106;3.04580091783754;2.44374092650958;"0.030148137175295";"2.01777219423729";"1.41571220290933"
"lung_parenchyma_human_A37";"LUD";"all_genes";"cluster_3";479;709;0.0520720714369042;4.00004342727686;3.3979834359489;"0.0244660347956454";"1.62164552632873";"1.01958553500076"
"lung_parenchyma_human_A48";"AST";"all_genes";"cluster_0";534;868;-0.0155215394180968;0.0221826980121655;0;"-0.00924447132871266";"0.221819800510766";"0"
"lung_parenchyma_human_A48";"AST";"all_genes";"cluster_1";723;1281;-0.0201793720969788;0.00651902410979708;0;"-0.0075483809177219";"0.261976712499393";"0"
"lung_parenchyma_human_A48";"AST";"all_genes";"cluster_2";628;980.5;-0.00759130155250346;0.118088455937262;0;"0.00599026992930557";"0.671459977562661";"0"
"lung_parenchyma_human_A48";"AST";"all_genes";"cluster_3";831.5;1544;-0.00643713800195352;0.147929566427101;0;"-0.00220860317270989";"0.405098690581779";"0"
"lung_parenchyma_human_A48";"AST";"all_genes";"cluster_4";662;1182;-0.0137261125319508;0.0359724567189072;0;"-0.00976695900859218";"0.217141021302218";"0"
"lung_parenchyma_human_A48";"AST";"all_genes";"cluster_5";484.5;746.5;-0.0187960640554963;0.00806463628227902;0;"-0.0150871847897987";"0.151300245381179";"0"
"lung_parenchyma_human_A48";"BRD";"all_genes";"cluster_0";534;868;-0.0151498927385837;0.0211784429292058;0;"-0.00760551448136865";"0.258025680136724";"0"
"lung_parenchyma_human_A48";"BRD";"all_genes";"cluster_1";723;1281;-0.0199894824100533;0.00577027830369229;0;"-0.012185181030171";"0.176960630744059";"0"
"lung_parenchyma_human_A48";"BRD";"all_genes";"cluster_2";628;980.5;-0.00778858219309489;0.109231328321738;0;"0.00548703029849241";"0.642108580276409";"0"
"lung_parenchyma_human_A48";"BRD";"all_genes";"cluster_3";831.5;1544;-0.0075356947015187;0.119572834473084;0;"-0.00329696789604017";"0.365969401789394";"0"
"lung_parenchyma_human_A48";"BRD";"all_genes";"cluster_4";662;1182;-0.0141716930780501;0.0284892738308015;0;"-0.00551939254273205";"0.309581534030684";"0"
"lung_parenchyma_human_A48";"BRD";"all_genes";"cluster_5";484.5;746.5;-0.0179925754189173;0.00908332759466338;0;"-0.0161344396753227";"0.129522477264098";"0"
"lung_parenchyma_human_A48";"COPD";"all_genes";"cluster_0";534;868;-7.60324417036495e-05;0.359561990306441;0;"0.0896808253219079";"2.95865074211864";"2.18049949173499"
"lung_parenchyma_human_A48";"COPD";"all_genes";"cluster_1";723;1281;0.002375751423803;0.427985437350558;0;"0.093876759259742";"3.5229221725572";"2.74477092217356"
"lung_parenchyma_human_A48";"COPD";"all_genes";"cluster_2";628;980.5;0.00938656807834945;0.70272071307156;0;"0.0827963487984627";"2.92086218122924";"2.14271093084559"
"lung_parenchyma_human_A48";"COPD";"all_genes";"cluster_3";831.5;1544;-0.00071010926404514;0.335965837091788;0;"0.10380812387376";"3.69901343161288";"2.92086218122924"
"lung_parenchyma_human_A48";"COPD";"all_genes";"cluster_4";662;1182;0.00353762661554684;0.467926311028059;0;"0.083193849597161";"2.95865074211864";"2.18049949173499"
"lung_parenchyma_human_A48";"COPD";"all_genes";"cluster_5";484.5;746.5;0.00431571556758352;0.49775289936209;0;"0.0705385301850836";"2.67782413254294";"1.8996728821593"
"lung_parenchyma_human_A48";"LUD";"all_genes";"cluster_0";534;868;0.0432012437709769;3.69901343161288;2.92086218122924;"0.0286429730127783";"1.82978171188191";"1.05163046149826"
"lung_parenchyma_human_A48";"LUD";"all_genes";"cluster_1";723;1281;0.0386996301787075;3.04580091783754;2.26764966745389;"0.0275250306195047";"1.73522560426733";"0.957074353883683"
"lung_parenchyma_human_A48";"LUD";"all_genes";"cluster_2";628;980.5;0.0486328524356403;4.00004342727686;3.22189217689322;"0.0269481728750598";"1.84775508289381";"1.06960383251016"
"lung_parenchyma_human_A48";"LUD";"all_genes";"cluster_3";831.5;1544;0.0417993017037601;3.3979834359489;2.61983218556526;"0.0304070540010307";"1.95865074211864";"1.18049949173499"
"lung_parenchyma_human_A48";"LUD";"all_genes";"cluster_4";662;1182;0.0418634227991404;3.69901343161288;2.92086218122924;"0.0263541527689321";"1.73522560426733";"0.957074353883683"
"lung_parenchyma_human_A48";"LUD";"all_genes";"cluster_5";484.5;746.5;0.0354969166087452;3.04580091783754;2.26764966745389;"0.0291148670531198";"1.95472044849021";"1.17656919810656"
"pancreas_human_15PCW_S1";"T1D";"all_genes";"cluster_0";1555.5;2701.5;0.0427484176465467;2.12498216388516;1.27988412387091;"0.026453914750974";"1.00748990944473";"0.16239186943047"
"pancreas_human_15PCW_S1";"T1D";"all_genes";"cluster_1";1802.5;3336.5;0.0358163681149241;1.71901006002914;0.873912020014878;"0.00577561789828994";"0.532879461307772";"0"
"pancreas_human_15PCW_S1";"T1D";"all_genes";"cluster_2";2125;4719;0.0553652492604192;2.74477092217356;1.8996728821593;"0.0307951905508604";"0.997013956723245";"0.151915916708988"
"pancreas_human_15PCW_S1";"T1D";"all_genes";"cluster_3";3122;6802.5;0.0115857876739722;0.672480167089585;0;"0.0249507413044556";"0.907673727647742";"0.0625756876334852"
"pancreas_human_15PCW_S1";"T1D";"all_genes";"cluster_4";2420;5311;0.0346524412017069;1.63831559125927;0.793217551245013;"0.00453117129636155";"0.483904850559788";"0"
"pancreas_human_15PCW_S1";"T1D";"all_genes";"cluster_5";599.5;809;0.0376888063144207;1.83569057149243;0.990592531478169;"0.029072752304383";"1.11018170601867";"0.265083666004417"
"pancreas_human_15PCW_S1";"T1D";"all_genes";"cluster_6";2430;4895;0.0333206683309422;1.59011030394557;0.745012263931311;"0.0375617911799833";"1.12788715452857";"0.282789114514313"
"pancreas_human_15PCW_S1";"T2D";"all_genes";"cluster_0";1555.5;2701.5;-0.0139793008907171;0.0159663933740319;0;"-0.00996290748486847";"0.202291298626152";"0"
"pancreas_human_15PCW_S1";"T2D";"all_genes";"cluster_1";1802.5;3336.5;-0.0171378152357683;0.00550632297836482;0;"-0.00753604615280676";"0.243255228508745";"0"
"pancreas_human_15PCW_S1";"T2D";"all_genes";"cluster_2";2125;4719;-0.00634598613089915;0.104123881966847;0;"0.00630190945916054";"0.508541661039536";"0"
"pancreas_human_15PCW_S1";"T2D";"all_genes";"cluster_3";3122;6802.5;-0.0170283738523919;0.00550632297836482;0;"0.0505416246259759";"1.69041325985096";"0.845315219836707"
"pancreas_human_15PCW_S1";"T2D";"all_genes";"cluster_4";2420;5311;-0.0177031395549299;0.00436436676524049;0;"-0.0210152469965571";"0.069756780031343";"0"
"pancreas_human_15PCW_S1";"T2D";"all_genes";"cluster_5";599.5;809;-0.0165634493494196;0.00740155739846501;0;"0.00936693151773109";"0.639260737403583";"0"
"pancreas_human_15PCW_S1";"T2D";"all_genes";"cluster_6";2430;4895;-0.0108756219636768;0.0424361402167674;0;"0.0581763151730168";"1.73053048305895";"0.885432443044689"
"pancreas_human_18PCW_S1";"T1D";"all_genes";"cluster_0";1813.5;4647;0.0618992843646472;3.00004342727686;2.15494538726261;"0.0417700491436501";"1.13139898888204";"0.28630094886778"
"pancreas_human_18PCW_S1";"T1D";"all_genes";"cluster_1";2049;4996.5;0.0625863787900017;3.09695344028492;2.25185540027066;"0.0714148351131261";"1.72588557801318";"0.880787537998926"
"pancreas_human_18PCW_S1";"T1D";"all_genes";"cluster_2";2889;8906;0.0626563321994901;3.15494538726261;2.30984734724835;"0.0312707871562223";"0.965816166506312";"0.120718126492055"
"pancreas_human_18PCW_S1";"T1D";"all_genes";"cluster_3";3005.5;11240;0.0566028401577379;2.95865074211864;2.11355270210438;"0.0166781954513953";"0.734047056781784";"0"
"pancreas_human_18PCW_S1";"T1D";"all_genes";"cluster_4";1914;5425;0.0595202351861085;2.85391539159862;2.00881735158437;"0.129090065953927";"2.88610007497003";"2.04100203495577"
"pancreas_human_18PCW_S1";"T1D";"all_genes";"cluster_5";2295.5;5415;0.0581949410962569;2.88610007497003;2.04100203495577;"0.0955621751223242";"2.29247325117893";"1.44737521116467"
"pancreas_human_18PCW_S1";"T1D";"all_genes";"cluster_6";2234;4607;0.059936980894114;2.95865074211864;2.11355270210438;"0.0762331885793286";"1.8996728821593";"1.05457484214504"
"pancreas_human_18PCW_S1";"T2D";"all_genes";"cluster_0";1813.5;4647;-0.00253874258539391;0.216068423864192;0;"0.0270958279905357";"0.911907338576311";"0.0668092985620546"
"pancreas_human_18PCW_S1";"T2D";"all_genes";"cluster_1";2049;4996.5;-0.00789663118487657;0.0825904353471992;0;"0.0388947391302466";"1.14634521550069";"0.301247175486431"
"pancreas_human_18PCW_S1";"T2D";"all_genes";"cluster_2";2889;8906;-0.00207549408100072;0.231849465643791;0;"0.0328007313902435";"1.01193058700851";"0.166832546994254"
"pancreas_human_18PCW_S1";"T2D";"all_genes";"cluster_3";3005.5;11240;-0.00337046295268968;0.184067426304877;0;"0.0261066363831414";"0.877172504412427";"0.0320744643981704"
"pancreas_human_18PCW_S1";"T2D";"all_genes";"cluster_4";1914;5425;-0.0045161158242864;0.156001385235846;0;"0.0523169458145607";"1.36758613509214";"0.522488095077882"
"pancreas_human_18PCW_S1";"T2D";"all_genes";"cluster_5";2295.5;5415;-0.0152643426522386;0.0157862255714466;0;"0.0260661269794338";"0.858907337156124";"0.0138092971418668"
"pancreas_human_18PCW_S1";"T2D";"all_genes";"cluster_6";2234;4607;-0.0106766495049274;0.0489974791410429;0;"0.0171119681153849";"0.683025326228751";"0"
"pancreas_human_20PCW_S1";"T1D";"all_genes";"cluster_0";1192;2620;0.0556919802152566;3.69901343161288;2.85391539159862;"0.0758079350385633";"2.17396862457604";"1.32887058456178"
"pancreas_human_20PCW_S1";"T1D";"all_genes";"cluster_1";1340;2689;0.0503848137027516;3.30107342294084;2.45597538292659;"0.0847828896601905";"2.44374092650958";"1.59864288649532"
"pancreas_human_20PCW_S1";"T1D";"all_genes";"cluster_2";1569;3200;0.0538894066295195;3.69901343161288;2.85391539159862;"0.0457381039398469";"1.44374092650958";"0.598642886495319"
"pancreas_human_20PCW_S1";"T1D";"all_genes";"cluster_3";1957;4314;0.0520117125039613;3.69901343161288;2.85391539159862;"0.0559099116558215";"1.76959450589859";"0.924496465884332"
"pancreas_human_20PCW_S1";"T1D";"all_genes";"cluster_4";2397;7155.5;0.0522125594253746;3.3979834359489;2.55288539593464;"0.0624397456655736";"1.72358162310362";"0.878483583089362"
"pancreas_human_20PCW_S1";"T1D";"all_genes";"cluster_5";1817.5;4183.5;0.0511720480807437;3.22189217689322;2.37679413687896;"0.082191637994727";"2.36657497169728";"1.52147693168302"
"pancreas_human_20PCW_S1";"T1D";"all_genes";"cluster_6";3355;8533;0.0489358683284018;2.88610007497003;2.04100203495577;"0.0320601984675763";"1.1085059696043";"0.263407929590041"
"pancreas_human_20PCW_S1";"T2D";"all_genes";"cluster_0";1192;2620;-0.000622329012095829;0.287814757657327;0;"0.032205538905685";"1.1255616095774";"0.280463569563139"
"pancreas_human_20PCW_S1";"T2D";"all_genes";"cluster_1";1340;2689;-0.00418148422447032;0.143616654806618;0;"0.0285114859460112";"1.06706260535366";"0.221964565339408"
"pancreas_human_20PCW_S1";"T2D";"all_genes";"cluster_2";1569;3200;0.00153717851917934;0.415486066751188;0;"0.0259778227809793";"1.03672791589075";"0.191629875876495"
"pancreas_human_20PCW_S1";"T2D";"all_genes";"cluster_3";1957;4314;0.00150093113792406;0.413006309533407;0;"0.0286504077481696";"1.11865877050629";"0.273560730492033"
"pancreas_human_20PCW_S1";"T2D";"all_genes";"cluster_4";2397;7155.5;-0.00252212875838956;0.199395071912875;0;"0.0332360699173576";"1.146953897425";"0.30185585741074"
"pancreas_human_20PCW_S1";"T2D";"all_genes";"cluster_5";1817.5;4183.5;-0.00500057974340797;0.117291271663783;0;"0.0356652869358013";"1.22625698229567";"0.381158942281412"
"pancreas_human_20PCW_S1";"T2D";"all_genes";"cluster_6";3355;8533;-0.00959318241218574;0.0385274158279137;0;"-0.0106591083442698";"0.180499491734994";"0"
"spinal_cord_human_pcw5_302B1";"AHD";"all_genes";"cluster_0";5839;32797;0.0595678028349693;1.00134826896521;0.524227014245545;"0.133741198453659";"1.83272609252869";"1.35560483780902"
"spinal_cord_human_pcw5_302B1";"AHD";"all_genes";"cluster_1";6659;48383.5;0.0234814598325875;0.568197381578137;0.0910761268584749;"0.0846537521532016";"1.22334224328845";"0.746220988568789"
"spinal_cord_human_pcw5_302B1";"AHD";"all_genes";"cluster_2";6355;38318;0.037072215738877;0.718101493836038;0.240980239116375;"0.154944101030377";"2.14271093084559";"1.66558967612593"
"spinal_cord_human_pcw5_302B1";"ALS";"all_genes";"cluster_0";5839;32797;0.0829248220742941;1.2933256449401;0.816204390220442;"0.145973826640944";"1.93558543804994";"1.45846418333028"
"spinal_cord_human_pcw5_302B1";"ALS";"all_genes";"cluster_1";6659;48383.5;0.0807674059816829;1.23962094385365;0.762499689133988;"0.0904614649883736";"1.28154173840959";"0.804420483689926"
"spinal_cord_human_pcw5_302B1";"ALS";"all_genes";"cluster_2";6355;38318;0.0480610565661945;0.854847021162681;0.377725766443018;"0.158518906452999";"2.12498216388516";"1.6478609091655"
"spinal_cord_human_pcw5_302B1";"MS";"all_genes";"cluster_0";5839;32797;-0.0236616222403379;0.159749095665426;0;"0.37239078498196";"4.00004342727686";"3.5229221725572"
"spinal_cord_human_pcw5_302B1";"MS";"all_genes";"cluster_1";6659;48383.5;-0.0468848771132406;0.059178451310141;0;"0.352426501350308";"4.00004342727686";"3.5229221725572"
"spinal_cord_human_pcw5_302B1";"MS";"all_genes";"cluster_2";6355;38318;-0.0363874632640639;0.0951656603134581;0;"0.358714995176476";"4.00004342727686";"3.5229221725572"
"spinal_cord_human_pcw8_107B1";"AHD";"all_genes";"cluster_0";2778;4945;0.0311582784149153;1.3080783245095;0.462980284495246;"0.0371057277558147";"1.44374092650958";"0.598642886495319"
"spinal_cord_human_pcw8_107B1";"AHD";"all_genes";"cluster_1";3052;5612;0.0619795848292533;2.53764542937791;1.69254738936365;"0.0873664853918813";"3.30107342294084";"2.45597538292659"
"spinal_cord_human_pcw8_107B1";"AHD";"all_genes";"cluster_2";2718.5;4351;0.0339279615583051;1.46222433220359;0.617126292189332;"0.0456416561495909";"1.85082431462148";"1.00572627460723"
"spinal_cord_human_pcw8_107B1";"AHD";"all_genes";"cluster_3";4755;10795;0.0436386398878992;1.82685715886459;0.981759118850332;"0.0863571401123004";"3.22189217689322";"2.37679413687896"
"spinal_cord_human_pcw8_107B1";"AHD";"all_genes";"cluster_4";4315.5;9385.5;0.0285070946455322;1.17852989887209;0.333431858857833;"0.0264681452072164";"1.01641714015233";"0.171319100138071"
"spinal_cord_human_pcw8_107B1";"AHD";"all_genes";"cluster_5";3667;7526;0.0215215915988029;0.945047565747721;0.0999495257334643;"0.0245959104392409";"0.975968439969436";"0.13087039995518"
"spinal_cord_human_pcw8_107B1";"AHD";"all_genes";"cluster_6";4285;9588;0.0347755095307886;1.43184170320987;0.586743663195611;"0.0832919118024973";"3.04580091783754";"2.20070287782328"
"spinal_cord_human_pcw8_107B1";"ALS";"all_genes";"cluster_0";2778;4945;0.0305829618917107;1.23066610120072;0.385568061186467;"0.057465726711193";"2.05065342063195";"1.20555538061769"
"spinal_cord_human_pcw8_107B1";"ALS";"all_genes";"cluster_1";3052;5612;0.0495516183588374;1.9318575655307;1.08675952551644;"0.111744141013027";"3.69901343161288";"2.85391539159862"
"spinal_cord_human_pcw8_107B1";"ALS";"all_genes";"cluster_2";2718.5;4351;0.028520074851492;1.22116895527412;0.376070915259866;"0.0621901860244863";"2.33728559559529";"1.49218755558103"
"spinal_cord_human_pcw8_107B1";"ALS";"all_genes";"cluster_3";4755;10795;0.0364591329920173;1.46856451023461;0.623466470220351;"0.111451563411336";"3.69901343161288";"2.85391539159862"
"spinal_cord_human_pcw8_107B1";"ALS";"all_genes";"cluster_4";4315.5;9385.5;0.0249424469920591;0.966619671789913;0.121521631775656;"0.0508191296274444";"1.75453075946271";"0.909432719448456"
"spinal_cord_human_pcw8_107B1";"ALS";"all_genes";"cluster_5";3667;7526;0.0230353899362236;0.929636105536743;0.0845380655224861;"0.0461319945875731";"1.64020794493697";"0.795109904922718"
"spinal_cord_human_pcw8_107B1";"ALS";"all_genes";"cluster_6";4285;9588;0.0265286236210175;1.088353268523;0.243255228508745;"0.101969734611791";"3.5229221725572";"2.67782413254294"
"spinal_cord_human_pcw8_107B1";"MS";"all_genes";"cluster_0";2778;4945;-0.00594211977128312;0.215283532612858;0;"0.0761024725218565";"3.30107342294084";"2.45597538292659"
"spinal_cord_human_pcw8_107B1";"MS";"all_genes";"cluster_1";3052;5612;-0.00356895262879411;0.261738634202758;0;"0.114205023898258";"4.00004342727686";"3.15494538726261"
"spinal_cord_human_pcw8_107B1";"MS";"all_genes";"cluster_2";2718.5;4351;-0.00405108537670271;0.244931160881791;0;"0.057128953931505";"2.46856451023461";"1.62346647022035"
"spinal_cord_human_pcw8_107B1";"MS";"all_genes";"cluster_3";4755;10795;0.00102115733906577;0.363655841463706;0;"0.0797175934766496";"3.5229221725572";"2.67782413254294"
"spinal_cord_human_pcw8_107B1";"MS";"all_genes";"cluster_4";4315.5;9385.5;0.00102505453531102;0.351195718903969;0;"0.0604067813835046";"2.61983218556526";"1.774734145551"
"spinal_cord_human_pcw8_107B1";"MS";"all_genes";"cluster_5";3667;7526;-0.00788937043827291;0.183007201226834;0;"0.0617822241439491";"2.50868173344259";"1.66358369342833"
"spinal_cord_human_pcw8_107B1";"MS";"all_genes";"cluster_6";4285;9588;-0.00211871978978506;0.288489259026693;0;"0.0875345835559044";"3.5229221725572";"2.67782413254294"
"spinal_cord_human_pcw9_288A1";"AHD";"all_genes";"cluster_0";1424;2497;0.0657397860715185;1.79321755124501;0.793217551245013;"0.0744170722457859";"1.98301008797808";"0.983010087978082"
"spinal_cord_human_pcw9_288A1";"AHD";"all_genes";"cluster_1";7466;33473.5;0.0226813751539869;0.731699513325798;0;"0.0196469379025767";"0.671663823838125";"0"
"spinal_cord_human_pcw9_288A1";"AHD";"all_genes";"cluster_2";6399.5;23151.5;0.0582490024008492;1.65369045282622;0.653690452826224;"0.0957222522985891";"2.56867966311788";"1.56867966311788"
"spinal_cord_human_pcw9_288A1";"AHD";"all_genes";"cluster_3";4426;11404;0.0901528090252506;2.49489344895696;1.49489344895696;"0.109784276232131";"2.82395216822118";"1.82395216822118"
"spinal_cord_human_pcw9_288A1";"AHD";"all_genes";"cluster_4";3145;7024.5;0.0415674098680607;1.17852989887209;0.178529898872089;"0.0489910699906124";"1.31073456815324";"0.310734568153242"
"spinal_cord_human_pcw9_288A1";"AHD";"all_genes";"cluster_5";7729;35385;0.0700504817511606;1.95082540460668;0.950825404606681;"0.104672867198907";"2.79592344462094";"1.79592344462094"
"spinal_cord_human_pcw9_288A1";"AHD";"all_genes";"cluster_6";4983;14115;0.111220478459351;3.09695344028492;2.09695344028492;"0.118527828562508";"3.09695344028492";"2.09695344028492"
"spinal_cord_human_pcw9_288A1";"AHD";"all_genes";"cluster_7";7548.5;32475.5;0.0210675980292179;0.692333503872056;0;"-0.0445772287065363";"0.0236475906649829";"0"
"spinal_cord_human_pcw9_288A1";"AHD";"all_genes";"cluster_8";7262;28031;0.0730519356664469;2.10794882458638;1.10794882458638;"0.100750951502782";"2.65762074645466";"1.65762074645466"
"spinal_cord_human_pcw9_288A1";"AHD";"all_genes";"cluster_9";7049;26488.5;0.0400597975770529;1.10462088123745;0.104620881237455;"-0.0119790473342992";"0.200289460864977";"0"
"spinal_cord_human_pcw9_288A1";"ALS";"all_genes";"cluster_0";1424;2497;0.0342878261238909;1.00528648268923;0.00528648268923455;"0.111579234717596";"3.00004342727686";"2.00004342727686"
"spinal_cord_human_pcw9_288A1";"ALS";"all_genes";"cluster_1";7466;33473.5;0.00024626125964422;0.341364398694414;0;"0.0497657042551217";"1.26047108282677";"0.260471082826771"
"spinal_cord_human_pcw9_288A1";"ALS";"all_genes";"cluster_2";6399.5;23151.5;0.0234591469520266;0.795380915528644;0;"0.130496485779872";"3.69901343161288";"2.69901343161288"
"spinal_cord_human_pcw9_288A1";"ALS";"all_genes";"cluster_3";4426;11404;0.0581179588848627;1.59350324684291;0.593503246842908;"0.151914865353117";"4.00004342727686";"3.00004342727686"
"spinal_cord_human_pcw9_288A1";"ALS";"all_genes";"cluster_4";3145;7024.5;0.0171629226656182;0.646896881062883;0;"0.0814504268427138";"2.01777219423729";"1.01777219423729"
"spinal_cord_human_pcw9_288A1";"ALS";"all_genes";"cluster_5";7729;35385;0.0400179293362004;1.13081170754589;0.130811707545887;"0.132014893346955";"3.69901343161288";"2.69901343161288"
"spinal_cord_human_pcw9_288A1";"ALS";"all_genes";"cluster_6";4983;14115;0.0747081813069634;1.9318575655307;0.931857565530701;"0.153781287317369";"4.00004342727686";"3.00004342727686"
"spinal_cord_human_pcw9_288A1";"ALS";"all_genes";"cluster_7";7548.5;32475.5;-0.00157032989293387;0.315467339888407;0;"-0.00862632378190786";"0.24295120715793";"0"
"spinal_cord_human_pcw9_288A1";"ALS";"all_genes";"cluster_8";7262;28031;0.0444303070050516;1.25575044415419;0.255750444154186;"0.134684789549203";"3.5229221725572";"2.5229221725572"
"spinal_cord_human_pcw9_288A1";"ALS";"all_genes";"cluster_9";7049;26488.5;0.0119905257105192;0.501319456528958;0;"0.0182802406638137";"0.59623681672944";"0"
"spinal_cord_human_pcw9_288A1";"MS";"all_genes";"cluster_0";1424;2497;-0.0101916804005103;0.20639270956969;0;"0.247893577983201";"4.00004342727686";"3.00004342727686"
"spinal_cord_human_pcw9_288A1";"MS";"all_genes";"cluster_1";7466;33473.5;-0.019241698802034;0.114851886670015;0;"0.170150044594211";"4.00004342727686";"3.00004342727686"
"spinal_cord_human_pcw9_288A1";"MS";"all_genes";"cluster_2";6399.5;23151.5;-0.0172375371568933;0.127654038859042;0;"0.230257055139119";"4.00004342727686";"3.00004342727686"
"spinal_cord_human_pcw9_288A1";"MS";"all_genes";"cluster_3";4426;11404;-0.00158369252137902;0.305789315251584;0;"0.257045235317221";"4.00004342727686";"3.00004342727686"
"spinal_cord_human_pcw9_288A1";"MS";"all_genes";"cluster_4";3145;7024.5;-0.00730482328931775;0.236840126906091;0;"0.204163465145225";"4.00004342727686";"3.00004342727686"
"spinal_cord_human_pcw9_288A1";"MS";"all_genes";"cluster_5";7729;35385;-0.0142519139419371;0.158621382874503;0;"0.259936139915273";"4.00004342727686";"3.00004342727686"
"spinal_cord_human_pcw9_288A1";"MS";"all_genes";"cluster_6";4983;14115;-0.00131470842820758;0.306580300057332;0;"0.27283620858644";"4.00004342727686";"3.00004342727686"
"spinal_cord_human_pcw9_288A1";"MS";"all_genes";"cluster_7";7548.5;32475.5;0.0015400345813788;0.353345695977528;0;"0.128887301461989";"4.00004342727686";"3.00004342727686"
"spinal_cord_human_pcw9_288A1";"MS";"all_genes";"cluster_8";7262;28031;-0.00680834626659554;0.236690318528647;0;"0.250906927981878";"4.00004342727686";"3.00004342727686"
"spinal_cord_human_pcw9_288A1";"MS";"all_genes";"cluster_9";7049;26488.5;0.0100134746136805;0.487892890354832;0;"0.165484601952357";"4.00004342727686";"3.00004342727686"
"spinal_cord_human_pcw12_290D1";"AHD";"all_genes";"cluster_0";1561;2641;0.0402988394055259;1.49898416505911;0.457591479900886;"0.0377202574352127";"1.37370305990182";"0.332310374743595"
"spinal_cord_human_pcw12_290D1";"AHD";"all_genes";"cluster_1";1664.5;2972;0.0305133709491092;1.18181753366291;0.140424848504682;"0.0265540659274095";"1.04580091783754";"0.00440823267931276"
"spinal_cord_human_pcw12_290D1";"AHD";"all_genes";"cluster_2";5516;17236.5;0.0522084209003784;1.91725805696041;0.875865371802187;"0.0863004803760405";"3.22189217689322";"2.18049949173499"
"spinal_cord_human_pcw12_290D1";"AHD";"all_genes";"cluster_3";5346.5;16143.5;0.0142129185591317;0.674322569257451;0;"0.0263162489660295";"0.981342928610619";"0"
"spinal_cord_human_pcw12_290D1";"AHD";"all_genes";"cluster_4";7295;31606;0.0359412188930386;1.30719650799963;0.265803822841408;"0.0144911294404347";"0.674322569257451";"0"
"spinal_cord_human_pcw12_290D1";"AHD";"all_genes";"cluster_5";1596.5;3162;0.0293760265946717;1.12094754777679;0.0795548626185649;"0.0149802520548826";"0.709118867894108";"0"
"spinal_cord_human_pcw12_290D1";"AHD";"all_genes";"cluster_6";6596.5;25110;0.0251184719809464;0.984683671867648;0;"0.0428546411059415";"1.47890534357283";"0.437512658414601"
"spinal_cord_human_pcw12_290D1";"AHD";"all_genes";"cluster_7";6154.5;21462.5;0.0533729473550978;1.90662174211463;0.865229056956403;"0.0756287759269704";"2.55288539593464";"1.51149271077642"
"spinal_cord_human_pcw12_290D1";"AHD";"all_genes";"cluster_8";2497;4991;0.0469526678495407;1.72820182074036;0.686809135582139;"0.0554999778649812";"1.95082540460668";"0.909432719448456"
"spinal_cord_human_pcw12_290D1";"AHD";"all_genes";"cluster_9";4890;14559;0.0909340139192073;3.30107342294084;2.25968073778262;"0.0967386481570491";"3.3979834359489";"2.35659075079068"
"spinal_cord_human_pcw12_290D1";"AHD";"all_genes";"cluster_10";6859;25622;0.0116364747476905;0.543070413641045;0;"-0.0182062027532269";"0.124056655848375";"0"
"spinal_cord_human_pcw12_290D1";"ALS";"all_genes";"cluster_0";1561;2641;0.0192823758871378;0.842284541229999;0;"0.0565801797543696";"1.86332286012046";"0.821930174962231"
"spinal_cord_human_pcw12_290D1";"ALS";"all_genes";"cluster_1";1664.5;2972;0.011978683591193;0.650571628062477;0;"0.0408350198943939";"1.40565087690144";"0.364258191743211"
"spinal_cord_human_pcw12_290D1";"ALS";"all_genes";"cluster_2";5516;17236.5;0.0248152224257043;0.992295649276123;0;"0.106889337208249";"3.5229221725572";"2.48152948739898"
"spinal_cord_human_pcw12_290D1";"ALS";"all_genes";"cluster_3";5346.5;16143.5;0.00471398493662484;0.449081674978687;0;"0.0397712083044096";"1.2967520491582";"0.255359363999976"
"spinal_cord_human_pcw12_290D1";"ALS";"all_genes";"cluster_4";7295;31606;0.018169805578493;0.765020267781639;0;"0.0388702201267292";"1.24646036838396";"0.205067683225731"
"spinal_cord_human_pcw12_290D1";"ALS";"all_genes";"cluster_5";1596.5;3162;0.00893597027505519;0.560394997713389;0;"0.0375636526286501";"1.27494890619539";"0.233556221037169"
"spinal_cord_human_pcw12_290D1";"ALS";"all_genes";"cluster_6";6596.5;25110;0.00763555637892899;0.504499089730414;0;"0.0600212142839734";"1.87293862891206";"0.83154594375383"
"spinal_cord_human_pcw12_290D1";"ALS";"all_genes";"cluster_7";6154.5;21462.5;0.0230417566693435;0.91869611947273;0;"0.106724602150077";"3.69901343161288";"2.65762074645466"
"spinal_cord_human_pcw12_290D1";"ALS";"all_genes";"cluster_8";2497;4991;0.0238963397937668;0.967827723978881;0;"0.0812865322303259";"2.69901343161288";"1.65762074645466"
"spinal_cord_human_pcw12_290D1";"ALS";"all_genes";"cluster_9";4890;14559;0.0702103935396002;2.36657497169728;1.32518228653905;"0.11477013179793";"3.5229221725572";"2.48152948739898"
"spinal_cord_human_pcw12_290D1";"ALS";"all_genes";"cluster_10";6859;25622;0.00255649993749874;0.36870114079293;0;"-0.000882265064580279";"0.320797281863004";"0"
"spinal_cord_human_pcw12_290D1";"MS";"all_genes";"cluster_0";1561;2641;-0.0143206387006134;0.109901967212285;0;"0.182113694712653";"4.00004342727686";"2.95865074211864"
"spinal_cord_human_pcw12_290D1";"MS";"all_genes";"cluster_1";1664.5;2972;-0.0144786849986808;0.110125743840657;0;"0.169957946752671";"4.00004342727686";"2.95865074211864"
"spinal_cord_human_pcw12_290D1";"MS";"all_genes";"cluster_2";5516;17236.5;-0.0182763207271215;0.0693999862346983;0;"0.212801407894802";"4.00004342727686";"2.95865074211864"
"spinal_cord_human_pcw12_290D1";"MS";"all_genes";"cluster_3";5346.5;16143.5;-0.0143743971440157;0.110685690387931;0;"0.152977641728851";"4.00004342727686";"2.95865074211864"
"spinal_cord_human_pcw12_290D1";"MS";"all_genes";"cluster_4";7295;31606;-0.0203396088880101;0.0606739572022028;0;"0.148120871556776";"4.00004342727686";"2.95865074211864"
"spinal_cord_human_pcw12_290D1";"MS";"all_genes";"cluster_5";1596.5;3162;-0.014297911949129;0.112538653041485;0;"0.152721902089249";"4.00004342727686";"2.95865074211864"
"spinal_cord_human_pcw12_290D1";"MS";"all_genes";"cluster_6";6596.5;25110;-0.00983979268769541;0.167087676672264;0;"0.157778596292955";"4.00004342727686";"2.95865074211864"
"spinal_cord_human_pcw12_290D1";"MS";"all_genes";"cluster_7";6154.5;21462.5;-0.0243746549839418;0.0339016945378301;0;"0.19333342336532";"4.00004342727686";"2.95865074211864"
"spinal_cord_human_pcw12_290D1";"MS";"all_genes";"cluster_8";2497;4991;-0.0197593271679822;0.0598258716771275;0;"0.169053220161696";"4.00004342727686";"2.95865074211864"
"spinal_cord_human_pcw12_290D1";"MS";"all_genes";"cluster_9";4890;14559;-0.0168643723116259;0.0817509145215071;0;"0.224362379172743";"4.00004342727686";"2.95865074211864"
"spinal_cord_human_pcw12_290D1";"MS";"all_genes";"cluster_10";6859;25622;-0.0103410057641795;0.161950288831264;0;"0.111313744201864";"4.00004342727686";"2.95865074211864"
"brain_human_151509";"ALZ";"top60_genes";"cluster_0";1696.5;3087;0.0634518350992983;2.20070287782328;1.35560483780902;"N/A";"N/A";"N/A"
"brain_human_151509";"ALZ";"top60_genes";"cluster_1";845;1378;0.0773150601224576;2.5229221725572;1.67782413254294;"N/A";"N/A";"N/A"
"brain_human_151509";"ALZ";"top60_genes";"cluster_2";1478;2632;0.0603156093417933;2.0655449760333;1.22044693601904;"N/A";"N/A";"N/A"
"brain_human_151509";"ALZ";"top60_genes";"cluster_3";1597.5;2823;0.05516968976222;1.96261692933624;1.11751888932198;"N/A";"N/A";"N/A"
"brain_human_151509";"ALZ";"top60_genes";"cluster_4";1363.5;2413;0.0596293779608271;2.03625559993131;1.19115755991705;"N/A";"N/A";"N/A"
"brain_human_151509";"ALZ";"top60_genes";"cluster_5";768;1093;0.0519479204414264;1.89623970632091;1.05114166630665;"N/A";"N/A";"N/A"
"brain_human_151509";"ALZ";"top60_genes";"cluster_6";1383;2309;0.0683442046945637;2.22919141563472;1.38409337562046;"N/A";"N/A";"N/A"
"brain_human_151509";"EPI";"top200_genes";"cluster_0";1696.5;3087;0.205043827161996;4.00004342727686;3.15494538726261;"N/A";"N/A";"N/A"
"brain_human_151509";"EPI";"top200_genes";"cluster_1";845;1378;0.183927534978968;4.00004342727686;3.15494538726261;"N/A";"N/A";"N/A"
"brain_human_151509";"EPI";"top200_genes";"cluster_2";1478;2632;0.202983246624598;4.00004342727686;3.15494538726261;"N/A";"N/A";"N/A"
"brain_human_151509";"EPI";"top200_genes";"cluster_3";1597.5;2823;0.197837498087571;4.00004342727686;3.15494538726261;"N/A";"N/A";"N/A"
"brain_human_151509";"EPI";"top200_genes";"cluster_4";1363.5;2413;0.195025568125982;4.00004342727686;3.15494538726261;"N/A";"N/A";"N/A"
"brain_human_151509";"EPI";"top200_genes";"cluster_5";768;1093;0.154135781243647;4.00004342727686;3.15494538726261;"N/A";"N/A";"N/A"
"brain_human_151509";"EPI";"top200_genes";"cluster_6";1383;2309;0.135496386716915;4.00004342727686;3.15494538726261;"N/A";"N/A";"N/A"
"brain_human_151509";"INS";"top50_genes";"cluster_0";1696.5;3087;-0.0122164803528264;0.118887106201299;0;"N/A";"N/A";"N/A"
"brain_human_151509";"INS";"top50_genes";"cluster_1";845;1378;-0.0140904110425683;0.117575812381491;0;"N/A";"N/A";"N/A"
"brain_human_151509";"INS";"top50_genes";"cluster_2";1478;2632;-0.00778160554157392;0.217857560784846;0;"N/A";"N/A";"N/A"
"brain_human_151509";"INS";"top50_genes";"cluster_3";1597.5;2823;-0.00883208112202311;0.194406660970928;0;"N/A";"N/A";"N/A"
"brain_human_151509";"INS";"top50_genes";"cluster_4";1363.5;2413;-0.00646329050542338;0.253642782785302;0;"N/A";"N/A";"N/A"
"brain_human_151509";"INS";"top50_genes";"cluster_5";768;1093;-0.00233467466896073;0.389702715824706;0;"N/A";"N/A";"N/A"
"brain_human_151509";"INS";"top50_genes";"cluster_6";1383;2309;0.064521422929649;1.92086218122924;1.07576414121498;"N/A";"N/A";"N/A"
"brain_human_151509";"PAR";"top100_genes";"cluster_0";1696.5;3087;0.215624879118108;4.00004342727686;3.15494538726261;"N/A";"N/A";"N/A"
"brain_human_151509";"PAR";"top100_genes";"cluster_1";845;1378;0.219570113029418;4.00004342727686;3.15494538726261;"N/A";"N/A";"N/A"
"brain_human_151509";"PAR";"top100_genes";"cluster_2";1478;2632;0.21513292683107;4.00004342727686;3.15494538726261;"N/A";"N/A";"N/A"
"brain_human_151509";"PAR";"top100_genes";"cluster_3";1597.5;2823;0.211565517860342;4.00004342727686;3.15494538726261;"N/A";"N/A";"N/A"
"brain_human_151509";"PAR";"top100_genes";"cluster_4";1363.5;2413;0.203740389514691;4.00004342727686;3.15494538726261;"N/A";"N/A";"N/A"
"brain_human_151509";"PAR";"top100_genes";"cluster_5";768;1093;0.194417239975257;4.00004342727686;3.15494538726261;"N/A";"N/A";"N/A"
"brain_human_151509";"PAR";"top100_genes";"cluster_6";1383;2309;0.174571904577898;4.00004342727686;3.15494538726261;"N/A";"N/A";"N/A"
"brain_human_151509";"SCZ";"top210_genes";"cluster_0";1696.5;3087;0.0145750098527518;0.971472174584325;0.126374134570068;"N/A";"N/A";"N/A"
"brain_human_151509";"SCZ";"top210_genes";"cluster_1";845;1378;-0.00222114547675098;0.313139157708685;0;"N/A";"N/A";"N/A"
"brain_human_151509";"SCZ";"top210_genes";"cluster_2";1478;2632;0.00812163382114939;0.669832642705335;0;"N/A";"N/A";"N/A"
"brain_human_151509";"SCZ";"top210_genes";"cluster_3";1597.5;2823;0.00911653622801385;0.714711199632978;0;"N/A";"N/A";"N/A"
"brain_human_151509";"SCZ";"top210_genes";"cluster_4";1363.5;2413;0.00545040169912035;0.566593633515267;0;"N/A";"N/A";"N/A"
"brain_human_151509";"SCZ";"top210_genes";"cluster_5";768;1093;-0.00897590613829341;0.12590964844889;0;"N/A";"N/A";"N/A"
"brain_human_151509";"SCZ";"top210_genes";"cluster_6";1383;2309;-0.0131268888431239;0.0708800440717983;0;"N/A";"N/A";"N/A"
"brain_human_151673";"ADHD";"top100_genes";"cluster_0";1896;3537;0.0142720486285404;0.809711729106571;0;"N/A";"N/A";"N/A"
"brain_human_151673";"ADHD";"top100_genes";"cluster_1";2256.5;4729;0.0203643305475707;0.974737562012092;0.0204950525727675;"N/A";"N/A";"N/A"
"brain_human_151673";"ADHD";"top100_genes";"cluster_2";2695;6045;0.0316125913925802;1.30456175078667;0.35031924134734;"N/A";"N/A";"N/A"
"brain_human_151673";"ADHD";"top100_genes";"cluster_3";1670.5;3043.5;-0.025812136901037;0.0144822395035176;0;"N/A";"N/A";"N/A"
"brain_human_151673";"ADHD";"top100_genes";"cluster_4";2424;5384;0.0246328996022941;1.0773179692836;0.123075459844278;"N/A";"N/A";"N/A"
"brain_human_151673";"ADHD";"top100_genes";"cluster_5";1213;1970;0.00573282223918947;0.596408237486315;0;"N/A";"N/A";"N/A"
"brain_human_151673";"ADHD";"top100_genes";"cluster_6";2634;5759;0.0270190214293824;1.16245498904135;0.208212479602026;"N/A";"N/A";"N/A"
"brain_human_151673";"ADHD";"top100_genes";"cluster_7";2079;4106;-0.0473350669309497;0.000564893597552516;0;"N/A";"N/A";"N/A"
"brain_human_151673";"ADHD";"top100_genes";"cluster_8";1469;2435;-0.00574870110479936;0.257475392910721;0;"N/A";"N/A";"N/A"
"brain_human_151673";"ALZ";"top60_genes";"cluster_0";1896;3537;0.0698737487220411;2.25968073778262;1.30543822834329;"N/A";"N/A";"N/A"
"brain_human_151673";"ALZ";"top60_genes";"cluster_1";2256.5;4729;0.0620386902567542;1.89623970632091;0.941997196881581;"N/A";"N/A";"N/A"
"brain_human_151673";"ALZ";"top60_genes";"cluster_2";2695;6045;0.068628518241093;2.03156047872293;1.0773179692836;"N/A";"N/A";"N/A"
"brain_human_151673";"ALZ";"top60_genes";"cluster_3";1670.5;3043.5;0.0854051965936183;2.40897882025036;1.45473631081104;"N/A";"N/A";"N/A"
"brain_human_151673";"ALZ";"top60_genes";"cluster_4";2424;5384;0.0762074445817135;2.24416857160437;1.28992606216505;"N/A";"N/A";"N/A"
"brain_human_151673";"ALZ";"top60_genes";"cluster_5";1213;1970;0.0805137501220595;2.42025983066005;1.46601732122073;"N/A";"N/A";"N/A"
"brain_human_151673";"ALZ";"top60_genes";"cluster_6";2634;5759;0.0569068109958203;1.78255948306296;0.828316973623632;"N/A";"N/A";"N/A"
"brain_human_151673";"ALZ";"top60_genes";"cluster_7";2079;4106;0.0902901258375192;2.42025983066005;1.46601732122073;"N/A";"N/A";"N/A"
"brain_human_151673";"ALZ";"top60_genes";"cluster_8";1469;2435;0.0824091081316117;2.50868173344259;1.55443922400327;"N/A";"N/A";"N/A"
"brain_human_151673";"ASD";"top60_genes";"cluster_0";1896;3537;0.0204067687651155;0.993577385027631;0.0393348755883061;"N/A";"N/A";"N/A"
"brain_human_151673";"ASD";"top60_genes";"cluster_1";2256.5;4729;0.020469797064453;0.976790967643151;0.0225484582038263;"N/A";"N/A";"N/A"
"brain_human_151673";"ASD";"top60_genes";"cluster_2";2695;6045;0.0464810788926335;1.48549567461658;0.531253165177252;"N/A";"N/A";"N/A"
"brain_human_151673";"ASD";"top60_genes";"cluster_3";1670.5;3043.5;-0.0163286981904091;0.114569124447705;0;"N/A";"N/A";"N/A"
"brain_human_151673";"ASD";"top60_genes";"cluster_4";2424;5384;0.0276027889700619;1.11695006870117;0.162707559261848;"N/A";"N/A";"N/A"
"brain_human_151673";"ASD";"top60_genes";"cluster_5";1213;1970;0.0114389161962736;0.795923444620938;0;"N/A";"N/A";"N/A"
"brain_human_151673";"ASD";"top60_genes";"cluster_6";2634;5759;0.0317308272989084;1.19183245435264;0.237589944913316;"N/A";"N/A";"N/A"
"brain_human_151673";"ASD";"top60_genes";"cluster_7";2079;4106;-0.0402961186670863;0.0134508204546517;0;"N/A";"N/A";"N/A"
"brain_human_151673";"ASD";"top60_genes";"cluster_8";1469;2435;0.00204773749767323;0.484434478042382;0;"N/A";"N/A";"N/A"
"brain_human_151673";"EPI";"top210_genes";"cluster_0";1896;3537;0.250198955131131;4.00004342727686;3.04580091783754;"N/A";"N/A";"N/A"
"brain_human_151673";"EPI";"top210_genes";"cluster_1";2256.5;4729;0.263830014059625;4.00004342727686;3.04580091783754;"N/A";"N/A";"N/A"
"brain_human_151673";"EPI";"top210_genes";"cluster_2";2695;6045;0.265690477359412;4.00004342727686;3.04580091783754;"N/A";"N/A";"N/A"
"brain_human_151673";"EPI";"top210_genes";"cluster_3";1670.5;3043.5;0.196689267495099;4.00004342727686;3.04580091783754;"N/A";"N/A";"N/A"
"brain_human_151673";"EPI";"top210_genes";"cluster_4";2424;5384;0.267156877549293;4.00004342727686;3.04580091783754;"N/A";"N/A";"N/A"
"brain_human_151673";"EPI";"top210_genes";"cluster_5";1213;1970;0.240948404399577;4.00004342727686;3.04580091783754;"N/A";"N/A";"N/A"
"brain_human_151673";"EPI";"top210_genes";"cluster_6";2634;5759;0.264606776037753;4.00004342727686;3.04580091783754;"N/A";"N/A";"N/A"
"brain_human_151673";"EPI";"top210_genes";"cluster_7";2079;4106;0.155668822038032;4.00004342727686;3.04580091783754;"N/A";"N/A";"N/A"
"brain_human_151673";"EPI";"top210_genes";"cluster_8";1469;2435;0.22061090634428;4.00004342727686;3.04580091783754;"N/A";"N/A";"N/A"
"brain_human_151673";"INS";"top50_genes";"cluster_0";1896;3537;0.0130437344525596;0.8125227064404;0;"N/A";"N/A";"N/A"
"brain_human_151673";"INS";"top50_genes";"cluster_1";2256.5;4729;-0.00167471532292582;0.394738381135753;0;"N/A";"N/A";"N/A"
"brain_human_151673";"INS";"top50_genes";"cluster_2";2695;6045;-0.0195008253239936;0.0599754135375101;0;"N/A";"N/A";"N/A"
"brain_human_151673";"INS";"top50_genes";"cluster_3";1670.5;3043.5;0.0632287138136976;1.73287169887385;0.778629189434524;"N/A";"N/A";"N/A"
"brain_human_151673";"INS";"top50_genes";"cluster_4";2424;5384;-0.0193969463566952;0.0573906155836505;0;"N/A";"N/A";"N/A"
"brain_human_151673";"INS";"top50_genes";"cluster_5";1213;1970;-0.00452708868152343;0.340032205987532;0;"N/A";"N/A";"N/A"
"brain_human_151673";"INS";"top50_genes";"cluster_6";2634;5759;-0.00304348581003583;0.339083135500779;0;"N/A";"N/A";"N/A"
"brain_human_151673";"INS";"top50_genes";"cluster_7";2079;4106;0.0861124663164594;2.14878507855779;1.19454256911846;"N/A";"N/A";"N/A"
"brain_human_151673";"INS";"top50_genes";"cluster_8";1469;2435;0.0368591627460026;1.27331621825029;0.319073708810966;"N/A";"N/A";"N/A"
"brain_human_151673";"PAR";"top100_genes";"cluster_0";1896;3537;0.269443801053638;4.00004342727686;3.04580091783754;"N/A";"N/A";"N/A"
"brain_human_151673";"PAR";"top100_genes";"cluster_1";2256.5;4729;0.278968301812556;4.00004342727686;3.04580091783754;"N/A";"N/A";"N/A"
"brain_human_151673";"PAR";"top100_genes";"cluster_2";2695;6045;0.276690531272018;4.00004342727686;3.04580091783754;"N/A";"N/A";"N/A"
"brain_human_151673";"PAR";"top100_genes";"cluster_3";1670.5;3043.5;0.25223269795974;4.00004342727686;3.04580091783754;"N/A";"N/A";"N/A"
"brain_human_151673";"PAR";"top100_genes";"cluster_4";2424;5384;0.282747679491878;4.00004342727686;3.04580091783754;"N/A";"N/A";"N/A"
"brain_human_151673";"PAR";"top100_genes";"cluster_5";1213;1970;0.281850414320024;4.00004342727686;3.04580091783754;"N/A";"N/A";"N/A"
"brain_human_151673";"PAR";"top100_genes";"cluster_6";2634;5759;0.269302304782693;4.00004342727686;3.04580091783754;"N/A";"N/A";"N/A"
"brain_human_151673";"PAR";"top100_genes";"cluster_7";2079;4106;0.222054453675089;4.00004342727686;3.04580091783754;"N/A";"N/A";"N/A"
"brain_human_151673";"PAR";"top100_genes";"cluster_8";1469;2435;0.259278871523865;4.00004342727686;3.04580091783754;"N/A";"N/A";"N/A"
"brain_human_151673";"SCZ";"top230_genes";"cluster_0";1896;3537;0.0145966999498959;0.840476234043242;0;"N/A";"N/A";"N/A"
"brain_human_151673";"SCZ";"top230_genes";"cluster_1";2256.5;4729;0.0136085227783374;0.789457402371706;0;"N/A";"N/A";"N/A"
"brain_human_151673";"SCZ";"top230_genes";"cluster_2";2695;6045;0.0271940372135343;1.38199533056477;0.427752821125445;"N/A";"N/A";"N/A"
"brain_human_151673";"SCZ";"top230_genes";"cluster_3";1670.5;3043.5;-0.00731819996420788;0.180170605326317;0;"N/A";"N/A";"N/A"
"brain_human_151673";"SCZ";"top230_genes";"cluster_4";2424;5384;0.0172461145177715;0.948505036761535;0;"N/A";"N/A";"N/A"
"brain_human_151673";"SCZ";"top230_genes";"cluster_5";1213;1970;0.00746178130173675;0.588592085138925;0;"N/A";"N/A";"N/A"
"brain_human_151673";"SCZ";"top230_genes";"cluster_6";2634;5759;0.0199263758383231;1.03109374629552;0.0768512368561951;"N/A";"N/A";"N/A"
"brain_human_151673";"SCZ";"top230_genes";"cluster_7";2079;4106;-0.0195491832142144;0.0431549726267854;0;"N/A";"N/A";"N/A"
"brain_human_151673";"SCZ";"top230_genes";"cluster_8";1469;2435;0.000571726831486027;0.366473984722771;0;"N/A";"N/A";"N/A"
"brain_mouse_10X";"ADHD";"top200_genes";"cluster_0";6595.5;38043.5;-0.0597430015629648;0.00195853934030704;0;"N/A";"N/A";"N/A"
"brain_mouse_10X";"ADHD";"top200_genes";"cluster_1";5165.5;23182;0.0844864015057092;2.25185540027066;0.973101799317833;"N/A";"N/A";"N/A"
"brain_mouse_10X";"ADHD";"top200_genes";"cluster_2";4805;21052.5;-0.0356201663329781;0.0512393813440515;0;"N/A";"N/A";"N/A"
"brain_mouse_10X";"ADHD";"top200_genes";"cluster_3";5370;23638;0.0517843580557918;1.27413179498181;0;"N/A";"N/A";"N/A"
"brain_mouse_10X";"ADHD";"top200_genes";"cluster_4";5534;25287;-0.0143396887225132;0.170418073918813;0;"N/A";"N/A";"N/A"
"brain_mouse_10X";"ADHD";"top200_genes";"cluster_5";6340;32458;0.0866213780757422;2.20765173777861;0.92889813682578;"N/A";"N/A";"N/A"
"brain_mouse_10X";"ADHD";"top200_genes";"cluster_6";4012;15712;0.0578655124093936;1.47759919377054;0.198845592817714;"N/A";"N/A";"N/A"
"brain_mouse_10X";"ADHD";"top200_genes";"cluster_7";6226;30340;0.0966274712588884;2.5229221725572;1.24416857160437;"N/A";"N/A";"N/A"
"brain_mouse_10X";"ADHD";"top200_genes";"cluster_8";6803;36674;0.0835891615273618;2.10241633598642;0.823662735033592;"N/A";"N/A";"N/A"
"brain_mouse_10X";"ADHD";"top200_genes";"cluster_9";6377.5;31876;0.107978905843273;2.76959450589859;1.49084090494576;"N/A";"N/A";"N/A"
"brain_mouse_10X";"ADHD";"top200_genes";"cluster_10";6103;31806;0.0229705640375165;0.685754766329365;0;"N/A";"N/A";"N/A"
"brain_mouse_10X";"ADHD";"top200_genes";"cluster_11";6988;41195;0.0702472560164621;1.79321755124501;0.514463950292184;"N/A";"N/A";"N/A"
"brain_mouse_10X";"ADHD";"top200_genes";"cluster_12";7771;56006;-0.0400578451783208;0.0301152378487466;0;"N/A";"N/A";"N/A"
"brain_mouse_10X";"ADHD";"top200_genes";"cluster_13";6581.5;35309.5;0.0438892591124915;1.12905461351629;0;"N/A";"N/A";"N/A"
"brain_mouse_10X";"ADHD";"top200_genes";"cluster_14";5770;26893;-0.0177441951041927;0.136661078836075;0;"N/A";"N/A";"N/A"
"brain_mouse_10X";"ADHD";"top200_genes";"cluster_15";8086;60122;0.0720337708602335;1.64401757008374;0.365263969130911;"N/A";"N/A";"N/A"
"brain_mouse_10X";"ADHD";"top200_genes";"cluster_16";8319;66466;0.0845024186947889;1.88610007497003;0.607346474017197;"N/A";"N/A";"N/A"
"brain_mouse_10X";"ADHD";"top200_genes";"cluster_17";7644.5;50543;-0.162838200877625;0;0;"N/A";"N/A";"N/A"
"brain_mouse_10X";"ADHD";"top200_genes";"cluster_18";9295.5;79652.5;0.0174799569665576;0.53869499362888;0;"N/A";"N/A";"N/A"
"brain_mouse_10X";"AHD";"top50_genes";"cluster_0";6595.5;38043.5;0.0385131030031951;0.876191786309777;0;"N/A";"N/A";"N/A"
"brain_mouse_10X";"AHD";"top50_genes";"cluster_1";5165.5;23182;0.0271019506254076;0.837777812978841;0;"N/A";"N/A";"N/A"
"brain_mouse_10X";"AHD";"top50_genes";"cluster_2";4805;21052.5;0.0285249059645687;0.6478609091655;0;"N/A";"N/A";"N/A"
"brain_mouse_10X";"AHD";"top50_genes";"cluster_3";5370;23638;0.0311464332335063;0.764010280159227;0;"N/A";"N/A";"N/A"
"brain_mouse_10X";"AHD";"top50_genes";"cluster_4";5534;25287;0.0612107575949062;1.27168964525563;0;"N/A";"N/A";"N/A"
"brain_mouse_10X";"AHD";"top50_genes";"cluster_5";6340;32458;0.0457542327550303;1.0773179692836;0;"N/A";"N/A";"N/A"
"brain_mouse_10X";"AHD";"top50_genes";"cluster_6";4012;15712;0.0243416156899586;0.780983094828001;0;"N/A";"N/A";"N/A"
"brain_mouse_10X";"AHD";"top50_genes";"cluster_7";6226;30340;0.0314628788454173;0.836285903294907;0;"N/A";"N/A";"N/A"
"brain_mouse_10X";"AHD";"top50_genes";"cluster_8";6803;36674;0.0655489598824707;1.35070856856472;0.0719549676118918;"N/A";"N/A";"N/A"
"brain_mouse_10X";"AHD";"top50_genes";"cluster_9";6377.5;31876;0.0448656042556791;1.02369344827359;0;"N/A";"N/A";"N/A"
"brain_mouse_10X";"AHD";"top50_genes";"cluster_10";6103;31806;0.0410917161598622;0.938968103647071;0;"N/A";"N/A";"N/A"
"brain_mouse_10X";"AHD";"top50_genes";"cluster_11";6988;41195;0.0383037612722749;0.927425950731626;0;"N/A";"N/A";"N/A"
"brain_mouse_10X";"AHD";"top50_genes";"cluster_12";7771;56006;0.0588042048158827;1.09316989255479;0;"N/A";"N/A";"N/A"
"brain_mouse_10X";"AHD";"top50_genes";"cluster_13";6581.5;35309.5;0.045964137823087;1.00484713567968;0;"N/A";"N/A";"N/A"
"brain_mouse_10X";"AHD";"top50_genes";"cluster_14";5770;26893;0.0243086478759167;0.665991986929971;0;"N/A";"N/A";"N/A"
"brain_mouse_10X";"AHD";"top50_genes";"cluster_15";8086;60122;0.0595085720131574;1.06504027582321;0;"N/A";"N/A";"N/A"
"brain_mouse_10X";"AHD";"top50_genes";"cluster_16";8319;66466;0.0633009346094975;1.02599252448399;0;"N/A";"N/A";"N/A"
"brain_mouse_10X";"AHD";"top50_genes";"cluster_17";7644.5;50543;0.125504464959636;1.62529508126676;0.34654148031393;"N/A";"N/A";"N/A"
"brain_mouse_10X";"AHD";"top50_genes";"cluster_18";9295.5;79652.5;0.0115073170657767;0.418321267327764;0;"N/A";"N/A";"N/A"
"brain_mouse_10X";"ALS";"top50_genes";"cluster_0";6595.5;38043.5;0.0292700397089798;0.738304879924325;0;"N/A";"N/A";"N/A"
"brain_mouse_10X";"ALS";"top50_genes";"cluster_1";5165.5;23182;0.0467486865424616;1.13198706545382;0;"N/A";"N/A";"N/A"
"brain_mouse_10X";"ALS";"top50_genes";"cluster_2";4805;21052.5;0.0762808224915067;1.26126286879249;0;"N/A";"N/A";"N/A"
"brain_mouse_10X";"ALS";"top50_genes";"cluster_3";5370;23638;0.106702961777876;1.8827721316211;0.604018530668269;"N/A";"N/A";"N/A"
"brain_mouse_10X";"ALS";"top50_genes";"cluster_4";5534;25287;0.0723205322342799;1.43537736302477;0.156623762071944;"N/A";"N/A";"N/A"
"brain_mouse_10X";"ALS";"top50_genes";"cluster_5";6340;32458;0.0745306497848927;1.52003648431971;0.241282883366883;"N/A";"N/A";"N/A"
"brain_mouse_10X";"ALS";"top50_genes";"cluster_6";4012;15712;0.0625017897804327;1.37165449722655;0.0929008962737222;"N/A";"N/A";"N/A"
"brain_mouse_10X";"ALS";"top50_genes";"cluster_7";6226;30340;0.0462052099714063;1.06152370210037;0;"N/A";"N/A";"N/A"
"brain_mouse_10X";"ALS";"top50_genes";"cluster_8";6803;36674;0.0771231322629739;1.55913434521164;0.280380744258816;"N/A";"N/A";"N/A"
"brain_mouse_10X";"ALS";"top50_genes";"cluster_9";6377.5;31876;0.0675736513642209;1.37782940431057;0.0990758033577384;"N/A";"N/A";"N/A"
"brain_mouse_10X";"ALS";"top50_genes";"cluster_10";6103;31806;0.0515844017816193;1.10241633598642;0;"N/A";"N/A";"N/A"
"brain_mouse_10X";"ALS";"top50_genes";"cluster_11";6988;41195;0.0188968788705358;0.63380730355857;0;"N/A";"N/A";"N/A"
"brain_mouse_10X";"ALS";"top50_genes";"cluster_12";7771;56006;0.00661587503561512;0.411323647676806;0;"N/A";"N/A";"N/A"
"brain_mouse_10X";"ALS";"top50_genes";"cluster_13";6581.5;35309.5;0.0584402641907095;1.19048371264159;0;"N/A";"N/A";"N/A"
"brain_mouse_10X";"ALS";"top50_genes";"cluster_14";5770;26893;0.0433644990270239;0.964613689092314;0;"N/A";"N/A";"N/A"
"brain_mouse_10X";"ALS";"top50_genes";"cluster_15";8086;60122;0.090876347630058;1.52728697795965;0.248533377006821;"N/A";"N/A";"N/A"
"brain_mouse_10X";"ALS";"top50_genes";"cluster_16";8319;66466;0.0827680573977745;1.31073456815324;0.0319809672004134;"N/A";"N/A";"N/A"
"brain_mouse_10X";"ALS";"top50_genes";"cluster_17";7644.5;50543;0.0397510506927299;0.634929995649285;0;"N/A";"N/A";"N/A"
"brain_mouse_10X";"ALS";"top50_genes";"cluster_18";9295.5;79652.5;0.0354567065979199;0.666394670762162;0;"N/A";"N/A";"N/A"
"brain_mouse_10X";"ALZ";"top70_genes";"cluster_0";6595.5;38043.5;0.0529347881176011;1.146953897425;0;"N/A";"N/A";"N/A"
"brain_mouse_10X";"ALZ";"top70_genes";"cluster_1";5165.5;23182;0.0906271916173359;1.95082540460668;0.672071803653852;"N/A";"N/A";"N/A"
"brain_mouse_10X";"ALZ";"top70_genes";"cluster_2";4805;21052.5;0.141009344049253;2.61983218556526;1.34107858461243;"N/A";"N/A";"N/A"
"brain_mouse_10X";"ALZ";"top70_genes";"cluster_3";5370;23638;0.131991087281175;2.63831559125927;1.35956199030644;"N/A";"N/A";"N/A"
"brain_mouse_10X";"ALZ";"top70_genes";"cluster_4";5534;25287;0.0926790824058027;1.9318575655307;0.653103964577872;"N/A";"N/A";"N/A"
"brain_mouse_10X";"ALZ";"top70_genes";"cluster_5";6340;32458;0.0600959643530415;1.36556615711613;0.0868125561633022;"N/A";"N/A";"N/A"
"brain_mouse_10X";"ALZ";"top70_genes";"cluster_6";4012;15712;0.0951110723833015;2.00440823267931;0.725654631726484;"N/A";"N/A";"N/A"
"brain_mouse_10X";"ALZ";"top70_genes";"cluster_7";6226;30340;0.0741120137536472;1.58507007930604;0.306316478353216;"N/A";"N/A";"N/A"
"brain_mouse_10X";"ALZ";"top70_genes";"cluster_8";6803;36674;0.034644315963245;0.903828841930457;0;"N/A";"N/A";"N/A"
"brain_mouse_10X";"ALZ";"top70_genes";"cluster_9";6377.5;31876;0.0805733895416373;1.69469205783024;0.41593845687741;"N/A";"N/A";"N/A"
"brain_mouse_10X";"ALZ";"top70_genes";"cluster_10";6103;31806;0.0862422770018313;1.76199732414807;0.483243723195238;"N/A";"N/A";"N/A"
"brain_mouse_10X";"ALZ";"top70_genes";"cluster_11";6988;41195;0.0713424842961917;1.54672508722983;0.267971486276996;"N/A";"N/A";"N/A"
"brain_mouse_10X";"ALZ";"top70_genes";"cluster_12";7771;56006;0.0178014033346312;0.561342894376126;0;"N/A";"N/A";"N/A"
"brain_mouse_10X";"ALZ";"top70_genes";"cluster_13";6581.5;35309.5;0.0537820335521894;1.1844656789526;0;"N/A";"N/A";"N/A"
"brain_mouse_10X";"ALZ";"top70_genes";"cluster_14";5770;26893;0.137147778463983;2.74477092217356;1.46601732122073;"N/A";"N/A";"N/A"
"brain_mouse_10X";"ALZ";"top70_genes";"cluster_15";8086;60122;0.0447806252493783;0.925958738248619;0;"N/A";"N/A";"N/A"
"brain_mouse_10X";"ALZ";"top70_genes";"cluster_16";8319;66466;0.0274765288277538;0.620919281206471;0;"N/A";"N/A";"N/A"
"brain_mouse_10X";"ALZ";"top70_genes";"cluster_17";7644.5;50543;0.147588811095136;2.18049949173499;0.901745890782165;"N/A";"N/A";"N/A"
"brain_mouse_10X";"ALZ";"top70_genes";"cluster_18";9295.5;79652.5;-0.0276945488228142;0.133756088192668;0;"N/A";"N/A";"N/A"
"brain_mouse_10X";"ASD";"top130_genes";"cluster_0";6595.5;38043.5;-0.00327667498107342;0.297268349375819;0;"N/A";"N/A";"N/A"
"brain_mouse_10X";"ASD";"top130_genes";"cluster_1";5165.5;23182;0.127219119363861;3.04580091783754;1.76704731688471;"N/A";"N/A";"N/A"
"brain_mouse_10X";"ASD";"top130_genes";"cluster_2";4805;21052.5;-0.0207161846961558;0.1370776682991;0;"N/A";"N/A";"N/A"
"brain_mouse_10X";"ASD";"top130_genes";"cluster_3";5370;23638;0.0866852847401716;2.04100203495577;0.76224843400294;"N/A";"N/A";"N/A"
"brain_mouse_10X";"ASD";"top130_genes";"cluster_4";5534;25287;0.0388404422875681;1.01551611393307;0;"N/A";"N/A";"N/A"
"brain_mouse_10X";"ASD";"top130_genes";"cluster_5";6340;32458;0.109263970328093;2.56867966311788;1.28992606216505;"N/A";"N/A";"N/A"
"brain_mouse_10X";"ASD";"top130_genes";"cluster_6";4012;15712;0.0943611138996789;2.27576755767607;0.997013956723245;"N/A";"N/A";"N/A"
"brain_mouse_10X";"ASD";"top130_genes";"cluster_7";6226;30340;0.143058285636579;3.5229221725572;2.24416857160437;"N/A";"N/A";"N/A"
"brain_mouse_10X";"ASD";"top130_genes";"cluster_8";6803;36674;0.111581972464914;2.61983218556526;1.34107858461243;"N/A";"N/A";"N/A"
"brain_mouse_10X";"ASD";"top130_genes";"cluster_9";6377.5;31876;0.151677388197817;4.00004342727686;2.72128982632403;"N/A";"N/A";"N/A"
"brain_mouse_10X";"ASD";"top130_genes";"cluster_10";6103;31806;0.0579720826486977;1.37886714550183;0.100113544548999;"N/A";"N/A";"N/A"
"brain_mouse_10X";"ASD";"top130_genes";"cluster_11";6988;41195;0.116127877988893;2.79592344462094;1.51716984366811;"N/A";"N/A";"N/A"
"brain_mouse_10X";"ASD";"top130_genes";"cluster_12";7771;56006;0.0151067702759614;0.545961156545773;0;"N/A";"N/A";"N/A"
"brain_mouse_10X";"ASD";"top130_genes";"cluster_13";6581.5;35309.5;0.108144253205706;2.58507007930604;1.30631647835322;"N/A";"N/A";"N/A"
"brain_mouse_10X";"ASD";"top130_genes";"cluster_14";5770;26893;0.0318483831718284;0.852676319483076;0;"N/A";"N/A";"N/A"
"brain_mouse_10X";"ASD";"top130_genes";"cluster_15";8086;60122;0.0701491711478753;1.53615043829096;0.257396837338126;"N/A";"N/A";"N/A"
"brain_mouse_10X";"ASD";"top130_genes";"cluster_16";8319;66466;0.11918374312372;2.5229221725572;1.24416857160437;"N/A";"N/A";"N/A"
"brain_mouse_10X";"ASD";"top130_genes";"cluster_17";7644.5;50543;-0.0990446345035196;0.000695358070141314;0;"N/A";"N/A";"N/A"
"brain_mouse_10X";"ASD";"top130_genes";"cluster_18";9295.5;79652.5;0.0562062531841913;1.18049949173499;0;"N/A";"N/A";"N/A"
"brain_mouse_10X";"BIP";"top80_genes";"cluster_0";6595.5;38043.5;-0.0734178234954629;0.000564893597552516;0;"N/A";"N/A";"N/A"
"brain_mouse_10X";"BIP";"top80_genes";"cluster_1";5165.5;23182;0.0965696980960818;2.09155840839821;0.812804807445384;"N/A";"N/A";"N/A"
"brain_mouse_10X";"BIP";"top80_genes";"cluster_2";4805;21052.5;-0.0408255865675365;0.0528058194061963;0;"N/A";"N/A";"N/A"
"brain_mouse_10X";"BIP";"top80_genes";"cluster_3";5370;23638;0.0787008054962338;1.61983218556526;0.341078584612428;"N/A";"N/A";"N/A"
"brain_mouse_10X";"BIP";"top80_genes";"cluster_4";5534;25287;-0.0241980352515;0.0987486101112955;0;"N/A";"N/A";"N/A"
"brain_mouse_10X";"BIP";"top80_genes";"cluster_5";6340;32458;0.0955441634059333;2.0655449760333;0.786791375080466;"N/A";"N/A";"N/A"
"brain_mouse_10X";"BIP";"top80_genes";"cluster_6";4012;15712;0.0714109324608559;1.61087734291233;0.332123741959501;"N/A";"N/A";"N/A"
"brain_mouse_10X";"BIP";"top80_genes";"cluster_7";6226;30340;0.124220901153635;2.60210341860483;1.323349817652;"N/A";"N/A";"N/A"
"brain_mouse_10X";"BIP";"top80_genes";"cluster_8";6803;36674;0.102418222025626;2.16119433653961;0.882440735586778;"N/A";"N/A";"N/A"
"brain_mouse_10X";"BIP";"top80_genes";"cluster_9";6377.5;31876;0.134603867384759;2.79592344462094;1.51716984366811;"N/A";"N/A";"N/A"
"brain_mouse_10X";"BIP";"top80_genes";"cluster_10";6103;31806;0.0252753115980731;0.71381157324831;0;"N/A";"N/A";"N/A"
"brain_mouse_10X";"BIP";"top80_genes";"cluster_11";6988;41195;0.0790982416370547;1.69901343161288;0.420259830660052;"N/A";"N/A";"N/A"
"brain_mouse_10X";"BIP";"top80_genes";"cluster_12";7771;56006;-0.0784472675844796;0.00113052291807683;0;"N/A";"N/A";"N/A"
"brain_mouse_10X";"BIP";"top80_genes";"cluster_13";6581.5;35309.5;0.0637846951390945;1.37063382817414;0.0918802272213148;"N/A";"N/A";"N/A"
"brain_mouse_10X";"BIP";"top80_genes";"cluster_14";5770;26893;0.00263176760292394;0.370633828174144;0;"N/A";"N/A";"N/A"
"brain_mouse_10X";"BIP";"top80_genes";"cluster_15";8086;60122;0.0645102752759313;1.28404008364206;0.00528648268923455;"N/A";"N/A";"N/A"
"brain_mouse_10X";"BIP";"top80_genes";"cluster_16";8319;66466;0.118150156916258;2.14271093084559;0.863957329892765;"N/A";"N/A";"N/A"
"brain_mouse_10X";"BIP";"top80_genes";"cluster_17";7644.5;50543;-0.171132472181011;0;0;"N/A";"N/A";"N/A"
"brain_mouse_10X";"BIP";"top80_genes";"cluster_18";9295.5;79652.5;0.0855363278809889;1.54367739414782;0.264923793194991;"N/A";"N/A";"N/A"
"brain_mouse_10X";"EPI";"top220_genes";"cluster_0";6595.5;38043.5;0.254974578521393;4.00004342727686;2.72128982632403;"N/A";"N/A";"N/A"
"brain_mouse_10X";"EPI";"top220_genes";"cluster_1";5165.5;23182;0.401353024054125;4.00004342727686;2.72128982632403;"N/A";"N/A";"N/A"
"brain_mouse_10X";"EPI";"top220_genes";"cluster_2";4805;21052.5;0.291442543636768;4.00004342727686;2.72128982632403;"N/A";"N/A";"N/A"
"brain_mouse_10X";"EPI";"top220_genes";"cluster_3";5370;23638;0.427323084170397;4.00004342727686;2.72128982632403;"N/A";"N/A";"N/A"
"brain_mouse_10X";"EPI";"top220_genes";"cluster_4";5534;25287;0.33292019233496;4.00004342727686;2.72128982632403;"N/A";"N/A";"N/A"
"brain_mouse_10X";"EPI";"top220_genes";"cluster_5";6340;32458;0.423087230019605;4.00004342727686;2.72128982632403;"N/A";"N/A";"N/A"
"brain_mouse_10X";"EPI";"top220_genes";"cluster_6";4012;15712;0.412117485812728;4.00004342727686;2.72128982632403;"N/A";"N/A";"N/A"
"brain_mouse_10X";"EPI";"top220_genes";"cluster_7";6226;30340;0.426666724697569;4.00004342727686;2.72128982632403;"N/A";"N/A";"N/A"
"brain_mouse_10X";"EPI";"top220_genes";"cluster_8";6803;36674;0.386638631598255;4.00004342727686;2.72128982632403;"N/A";"N/A";"N/A"
"brain_mouse_10X";"EPI";"top220_genes";"cluster_9";6377.5;31876;0.454220328851719;4.00004342727686;2.72128982632403;"N/A";"N/A";"N/A"
"brain_mouse_10X";"EPI";"top220_genes";"cluster_10";6103;31806;0.351939286292915;4.00004342727686;2.72128982632403;"N/A";"N/A";"N/A"
"brain_mouse_10X";"EPI";"top220_genes";"cluster_11";6988;41195;0.371789868794314;4.00004342727686;2.72128982632403;"N/A";"N/A";"N/A"
"brain_mouse_10X";"EPI";"top220_genes";"cluster_12";7771;56006;0.245434885015161;4.00004342727686;2.72128982632403;"N/A";"N/A";"N/A"
"brain_mouse_10X";"EPI";"top220_genes";"cluster_13";6581.5;35309.5;0.339270618443202;4.00004342727686;2.72128982632403;"N/A";"N/A";"N/A"
"brain_mouse_10X";"EPI";"top220_genes";"cluster_14";5770;26893;0.321873825039102;4.00004342727686;2.72128982632403;"N/A";"N/A";"N/A"
"brain_mouse_10X";"EPI";"top220_genes";"cluster_15";8086;60122;0.410254193466353;4.00004342727686;2.72128982632403;"N/A";"N/A";"N/A"
"brain_mouse_10X";"EPI";"top220_genes";"cluster_16";8319;66466;0.388204515745871;4.00004342727686;2.72128982632403;"N/A";"N/A";"N/A"
"brain_mouse_10X";"EPI";"top220_genes";"cluster_17";7644.5;50543;0.12628414503715;3.30107342294084;2.02231982198801;"N/A";"N/A";"N/A"
"brain_mouse_10X";"EPI";"top220_genes";"cluster_18";9295.5;79652.5;0.306738093856025;4.00004342727686;2.72128982632403;"N/A";"N/A";"N/A"
"brain_mouse_10X";"INS";"top50_genes";"cluster_0";6595.5;38043.5;0.00118125786019799;0.360158685360558;0;"N/A";"N/A";"N/A"
"brain_mouse_10X";"INS";"top50_genes";"cluster_1";5165.5;23182;0.0017422347221368;0.403226491361272;0;"N/A";"N/A";"N/A"
"brain_mouse_10X";"INS";"top50_genes";"cluster_2";4805;21052.5;0.100008325125806;1.62897556500513;0.350221964052297;"N/A";"N/A";"N/A"
"brain_mouse_10X";"INS";"top50_genes";"cluster_3";5370;23638;0.0659682217156965;1.28908030828159;0.010326707328758;"N/A";"N/A";"N/A"
"brain_mouse_10X";"INS";"top50_genes";"cluster_4";5534;25287;0.0396868092128752;0.952379232675303;0;"N/A";"N/A";"N/A"
"brain_mouse_10X";"INS";"top50_genes";"cluster_5";6340;32458;0.000954528464174653;0.387365508960361;0;"N/A";"N/A";"N/A"
"brain_mouse_10X";"INS";"top50_genes";"cluster_6";4012;15712;0.0285147423694177;0.850824314621483;0;"N/A";"N/A";"N/A"
"brain_mouse_10X";"INS";"top50_genes";"cluster_7";6226;30340;-0.036989977609426;0.0543779278447285;0;"N/A";"N/A";"N/A"
"brain_mouse_10X";"INS";"top50_genes";"cluster_8";6803;36674;0.017057198153979;0.606117420691026;0;"N/A";"N/A";"N/A"
"brain_mouse_10X";"INS";"top50_genes";"cluster_9";6377.5;31876;-0.0274275842971923;0.100277625332477;0;"N/A";"N/A";"N/A"
"brain_mouse_10X";"INS";"top50_genes";"cluster_10";6103;31806;0.0399083265912111;0.921949276870452;0;"N/A";"N/A";"N/A"
"brain_mouse_10X";"INS";"top50_genes";"cluster_11";6988;41195;-0.00748132030077475;0.269584167231094;0;"N/A";"N/A";"N/A"
"brain_mouse_10X";"INS";"top50_genes";"cluster_12";7771;56006;-0.0394105831155416;0.0684330209139006;0;"N/A";"N/A";"N/A"
"brain_mouse_10X";"INS";"top50_genes";"cluster_13";6581.5;35309.5;0.014599634538964;0.528605019887563;0;"N/A";"N/A";"N/A"
"brain_mouse_10X";"INS";"top50_genes";"cluster_14";5770;26893;0.00811658525658876;0.441454844168663;0;"N/A";"N/A";"N/A"
"brain_mouse_10X";"INS";"top50_genes";"cluster_15";8086;60122;-0.0145713815128555;0.215925610813939;0;"N/A";"N/A";"N/A"
"brain_mouse_10X";"INS";"top50_genes";"cluster_16";8319;66466;-0.029847619836736;0.143979473943763;0;"N/A";"N/A";"N/A"
"brain_mouse_10X";"INS";"top50_genes";"cluster_17";7644.5;50543;0.00376634460968275;0.346059519902794;0;"N/A";"N/A";"N/A"
"brain_mouse_10X";"INS";"top50_genes";"cluster_18";9295.5;79652.5;-0.0616765312642835;0.0403344030304327;0;"N/A";"N/A";"N/A"
"brain_mouse_10X";"MDD";"top70_genes";"cluster_0";6595.5;38043.5;-0.0457517467457499;0.0243818940958041;0;"N/A";"N/A";"N/A"
"brain_mouse_10X";"MDD";"top70_genes";"cluster_1";5165.5;23182;0.0373923252122358;1.00004342727686;0;"N/A";"N/A";"N/A"
"brain_mouse_10X";"MDD";"top70_genes";"cluster_2";4805;21052.5;-0.0215754713123532;0.153830063397475;0;"N/A";"N/A";"N/A"
"brain_mouse_10X";"MDD";"top70_genes";"cluster_3";5370;23638;0.0477395463906708;1.04435567696336;0;"N/A";"N/A";"N/A"
"brain_mouse_10X";"MDD";"top70_genes";"cluster_4";5534;25287;-0.00217548650656563;0.315826632137982;0;"N/A";"N/A";"N/A"
"brain_mouse_10X";"MDD";"top70_genes";"cluster_5";6340;32458;0.033399082797508;0.903480988902727;0;"N/A";"N/A";"N/A"
"brain_mouse_10X";"MDD";"top70_genes";"cluster_6";4012;15712;0.0187014021872371;0.672684492890532;0;"N/A";"N/A";"N/A"
"brain_mouse_10X";"MDD";"top70_genes";"cluster_7";6226;30340;0.0239705051150766;0.716742198573313;0;"N/A";"N/A";"N/A"
"brain_mouse_10X";"MDD";"top70_genes";"cluster_8";6803;36674;0.0370870337532977;0.954329368335995;0;"N/A";"N/A";"N/A"
"brain_mouse_10X";"MDD";"top70_genes";"cluster_9";6377.5;31876;0.0463233405395299;1.08411621557975;0;"N/A";"N/A";"N/A"
"brain_mouse_10X";"MDD";"top70_genes";"cluster_10";6103;31806;0.0599899494501989;1.28655288418292;0.00779928323009118;"N/A";"N/A";"N/A"
"brain_mouse_10X";"MDD";"top70_genes";"cluster_11";6988;41195;0.0322887254640226;0.857966966203578;0;"N/A";"N/A";"N/A"
"brain_mouse_10X";"MDD";"top70_genes";"cluster_12";7771;56006;-0.0460910089673218;0.033948647830692;0;"N/A";"N/A";"N/A"
"brain_mouse_10X";"MDD";"top70_genes";"cluster_13";6581.5;35309.5;0.0157895836169756;0.56102669888935;0;"N/A";"N/A";"N/A"
"brain_mouse_10X";"MDD";"top70_genes";"cluster_14";5770;26893;-0.0244713187879276;0.110125743840657;0;"N/A";"N/A";"N/A"
"brain_mouse_10X";"MDD";"top70_genes";"cluster_15";8086;60122;0.0276231393475058;0.670238905112793;0;"N/A";"N/A";"N/A"
"brain_mouse_10X";"MDD";"top70_genes";"cluster_16";8319;66466;0.0401784069864262;0.784141614072831;0;"N/A";"N/A";"N/A"
"brain_mouse_10X";"MDD";"top70_genes";"cluster_17";7644.5;50543;-0.147474756622869;0.000173735168594841;0;"N/A";"N/A";"N/A"
"brain_mouse_10X";"MDD";"top70_genes";"cluster_18";9295.5;79652.5;0.0110514250929619;0.42497110156305;0;"N/A";"N/A";"N/A"
"brain_mouse_10X";"PAR";"top110_genes";"cluster_0";6595.5;38043.5;0.292735644406083;4.00004342727686;2.72128982632403;"N/A";"N/A";"N/A"
"brain_mouse_10X";"PAR";"top110_genes";"cluster_1";5165.5;23182;0.358882212502952;4.00004342727686;2.72128982632403;"N/A";"N/A";"N/A"
"brain_mouse_10X";"PAR";"top110_genes";"cluster_2";4805;21052.5;0.300920476242597;4.00004342727686;2.72128982632403;"N/A";"N/A";"N/A"
"brain_mouse_10X";"PAR";"top110_genes";"cluster_3";5370;23638;0.364728214847283;4.00004342727686;2.72128982632403;"N/A";"N/A";"N/A"
"brain_mouse_10X";"PAR";"top110_genes";"cluster_4";5534;25287;0.326954168533021;4.00004342727686;2.72128982632403;"N/A";"N/A";"N/A"
"brain_mouse_10X";"PAR";"top110_genes";"cluster_5";6340;32458;0.351409846510605;4.00004342727686;2.72128982632403;"N/A";"N/A";"N/A"
"brain_mouse_10X";"PAR";"top110_genes";"cluster_6";4012;15712;0.345601683559349;4.00004342727686;2.72128982632403;"N/A";"N/A";"N/A"
"brain_mouse_10X";"PAR";"top110_genes";"cluster_7";6226;30340;0.334447523608611;4.00004342727686;2.72128982632403;"N/A";"N/A";"N/A"
"brain_mouse_10X";"PAR";"top110_genes";"cluster_8";6803;36674;0.326387420952986;4.00004342727686;2.72128982632403;"N/A";"N/A";"N/A"
"brain_mouse_10X";"PAR";"top110_genes";"cluster_9";6377.5;31876;0.349096481687251;4.00004342727686;2.72128982632403;"N/A";"N/A";"N/A"
"brain_mouse_10X";"PAR";"top110_genes";"cluster_10";6103;31806;0.356191127831789;4.00004342727686;2.72128982632403;"N/A";"N/A";"N/A"
"brain_mouse_10X";"PAR";"top110_genes";"cluster_11";6988;41195;0.344079593502764;4.00004342727686;2.72128982632403;"N/A";"N/A";"N/A"
"brain_mouse_10X";"PAR";"top110_genes";"cluster_12";7771;56006;0.309536098613559;4.00004342727686;2.72128982632403;"N/A";"N/A";"N/A"
"brain_mouse_10X";"PAR";"top110_genes";"cluster_13";6581.5;35309.5;0.295268235339127;4.00004342727686;2.72128982632403;"N/A";"N/A";"N/A"
"brain_mouse_10X";"PAR";"top110_genes";"cluster_14";5770;26893;0.354570040943255;4.00004342727686;2.72128982632403;"N/A";"N/A";"N/A"
"brain_mouse_10X";"PAR";"top110_genes";"cluster_15";8086;60122;0.318169116793969;4.00004342727686;2.72128982632403;"N/A";"N/A";"N/A"
"brain_mouse_10X";"PAR";"top110_genes";"cluster_16";8319;66466;0.250120337209942;4.00004342727686;2.72128982632403;"N/A";"N/A";"N/A"
"brain_mouse_10X";"PAR";"top110_genes";"cluster_17";7644.5;50543;0.266331963261018;4.00004342727686;2.72128982632403;"N/A";"N/A";"N/A"
"brain_mouse_10X";"PAR";"top110_genes";"cluster_18";9295.5;79652.5;0.279934298522615;4.00004342727686;2.72128982632403;"N/A";"N/A";"N/A"
"brain_mouse_10X";"SCZ";"top140_genes";"cluster_0";6595.5;38043.5;-0.0767185739659383;8.68588966701944e-05;0;"N/A";"N/A";"N/A"
"brain_mouse_10X";"SCZ";"top140_genes";"cluster_1";5165.5;23182;0.0846863538171853;2.13672056715641;0.857966966203578;"N/A";"N/A";"N/A"
"brain_mouse_10X";"SCZ";"top140_genes";"cluster_2";4805;21052.5;-0.0481792146780529;0.0196309656699712;0;"N/A";"N/A";"N/A"
"brain_mouse_10X";"SCZ";"top140_genes";"cluster_3";5370;23638;0.0251130902049916;0.710008815914345;0;"N/A";"N/A";"N/A"
"brain_mouse_10X";"SCZ";"top140_genes";"cluster_4";5534;25287;-0.0367035292198794;0.0350299770046148;0;"N/A";"N/A";"N/A"
"brain_mouse_10X";"SCZ";"top140_genes";"cluster_5";6340;32458;0.0867030089152565;2.15494538726261;0.876191786309777;"N/A";"N/A";"N/A"
"brain_mouse_10X";"SCZ";"top140_genes";"cluster_6";4012;15712;0.0498483584471036;1.25575044415419;0;"N/A";"N/A";"N/A"
"brain_mouse_10X";"SCZ";"top140_genes";"cluster_7";6226;30340;0.107471685791576;2.63831559125927;1.35956199030644;"N/A";"N/A";"N/A"
"brain_mouse_10X";"SCZ";"top140_genes";"cluster_8";6803;36674;0.0814878743241664;1.98301008797808;0.704256487025253;"N/A";"N/A";"N/A"
"brain_mouse_10X";"SCZ";"top140_genes";"cluster_9";6377.5;31876;0.118675645175418;2.85391539159862;1.5751617906458;"N/A";"N/A";"N/A"
"brain_mouse_10X";"SCZ";"top140_genes";"cluster_10";6103;31806;-0.0161034316299911;0.160439697806026;0;"N/A";"N/A";"N/A"
"brain_mouse_10X";"SCZ";"top140_genes";"cluster_11";6988;41195;0.0691550043317364;1.70119035086716;0.422436749914327;"N/A";"N/A";"N/A"
"brain_mouse_10X";"SCZ";"top140_genes";"cluster_12";7771;56006;-0.0650217630994365;0.00291927161765813;0;"N/A";"N/A";"N/A"
"brain_mouse_10X";"SCZ";"top140_genes";"cluster_13";6581.5;35309.5;0.0431268501658436;1.08044240349275;0;"N/A";"N/A";"N/A"
"brain_mouse_10X";"SCZ";"top140_genes";"cluster_14";5770;26893;-0.0363569923022756;0.0366806611731265;0;"N/A";"N/A";"N/A"
"brain_mouse_10X";"SCZ";"top140_genes";"cluster_15";8086;60122;0.0772390992913241;1.74236485240768;0.463611251454849;"N/A";"N/A";"N/A"
"brain_mouse_10X";"SCZ";"top140_genes";"cluster_16";8319;66466;0.109399869167128;2.44374092650958;1.16498732555675;"N/A";"N/A";"N/A"
"brain_mouse_10X";"SCZ";"top140_genes";"cluster_17";7644.5;50543;-0.164750887665452;0;0;"N/A";"N/A";"N/A"
"brain_mouse_10X";"SCZ";"top140_genes";"cluster_18";9295.5;79652.5;0.0398329467178046;0.892155402094064;0;"N/A";"N/A";"N/A"
"brain_mouse_cell2location";"ADHD";"top200_genes";"cluster_0";3544;9083;-0.013258887084351;0.163845946497937;0;"N/A";"N/A";"N/A"
"brain_mouse_cell2location";"ADHD";"top200_genes";"cluster_1";4101;11305;0.0308033261597823;1.00837441989691;0;"N/A";"N/A";"N/A"
"brain_mouse_cell2location";"ADHD";"top200_genes";"cluster_2";5542;20168;0.0239917734014258;0.845011198485892;0;"N/A";"N/A";"N/A"
"brain_mouse_cell2location";"ADHD";"top200_genes";"cluster_3";3280.5;9212;-0.0511850739531914;0.00309417878148148;0;"N/A";"N/A";"N/A"
"brain_mouse_cell2location";"ADHD";"top200_genes";"cluster_4";5305;19287.5;0.0608443189014813;1.94696498379344;0.716516062415169;"N/A";"N/A";"N/A"
"brain_mouse_cell2location";"ADHD";"top200_genes";"cluster_5";5303.5;19593.5;0.0711757778475345;2.30984734724835;1.07939842587008;"N/A";"N/A";"N/A"
"brain_mouse_cell2location";"ADHD";"top200_genes";"cluster_6";5015;17961;0.0127458808280916;0.580583354490792;0;"N/A";"N/A";"N/A"
"brain_mouse_cell2location";"ADHD";"top200_genes";"cluster_7";5395;19955.5;0.0383509986392621;1.22992813248976;0;"N/A";"N/A";"N/A"
"brain_mouse_cell2location";"ADHD";"top200_genes";"cluster_8";4705;15072;0.0456556727426277;1.4413348567437;0.210885935365423;"N/A";"N/A";"N/A"
"brain_mouse_cell2location";"ADHD";"top200_genes";"cluster_9";2932;8086;0.0426980010706558;1.37267757068413;0.142228649305856;"N/A";"N/A";"N/A"
"brain_mouse_cell2location";"ADHD";"top200_genes";"cluster_10";5204;17298;-0.0310571567432497;0.0343244570326418;0;"N/A";"N/A";"N/A"
"brain_mouse_cell2location";"ADHD";"top200_genes";"cluster_11";3721;9668;0.00366702942996239;0.403776300881347;0;"N/A";"N/A";"N/A"
"brain_mouse_cell2location";"ADHD";"top200_genes";"cluster_12";2620;6252;-0.0103776876823386;0.195631368139149;0;"N/A";"N/A";"N/A"
"brain_mouse_cell2location";"ADHD";"top200_genes";"cluster_13";5242;17865;0.0162346434488361;0.655454684698149;0;"N/A";"N/A";"N/A"
"brain_mouse_cell2location";"ADHD";"top200_genes";"cluster_14";3837.5;10310;-0.01022147525644;0.20077181892699;0;"N/A";"N/A";"N/A"
"brain_mouse_cell2location";"ADHD";"top200_genes";"cluster_15";5303;17213;-0.0244525844337296;0.0696548090325408;0;"N/A";"N/A";"N/A"
"brain_mouse_cell2location";"ADHD";"top200_genes";"cluster_16";4686;16227.5;-0.0799900938563347;0;0;"N/A";"N/A";"N/A"
"brain_mouse_cell2location";"AHD";"top50_genes";"cluster_0";3544;9083;0.0458014469111354;1.26285078457213;0.0324018631938515;"N/A";"N/A";"N/A"
"brain_mouse_cell2location";"AHD";"top50_genes";"cluster_1";4101;11305;0.0450524015897428;1.17852989887209;0;"N/A";"N/A";"N/A"
"brain_mouse_cell2location";"AHD";"top50_genes";"cluster_2";5542;20168;0.0107904715030235;0.567234422243694;0;"N/A";"N/A";"N/A"
"brain_mouse_cell2location";"AHD";"top50_genes";"cluster_3";3280.5;9212;0.0244809577693677;0.682188937945393;0;"N/A";"N/A";"N/A"
"brain_mouse_cell2location";"AHD";"top50_genes";"cluster_4";5305;19287.5;0.0199830743281538;0.772413777705854;0;"N/A";"N/A";"N/A"
"brain_mouse_cell2location";"AHD";"top50_genes";"cluster_5";5303.5;19593.5;0.00125560936604779;0.393017548842077;0;"N/A";"N/A";"N/A"
"brain_mouse_cell2location";"AHD";"top50_genes";"cluster_6";5015;17961;0.0200833011000375;0.723581623103619;0;"N/A";"N/A";"N/A"
"brain_mouse_cell2location";"AHD";"top50_genes";"cluster_7";5395;19955.5;0.0296560639722427;0.933344876853867;0;"N/A";"N/A";"N/A"
"brain_mouse_cell2location";"AHD";"top50_genes";"cluster_8";4705;15072;0.00333283873197865;0.445433142050699;0;"N/A";"N/A";"N/A"
"brain_mouse_cell2location";"AHD";"top50_genes";"cluster_9";2932;8086;-0.011694624626625;0.22538050473904;0;"N/A";"N/A";"N/A"
"brain_mouse_cell2location";"AHD";"top50_genes";"cluster_10";5204;17298;0.057580227646706;1.36657497169728;0.136126050319002;"N/A";"N/A";"N/A"
"brain_mouse_cell2location";"AHD";"top50_genes";"cluster_11";3721;9668;0.0367316696523125;0.984683671867648;0;"N/A";"N/A";"N/A"
"brain_mouse_cell2location";"AHD";"top50_genes";"cluster_12";2620;6252;0.00852137433184946;0.536897290550513;0;"N/A";"N/A";"N/A"
"brain_mouse_cell2location";"AHD";"top50_genes";"cluster_13";5242;17865;0.0110733212348263;0.553350960905335;0;"N/A";"N/A";"N/A"
"brain_mouse_cell2location";"AHD";"top50_genes";"cluster_14";3837.5;10310;0.0341588015874698;0.885099011564278;0;"N/A";"N/A";"N/A"
"brain_mouse_cell2location";"AHD";"top50_genes";"cluster_15";5303;17213;0.0785279829573188;1.65762074645466;0.427171825076383;"N/A";"N/A";"N/A"
"brain_mouse_cell2location";"AHD";"top50_genes";"cluster_16";4686;16227.5;0.0647990280102916;1.30020570140962;0.069756780031343;"N/A";"N/A";"N/A"
"brain_mouse_cell2location";"ALS";"top90_genes";"cluster_0";3544;9083;0.0529770073458229;1.50035634465846;0.269907423280185;"N/A";"N/A";"N/A"
"brain_mouse_cell2location";"ALS";"top90_genes";"cluster_1";4101;11305;0.0671740899419014;1.81819983933209;0.587750917953816;"N/A";"N/A";"N/A"
"brain_mouse_cell2location";"ALS";"top90_genes";"cluster_2";5542;20168;0.0246807492077012;0.853295413646223;0;"N/A";"N/A";"N/A"
"brain_mouse_cell2location";"ALS";"top90_genes";"cluster_3";3280.5;9212;0.0252103105873107;0.768319043948346;0;"N/A";"N/A";"N/A"
"brain_mouse_cell2location";"ALS";"top90_genes";"cluster_4";5305;19287.5;0.052103227475644;1.51860079877456;0.288151877396284;"N/A";"N/A";"N/A"
"brain_mouse_cell2location";"ALS";"top90_genes";"cluster_5";5303.5;19593.5;0.0218633238781438;0.777066977383471;0;"N/A";"N/A";"N/A"
"brain_mouse_cell2location";"ALS";"top90_genes";"cluster_6";5015;17961;0.020231631768735;0.746220988568789;0;"N/A";"N/A";"N/A"
"brain_mouse_cell2location";"ALS";"top90_genes";"cluster_7";5395;19955.5;0.0462175773634347;1.35462115792777;0.124172236549497;"N/A";"N/A";"N/A"
"brain_mouse_cell2location";"ALS";"top90_genes";"cluster_8";4705;15072;0.0224625079273477;0.798646302956411;0;"N/A";"N/A";"N/A"
"brain_mouse_cell2location";"ALS";"top90_genes";"cluster_9";2932;8086;0.0131886382419623;0.642108580276409;0;"N/A";"N/A";"N/A"
"brain_mouse_cell2location";"ALS";"top90_genes";"cluster_10";5204;17298;0.0560787421321591;1.50035634465846;0.269907423280185;"N/A";"N/A";"N/A"
"brain_mouse_cell2location";"ALS";"top90_genes";"cluster_11";3721;9668;0.085846787078534;2.30984734724835;1.07939842587008;"N/A";"N/A";"N/A"
"brain_mouse_cell2location";"ALS";"top90_genes";"cluster_12";2620;6252;0.0303989156980932;0.963414531914702;0;"N/A";"N/A";"N/A"
"brain_mouse_cell2location";"ALS";"top90_genes";"cluster_13";5242;17865;0.0420280479520954;1.22552646154831;0;"N/A";"N/A";"N/A"
"brain_mouse_cell2location";"ALS";"top90_genes";"cluster_14";3837.5;10310;0.0971013735900363;2.56867966311788;1.3382307417396;"N/A";"N/A";"N/A"
"brain_mouse_cell2location";"ALS";"top90_genes";"cluster_15";5303;17213;0.0768997307772229;1.96661967178991;0.736170750411639;"N/A";"N/A";"N/A"
"brain_mouse_cell2location";"ALS";"top90_genes";"cluster_16";4686;16227.5;0.0112670168522821;0.512198307165427;0;"N/A";"N/A";"N/A"
"brain_mouse_cell2location";"ALZ";"top70_genes";"cluster_0";3544;9083;0.0825475515673113;2.17396862457604;0.943519703197762;"N/A";"N/A";"N/A"
"brain_mouse_cell2location";"ALZ";"top70_genes";"cluster_1";4101;11305;0.125706813309981;3.00004342727686;1.76959450589859;"N/A";"N/A";"N/A"
"brain_mouse_cell2location";"ALZ";"top70_genes";"cluster_2";5542;20168;0.0884144201554074;2.2147135922661;0.984264670887822;"N/A";"N/A";"N/A"
"brain_mouse_cell2location";"ALZ";"top70_genes";"cluster_3";3280.5;9212;0.118178285400794;2.60210341860483;1.37165449722655;"N/A";"N/A";"N/A"
"brain_mouse_cell2location";"ALZ";"top70_genes";"cluster_4";5305;19287.5;0.0949788793000046;2.49489344895696;1.26444452757868;"N/A";"N/A";"N/A"
"brain_mouse_cell2location";"ALZ";"top70_genes";"cluster_5";5303.5;19593.5;0.0880591129268928;2.2147135922661;0.984264670887822;"N/A";"N/A";"N/A"
"brain_mouse_cell2location";"ALZ";"top70_genes";"cluster_6";5015;17961;0.0926184662425021;2.27576755767607;1.0453186362978;"N/A";"N/A";"N/A"
"brain_mouse_cell2location";"ALZ";"top70_genes";"cluster_7";5395;19955.5;0.058928443967187;1.56867966311788;0.338230741739601;"N/A";"N/A";"N/A"
"brain_mouse_cell2location";"ALZ";"top70_genes";"cluster_8";4705;15072;0.101354078607291;2.44374092650958;1.2132920051313;"N/A";"N/A";"N/A"
"brain_mouse_cell2location";"ALZ";"top70_genes";"cluster_9";2932;8086;0.118635535184266;2.79592344462094;1.56547452324266;"N/A";"N/A";"N/A"
"brain_mouse_cell2location";"ALZ";"top70_genes";"cluster_10";5204;17298;0.0542092011608186;1.39581737419239;0.165368452814119;"N/A";"N/A";"N/A"
"brain_mouse_cell2location";"ALZ";"top70_genes";"cluster_11";3721;9668;0.126839337761906;3.04580091783754;1.81535199645926;"N/A";"N/A";"N/A"
"brain_mouse_cell2location";"ALZ";"top70_genes";"cluster_12";2620;6252;0.139939133233586;3.00004342727686;1.76959450589859;"N/A";"N/A";"N/A"
"brain_mouse_cell2location";"ALZ";"top70_genes";"cluster_13";5242;17865;0.0746417429784055;1.90313341426881;0.672684492890532;"N/A";"N/A";"N/A"
"brain_mouse_cell2location";"ALZ";"top70_genes";"cluster_14";3837.5;10310;0.091105784070626;2.14271093084559;0.91226200946732;"N/A";"N/A";"N/A"
"brain_mouse_cell2location";"ALZ";"top70_genes";"cluster_15";5303;17213;0.0957872571202425;2.22189217689322;0.991443255514945;"N/A";"N/A";"N/A"
"brain_mouse_cell2location";"ALZ";"top70_genes";"cluster_16";4686;16227.5;0.113696443527656;2.44374092650958;1.2132920051313;"N/A";"N/A";"N/A"
"brain_mouse_cell2location";"ASD";"top70_genes";"cluster_0";3544;9083;-0.0071134660334487;0.271689645255634;0;"N/A";"N/A";"N/A"
"brain_mouse_cell2location";"ASD";"top70_genes";"cluster_1";4101;11305;0.0245976213687013;0.817914213223864;0;"N/A";"N/A";"N/A"
"brain_mouse_cell2location";"ASD";"top70_genes";"cluster_2";5542;20168;0.0565477733678676;1.5497943189575;0.319345397579228;"N/A";"N/A";"N/A"
"brain_mouse_cell2location";"ASD";"top70_genes";"cluster_3";3280.5;9212;-0.0853296170930613;4.34272768626769e-05;0;"N/A";"N/A";"N/A"
"brain_mouse_cell2location";"ASD";"top70_genes";"cluster_4";5305;19287.5;0.076838752528896;2.02231982198801;0.791870900609741;"N/A";"N/A";"N/A"
"brain_mouse_cell2location";"ASD";"top70_genes";"cluster_5";5303.5;19593.5;0.103121636384872;2.60210341860483;1.37165449722655;"N/A";"N/A";"N/A"
"brain_mouse_cell2location";"ASD";"top70_genes";"cluster_6";5015;17961;0.00681421291559592;0.48337586817782;0;"N/A";"N/A";"N/A"
"brain_mouse_cell2location";"ASD";"top70_genes";"cluster_7";5395;19955.5;0.0554689383925308;1.50588883325842;0.275439911880146;"N/A";"N/A";"N/A"
"brain_mouse_cell2location";"ASD";"top70_genes";"cluster_8";4705;15072;0.0646778798629287;1.65762074645466;0.427171825076383;"N/A";"N/A";"N/A"
"brain_mouse_cell2location";"ASD";"top70_genes";"cluster_9";2932;8086;0.0612206965118724;1.63268750625084;0.40223858487257;"N/A";"N/A";"N/A"
"brain_mouse_cell2location";"ASD";"top70_genes";"cluster_10";5204;17298;-0.00216097650593439;0.326561730203516;0;"N/A";"N/A";"N/A"
"brain_mouse_cell2location";"ASD";"top70_genes";"cluster_11";3721;9668;0.0197617115323369;0.697279718803881;0;"N/A";"N/A";"N/A"
"brain_mouse_cell2location";"ASD";"top70_genes";"cluster_12";2620;6252;0.00238664225541246;0.427985437350558;0;"N/A";"N/A";"N/A"
"brain_mouse_cell2location";"ASD";"top70_genes";"cluster_13";5242;17865;0.0187189360648404;0.704476327314384;0;"N/A";"N/A";"N/A"
"brain_mouse_cell2location";"ASD";"top70_genes";"cluster_14";3837.5;10310;-0.0163731729792216;0.178202500076408;0;"N/A";"N/A";"N/A"
"brain_mouse_cell2location";"ASD";"top70_genes";"cluster_15";5303;17213;-0.0732375735920781;0.00086937168837773;0;"N/A";"N/A";"N/A"
"brain_mouse_cell2location";"ASD";"top70_genes";"cluster_16";4686;16227.5;-0.118508626830192;0;0;"N/A";"N/A";"N/A"
"brain_mouse_cell2location";"BIP";"top120_genes";"cluster_0";3544;9083;-0.0129653592140664;0.173450373342815;0;"N/A";"N/A";"N/A"
"brain_mouse_cell2location";"BIP";"top120_genes";"cluster_1";4101;11305;0.0459964929179435;1.38095009665012;0.150501175271846;"N/A";"N/A";"N/A"
"brain_mouse_cell2location";"BIP";"top120_genes";"cluster_2";5542;20168;0.0366825124171828;1.15123872622506;0;"N/A";"N/A";"N/A"
"brain_mouse_cell2location";"BIP";"top120_genes";"cluster_3";3280.5;9212;-0.0524510763168467;0.00458374065579842;0;"N/A";"N/A";"N/A"
"brain_mouse_cell2location";"BIP";"top120_genes";"cluster_4";5305;19287.5;0.0568157770721254;1.69254738936365;0.462098467985376;"N/A";"N/A";"N/A"
"brain_mouse_cell2location";"BIP";"top120_genes";"cluster_5";5303.5;19593.5;0.0698840920593599;2.03625559993131;0.805806678553033;"N/A";"N/A";"N/A"
"brain_mouse_cell2location";"BIP";"top120_genes";"cluster_6";5015;17961;0.0367999871506024;1.12152163177566;0;"N/A";"N/A";"N/A"
"brain_mouse_cell2location";"BIP";"top120_genes";"cluster_7";5395;19955.5;0.0459395674671966;1.36859965826369;0.138150736885417;"N/A";"N/A";"N/A"
"brain_mouse_cell2location";"BIP";"top120_genes";"cluster_8";4705;15072;0.0579246551491414;1.68617620690771;0.455727285529435;"N/A";"N/A";"N/A"
"brain_mouse_cell2location";"BIP";"top120_genes";"cluster_9";2932;8086;0.0511377699941495;1.54672508722983;0.316276165851551;"N/A";"N/A";"N/A"
"brain_mouse_cell2location";"BIP";"top120_genes";"cluster_10";5204;17298;-0.0324097745604561;0.0344184601676199;0;"N/A";"N/A";"N/A"
"brain_mouse_cell2location";"BIP";"top120_genes";"cluster_11";3721;9668;0.0393625610018618;1.15681064917885;0;"N/A";"N/A";"N/A"
"brain_mouse_cell2location";"BIP";"top120_genes";"cluster_12";2620;6252;-0.00681262282241463;0.262214921381078;0;"N/A";"N/A";"N/A"
"brain_mouse_cell2location";"BIP";"top120_genes";"cluster_13";5242;17865;0.0199076941049657;0.753544846481062;0;"N/A";"N/A";"N/A"
"brain_mouse_cell2location";"BIP";"top120_genes";"cluster_14";3837.5;10310;-0.0202555434491763;0.117461973722411;0;"N/A";"N/A";"N/A"
"brain_mouse_cell2location";"BIP";"top120_genes";"cluster_15";5303;17213;-0.0419276626154341;0.0153361327941895;0;"N/A";"N/A";"N/A"
"brain_mouse_cell2location";"BIP";"top120_genes";"cluster_16";4686;16227.5;-0.0751542590121328;0.00026062882272692;0;"N/A";"N/A";"N/A"
"brain_mouse_cell2location";"EPI";"top210_genes";"cluster_0";3544;9083;0.260827409869243;4.00004342727686;2.76959450589859;"N/A";"N/A";"N/A"
"brain_mouse_cell2location";"EPI";"top210_genes";"cluster_1";4101;11305;0.332756550586856;4.00004342727686;2.76959450589859;"N/A";"N/A";"N/A"
"brain_mouse_cell2location";"EPI";"top210_genes";"cluster_2";5542;20168;0.271726692613401;4.00004342727686;2.76959450589859;"N/A";"N/A";"N/A"
"brain_mouse_cell2location";"EPI";"top210_genes";"cluster_3";3280.5;9212;0.201576542106324;4.00004342727686;2.76959450589859;"N/A";"N/A";"N/A"
"brain_mouse_cell2location";"EPI";"top210_genes";"cluster_4";5305;19287.5;0.318086780649642;4.00004342727686;2.76959450589859;"N/A";"N/A";"N/A"
"brain_mouse_cell2location";"EPI";"top210_genes";"cluster_5";5303.5;19593.5;0.31890488735068;4.00004342727686;2.76959450589859;"N/A";"N/A";"N/A"
"brain_mouse_cell2location";"EPI";"top210_genes";"cluster_6";5015;17961;0.27410525166766;4.00004342727686;2.76959450589859;"N/A";"N/A";"N/A"
"brain_mouse_cell2location";"EPI";"top210_genes";"cluster_7";5395;19955.5;0.284210344970517;4.00004342727686;2.76959450589859;"N/A";"N/A";"N/A"
"brain_mouse_cell2location";"EPI";"top210_genes";"cluster_8";4705;15072;0.265757159749848;4.00004342727686;2.76959450589859;"N/A";"N/A";"N/A"
"brain_mouse_cell2location";"EPI";"top210_genes";"cluster_9";2932;8086;0.312525824293468;4.00004342727686;2.76959450589859;"N/A";"N/A";"N/A"
"brain_mouse_cell2location";"EPI";"top210_genes";"cluster_10";5204;17298;0.224203693070353;4.00004342727686;2.76959450589859;"N/A";"N/A";"N/A"
"brain_mouse_cell2location";"EPI";"top210_genes";"cluster_11";3721;9668;0.33325865202254;4.00004342727686;2.76959450589859;"N/A";"N/A";"N/A"
"brain_mouse_cell2location";"EPI";"top210_genes";"cluster_12";2620;6252;0.277445077976239;4.00004342727686;2.76959450589859;"N/A";"N/A";"N/A"
"brain_mouse_cell2location";"EPI";"top210_genes";"cluster_13";5242;17865;0.25186414296793;4.00004342727686;2.76959450589859;"N/A";"N/A";"N/A"
"brain_mouse_cell2location";"EPI";"top210_genes";"cluster_14";3837.5;10310;0.268546358751118;4.00004342727686;2.76959450589859;"N/A";"N/A";"N/A"
"brain_mouse_cell2location";"EPI";"top210_genes";"cluster_15";5303;17213;0.21230444366421;4.00004342727686;2.76959450589859;"N/A";"N/A";"N/A"
"brain_mouse_cell2location";"EPI";"top210_genes";"cluster_16";4686;16227.5;0.157079704770184;4.00004342727686;2.76959450589859;"N/A";"N/A";"N/A"
"brain_mouse_cell2location";"INS";"top50_genes";"cluster_0";3544;9083;0.0229427406845954;0.817914213223864;0;"N/A";"N/A";"N/A"
"brain_mouse_cell2location";"INS";"top50_genes";"cluster_1";4101;11305;0.0362977033734495;1.01282419736886;0;"N/A";"N/A";"N/A"
"brain_mouse_cell2location";"INS";"top50_genes";"cluster_2";5542;20168;-0.00976445159507283;0.230666101200724;0;"N/A";"N/A";"N/A"
"brain_mouse_cell2location";"INS";"top50_genes";"cluster_3";3280.5;9212;0.0942899196969382;1.82106647998369;0.590617558605419;"N/A";"N/A";"N/A"
"brain_mouse_cell2location";"INS";"top50_genes";"cluster_4";5305;19287.5;-0.000687357672486566;0.372165732696891;0;"N/A";"N/A";"N/A"
"brain_mouse_cell2location";"INS";"top50_genes";"cluster_5";5303.5;19593.5;-0.0161397729943608;0.166896315364078;0;"N/A";"N/A";"N/A"
"brain_mouse_cell2location";"INS";"top50_genes";"cluster_6";5015;17961;0.00464901468168832;0.447983893088978;0;"N/A";"N/A";"N/A"
"brain_mouse_cell2location";"INS";"top50_genes";"cluster_7";5395;19955.5;0.0104621684741267;0.556154880499491;0;"N/A";"N/A";"N/A"
"brain_mouse_cell2location";"INS";"top50_genes";"cluster_8";4705;15072;0.0343684254684063;0.997445446556954;0;"N/A";"N/A";"N/A"
"brain_mouse_cell2location";"INS";"top50_genes";"cluster_9";2932;8086;-0.0099694807993555;0.249535032425516;0;"N/A";"N/A";"N/A"
"brain_mouse_cell2location";"INS";"top50_genes";"cluster_10";5204;17298;-0.0108994824094935;0.227135232305591;0;"N/A";"N/A";"N/A"
"brain_mouse_cell2location";"INS";"top50_genes";"cluster_11";3721;9668;0.0340078101600325;0.927793529663348;0;"N/A";"N/A";"N/A"
"brain_mouse_cell2location";"INS";"top50_genes";"cluster_12";2620;6252;-0.00536796254154981;0.310556978912615;0;"N/A";"N/A";"N/A"
"brain_mouse_cell2location";"INS";"top50_genes";"cluster_13";5242;17865;0.0018164902627737;0.3962497231399;0;"N/A";"N/A";"N/A"
"brain_mouse_cell2location";"INS";"top50_genes";"cluster_14";3837.5;10310;0.0393133697900308;0.978854128206925;0;"N/A";"N/A";"N/A"
"brain_mouse_cell2location";"INS";"top50_genes";"cluster_15";5303;17213;0.0182772250831923;0.604542302971237;0;"N/A";"N/A";"N/A"
"brain_mouse_cell2location";"INS";"top50_genes";"cluster_16";4686;16227.5;0.0321404109249792;0.784405863841801;0;"N/A";"N/A";"N/A"
"brain_mouse_cell2location";"MDD";"top70_genes";"cluster_0";3544;9083;0.0173000250869805;0.714261153497468;0;"N/A";"N/A";"N/A"
"brain_mouse_cell2location";"MDD";"top70_genes";"cluster_1";4101;11305;0.0570306848645901;1.50449908973041;0.27405016835214;"N/A";"N/A";"N/A"
"brain_mouse_cell2location";"MDD";"top70_genes";"cluster_2";5542;20168;0.031064594992786;1.00047793905088;0;"N/A";"N/A";"N/A"
"brain_mouse_cell2location";"MDD";"top70_genes";"cluster_3";3280.5;9212;-0.0144131080714621;0.196313256302319;0;"N/A";"N/A";"N/A"
"brain_mouse_cell2location";"MDD";"top70_genes";"cluster_4";5305;19287.5;0.0276869220401187;0.924861572658171;0;"N/A";"N/A";"N/A"
"brain_mouse_cell2location";"MDD";"top70_genes";"cluster_5";5303.5;19593.5;0.0263699203856013;0.864910775900088;0;"N/A";"N/A";"N/A"
"brain_mouse_cell2location";"MDD";"top70_genes";"cluster_6";5015;17961;0.000505427565865801;0.37586450152884;0;"N/A";"N/A";"N/A"
"brain_mouse_cell2location";"MDD";"top70_genes";"cluster_7";5395;19955.5;0.0118095801630065;0.589266193899653;0;"N/A";"N/A";"N/A"
"brain_mouse_cell2location";"MDD";"top70_genes";"cluster_8";4705;15072;0.0305389988251052;0.95005057035672;0;"N/A";"N/A";"N/A"
"brain_mouse_cell2location";"MDD";"top70_genes";"cluster_9";2932;8086;0.0155763740230751;0.703817140015702;0;"N/A";"N/A";"N/A"
"brain_mouse_cell2location";"MDD";"top70_genes";"cluster_10";5204;17298;-0.0015758177041636;0.335495465030316;0;"N/A";"N/A";"N/A"
"brain_mouse_cell2location";"MDD";"top70_genes";"cluster_11";3721;9668;0.0350704532555393;0.997445446556954;0;"N/A";"N/A";"N/A"
"brain_mouse_cell2location";"MDD";"top70_genes";"cluster_12";2620;6252;-0.0153165826174966;0.172544919143404;0;"N/A";"N/A";"N/A"
"brain_mouse_cell2location";"MDD";"top70_genes";"cluster_13";5242;17865;0.0170509706763931;0.674938444305455;0;"N/A";"N/A";"N/A"
"brain_mouse_cell2location";"MDD";"top70_genes";"cluster_14";3837.5;10310;0.0118238732244699;0.555218227767115;0;"N/A";"N/A";"N/A"
"brain_mouse_cell2location";"MDD";"top70_genes";"cluster_15";5303;17213;0.00146840634705142;0.364660223229364;0;"N/A";"N/A";"N/A"
"brain_mouse_cell2location";"MDD";"top70_genes";"cluster_16";4686;16227.5;-0.068603633312874;0.00361932332177157;0;"N/A";"N/A";"N/A"
"brain_mouse_cell2location";"PAR";"top100_genes";"cluster_0";3544;9083;0.293861307128961;4.00004342727686;2.76959450589859;"N/A";"N/A";"N/A"
"brain_mouse_cell2location";"PAR";"top100_genes";"cluster_1";4101;11305;0.331691237801343;4.00004342727686;2.76959450589859;"N/A";"N/A";"N/A"
"brain_mouse_cell2location";"PAR";"top100_genes";"cluster_2";5542;20168;0.310285942854586;4.00004342727686;2.76959450589859;"N/A";"N/A";"N/A"
"brain_mouse_cell2location";"PAR";"top100_genes";"cluster_3";3280.5;9212;0.253199929298271;4.00004342727686;2.76959450589859;"N/A";"N/A";"N/A"
"brain_mouse_cell2location";"PAR";"top100_genes";"cluster_4";5305;19287.5;0.305569221275148;4.00004342727686;2.76959450589859;"N/A";"N/A";"N/A"
"brain_mouse_cell2location";"PAR";"top100_genes";"cluster_5";5303.5;19593.5;0.286537902101776;4.00004342727686;2.76959450589859;"N/A";"N/A";"N/A"
"brain_mouse_cell2location";"PAR";"top100_genes";"cluster_6";5015;17961;0.294806514179089;4.00004342727686;2.76959450589859;"N/A";"N/A";"N/A"
"brain_mouse_cell2location";"PAR";"top100_genes";"cluster_7";5395;19955.5;0.279951764149634;4.00004342727686;2.76959450589859;"N/A";"N/A";"N/A"
"brain_mouse_cell2location";"PAR";"top100_genes";"cluster_8";4705;15072;0.274331699931417;4.00004342727686;2.76959450589859;"N/A";"N/A";"N/A"
"brain_mouse_cell2location";"PAR";"top100_genes";"cluster_9";2932;8086;0.33047191891386;4.00004342727686;2.76959450589859;"N/A";"N/A";"N/A"
"brain_mouse_cell2location";"PAR";"top100_genes";"cluster_10";5204;17298;0.288039869302972;4.00004342727686;2.76959450589859;"N/A";"N/A";"N/A"
"brain_mouse_cell2location";"PAR";"top100_genes";"cluster_11";3721;9668;0.309324732855406;4.00004342727686;2.76959450589859;"N/A";"N/A";"N/A"
"brain_mouse_cell2location";"PAR";"top100_genes";"cluster_12";2620;6252;0.320059900128473;4.00004342727686;2.76959450589859;"N/A";"N/A";"N/A"
"brain_mouse_cell2location";"PAR";"top100_genes";"cluster_13";5242;17865;0.279663722762779;4.00004342727686;2.76959450589859;"N/A";"N/A";"N/A"
"brain_mouse_cell2location";"PAR";"top100_genes";"cluster_14";3837.5;10310;0.290908189163129;4.00004342727686;2.76959450589859;"N/A";"N/A";"N/A"
"brain_mouse_cell2location";"PAR";"top100_genes";"cluster_15";5303;17213;0.305635168564345;4.00004342727686;2.76959450589859;"N/A";"N/A";"N/A"
"brain_mouse_cell2location";"PAR";"top100_genes";"cluster_16";4686;16227.5;0.252870587849197;4.00004342727686;2.76959450589859;"N/A";"N/A";"N/A"
"brain_mouse_cell2location";"SCZ";"top130_genes";"cluster_0";3544;9083;0.020411492401194;0.770873724737762;0;"N/A";"N/A";"N/A"
"brain_mouse_cell2location";"SCZ";"top130_genes";"cluster_1";4101;11305;0.0436125449628066;1.31162360527415;0.0811746838958781;"N/A";"N/A";"N/A"
"brain_mouse_cell2location";"SCZ";"top130_genes";"cluster_2";5542;20168;0.0690273481758359;2.01777219423729;0.78732327285902;"N/A";"N/A";"N/A"
"brain_mouse_cell2location";"SCZ";"top130_genes";"cluster_3";3280.5;9212;-0.029425623379649;0.0597760358308507;0;"N/A";"N/A";"N/A"
"brain_mouse_cell2location";"SCZ";"top130_genes";"cluster_4";5305;19287.5;0.0792606501779312;2.32794556934115;1.09749664796287;"N/A";"N/A";"N/A"
"brain_mouse_cell2location";"SCZ";"top130_genes";"cluster_5";5303.5;19593.5;0.0969086388642511;2.79592344462094;1.56547452324266;"N/A";"N/A";"N/A"
"brain_mouse_cell2location";"SCZ";"top130_genes";"cluster_6";5015;17961;0.0515259241939576;1.54367739414782;0.313228472769546;"N/A";"N/A";"N/A"
"brain_mouse_cell2location";"SCZ";"top130_genes";"cluster_7";5395;19955.5;0.0635403418226644;1.82395216822118;0.593503246842908;"N/A";"N/A";"N/A"
"brain_mouse_cell2location";"SCZ";"top130_genes";"cluster_8";4705;15072;0.064705822728545;1.88610007497003;0.655651153591752;"N/A";"N/A";"N/A"
"brain_mouse_cell2location";"SCZ";"top130_genes";"cluster_9";2932;8086;0.0650548484980583;1.87946949607101;0.649020574692739;"N/A";"N/A";"N/A"
"brain_mouse_cell2location";"SCZ";"top130_genes";"cluster_10";5204;17298;0.00297323259275206;0.401252920513748;0;"N/A";"N/A";"N/A"
"brain_mouse_cell2location";"SCZ";"top130_genes";"cluster_11";3721;9668;0.0299760813271892;0.945813517413465;0;"N/A";"N/A";"N/A"
"brain_mouse_cell2location";"SCZ";"top130_genes";"cluster_12";2620;6252;0.0162991537946442;0.67186776583854;0;"N/A";"N/A";"N/A"
"brain_mouse_cell2location";"SCZ";"top130_genes";"cluster_13";5242;17865;0.0513585645995203;1.49625274421968;0.265803822841408;"N/A";"N/A";"N/A"
"brain_mouse_cell2location";"SCZ";"top130_genes";"cluster_14";3837.5;10310;0.00876216765313628;0.500218931437283;0;"N/A";"N/A";"N/A"
"brain_mouse_cell2location";"SCZ";"top130_genes";"cluster_15";5303;17213;-0.0146698849833811;0.158308648302119;0;"N/A";"N/A";"N/A"
"brain_mouse_cell2location";"SCZ";"top130_genes";"cluster_16";4686;16227.5;-0.0458814542166921;0.0136300218113941;0;"N/A";"N/A";"N/A"
"heart_human_adult_ACH003";"CAD";"top180_genes";"cluster_0";1499.5;5228.5;0.00808117604656995;0.548564022152001;0;"N/A";"N/A";"N/A"
"heart_human_adult_ACH003";"CAD";"top180_genes";"cluster_1";1510;4515.5;0.0127431398586025;0.656437919172691;0;"N/A";"N/A";"N/A"
"heart_human_adult_ACH003";"CAD";"top180_genes";"cluster_2";1583.5;4852;0.019587618790399;0.83361331343358;0;"N/A";"N/A";"N/A"
"heart_human_adult_ACH003";"CAD";"top180_genes";"cluster_3";1869;5551.5;0.0337694803485606;1.23214581125877;0.387047771244515;"N/A";"N/A";"N/A"
"heart_human_adult_ACH003";"CAD";"top180_genes";"cluster_4";1614.5;4831.5;0.0112655189465757;0.619289656472963;0;"N/A";"N/A";"N/A"
"heart_human_adult_ACH003";"CAD";"top180_genes";"cluster_5";1555.5;5142;0.00890153358992571;0.571584653761283;0;"N/A";"N/A";"N/A"
"heart_human_adult_ACH003";"CAD";"top180_genes";"cluster_6";2807;8046.5;0.0891099139075498;3.04580091783754;2.20070287782328;"N/A";"N/A";"N/A"
"heart_human_adult_ACH003";"CHD";"top70_genes";"cluster_0";1499.5;5228.5;0.346838687152918;4.00004342727686;3.15494538726261;"N/A";"N/A";"N/A"
"heart_human_adult_ACH003";"CHD";"top70_genes";"cluster_1";1510;4515.5;0.36743364785722;4.00004342727686;3.15494538726261;"N/A";"N/A";"N/A"
"heart_human_adult_ACH003";"CHD";"top70_genes";"cluster_2";1583.5;4852;0.331803022500752;4.00004342727686;3.15494538726261;"N/A";"N/A";"N/A"
"heart_human_adult_ACH003";"CHD";"top70_genes";"cluster_3";1869;5551.5;0.316495471944272;4.00004342727686;3.15494538726261;"N/A";"N/A";"N/A"
"heart_human_adult_ACH003";"CHD";"top70_genes";"cluster_4";1614.5;4831.5;0.325412656333636;4.00004342727686;3.15494538726261;"N/A";"N/A";"N/A"
"heart_human_adult_ACH003";"CHD";"top70_genes";"cluster_5";1555.5;5142;0.335704486046771;4.00004342727686;3.15494538726261;"N/A";"N/A";"N/A"
"heart_human_adult_ACH003";"CHD";"top70_genes";"cluster_6";2807;8046.5;0.167152033344486;3.69901343161288;2.85391539159862;"N/A";"N/A";"N/A"
"heart_human_adult_ACH003";"LDL";"top90_genes";"cluster_0";1499.5;5228.5;-0.0189603398531002;0.0912368278711885;0;"N/A";"N/A";"N/A"
"heart_human_adult_ACH003";"LDL";"top90_genes";"cluster_1";1510;4515.5;-0.00916251065017941;0.245771558593403;0;"N/A";"N/A";"N/A"
"heart_human_adult_ACH003";"LDL";"top90_genes";"cluster_2";1583.5;4852;-0.00223861237977464;0.379178952011742;0;"N/A";"N/A";"N/A"
"heart_human_adult_ACH003";"LDL";"top90_genes";"cluster_3";1869;5551.5;0.0141266334509702;0.701627047215568;0;"N/A";"N/A";"N/A"
"heart_human_adult_ACH003";"LDL";"top90_genes";"cluster_4";1614.5;4831.5;-0.0106888926190336;0.214073302144853;0;"N/A";"N/A";"N/A"
"heart_human_adult_ACH003";"LDL";"top90_genes";"cluster_5";1555.5;5142;-0.0150275898920894;0.147075736248044;0;"N/A";"N/A";"N/A"
"heart_human_adult_ACH003";"LDL";"top90_genes";"cluster_6";2807;8046.5;0.0428796306220336;1.13316561293936;0.288067572925107;"N/A";"N/A";"N/A"
"heart_human_adult_ACH003";"MI";"top70_genes";"cluster_0";1499.5;5228.5;-0.0165847109517508;0.142650616355961;0;"N/A";"N/A";"N/A"
"heart_human_adult_ACH003";"MI";"top70_genes";"cluster_1";1510;4515.5;-0.0121843741703363;0.209828657032883;0;"N/A";"N/A";"N/A"
"heart_human_adult_ACH003";"MI";"top70_genes";"cluster_2";1583.5;4852;-0.0103011076122437;0.236690318528647;0;"N/A";"N/A";"N/A"
"heart_human_adult_ACH003";"MI";"top70_genes";"cluster_3";1869;5551.5;0.00739593855881221;0.581245136686509;0;"N/A";"N/A";"N/A"
"heart_human_adult_ACH003";"MI";"top70_genes";"cluster_4";1614.5;4831.5;-0.0141282083374947;0.176438798921705;0;"N/A";"N/A";"N/A"
"heart_human_adult_ACH003";"MI";"top70_genes";"cluster_5";1555.5;5142;-0.0168179479861615;0.13964552214955;0;"N/A";"N/A";"N/A"
"heart_human_adult_ACH003";"MI";"top70_genes";"cluster_6";2807;8046.5;0.0902433135334197;2.14271093084559;1.29761289083134;"N/A";"N/A";"N/A"
"heart_human_adult_ACH004";"CHD";"top70_genes";"cluster_0";1631;5866;0.38218631608367;4.00004342727686;3.30107342294084;"N/A";"N/A";"N/A"
"heart_human_adult_ACH004";"CHD";"top70_genes";"cluster_1";1726;5570;0.354220727708571;4.00004342727686;3.30107342294084;"N/A";"N/A";"N/A"
"heart_human_adult_ACH004";"CHD";"top70_genes";"cluster_2";1722;5718.5;0.384285141096162;4.00004342727686;3.30107342294084;"N/A";"N/A";"N/A"
"heart_human_adult_ACH004";"CHD";"top70_genes";"cluster_3";1657;5548;0.366463245889114;4.00004342727686;3.30107342294084;"N/A";"N/A";"N/A"
"heart_human_adult_ACH004";"CHD";"top70_genes";"cluster_4";1874.5;5424;0.329014114265011;4.00004342727686;3.30107342294084;"N/A";"N/A";"N/A"
"heart_human_pcw6.5_nr8";"CAD";"top70_genes";"cluster_0";3122;8927;0.00164124071828009;0.393124901328572;0;"N/A";"N/A";"N/A"
"heart_human_pcw6.5_nr8";"CAD";"top70_genes";"cluster_1";2474;6112;-0.0220610477344367;0.110013841113446;0;"N/A";"N/A";"N/A"
"heart_human_pcw6.5_nr8";"CAD";"top70_genes";"cluster_2";3051;8318;-0.0118165463928285;0.208493122249533;0;"N/A";"N/A";"N/A"
"heart_human_pcw6.5_nr8";"CAD";"top70_genes";"cluster_3";3693.5;10755.5;0.101384255152958;2.22189217689322;1.44374092650958;"N/A";"N/A";"N/A"
"heart_human_pcw6.5_nr8";"CAD";"top70_genes";"cluster_4";2817;6361;0.0107196283119386;0.52728697795965;0;"N/A";"N/A";"N/A"
"heart_human_pcw6.5_nr8";"CAD";"top70_genes";"cluster_5";2938.5;9415.5;-0.0946887193112627;0.000434468305445637;0;"N/A";"N/A";"N/A"
"heart_human_pcw6.5_nr8";"CHD";"top60_genes";"cluster_0";3122;8927;0.412235294320916;4.00004342727686;3.22189217689322;"N/A";"N/A";"N/A"
"heart_human_pcw6.5_nr8";"CHD";"top60_genes";"cluster_1";2474;6112;0.374345488272583;4.00004342727686;3.22189217689322;"N/A";"N/A";"N/A"
"heart_human_pcw6.5_nr8";"CHD";"top60_genes";"cluster_2";3051;8318;0.387387184147235;4.00004342727686;3.22189217689322;"N/A";"N/A";"N/A"
"heart_human_pcw6.5_nr8";"CHD";"top60_genes";"cluster_3";3693.5;10755.5;0.0917497933534621;1.87946949607101;1.10131824568737;"N/A";"N/A";"N/A"
"heart_human_pcw6.5_nr8";"CHD";"top60_genes";"cluster_4";2817;6361;0.307413154152439;4.00004342727686;3.22189217689322;"N/A";"N/A";"N/A"
"heart_human_pcw6.5_nr8";"CHD";"top60_genes";"cluster_5";2938.5;9415.5;0.139636661082842;2.43184170320987;1.65369045282622;"N/A";"N/A";"N/A"
"heart_human_pcw6.5_nr8";"MI";"top60_genes";"cluster_0";3122;8927;0.00429844837297039;0.427404130234049;0;"N/A";"N/A";"N/A"
"heart_human_pcw6.5_nr8";"MI";"top60_genes";"cluster_1";2474;6112;-0.0106546982093342;0.227428377427692;0;"N/A";"N/A";"N/A"
"heart_human_pcw6.5_nr8";"MI";"top60_genes";"cluster_2";3051;8318;-0.00879946805128229;0.244244770303032;0;"N/A";"N/A";"N/A"
"heart_human_pcw6.5_nr8";"MI";"top60_genes";"cluster_3";3693.5;10755.5;0.0943351576328527;1.91013831583746;1.13198706545382;"N/A";"N/A";"N/A"
"heart_human_pcw6.5_nr8";"MI";"top60_genes";"cluster_4";2817;6361;-0.00756370198729828;0.264364701370958;0;"N/A";"N/A";"N/A"
"heart_human_pcw6.5_nr8";"MI";"top60_genes";"cluster_5";2938.5;9415.5;-0.105165682623201;0.000347539866023441;0;"N/A";"N/A";"N/A"
"heart_human_pcw9_nr16";"CAD";"top50_genes";"cluster_0";1486.5;3398.5;-0.0431360760817587;0.00939383895800826;0;"N/A";"N/A";"N/A"
"heart_human_pcw9_nr16";"CAD";"top50_genes";"cluster_1";1718.5;4233;-0.018711998920012;0.134702521652279;0;"N/A";"N/A";"N/A"
"heart_human_pcw9_nr16";"CAD";"top50_genes";"cluster_2";929;1748;0.00314542372389498;0.416051628078546;0;"N/A";"N/A";"N/A"
"heart_human_pcw9_nr16";"CAD";"top50_genes";"cluster_3";1625;4060;0.0969404366593433;2.00440823267931;1.40234824135135;"N/A";"N/A";"N/A"
"heart_human_pcw9_nr16";"CHD";"top50_genes";"cluster_0";1486.5;3398.5;0.353588268359342;4.00004342727686;3.3979834359489;"N/A";"N/A";"N/A"
"heart_human_pcw9_nr16";"CHD";"top50_genes";"cluster_1";1718.5;4233;0.349864069012829;4.00004342727686;3.3979834359489;"N/A";"N/A";"N/A"
"heart_human_pcw9_nr16";"CHD";"top50_genes";"cluster_2";929;1748;0.196456592956092;3.69901343161288;3.09695344028492;"N/A";"N/A";"N/A"
"heart_human_pcw9_nr16";"CHD";"top50_genes";"cluster_3";1625;4060;0.0651442696654596;1.37886714550183;0.776807154173865;"N/A";"N/A";"N/A"
"intestine_human_adult_HFGA_A1";"CD";"top130_genes";"cluster_0";921.5;1516.5;-0.014575716456468;0.0774736582911504;0;"N/A";"N/A";"N/A"
"intestine_human_adult_HFGA_A1";"CD";"top130_genes";"cluster_1";759.5;1311.5;-0.0164462576891103;0.0638313829566139;0;"N/A";"N/A";"N/A"
"intestine_human_adult_HFGA_A1";"CD";"top130_genes";"cluster_2";1782;3195;-0.0176139336275536;0.0478808530624001;0;"N/A";"N/A";"N/A"
"intestine_human_adult_HFGA_A1";"CD";"top130_genes";"cluster_3";2031;5326.5;-0.00462311014573253;0.261262868792494;0;"N/A";"N/A";"N/A"
"intestine_human_adult_HFGA_A1";"CD";"top130_genes";"cluster_4";1129.5;2259;-0.0228035118101969;0.027239104940285;0;"N/A";"N/A";"N/A"
"intestine_human_adult_HFGA_A1";"CD";"top130_genes";"cluster_5";940;1809;-0.0251986080196326;0.00912767277077822;0;"N/A";"N/A";"N/A"
"intestine_human_adult_HFGA_A1";"CD";"top130_genes";"cluster_6";1724;3627;-0.0209376813487656;0.0497272633522625;0;"N/A";"N/A";"N/A"
"intestine_human_adult_HFGA_A1";"CD";"top130_genes";"cluster_7";1235;2301;-0.0166503178700436;0.0708289235394688;0;"N/A";"N/A";"N/A"
"intestine_human_adult_HFGA_A1";"CD";"top130_genes";"cluster_8";2521.5;7207;0.00739245780437568;0.513329651294377;0;"N/A";"N/A";"N/A"
"intestine_human_adult_HFGA_A1";"CD";"top130_genes";"cluster_9";909.5;1815;-0.0151011580814537;0.0957066350743676;0;"N/A";"N/A";"N/A"
"intestine_human_adult_HFGA_A1";"CD";"top130_genes";"cluster_10";1812;4030.5;0.0142362372389899;0.691052398276699;0;"N/A";"N/A";"N/A"
"intestine_human_adult_HFGA_A1";"IBD";"top80_genes";"cluster_0";921.5;1516.5;-0.0061244224976269;0.266605400185801;0;"N/A";"N/A";"N/A"
"intestine_human_adult_HFGA_A1";"IBD";"top80_genes";"cluster_1";759.5;1311.5;-0.011704857487705;0.164035968151331;0;"N/A";"N/A";"N/A"
"intestine_human_adult_HFGA_A1";"IBD";"top80_genes";"cluster_2";1782;3195;-0.0205681741188162;0.0424840253793832;0;"N/A";"N/A";"N/A"
"intestine_human_adult_HFGA_A1";"IBD";"top80_genes";"cluster_3";2031;5326.5;0.0287140029117756;1.03109374629552;0;"N/A";"N/A";"N/A"
"intestine_human_adult_HFGA_A1";"IBD";"top80_genes";"cluster_4";1129.5;2259;-0.0285199998811958;0.0161917082853909;0;"N/A";"N/A";"N/A"
"intestine_human_adult_HFGA_A1";"IBD";"top80_genes";"cluster_5";940;1809;-0.0235770084180091;0.0296500551972625;0;"N/A";"N/A";"N/A"
"intestine_human_adult_HFGA_A1";"IBD";"top80_genes";"cluster_6";1724;3627;-0.0278374251179655;0.0308139474142196;0;"N/A";"N/A";"N/A"
"intestine_human_adult_HFGA_A1";"IBD";"top80_genes";"cluster_7";1235;2301;-0.0216897968312399;0.0493378925030015;0;"N/A";"N/A";"N/A"
"intestine_human_adult_HFGA_A1";"IBD";"top80_genes";"cluster_8";2521.5;7207;0.0498423721814049;1.56229286445647;0.52090017929825;"N/A";"N/A";"N/A"
"intestine_human_adult_HFGA_A1";"IBD";"top80_genes";"cluster_9";909.5;1815;-0.00629120869067722;0.277820963307132;0;"N/A";"N/A";"N/A"
"intestine_human_adult_HFGA_A1";"IBD";"top80_genes";"cluster_10";1812;4030.5;-0.0266438258602839;0.0537877200774654;0;"N/A";"N/A";"N/A"
"intestine_human_adult_HFGA_A1";"LID";"top140_genes";"cluster_0";921.5;1516.5;0.0692605119207836;3.09695344028492;2.05556075512669;"N/A";"N/A";"N/A"
"intestine_human_adult_HFGA_A1";"LID";"top140_genes";"cluster_1";759.5;1311.5;0.0703135713954049;2.92086218122924;1.87946949607101;"N/A";"N/A";"N/A"
"intestine_human_adult_HFGA_A1";"LID";"top140_genes";"cluster_2";1782;3195;0.043218613626473;2.08622957489315;1.04483688973492;"N/A";"N/A";"N/A"
"intestine_human_adult_HFGA_A1";"LID";"top140_genes";"cluster_3";2031;5326.5;0.109933334565092;4.00004342727686;2.95865074211864;"N/A";"N/A";"N/A"
"intestine_human_adult_HFGA_A1";"LID";"top140_genes";"cluster_4";1129.5;2259;0.0364333179390397;1.54519856726835;0.503805882110127;"N/A";"N/A";"N/A"
"intestine_human_adult_HFGA_A1";"LID";"top140_genes";"cluster_5";940;1809;0.0502427366005159;2.18713007063401;1.14573738547578;"N/A";"N/A";"N/A"
"intestine_human_adult_HFGA_A1";"LID";"top140_genes";"cluster_6";1724;3627;0.0368669235702365;1.52728697795965;0.485894292801425;"N/A";"N/A";"N/A"
"intestine_human_adult_HFGA_A1";"LID";"top140_genes";"cluster_7";1235;2301;0.042078426348577;1.91013831583746;0.86874563067924;"N/A";"N/A";"N/A"
"intestine_human_adult_HFGA_A1";"LID";"top140_genes";"cluster_8";2521.5;7207;0.111792925486247;4.00004342727686;2.95865074211864;"N/A";"N/A";"N/A"
"intestine_human_adult_HFGA_A1";"LID";"top140_genes";"cluster_9";909.5;1815;0.0788627179664213;3.09695344028492;2.05556075512669;"N/A";"N/A";"N/A"
"intestine_human_adult_HFGA_A1";"LID";"top140_genes";"cluster_10";1812;4030.5;-0.0110083285528396;0.159059589956485;0;"N/A";"N/A";"N/A"
"intestine_human_adult_HFGA_A1";"UC";"top60_genes";"cluster_0";921.5;1516.5;-0.00155047270440186;0.394630629123812;0;"N/A";"N/A";"N/A"
"intestine_human_adult_HFGA_A1";"UC";"top60_genes";"cluster_1";759.5;1311.5;-0.013590825484698;0.152964565211147;0;"N/A";"N/A";"N/A"
"intestine_human_adult_HFGA_A1";"UC";"top60_genes";"cluster_2";1782;3195;-0.0192771563438942;0.06807731254869;0;"N/A";"N/A";"N/A"
"intestine_human_adult_HFGA_A1";"UC";"top60_genes";"cluster_3";2031;5326.5;0.0326964061718899;1.03909723154303;0;"N/A";"N/A";"N/A"
"intestine_human_adult_HFGA_A1";"UC";"top60_genes";"cluster_4";1129.5;2259;-0.0277959795871683;0.0289532141397473;0;"N/A";"N/A";"N/A"
"intestine_human_adult_HFGA_A1";"UC";"top60_genes";"cluster_5";940;1809;-0.0230538731861621;0.0457526655757357;0;"N/A";"N/A";"N/A"
"intestine_human_adult_HFGA_A1";"UC";"top60_genes";"cluster_6";1724;3627;-0.029208860879701;0.0354067234883611;0;"N/A";"N/A";"N/A"
"intestine_human_adult_HFGA_A1";"UC";"top60_genes";"cluster_7";1235;2301;-0.0217662553535905;0.0649394061254131;0;"N/A";"N/A";"N/A"
"intestine_human_adult_HFGA_A1";"UC";"top60_genes";"cluster_8";2521.5;7207;0.0568745450688688;1.55756365821241;0.516170973054189;"N/A";"N/A";"N/A"
"intestine_human_adult_HFGA_A1";"UC";"top60_genes";"cluster_9";909.5;1815;-0.00421246757979859;0.333619054758103;0;"N/A";"N/A";"N/A"
"intestine_human_adult_HFGA_A1";"UC";"top60_genes";"cluster_10";1812;4030.5;-0.0369622265906012;0.0248874488701733;0;"N/A";"N/A";"N/A"
"intestine_human_adult_RRST_349_B1";"CD";"top160_genes";"cluster_0";1190;2218;-0.01157794614782;0.161509156764994;0;"N/A";"N/A";"N/A"
"intestine_human_adult_RRST_349_B1";"CD";"top160_genes";"cluster_1";1200;2102.5;0.0128302536897536;0.63982881398151;0;"N/A";"N/A";"N/A"
"intestine_human_adult_RRST_349_B1";"CD";"top160_genes";"cluster_2";962;1444;0.0278607801677132;1.18247805771708;0.279388070725138;"N/A";"N/A";"N/A"
"intestine_human_adult_RRST_349_B1";"CD";"top160_genes";"cluster_3";1975.5;4314;0.0326146810537124;1.21046271511244;0.307372728120494;"N/A";"N/A";"N/A"
"intestine_human_adult_RRST_349_B1";"CD";"top160_genes";"cluster_4";1452;2754;0.0128391494766287;0.611764563817224;0;"N/A";"N/A";"N/A"
"intestine_human_adult_RRST_349_B1";"CD";"top160_genes";"cluster_5";1958.5;4830;0.0227494296167364;0.792139896890811;0;"N/A";"N/A";"N/A"
"intestine_human_adult_RRST_349_B1";"CD";"top160_genes";"cluster_6";1544.5;2605;0.0798159299941027;3.5229221725572;2.61983218556526;"N/A";"N/A";"N/A"
"intestine_human_adult_RRST_349_B1";"CD";"top160_genes";"cluster_7";1333;2693.5;0.052189744853361;1.71901006002914;0.815920073037191;"N/A";"N/A";"N/A"
"intestine_human_adult_RRST_349_B1";"IBD";"top110_genes";"cluster_0";1190;2218;-0.0311390583582172;0.0230518819707121;0;"N/A";"N/A";"N/A"
"intestine_human_adult_RRST_349_B1";"IBD";"top110_genes";"cluster_1";1200;2102.5;0.00101023613089597;0.380428421534056;0;"N/A";"N/A";"N/A"
"intestine_human_adult_RRST_349_B1";"IBD";"top110_genes";"cluster_2";962;1444;-0.00512579118891868;0.263886052003731;0;"N/A";"N/A";"N/A"
"intestine_human_adult_RRST_349_B1";"IBD";"top110_genes";"cluster_3";1975.5;4314;0.0164840973725364;0.663984149410513;0;"N/A";"N/A";"N/A"
"intestine_human_adult_RRST_349_B1";"IBD";"top110_genes";"cluster_4";1452;2754;-0.00574818418278605;0.257396837338126;0;"N/A";"N/A";"N/A"
"intestine_human_adult_RRST_349_B1";"IBD";"top110_genes";"cluster_5";1958.5;4830;0.0134535869144875;0.544893906097035;0;"N/A";"N/A";"N/A"
"intestine_human_adult_RRST_349_B1";"IBD";"top110_genes";"cluster_6";1544.5;2605;0.0441268237020859;1.52875171621792;0.625661729225981;"N/A";"N/A";"N/A"
"intestine_human_adult_RRST_349_B1";"IBD";"top110_genes";"cluster_7";1333;2693.5;0.0786026596557097;2.27576755767607;1.37267757068413;"N/A";"N/A";"N/A"
"intestine_human_adult_RRST_349_B1";"LID";"top80_genes";"cluster_0";1190;2218;0.00765839158734935;0.511351728959922;0;"N/A";"N/A";"N/A"
"intestine_human_adult_RRST_349_B1";"LID";"top80_genes";"cluster_1";1200;2102.5;0.0165009702254927;0.724962528820004;0;"N/A";"N/A";"N/A"
"intestine_human_adult_RRST_349_B1";"LID";"top80_genes";"cluster_2";962;1444;0.0253923715979084;0.971472174584325;0.0683821875923815;"N/A";"N/A";"N/A"
"intestine_human_adult_RRST_349_B1";"LID";"top80_genes";"cluster_3";1975.5;4314;0.0410881352679466;1.19795416939513;0.294864182403186;"N/A";"N/A";"N/A"
"intestine_human_adult_RRST_349_B1";"LID";"top80_genes";"cluster_4";1452;2754;0.00401626456603538;0.429383757255329;0;"N/A";"N/A";"N/A"
"intestine_human_adult_RRST_349_B1";"LID";"top80_genes";"cluster_5";1958.5;4830;0.0657973113101047;1.57190863324807;0.66881864625613;"N/A";"N/A";"N/A"
"intestine_human_adult_RRST_349_B1";"LID";"top80_genes";"cluster_6";1544.5;2605;0.0213955667387858;0.796194963530628;0;"N/A";"N/A";"N/A"
"intestine_human_adult_RRST_349_B1";"LID";"top80_genes";"cluster_7";1333;2693.5;0.0141073695675827;0.567876157834274;0;"N/A";"N/A";"N/A"
"intestine_human_adult_RRST_349_B1";"UC";"top170_genes";"cluster_0";1190;2218;-0.0202992069825212;0.0688399018261103;0;"N/A";"N/A";"N/A"
"intestine_human_adult_RRST_349_B1";"UC";"top170_genes";"cluster_1";1200;2102.5;0.0131587501056355;0.652323210242824;0;"N/A";"N/A";"N/A"
"intestine_human_adult_RRST_349_B1";"UC";"top170_genes";"cluster_2";962;1444;0.0245371801855689;1.07216001694616;0.169070029954212;"N/A";"N/A";"N/A"
"intestine_human_adult_RRST_349_B1";"UC";"top170_genes";"cluster_3";1975.5;4314;0.0378077665163777;1.46728904828437;0.564199061292421;"N/A";"N/A";"N/A"
"intestine_human_adult_RRST_349_B1";"UC";"top170_genes";"cluster_4";1452;2754;0.00325146254424305;0.400378648488446;0;"N/A";"N/A";"N/A"
"intestine_human_adult_RRST_349_B1";"UC";"top170_genes";"cluster_5";1958.5;4830;0.0430365165853842;1.44013680224075;0.537046815248807;"N/A";"N/A";"N/A"
"intestine_human_adult_RRST_349_B1";"UC";"top170_genes";"cluster_6";1544.5;2605;0.0586738437860427;2.55288539593464;1.6497954089427;"N/A";"N/A";"N/A"
"intestine_human_adult_RRST_349_B1";"UC";"top170_genes";"cluster_7";1333;2693.5;0.0631888890994684;2.22919141563472;1.32610142864277;"N/A";"N/A";"N/A"
"intestine_human_pcw12_HFGA_A8";"LID";"top330_genes";"cluster_0";2578;4972;0.0214361534233702;0.869388078254832;0.0242900382405752;"N/A";"N/A";"N/A"
"intestine_human_pcw12_HFGA_A8";"LID";"top330_genes";"cluster_1";2735;5220;0.0189840108831409;0.794027550513518;0;"N/A";"N/A";"N/A"
"intestine_human_pcw12_HFGA_A8";"LID";"top330_genes";"cluster_2";3554.5;8525;0.00893352321807832;0.526118733860705;0;"N/A";"N/A";"N/A"
"intestine_human_pcw12_HFGA_A8";"LID";"top330_genes";"cluster_3";2823;5388;0.0109320358815005;0.584069015900297;0;"N/A";"N/A";"N/A"
"intestine_human_pcw12_HFGA_A8";"LID";"top330_genes";"cluster_4";2847;5405;0.0110323873199104;0.590956057829028;0;"N/A";"N/A";"N/A"
"intestine_human_pcw12_HFGA_A8";"LID";"top330_genes";"cluster_5";3660.5;8174.5;0.00616919202339558;0.456969192243331;0;"N/A";"N/A";"N/A"
"intestine_human_pcw12_HFGA_A8";"LID";"top330_genes";"cluster_6";3775;10185;0.0325387597607746;1.21828805262439;0.373190012610137;"N/A";"N/A";"N/A"
"intestine_human_pcw12_HFGA_A8";"UC";"top50_genes";"cluster_0";2578;4972;-0.0181792375212356;0.135176512948337;0;"N/A";"N/A";"N/A"
"intestine_human_pcw12_HFGA_A8";"UC";"top50_genes";"cluster_1";2735;5220;0.0231623995800913;0.777847380975143;0;"N/A";"N/A";"N/A"
"intestine_human_pcw12_HFGA_A8";"UC";"top50_genes";"cluster_2";3554.5;8525;-0.02565774735112;0.0898460573108616;0;"N/A";"N/A";"N/A"
"intestine_human_pcw12_HFGA_A8";"UC";"top50_genes";"cluster_3";2823;5388;-0.0128598099014695;0.182411960086347;0;"N/A";"N/A";"N/A"
"intestine_human_pcw12_HFGA_A8";"UC";"top50_genes";"cluster_4";2847;5405;-0.0100097237237852;0.216568639694616;0;"N/A";"N/A";"N/A"
"intestine_human_pcw12_HFGA_A8";"UC";"top50_genes";"cluster_5";3660.5;8174.5;-0.0435240724403066;0.0169586545390742;0;"N/A";"N/A";"N/A"
"intestine_human_pcw12_HFGA_A8";"UC";"top50_genes";"cluster_6";3775;10185;0.0664176504953167;1.41009382595115;0.564995785936898;"N/A";"N/A";"N/A"
"intestine_human_pcw19_HFGA_A4";"LID";"top160_genes";"cluster_0";2124.5;4548.5;0.0422043762667254;1.50311377920365;0.548871269764323;"N/A";"N/A";"N/A"
"intestine_human_pcw19_HFGA_A4";"LID";"top160_genes";"cluster_1";1605.5;3374.5;0.0522066128977149;1.73287169887385;0.778629189434524;"N/A";"N/A";"N/A"
"intestine_human_pcw19_HFGA_A4";"LID";"top160_genes";"cluster_2";3263;8084;-0.00855506576625942;0.209828657032883;0;"N/A";"N/A";"N/A"
"intestine_human_pcw19_HFGA_A4";"LID";"top160_genes";"cluster_3";4231.5;12062.5;-0.0150758198716316;0.128295408284991;0;"N/A";"N/A";"N/A"
"intestine_human_pcw19_HFGA_A4";"LID";"top160_genes";"cluster_4";1249;2203.5;0.00927836027815802;0.571099137241288;0;"N/A";"N/A";"N/A"
"intestine_human_pcw19_HFGA_A4";"LID";"top160_genes";"cluster_5";2396;4677;0.0288885295853066;1.09804053592613;0.143798026486808;"N/A";"N/A";"N/A"
"intestine_human_pcw19_HFGA_A4";"LID";"top160_genes";"cluster_6";2903;6246;0.00449761505405391;0.445554267273044;0;"N/A";"N/A";"N/A"
"intestine_human_pcw19_HFGA_A4";"LID";"top160_genes";"cluster_7";4115.5;11665;0.00110505365844858;0.365465404422975;0;"N/A";"N/A";"N/A"
"intestine_human_pcw19_HFGA_A4";"LID";"top160_genes";"cluster_8";4850;13771;-0.0250394285598293;0.0617739438139514;0;"N/A";"N/A";"N/A"
"intestine_human_pcw19_HFGA_A4";"UC";"top190_genes";"cluster_0";2124.5;4548.5;-0.00447402379534424;0.26773009980562;0;"N/A";"N/A";"N/A"
"intestine_human_pcw19_HFGA_A4";"UC";"top190_genes";"cluster_1";1605.5;3374.5;-0.0121740437006838;0.156935285277256;0;"N/A";"N/A";"N/A"
"intestine_human_pcw19_HFGA_A4";"UC";"top190_genes";"cluster_2";3263;8084;-0.0175931693776284;0.0919875531780956;0;"N/A";"N/A";"N/A"
"intestine_human_pcw19_HFGA_A4";"UC";"top190_genes";"cluster_3";4231.5;12062.5;-0.00799413940392178;0.208422944584049;0;"N/A";"N/A";"N/A"
"intestine_human_pcw19_HFGA_A4";"UC";"top190_genes";"cluster_4";1249;2203.5;-0.0182934897488067;0.0890457109662199;0;"N/A";"N/A";"N/A"
"intestine_human_pcw19_HFGA_A4";"UC";"top190_genes";"cluster_5";2396;4677;-0.012308023428384;0.150010169587094;0;"N/A";"N/A";"N/A"
"intestine_human_pcw19_HFGA_A4";"UC";"top190_genes";"cluster_6";2903;6246;-0.0119869321771857;0.151300245381179;0;"N/A";"N/A";"N/A"
"intestine_human_pcw19_HFGA_A4";"UC";"top190_genes";"cluster_7";4115.5;11665;-0.0202029684636537;0.0798157158199342;0;"N/A";"N/A";"N/A"
"intestine_human_pcw19_HFGA_A4";"UC";"top190_genes";"cluster_8";4850;13771;-0.0216497783076057;0.0760227268027951;0;"N/A";"N/A";"N/A"
"intestine_mouse_healing_ctrl";"CD";"top190_genes";"cluster_0";5343;16804;-0.0080731726003056;0.213433954628203;0;"N/A";"N/A";"N/A"
"intestine_mouse_healing_ctrl";"CD";"top190_genes";"cluster_1";2997.5;5982;-0.00722424008437095;0.231775410825315;0;"N/A";"N/A";"N/A"
"intestine_mouse_healing_ctrl";"CD";"top190_genes";"cluster_2";3400.5;7860;-0.00747305444379842;0.224141848385188;0;"N/A";"N/A";"N/A"
"intestine_mouse_healing_ctrl";"CD";"top190_genes";"cluster_3";4734;12836;-0.0304792205397529;0.0285356455656065;0;"N/A";"N/A";"N/A"
"intestine_mouse_healing_ctrl";"CD";"top190_genes";"cluster_4";4424;11838;-0.0274511930972581;0.0420532488700323;0;"N/A";"N/A";"N/A"
"intestine_mouse_healing_ctrl";"CD";"top190_genes";"cluster_5";4059;9877;-0.0282334183722417;0.0378161959267777;0;"N/A";"N/A";"N/A"
"intestine_mouse_healing_ctrl";"CD";"top190_genes";"cluster_6";5308;19457;-0.0112209060513649;0.180104857921467;0;"N/A";"N/A";"N/A"
"intestine_mouse_healing_ctrl";"CD";"top190_genes";"cluster_7";5070;16748;0.00743242449291009;0.464496148100195;0;"N/A";"N/A";"N/A"
"intestine_mouse_healing_ctrl";"CD";"top190_genes";"cluster_8";5594.5;19827;-0.00569886452674281;0.244168571604371;0;"N/A";"N/A";"N/A"
"intestine_mouse_healing_ctrl";"CD";"top190_genes";"cluster_9";2737.5;5796.5;-0.00680195279963758;0.242343802189124;0;"N/A";"N/A";"N/A"
"intestine_mouse_healing_ctrl";"CD";"top190_genes";"cluster_10";4412;11350;-0.0294840351711639;0.0348887812899374;0;"N/A";"N/A";"N/A"
"intestine_mouse_healing_ctrl";"CD";"top190_genes";"cluster_11";3524;7637;0.0593141118613535;1.92086218122924;0.841680935181613;"N/A";"N/A";"N/A"
"intestine_mouse_healing_ctrl";"IBD";"top100_genes";"cluster_0";5343;16804;-0.0214497294871168;0.0769549118344634;0;"N/A";"N/A";"N/A"
"intestine_mouse_healing_ctrl";"IBD";"top100_genes";"cluster_1";2997.5;5982;-0.0140464245504722;0.151915916708988;0;"N/A";"N/A";"N/A"
"intestine_mouse_healing_ctrl";"IBD";"top100_genes";"cluster_2";3400.5;7860;-0.0359843047037147;0.0129136596169655;0;"N/A";"N/A";"N/A"
"intestine_mouse_healing_ctrl";"IBD";"top100_genes";"cluster_3";4734;12836;-0.04122319187215;0.00533044184529246;0;"N/A";"N/A";"N/A"
"intestine_mouse_healing_ctrl";"IBD";"top100_genes";"cluster_4";4424;11838;-0.0387346196699503;0.00966016837062909;0;"N/A";"N/A";"N/A"
"intestine_mouse_healing_ctrl";"IBD";"top100_genes";"cluster_5";4059;9877;-0.0464814575869115;0.00235130933513609;0;"N/A";"N/A";"N/A"
"intestine_mouse_healing_ctrl";"IBD";"top100_genes";"cluster_6";5308;19457;0.00091955837087615;0.349930262833291;0;"N/A";"N/A";"N/A"
"intestine_mouse_healing_ctrl";"IBD";"top100_genes";"cluster_7";5070;16748;0.0330786060505305;1.00528648268923;0;"N/A";"N/A";"N/A"
"intestine_mouse_healing_ctrl";"IBD";"top100_genes";"cluster_8";5594.5;19827;0.0159508648033737;0.648633675351424;0;"N/A";"N/A";"N/A"
"intestine_mouse_healing_ctrl";"IBD";"top100_genes";"cluster_9";2737.5;5796.5;-0.0413266932728758;0.00568227536886167;0;"N/A";"N/A";"N/A"
"intestine_mouse_healing_ctrl";"IBD";"top100_genes";"cluster_10";4412;11350;-0.0555864607734537;0.000477939050880344;0;"N/A";"N/A";"N/A"
"intestine_mouse_healing_ctrl";"IBD";"top100_genes";"cluster_11";3524;7637;0.0567659709741632;1.56707413640246;0.487892890354832;"N/A";"N/A";"N/A"
"intestine_mouse_healing_ctrl";"LID";"top170_genes";"cluster_0";5343;16804;0.00734861190405389;0.482319832443127;0;"N/A";"N/A";"N/A"
"intestine_mouse_healing_ctrl";"LID";"top170_genes";"cluster_1";2997.5;5982;0.00617789521134843;0.463484984705333;0;"N/A";"N/A";"N/A"
"intestine_mouse_healing_ctrl";"LID";"top170_genes";"cluster_2";3400.5;7860;0.00508769580557311;0.435614100278879;0;"N/A";"N/A";"N/A"
"intestine_mouse_healing_ctrl";"LID";"top170_genes";"cluster_3";4734;12836;-0.00546867921483007;0.249380781142807;0;"N/A";"N/A";"N/A"
"intestine_mouse_healing_ctrl";"LID";"top170_genes";"cluster_4";4424;11838;0.00193938792675508;0.375142825072372;0;"N/A";"N/A";"N/A"
"intestine_mouse_healing_ctrl";"LID";"top170_genes";"cluster_5";4059;9877;-0.00675469054578862;0.236989986977248;0;"N/A";"N/A";"N/A"
"intestine_mouse_healing_ctrl";"LID";"top170_genes";"cluster_6";5308;19457;0.0212131154931782;0.756757281193417;0;"N/A";"N/A";"N/A"
"intestine_mouse_healing_ctrl";"LID";"top170_genes";"cluster_7";5070;16748;0.0273499163014236;0.90417697379832;0;"N/A";"N/A";"N/A"
"intestine_mouse_healing_ctrl";"LID";"top170_genes";"cluster_8";5594.5;19827;0.0156772855190937;0.653690452826224;0;"N/A";"N/A";"N/A"
"intestine_mouse_healing_ctrl";"LID";"top170_genes";"cluster_9";2737.5;5796.5;0.00682738104207081;0.477338434542113;0;"N/A";"N/A";"N/A"
"intestine_mouse_healing_ctrl";"LID";"top170_genes";"cluster_10";4412;11350;-0.0108538075563487;0.18036790728257;0;"N/A";"N/A";"N/A"
"intestine_mouse_healing_ctrl";"LID";"top170_genes";"cluster_11";3524;7637;-0.000429971424179776;0.330726546710751;0;"N/A";"N/A";"N/A"
"intestine_mouse_healing_ctrl";"UC";"top210_genes";"cluster_0";5343;16804;-0.0125214368214825;0.156623762071944;0;"N/A";"N/A";"N/A"
"intestine_mouse_healing_ctrl";"UC";"top210_genes";"cluster_1";2997.5;5982;-0.023070578063009;0.065747020457457;0;"N/A";"N/A";"N/A"
"intestine_mouse_healing_ctrl";"UC";"top210_genes";"cluster_2";3400.5;7860;-0.0264480363220968;0.0472994032619643;0;"N/A";"N/A";"N/A"
"intestine_mouse_healing_ctrl";"UC";"top210_genes";"cluster_3";4734;12836;-0.0349894246053639;0.0152911491614491;0;"N/A";"N/A";"N/A"
"intestine_mouse_healing_ctrl";"UC";"top210_genes";"cluster_4";4424;11838;-0.0457137027018885;0.00261335347939147;0;"N/A";"N/A";"N/A"
"intestine_mouse_healing_ctrl";"UC";"top210_genes";"cluster_5";4059;9877;-0.0374114071453292;0.0104156565317117;0;"N/A";"N/A";"N/A"
"intestine_mouse_healing_ctrl";"UC";"top210_genes";"cluster_6";5308;19457;-0.0294705961681391;0.0405250503038644;0;"N/A";"N/A";"N/A"
"intestine_mouse_healing_ctrl";"UC";"top210_genes";"cluster_7";5070;16748;0.00176419382411486;0.360656558259179;0;"N/A";"N/A";"N/A"
"intestine_mouse_healing_ctrl";"UC";"top210_genes";"cluster_8";5594.5;19827;-0.0112407838062842;0.171512420631761;0;"N/A";"N/A";"N/A"
"intestine_mouse_healing_ctrl";"UC";"top210_genes";"cluster_9";2737.5;5796.5;-0.0268105819964846;0.0475900308538295;0;"N/A";"N/A";"N/A"
"intestine_mouse_healing_ctrl";"UC";"top210_genes";"cluster_10";4412;11350;-0.0221385913531335;0.0720062208699797;0;"N/A";"N/A";"N/A"
"intestine_mouse_healing_ctrl";"UC";"top210_genes";"cluster_11";3524;7637;0.0238679292885529;0.854225712785035;0;"N/A";"N/A";"N/A"
"kidney_human_JCI";"CKD";"top70_genes";"cluster_0";1848.5;4298.5;0.0380937310339131;1.15001016958709;0.108617484428869;"N/A";"N/A";"N/A"
"kidney_human_JCI";"CKD";"top70_genes";"cluster_1";2057;4883;0.0524843448125204;1.45350076379873;0.412108078640507;"N/A";"N/A";"N/A"
"kidney_human_JCI";"CKD";"top70_genes";"cluster_2";3671;11332;0.030137509765311;0.971065722068085;0;"N/A";"N/A";"N/A"
"kidney_human_JCI";"CKD";"top70_genes";"cluster_3";3003;9369;0.0695776996806234;1.69041325985096;0.649020574692739;"N/A";"N/A";"N/A"
"kidney_human_JCI";"CKD";"top70_genes";"cluster_4";3594.5;10133.5;0.0665290306563082;1.68617620690771;0.644783521749484;"N/A";"N/A";"N/A"
"kidney_human_JCI";"CKD";"top70_genes";"cluster_5";3943;13493;-9.03517708573665e-05;0.361853787086026;0;"N/A";"N/A";"N/A"
"kidney_human_JCI";"CKD";"top70_genes";"cluster_6";3693;12658.5;0.0217218960098628;0.789457402371706;0;"N/A";"N/A";"N/A"
"kidney_human_JCI";"CKD";"top70_genes";"cluster_7";2951;8578;0.00468539587831515;0.499395363904951;0;"N/A";"N/A";"N/A"
"kidney_human_JCI";"CKD";"top70_genes";"cluster_8";2740;7239;0.00550830336548208;0.469459567631745;0;"N/A";"N/A";"N/A"
"kidney_human_JCI";"CKD";"top70_genes";"cluster_9";3641.5;12654;-0.0226555800604482;0.088300049420931;0;"N/A";"N/A";"N/A"
"kidney_human_JCI";"CKD";"top70_genes";"cluster_10";3426;9806;0.0330305899040638;0.969848641920111;0;"N/A";"N/A";"N/A"
"kidney_human_JCI";"IKD";"top80_genes";"cluster_0";1848.5;4298.5;0.0541152866675516;1.55756365821241;0.516170973054189;"N/A";"N/A";"N/A"
"kidney_human_JCI";"IKD";"top80_genes";"cluster_1";2057;4883;0.0761278367768864;2.09695344028492;1.05556075512669;"N/A";"N/A";"N/A"
"kidney_human_JCI";"IKD";"top80_genes";"cluster_2";3671;11332;0.0411414255916897;1.24646036838396;0.205067683225731;"N/A";"N/A";"N/A"
"kidney_human_JCI";"IKD";"top80_genes";"cluster_3";3003;9369;0.0538934738984747;1.47499862024002;0.433605935081792;"N/A";"N/A";"N/A"
"kidney_human_JCI";"IKD";"top80_genes";"cluster_4";3594.5;10133.5;0.0546450311695927;1.48949841707025;0.448105731912025;"N/A";"N/A";"N/A"
"kidney_human_JCI";"IKD";"top80_genes";"cluster_5";3943;13493;0.0116952277014588;0.597610081057551;0;"N/A";"N/A";"N/A"
"kidney_human_JCI";"IKD";"top80_genes";"cluster_6";3693;12658.5;0.0621475024461986;1.66558967612593;0.624196990967707;"N/A";"N/A";"N/A"
"kidney_human_JCI";"IKD";"top80_genes";"cluster_7";2951;8578;0.0503484063985629;1.4330170611178;0.391624375959577;"N/A";"N/A";"N/A"
"kidney_human_JCI";"IKD";"top80_genes";"cluster_8";2740;7239;0.0137599513384339;0.624379813315977;0;"N/A";"N/A";"N/A"
"kidney_human_JCI";"IKD";"top80_genes";"cluster_9";3641.5;12654;0.00564823801274827;0.49475775313273;0;"N/A";"N/A";"N/A"
"kidney_human_JCI";"IKD";"top80_genes";"cluster_10";3426;9806;0.0271354020846778;0.88979050992346;0;"N/A";"N/A";"N/A"
"kidney_mouse_10X";"CKD";"top120_genes";"cluster_0";7363.5;58439;0.0909249614280803;1.86016434087563;0.818771655717401;"N/A";"N/A";"N/A"
"kidney_mouse_10X";"CKD";"top120_genes";"cluster_1";5645.5;31699.5;0.203407200515946;4.00004342727686;2.95865074211864;"N/A";"N/A";"N/A"
"kidney_mouse_10X";"CKD";"top120_genes";"cluster_2";5552;25019;0.199447012334397;3.69901343161288;2.65762074645466;"N/A";"N/A";"N/A"
"kidney_mouse_10X";"CKD";"top120_genes";"cluster_3";7785.5;72409.5;0.126382921946877;2.48152948739898;1.44013680224075;"N/A";"N/A";"N/A"
"kidney_mouse_10X";"CKD";"top120_genes";"cluster_4";5381;25742;0.207236110523173;4.00004342727686;2.95865074211864;"N/A";"N/A";"N/A"
"kidney_mouse_10X";"CKD";"top120_genes";"cluster_5";4117;14447;0.215973466738464;4.00004342727686;2.95865074211864;"N/A";"N/A";"N/A"
"kidney_mouse_10X";"CKD";"top120_genes";"cluster_6";7081.5;52663.5;0.163234114110324;2.88610007497003;1.8447073898118;"N/A";"N/A";"N/A"
"kidney_mouse_10X";"CKD";"top120_genes";"cluster_7";7331;52297;0.163903382920452;3.30107342294084;2.25968073778262;"N/A";"N/A";"N/A"
"kidney_mouse_10X";"CKD";"top120_genes";"cluster_8";6445.5;40899;0.178526405894208;3.3979834359489;2.35659075079068;"N/A";"N/A";"N/A"
"kidney_mouse_10X";"CKD";"top120_genes";"cluster_9";5991;27353.5;0.238906283438127;4.00004342727686;2.95865074211864;"N/A";"N/A";"N/A"
"kidney_mouse_10X";"CKD";"top120_genes";"cluster_10";4668;24030;0.14060759043926;2.88610007497003;1.8447073898118;"N/A";"N/A";"N/A"
"kidney_mouse_10X";"IKD";"top230_genes";"cluster_0";7363.5;58439;0.028245696538653;0.714486118269089;0;"N/A";"N/A";"N/A"
"kidney_mouse_10X";"IKD";"top230_genes";"cluster_1";5645.5;31699.5;0.104923221250536;2.28404008364206;1.24264739848384;"N/A";"N/A";"N/A"
"kidney_mouse_10X";"IKD";"top230_genes";"cluster_2";5552;25019;0.140844224114198;3.00004342727686;1.95865074211864;"N/A";"N/A";"N/A"
"kidney_mouse_10X";"IKD";"top230_genes";"cluster_3";7785.5;72409.5;0.0535859318822329;1.12963952199784;0.0882468368396106;"N/A";"N/A";"N/A"
"kidney_mouse_10X";"IKD";"top230_genes";"cluster_4";5381;25742;0.136001639143778;2.92086218122924;1.87946949607101;"N/A";"N/A";"N/A"
"kidney_mouse_10X";"IKD";"top230_genes";"cluster_5";4117;14447;0.120750427095793;2.69901343161288;1.65762074645466;"N/A";"N/A";"N/A"
"kidney_mouse_10X";"IKD";"top230_genes";"cluster_6";7081.5;52663.5;0.0866376294554548;1.86016434087563;0.818771655717401;"N/A";"N/A";"N/A"
"kidney_mouse_10X";"IKD";"top230_genes";"cluster_7";7331;52297;0.0669837415776707;1.46856451023461;0.427171825076383;"N/A";"N/A";"N/A"
"kidney_mouse_10X";"IKD";"top230_genes";"cluster_8";6445.5;40899;0.102208826274699;2.25968073778262;1.21828805262439;"N/A";"N/A";"N/A"
"kidney_mouse_10X";"IKD";"top230_genes";"cluster_9";5991;27353.5;0.147482579991679;3.30107342294084;2.25968073778262;"N/A";"N/A";"N/A"
"kidney_mouse_10X";"IKD";"top230_genes";"cluster_10";4668;24030;0.0583040624615531;1.26684616217029;0.225453477012068;"N/A";"N/A";"N/A"
"kidney_mouse_JCI";"CKD";"top60_genes";"cluster_0";5731;41157;0.0701723451319856;1.35560483780902;0.209476802130786;"N/A";"N/A";"N/A"
"kidney_mouse_JCI";"CKD";"top60_genes";"cluster_1";5305;30694.5;0.102974876164641;1.97885412820692;0.832726092528687;"N/A";"N/A";"N/A"
"kidney_mouse_JCI";"CKD";"top60_genes";"cluster_2";5623;37545;0.0716616798648984;1.39258840406219;0.246460368383956;"N/A";"N/A";"N/A"
"kidney_mouse_JCI";"CKD";"top60_genes";"cluster_3";6106;41755;0.0249646074499251;0.665589676125932;0;"N/A";"N/A";"N/A"
"kidney_mouse_JCI";"CKD";"top60_genes";"cluster_4";5625.5;34345;0.0836209665024666;1.64210858027641;0.495980544598171;"N/A";"N/A";"N/A"
"kidney_mouse_JCI";"CKD";"top60_genes";"cluster_5";5715;36085.5;0.0887515516912565;1.68828956622111;0.54216153054287;"N/A";"N/A";"N/A"
"kidney_mouse_JCI";"CKD";"top60_genes";"cluster_6";5791;28871;0.000597229394538212;0.345963191970292;0;"N/A";"N/A";"N/A"
"kidney_mouse_JCI";"CKD";"top60_genes";"cluster_7";5862;33483;0.0838528924081977;1.59692290610104;0.450794870422807;"N/A";"N/A";"N/A"
"kidney_mouse_JCI";"CKD";"top60_genes";"cluster_8";5633;24927.5;0.146454169473634;2.76959450589859;1.62346647022035;"N/A";"N/A";"N/A"
"kidney_mouse_JCI";"CKD";"top60_genes";"cluster_9";5929;31911;-0.0170943223814399;0.214571223970474;0;"N/A";"N/A";"N/A"
"kidney_mouse_JCI";"CKD";"top60_genes";"cluster_10";6058;39013;0.085058014313413;1.64020794493697;0.494079909258737;"N/A";"N/A";"N/A"
"kidney_mouse_JCI";"CKD";"top60_genes";"cluster_11";4166;23095;-0.0447680327907816;0.0824329015269954;0;"N/A";"N/A";"N/A"
"kidney_mouse_JCI";"CKD";"top60_genes";"cluster_12";5446;25063;0.00200615087941813;0.363254738242488;0;"N/A";"N/A";"N/A"
"kidney_mouse_JCI";"CKD";"top60_genes";"cluster_13";5258;20207;0.025689926585164;0.549486417858534;0;"N/A";"N/A";"N/A"
"kidney_mouse_JCI";"IKD";"top70_genes";"cluster_0";5731;41157;0.0397698741103187;0.911198864549858;0;"N/A";"N/A";"N/A"
"kidney_mouse_JCI";"IKD";"top70_genes";"cluster_1";5305;30694.5;0.051401426547551;1.11074172477055;0;"N/A";"N/A";"N/A"
"kidney_mouse_JCI";"IKD";"top70_genes";"cluster_2";5623;37545;0.0457470726417338;0.999609349797544;0;"N/A";"N/A";"N/A"
"kidney_mouse_JCI";"IKD";"top70_genes";"cluster_3";6106;41755;0.0149807547005899;0.533917556858663;0;"N/A";"N/A";"N/A"
"kidney_mouse_JCI";"IKD";"top70_genes";"cluster_4";5625.5;34345;0.0858876562873595;1.73053048305895;0.584402447380708;"N/A";"N/A";"N/A"
"kidney_mouse_JCI";"IKD";"top70_genes";"cluster_5";5715;36085.5;0.054050847570994;1.17202836305289;0.0259003273746478;"N/A";"N/A";"N/A"
"kidney_mouse_JCI";"IKD";"top70_genes";"cluster_6";5791;28871;0.000564423626387089;0.345097200692518;0;"N/A";"N/A";"N/A"
"kidney_mouse_JCI";"IKD";"top70_genes";"cluster_7";5862;33483;0.0743913732949008;1.49489344895696;0.348765413278719;"N/A";"N/A";"N/A"
"kidney_mouse_JCI";"IKD";"top70_genes";"cluster_8";5633;24927.5;0.0894419178713975;1.75700537859057;0.61087734291233;"N/A";"N/A";"N/A"
"kidney_mouse_JCI";"IKD";"top70_genes";"cluster_9";5929;31911;0.027630610213218;0.570291147274455;0;"N/A";"N/A";"N/A"
"kidney_mouse_JCI";"IKD";"top70_genes";"cluster_10";6058;39013;0.0622455914186966;1.29761289083134;0.151484855153099;"N/A";"N/A";"N/A"
"kidney_mouse_JCI";"IKD";"top70_genes";"cluster_11";4166;23095;-0.0436401107645731;0.0808606982343621;0;"N/A";"N/A";"N/A"
"kidney_mouse_JCI";"IKD";"top70_genes";"cluster_12";5446;25063;-0.0291003015220623;0.127362820124933;0;"N/A";"N/A";"N/A"
"kidney_mouse_JCI";"IKD";"top70_genes";"cluster_13";5258;20207;0.0454777627378909;0.773443522069505;0;"N/A";"N/A";"N/A"
"liver_human_JBO0018";"CAD";"top50_genes";"cluster_0";3378.5;16180.5;0.234019480030925;4.00004342727686;3.22189217689322;"N/A";"N/A";"N/A"
"liver_human_JBO0018";"CAD";"top50_genes";"cluster_1";3365;17061.5;0.233834383310583;4.00004342727686;3.22189217689322;"N/A";"N/A";"N/A"
"liver_human_JBO0018";"CAD";"top50_genes";"cluster_2";2949.5;13991;0.207486292773315;3.5229221725572;2.74477092217356;"N/A";"N/A";"N/A"
"liver_human_JBO0018";"CAD";"top50_genes";"cluster_3";3450;17368;0.225151766081028;4.00004342727686;3.22189217689322;"N/A";"N/A";"N/A"
"liver_human_JBO0018";"CAD";"top50_genes";"cluster_4";2487;8921;0.212798963637871;3.69901343161288;2.92086218122924;"N/A";"N/A";"N/A"
"liver_human_JBO0018";"CAD";"top50_genes";"cluster_5";2725.5;12730;0.194847260625561;3.30107342294084;2.5229221725572;"N/A";"N/A";"N/A"
"liver_human_JBO0018";"CHOL";"top90_genes";"cluster_0";3378.5;16180.5;0.372597692706293;4.00004342727686;3.22189217689322;"N/A";"N/A";"N/A"
"liver_human_JBO0018";"CHOL";"top90_genes";"cluster_1";3365;17061.5;0.383890378984825;4.00004342727686;3.22189217689322;"N/A";"N/A";"N/A"
"liver_human_JBO0018";"CHOL";"top90_genes";"cluster_2";2949.5;13991;0.352528837987125;4.00004342727686;3.22189217689322;"N/A";"N/A";"N/A"
"liver_human_JBO0018";"CHOL";"top90_genes";"cluster_3";3450;17368;0.363322782534034;4.00004342727686;3.22189217689322;"N/A";"N/A";"N/A"
"liver_human_JBO0018";"CHOL";"top90_genes";"cluster_4";2487;8921;0.344313637414167;4.00004342727686;3.22189217689322;"N/A";"N/A";"N/A"
"liver_human_JBO0018";"CHOL";"top90_genes";"cluster_5";2725.5;12730;0.354127164520752;4.00004342727686;3.22189217689322;"N/A";"N/A";"N/A"
"liver_human_JBO0018";"CIRR";"top60_genes";"cluster_0";3378.5;16180.5;0.0424638329366279;1.03814795360901;0.259996703225369;"N/A";"N/A";"N/A"
"liver_human_JBO0018";"CIRR";"top60_genes";"cluster_1";3365;17061.5;0.0412416555749642;1.01282419736886;0.234672946985214;"N/A";"N/A";"N/A"
"liver_human_JBO0018";"CIRR";"top60_genes";"cluster_2";2949.5;13991;0.0394099719484485;0.975147467169378;0.196996216785734;"N/A";"N/A";"N/A"
"liver_human_JBO0018";"CIRR";"top60_genes";"cluster_3";3450;17368;0.0507198824923648;1.146953897425;0.368802647041353;"N/A";"N/A";"N/A"
"liver_human_JBO0018";"CIRR";"top60_genes";"cluster_4";2487;8921;0.0522062514643918;1.17073965444584;0.392588404062194;"N/A";"N/A";"N/A"
"liver_human_JBO0018";"CIRR";"top60_genes";"cluster_5";2725.5;12730;0.0110878358240011;0.540048171229471;0;"N/A";"N/A";"N/A"
"liver_human_JBO0018";"LD";"top90_genes";"cluster_0";3378.5;16180.5;0.0835215389744382;1.82685715886459;1.04870590848094;"N/A";"N/A";"N/A"
"liver_human_JBO0018";"LD";"top90_genes";"cluster_1";3365;17061.5;0.0882367758582991;1.92449646588433;1.14634521550069;"N/A";"N/A";"N/A"
"liver_human_JBO0018";"LD";"top90_genes";"cluster_2";2949.5;13991;0.0713270239632138;1.57843950040703;0.800288250023388;"N/A";"N/A";"N/A"
"liver_human_JBO0018";"LD";"top90_genes";"cluster_3";3450;17368;0.0769992001703858;1.69041325985096;0.91226200946732;"N/A";"N/A";"N/A"
"liver_human_JBO0018";"LD";"top90_genes";"cluster_4";2487;8921;0.0629866696877632;1.41911845160124;0.6409672012176;"N/A";"N/A";"N/A"
"liver_human_JBO0018";"LD";"top90_genes";"cluster_5";2725.5;12730;0.0688108467891874;1.50035634465846;0.722205094274815;"N/A";"N/A";"N/A"
"liver_human_JBO0018";"LDL";"top120_genes";"cluster_0";3378.5;16180.5;0.425541859726084;4.00004342727686;3.22189217689322;"N/A";"N/A";"N/A"
"liver_human_JBO0018";"LDL";"top120_genes";"cluster_1";3365;17061.5;0.434337130225298;4.00004342727686;3.22189217689322;"N/A";"N/A";"N/A"
"liver_human_JBO0018";"LDL";"top120_genes";"cluster_2";2949.5;13991;0.405829895487697;4.00004342727686;3.22189217689322;"N/A";"N/A";"N/A"
"liver_human_JBO0018";"LDL";"top120_genes";"cluster_3";3450;17368;0.421151397381203;4.00004342727686;3.22189217689322;"N/A";"N/A";"N/A"
"liver_human_JBO0018";"LDL";"top120_genes";"cluster_4";2487;8921;0.387527718586352;4.00004342727686;3.22189217689322;"N/A";"N/A";"N/A"
"liver_human_JBO0018";"LDL";"top120_genes";"cluster_5";2725.5;12730;0.395744535949151;4.00004342727686;3.22189217689322;"N/A";"N/A";"N/A"
"liver_human_JBO0018";"MI";"top80_genes";"cluster_0";3378.5;16180.5;0.139672406922112;2.88610007497003;2.10794882458638;"N/A";"N/A";"N/A"
"liver_human_JBO0018";"MI";"top80_genes";"cluster_1";3365;17061.5;0.139839556084354;2.85391539159862;2.07576414121498;"N/A";"N/A";"N/A"
"liver_human_JBO0018";"MI";"top80_genes";"cluster_2";2949.5;13991;0.128336745425123;2.56867966311788;1.79052841273423;"N/A";"N/A";"N/A"
"liver_human_JBO0018";"MI";"top80_genes";"cluster_3";3450;17368;0.138442357475815;2.88610007497003;2.10794882458638;"N/A";"N/A";"N/A"
"liver_human_JBO0018";"MI";"top80_genes";"cluster_4";2487;8921;0.126699859316412;2.55288539593464;1.774734145551;"N/A";"N/A";"N/A"
"liver_human_JBO0018";"MI";"top80_genes";"cluster_5";2725.5;12730;0.124356840324468;2.49489344895696;1.71674219857331;"N/A";"N/A";"N/A"
"liver_human_JBO0018";"NAFLD";"top70_genes";"cluster_0";3378.5;16180.5;0.0941170949492871;1.91368359660211;1.13553234621847;"N/A";"N/A";"N/A"
"liver_human_JBO0018";"NAFLD";"top70_genes";"cluster_1";3365;17061.5;0.097002929475366;1.97885412820692;1.20070287782328;"N/A";"N/A";"N/A"
"liver_human_JBO0018";"NAFLD";"top70_genes";"cluster_2";2949.5;13991;0.0842762649868362;1.73759233754643;0.95944108716279;"N/A";"N/A";"N/A"
"liver_human_JBO0018";"NAFLD";"top70_genes";"cluster_3";3450;17368;0.0946610159115755;1.93934558692325;1.16119433653961;"N/A";"N/A";"N/A"
"liver_human_JBO0018";"NAFLD";"top70_genes";"cluster_4";2487;8921;0.0779778217142615;1.61443715367855;0.836285903294907;"N/A";"N/A";"N/A"
"liver_human_JBO0018";"NAFLD";"top70_genes";"cluster_5";2725.5;12730;0.0843037546322788;1.67166382383812;0.893512573454481;"N/A";"N/A";"N/A"
"liver_human_JBO0022";"CAD";"top50_genes";"cluster_0";1643;4929;0.249939785061049;3.69901343161288;3.09695344028492;"N/A";"N/A";"N/A"
"liver_human_JBO0022";"CAD";"top50_genes";"cluster_1";3052;14812;0.246916851136974;4.00004342727686;3.3979834359489;"N/A";"N/A";"N/A"
"liver_human_JBO0022";"CAD";"top50_genes";"cluster_2";2889;12716;0.251368280417625;4.00004342727686;3.3979834359489;"N/A";"N/A";"N/A"
"liver_human_JBO0022";"CAD";"top50_genes";"cluster_3";1077;2030;0.226673884368826;3.5229221725572;2.92086218122924;"N/A";"N/A";"N/A"
"liver_human_JBO0022";"CHOL";"top90_genes";"cluster_0";1643;4929;0.34380493554878;4.00004342727686;3.3979834359489;"N/A";"N/A";"N/A"
"liver_human_JBO0022";"CHOL";"top90_genes";"cluster_1";3052;14812;0.340020391208724;4.00004342727686;3.3979834359489;"N/A";"N/A";"N/A"
"liver_human_JBO0022";"CHOL";"top90_genes";"cluster_2";2889;12716;0.349173273166429;4.00004342727686;3.3979834359489;"N/A";"N/A";"N/A"
"liver_human_JBO0022";"CHOL";"top90_genes";"cluster_3";1077;2030;0.29162872792518;4.00004342727686;3.3979834359489;"N/A";"N/A";"N/A"
"liver_human_JBO0022";"LD";"top80_genes";"cluster_0";1643;4929;0.0623530677574916;1.31162360527415;0.70956361394619;"N/A";"N/A";"N/A"
"liver_human_JBO0022";"LD";"top80_genes";"cluster_1";3052;14812;0.0600610331938057;1.27494890619539;0.672888914867431;"N/A";"N/A";"N/A"
"liver_human_JBO0022";"LD";"top80_genes";"cluster_2";2889;12716;0.0689935241402108;1.43184170320987;0.829781711881905;"N/A";"N/A";"N/A"
"liver_human_JBO0022";"LD";"top80_genes";"cluster_3";1077;2030;0.042738520547298;0.99572205349422;0.393662062166258;"N/A";"N/A";"N/A"
"liver_human_JBO0022";"LDL";"top90_genes";"cluster_0";1643;4929;0.433706624301373;4.00004342727686;3.3979834359489;"N/A";"N/A";"N/A"
"liver_human_JBO0022";"LDL";"top90_genes";"cluster_1";3052;14812;0.426269273482508;4.00004342727686;3.3979834359489;"N/A";"N/A";"N/A"
"liver_human_JBO0022";"LDL";"top90_genes";"cluster_2";2889;12716;0.434724941164752;4.00004342727686;3.3979834359489;"N/A";"N/A";"N/A"
"liver_human_JBO0022";"LDL";"top90_genes";"cluster_3";1077;2030;0.383705352351299;4.00004342727686;3.3979834359489;"N/A";"N/A";"N/A"
"liver_human_JBO0022";"MI";"top60_genes";"cluster_0";1643;4929;0.149323040331366;2.60210341860483;2.00004342727686;"N/A";"N/A";"N/A"
"liver_human_JBO0022";"MI";"top60_genes";"cluster_1";3052;14812;0.150828244277874;2.61983218556526;2.01777219423729;"N/A";"N/A";"N/A"
"liver_human_JBO0022";"MI";"top60_genes";"cluster_2";2889;12716;0.15147836106943;2.69901343161288;2.09695344028492;"N/A";"N/A";"N/A"
"liver_human_JBO0022";"MI";"top60_genes";"cluster_3";1077;2030;0.131575850183907;2.36657497169728;1.76451498036931;"N/A";"N/A";"N/A"
"liver_human_JBO0022";"NAFLD";"top80_genes";"cluster_0";1643;4929;0.108852982121884;2.17396862457604;1.57190863324807;"N/A";"N/A";"N/A"
"liver_human_JBO0022";"NAFLD";"top80_genes";"cluster_1";3052;14812;0.107281892269704;2.18713007063401;1.58507007930604;"N/A";"N/A";"N/A"
"liver_human_JBO0022";"NAFLD";"top80_genes";"cluster_2";2889;12716;0.11164727729186;2.27576755767607;1.67370756634811;"N/A";"N/A";"N/A"
"liver_human_JBO0022";"NAFLD";"top80_genes";"cluster_3";1077;2030;0.0910598754004632;1.84775508289381;1.24569509156584;"N/A";"N/A";"N/A"
"liver_mouse_JBO002";"CAD";"top70_genes";"cluster_0";4162;25321;0.12971282321651;2.12498216388516;1.34683091350152;"N/A";"N/A";"N/A"
"liver_mouse_JBO002";"CAD";"top70_genes";"cluster_1";4374.5;27910;0.121857960779803;2.01327169301062;1.23512044262697;"N/A";"N/A";"N/A"
"liver_mouse_JBO002";"CAD";"top70_genes";"cluster_2";4350;27696.5;0.136691550595696;2.25185540027066;1.47370414988702;"N/A";"N/A";"N/A"
"liver_mouse_JBO002";"CAD";"top70_genes";"cluster_3";4612;31261;0.131340374403785;2.16119433653961;1.38304308615596;"N/A";"N/A";"N/A"
"liver_mouse_JBO002";"CAD";"top70_genes";"cluster_4";4095;23806;0.169509535250852;2.60210341860483;1.82395216822118;"N/A";"N/A";"N/A"
"liver_mouse_JBO002";"CAD";"top70_genes";"cluster_5";4526;30282;0.116492443653694;1.8827721316211;1.10462088123745;"N/A";"N/A";"N/A"
"liver_mouse_JBO002";"CHOL";"top70_genes";"cluster_0";4162;25321;0.359076017213932;4.00004342727686;3.22189217689322;"N/A";"N/A";"N/A"
"liver_mouse_JBO002";"CHOL";"top70_genes";"cluster_1";4374.5;27910;0.338882355594859;4.00004342727686;3.22189217689322;"N/A";"N/A";"N/A"
"liver_mouse_JBO002";"CHOL";"top70_genes";"cluster_2";4350;27696.5;0.354896727108225;4.00004342727686;3.22189217689322;"N/A";"N/A";"N/A"
"liver_mouse_JBO002";"CHOL";"top70_genes";"cluster_3";4612;31261;0.322307309717544;4.00004342727686;3.22189217689322;"N/A";"N/A";"N/A"
"liver_mouse_JBO002";"CHOL";"top70_genes";"cluster_4";4095;23806;0.374997088474359;4.00004342727686;3.22189217689322;"N/A";"N/A";"N/A"
"liver_mouse_JBO002";"CHOL";"top70_genes";"cluster_5";4526;30282;0.356740836965431;4.00004342727686;3.22189217689322;"N/A";"N/A";"N/A"
"liver_mouse_JBO002";"LD";"top60_genes";"cluster_0";4162;25321;0.0998220979488196;1.64020794493697;0.862056694553331;"N/A";"N/A";"N/A"
"liver_mouse_JBO002";"LD";"top60_genes";"cluster_1";4374.5;27910;0.0972541487528074;1.61802638470199;0.839875134318351;"N/A";"N/A";"N/A"
"liver_mouse_JBO002";"LD";"top60_genes";"cluster_2";4350;27696.5;0.0955457640517238;1.60210341860483;0.823952168221181;"N/A";"N/A";"N/A"
"liver_mouse_JBO002";"LD";"top60_genes";"cluster_3";4612;31261;0.110885245820278;1.77993533923681;1.00178408885316;"N/A";"N/A";"N/A"
"liver_mouse_JBO002";"LD";"top60_genes";"cluster_4";4095;23806;0.106998968294915;1.72820182074036;0.95005057035672;"N/A";"N/A";"N/A"
"liver_mouse_JBO002";"LD";"top60_genes";"cluster_5";4526;30282;0.0786588833263209;1.3382307417396;0.560079491355958;"N/A";"N/A";"N/A"
"liver_mouse_JBO002";"LDL";"top90_genes";"cluster_0";4162;25321;0.406091343662842;4.00004342727686;3.22189217689322;"N/A";"N/A";"N/A"
"liver_mouse_JBO002";"LDL";"top90_genes";"cluster_1";4374.5;27910;0.404264188691199;4.00004342727686;3.22189217689322;"N/A";"N/A";"N/A"
"liver_mouse_JBO002";"LDL";"top90_genes";"cluster_2";4350;27696.5;0.405267611410423;4.00004342727686;3.22189217689322;"N/A";"N/A";"N/A"
"liver_mouse_JBO002";"LDL";"top90_genes";"cluster_3";4612;31261;0.399938959421876;4.00004342727686;3.22189217689322;"N/A";"N/A";"N/A"
"liver_mouse_JBO002";"LDL";"top90_genes";"cluster_4";4095;23806;0.405371941628368;4.00004342727686;3.22189217689322;"N/A";"N/A";"N/A"
"liver_mouse_JBO002";"LDL";"top90_genes";"cluster_5";4526;30282;0.38859991013502;4.00004342727686;3.22189217689322;"N/A";"N/A";"N/A"
"liver_mouse_JBO002";"MI";"top50_genes";"cluster_0";4162;25321;0.133079233891606;2.02231982198801;1.24416857160437;"N/A";"N/A";"N/A"
"liver_mouse_JBO002";"MI";"top50_genes";"cluster_1";4374.5;27910;0.140542517852752;2.13081170754589;1.35266045716224;"N/A";"N/A";"N/A"
"liver_mouse_JBO002";"MI";"top50_genes";"cluster_2";4350;27696.5;0.13817494644738;2.12498216388516;1.34683091350152;"N/A";"N/A";"N/A"
"liver_mouse_JBO002";"MI";"top50_genes";"cluster_3";4612;31261;0.153939930563261;2.37679413687896;1.59864288649532;"N/A";"N/A";"N/A"
"liver_mouse_JBO002";"MI";"top50_genes";"cluster_4";4095;23806;0.150277119918127;2.29247325117893;1.51432200079528;"N/A";"N/A";"N/A"
"liver_mouse_JBO002";"MI";"top50_genes";"cluster_5";4526;30282;0.123104618722952;1.85082431462148;1.07267306423784;"N/A";"N/A";"N/A"
"liver_mouse_JBO002";"NAFLD";"top50_genes";"cluster_0";4162;25321;0.151398076969534;2.30107342294084;1.5229221725572;"N/A";"N/A";"N/A"
"liver_mouse_JBO002";"NAFLD";"top50_genes";"cluster_1";4374.5;27910;0.133140802687139;2.09155840839821;1.31340715801457;"N/A";"N/A";"N/A"
"liver_mouse_JBO002";"NAFLD";"top50_genes";"cluster_2";4350;27696.5;0.15017166661871;2.25968073778262;1.48152948739898;"N/A";"N/A";"N/A"
"liver_mouse_JBO002";"NAFLD";"top50_genes";"cluster_3";4612;31261;0.136568964965083;2.09695344028492;1.31880218990128;"N/A";"N/A";"N/A"
"liver_mouse_JBO002";"NAFLD";"top50_genes";"cluster_4";4095;23806;0.165753235951364;2.49489344895696;1.71674219857331;"N/A";"N/A";"N/A"
"liver_mouse_JBO002";"NAFLD";"top50_genes";"cluster_5";4526;30282;0.139441231560356;2.07062450156257;1.29247325117893;"N/A";"N/A";"N/A"
"liver_mouse_zonation_C1";"CAD";"top60_genes";"cluster_0";1499.5;5182.5;0.195614363366557;2.60210341860483;1.82395216822118;"N/A";"N/A";"N/A"
"liver_mouse_zonation_C1";"CAD";"top60_genes";"cluster_1";1759.5;6879.5;0.182252247050093;2.37679413687896;1.59864288649532;"N/A";"N/A";"N/A"
"liver_mouse_zonation_C1";"CAD";"top60_genes";"cluster_2";1676.5;6086;0.195873469271867;2.58507007930604;1.8069188289224;"N/A";"N/A";"N/A"
"liver_mouse_zonation_C1";"CAD";"top60_genes";"cluster_3";1644;6461.5;0.197509540687512;2.63831559125927;1.86016434087563;"N/A";"N/A";"N/A"
"liver_mouse_zonation_C1";"CAD";"top60_genes";"cluster_4";1811;7275;0.191475744249238;2.67782413254294;1.8996728821593;"N/A";"N/A";"N/A"
"liver_mouse_zonation_C1";"CAD";"top60_genes";"cluster_5";1340.5;4237;0.207640741110989;2.74477092217356;1.96661967178991;"N/A";"N/A";"N/A"
"liver_mouse_zonation_C1";"CHOL";"top70_genes";"cluster_0";1499.5;5182.5;0.324515542957949;4.00004342727686;3.22189217689322;"N/A";"N/A";"N/A"
"liver_mouse_zonation_C1";"CHOL";"top70_genes";"cluster_1";1759.5;6879.5;0.307937468282429;4.00004342727686;3.22189217689322;"N/A";"N/A";"N/A"
"liver_mouse_zonation_C1";"CHOL";"top70_genes";"cluster_2";1676.5;6086;0.319725782148699;4.00004342727686;3.22189217689322;"N/A";"N/A";"N/A"
"liver_mouse_zonation_C1";"CHOL";"top70_genes";"cluster_3";1644;6461.5;0.325951661033884;4.00004342727686;3.22189217689322;"N/A";"N/A";"N/A"
"liver_mouse_zonation_C1";"CHOL";"top70_genes";"cluster_4";1811;7275;0.313432417826683;4.00004342727686;3.22189217689322;"N/A";"N/A";"N/A"
"liver_mouse_zonation_C1";"CHOL";"top70_genes";"cluster_5";1340.5;4237;0.359564431803665;4.00004342727686;3.22189217689322;"N/A";"N/A";"N/A"
"liver_mouse_zonation_C1";"LD";"top70_genes";"cluster_0";1499.5;5182.5;0.0575907599736603;0.941237940600956;0.163086690217312;"N/A";"N/A";"N/A"
"liver_mouse_zonation_C1";"LD";"top70_genes";"cluster_1";1759.5;6879.5;0.060111767370816;0.982592697766327;0.204441447382683;"N/A";"N/A";"N/A"
"liver_mouse_zonation_C1";"LD";"top70_genes";"cluster_2";1676.5;6086;0.058747422637232;0.962218676688521;0.184067426304877;"N/A";"N/A";"N/A"
"liver_mouse_zonation_C1";"LD";"top70_genes";"cluster_3";1644;6461.5;0.0526039999019977;0.893172882798209;0.115021632414565;"N/A";"N/A";"N/A"
"liver_mouse_zonation_C1";"LD";"top70_genes";"cluster_4";1811;7275;0.05850550406191;0.964213602024034;0.186062351640391;"N/A";"N/A";"N/A"
"liver_mouse_zonation_C1";"LD";"top70_genes";"cluster_5";1340.5;4237;0.0730342102871891;1.11581465764426;0.337663407260615;"N/A";"N/A";"N/A"
"liver_mouse_zonation_C1";"LDL";"top70_genes";"cluster_0";1499.5;5182.5;0.404976925682217;4.00004342727686;3.22189217689322;"N/A";"N/A";"N/A"
"liver_mouse_zonation_C1";"LDL";"top70_genes";"cluster_1";1759.5;6879.5;0.387700578299129;4.00004342727686;3.22189217689322;"N/A";"N/A";"N/A"
"liver_mouse_zonation_C1";"LDL";"top70_genes";"cluster_2";1676.5;6086;0.410369390470511;4.00004342727686;3.22189217689322;"N/A";"N/A";"N/A"
"liver_mouse_zonation_C1";"LDL";"top70_genes";"cluster_3";1644;6461.5;0.403443086132481;4.00004342727686;3.22189217689322;"N/A";"N/A";"N/A"
"liver_mouse_zonation_C1";"LDL";"top70_genes";"cluster_4";1811;7275;0.374325584238085;4.00004342727686;3.22189217689322;"N/A";"N/A";"N/A"
"liver_mouse_zonation_C1";"LDL";"top70_genes";"cluster_5";1340.5;4237;0.426261364519385;4.00004342727686;3.22189217689322;"N/A";"N/A";"N/A"
"liver_mouse_zonation_C1";"MI";"top50_genes";"cluster_0";1499.5;5182.5;0.181114886871677;2.24416857160437;1.46601732122073;"N/A";"N/A";"N/A"
"liver_mouse_zonation_C1";"MI";"top50_genes";"cluster_1";1759.5;6879.5;0.160931422841689;2.01327169301062;1.23512044262697;"N/A";"N/A";"N/A"
"liver_mouse_zonation_C1";"MI";"top50_genes";"cluster_2";1676.5;6086;0.181387855011679;2.29247325117893;1.51432200079528;"N/A";"N/A";"N/A"
"liver_mouse_zonation_C1";"MI";"top50_genes";"cluster_3";1644;6461.5;0.160341286669244;1.97885412820692;1.20070287782328;"N/A";"N/A";"N/A"
"liver_mouse_zonation_C1";"MI";"top50_genes";"cluster_4";1811;7275;0.170410616446985;2.16753451457063;1.38938326418698;"N/A";"N/A";"N/A"
"liver_mouse_zonation_C1";"MI";"top50_genes";"cluster_5";1340.5;4237;0.170795159194798;2.13081170754589;1.35266045716224;"N/A";"N/A";"N/A"
"lung_bronchi_human_A42";"COPD";"top80_genes";"cluster_0";615;993;0.0128443489021022;0.773959311301039;0;"N/A";"N/A";"N/A"
"lung_bronchi_human_A42";"COPD";"top80_genes";"cluster_1";689.5;1173;-0.00425982128920799;0.279884123870906;0;"N/A";"N/A";"N/A"
"lung_bronchi_human_A42";"COPD";"top80_genes";"cluster_2";1434;3213;0.00395906731429688;0.51774166005342;0;"N/A";"N/A";"N/A"
"lung_bronchi_human_A42";"COPD";"top80_genes";"cluster_3";530;888;0.00752655609901177;0.620556613559589;0;"N/A";"N/A";"N/A"
"lung_bronchi_human_A42";"COPD";"top80_genes";"cluster_4";535;800;0.0029612995482006;0.48616024166577;0;"N/A";"N/A";"N/A"
"lung_bronchi_human_A42";"COPD";"top80_genes";"cluster_5";1624;3521;0.032390813093496;1.34298757441976;0.439897587427815;"N/A";"N/A";"N/A"
"lung_bronchi_human_A42";"COPD";"top80_genes";"cluster_6";1246;2382;0.0194455956752686;0.865866319700096;0;"N/A";"N/A";"N/A"
"lung_bronchi_human_A42";"COPD";"top80_genes";"cluster_7";2031;5941;-0.0270748858162906;0.0502632189148621;0;"N/A";"N/A";"N/A"
"lung_bronchi_human_A42";"LUD";"top90_genes";"cluster_0";615;993;0.0163726823108179;0.885766130715276;0;"N/A";"N/A";"N/A"
"lung_bronchi_human_A42";"LUD";"top90_genes";"cluster_1";689.5;1173;-0.00755223767205625;0.205555380617693;0;"N/A";"N/A";"N/A"
"lung_bronchi_human_A42";"LUD";"top90_genes";"cluster_2";1434;3213;0.0146963267078969;0.777066977383471;0;"N/A";"N/A";"N/A"
"lung_bronchi_human_A42";"LUD";"top90_genes";"cluster_3";530;888;0.0106939021276633;0.710677475756831;0;"N/A";"N/A";"N/A"
"lung_bronchi_human_A42";"LUD";"top90_genes";"cluster_4";535;800;0.00372100092569663;0.500356344658459;0;"N/A";"N/A";"N/A"
"lung_bronchi_human_A42";"LUD";"top90_genes";"cluster_5";1624;3521;0.0227905169498599;1.03156047872293;0.128470491730984;"N/A";"N/A";"N/A"
"lung_bronchi_human_A42";"LUD";"top90_genes";"cluster_6";1246;2382;0.0258853076571265;1.07216001694616;0.169070029954212;"N/A";"N/A";"N/A"
"lung_bronchi_human_A42";"LUD";"top90_genes";"cluster_7";2031;5941;-0.017667735272701;0.111976313869426;0;"N/A";"N/A";"N/A"
"lung_bronchi_human_A50";"AST";"top160_genes";"cluster_0";1713;3700;0.0167559743904073;0.657818197916072;0;"N/A";"N/A";"N/A"
"lung_bronchi_human_A50";"AST";"top160_genes";"cluster_1";5994;38503;-0.00601619870870629;0.253098017661758;0;"N/A";"N/A";"N/A"
"lung_bronchi_human_A50";"AST";"top160_genes";"cluster_2";1346;2732.5;0.0277176660843083;0.871644158559056;0.172674154223037;"N/A";"N/A";"N/A"
"lung_bronchi_human_A50";"AST";"top160_genes";"cluster_3";3425.5;12152.5;0.0277592027941904;0.846838527192578;0.14786852285656;"N/A";"N/A";"N/A"
"lung_bronchi_human_A50";"AST";"top160_genes";"cluster_4";1851;4108;0.0384344472063183;1.11695006870117;0.417980064365154;"N/A";"N/A";"N/A"
"lung_bronchi_human_A50";"BRD";"top90_genes";"cluster_0";1713;3700;-0.00798324968136127;0.258419169773051;0;"N/A";"N/A";"N/A"
"lung_bronchi_human_A50";"BRD";"top90_genes";"cluster_1";5994;38503;0.0406394896957389;0.969039145913326;0.270069141577307;"N/A";"N/A";"N/A"
"lung_bronchi_human_A50";"BRD";"top90_genes";"cluster_2";1346;2732.5;-0.0318079006857726;0.0454632645331053;0;"N/A";"N/A";"N/A"
"lung_bronchi_human_A50";"BRD";"top90_genes";"cluster_3";3425.5;12152.5;-0.0149447212829285;0.170096731335227;0;"N/A";"N/A";"N/A"
"lung_bronchi_human_A50";"BRD";"top90_genes";"cluster_4";1851;4108;0.00466931395889167;0.432311464728794;0;"N/A";"N/A";"N/A"
"lung_bronchi_human_A50";"LUD";"top60_genes";"cluster_0";1713;3700;-0.026984599208187;0.0663031277799273;0;"N/A";"N/A";"N/A"
"lung_bronchi_human_A50";"LUD";"top60_genes";"cluster_1";5994;38503;0.00641785649066784;0.397874875897866;0;"N/A";"N/A";"N/A"
"lung_bronchi_human_A50";"LUD";"top60_genes";"cluster_2";1346;2732.5;-0.0551446504462287;0.0038383210985382;0;"N/A";"N/A";"N/A"
"lung_bronchi_human_A50";"LUD";"top60_genes";"cluster_3";3425.5;12152.5;-0.072602411873212;0.00026062882272692;0;"N/A";"N/A";"N/A"
"lung_bronchi_human_A50";"LUD";"top60_genes";"cluster_4";1851;4108;0.280351961547104;4.00004342727686;3.30107342294084;"N/A";"N/A";"N/A"
"lung_parenchyma_human_A37";"COPD";"top70_genes";"cluster_0";507;782;0.0351875200778297;1.35757890703474;0.755518915706779;"N/A";"N/A";"N/A"
"lung_parenchyma_human_A37";"COPD";"top70_genes";"cluster_1";498.5;789;0.00864640638311875;0.635492431922891;0.0334324405949283;"N/A";"N/A";"N/A"
"lung_parenchyma_human_A37";"COPD";"top70_genes";"cluster_2";545;863;0.0351821546100541;1.39366206216626;0.791602070838295;"N/A";"N/A";"N/A"
"lung_parenchyma_human_A37";"COPD";"top70_genes";"cluster_3";479;709;0.0353572493895774;1.41233246225795;0.810272470929989;"N/A";"N/A";"N/A"
"lung_parenchyma_human_A37";"LUD";"top60_genes";"cluster_0";507;782;0.209327602205314;4.00004342727686;3.3979834359489;"N/A";"N/A";"N/A"
"lung_parenchyma_human_A37";"LUD";"top60_genes";"cluster_1";498.5;789;0.158061812990197;4.00004342727686;3.3979834359489;"N/A";"N/A";"N/A"
"lung_parenchyma_human_A37";"LUD";"top60_genes";"cluster_2";545;863;0.147989976574902;4.00004342727686;3.3979834359489;"N/A";"N/A";"N/A"
"lung_parenchyma_human_A37";"LUD";"top60_genes";"cluster_3";479;709;0.191133101715982;4.00004342727686;3.3979834359489;"N/A";"N/A";"N/A"
"lung_parenchyma_human_A48";"LUD";"top50_genes";"cluster_0";534;868;0.245577828953421;4.00004342727686;3.22189217689322;"N/A";"N/A";"N/A"
"lung_parenchyma_human_A48";"LUD";"top50_genes";"cluster_1";723;1281;0.186117844180156;4.00004342727686;3.22189217689322;"N/A";"N/A";"N/A"
"lung_parenchyma_human_A48";"LUD";"top50_genes";"cluster_2";628;980.5;0.225768508412477;4.00004342727686;3.22189217689322;"N/A";"N/A";"N/A"
"lung_parenchyma_human_A48";"LUD";"top50_genes";"cluster_3";831.5;1544;0.193246531559577;4.00004342727686;3.22189217689322;"N/A";"N/A";"N/A"
"lung_parenchyma_human_A48";"LUD";"top50_genes";"cluster_4";662;1182;0.215100899519916;4.00004342727686;3.22189217689322;"N/A";"N/A";"N/A"
"lung_parenchyma_human_A48";"LUD";"top50_genes";"cluster_5";484.5;746.5;0.173327557304992;4.00004342727686;3.22189217689322;"N/A";"N/A";"N/A"
"pancreas_human_15PCW_S1";"T1D";"top130_genes";"cluster_0";1555.5;2701.5;0.0399564717630671;1.54519856726835;0.700100527254096;"N/A";"N/A";"N/A"
"pancreas_human_15PCW_S1";"T1D";"top130_genes";"cluster_1";1802.5;3336.5;0.0244029996398152;1.03109374629552;0.185995706281263;"N/A";"N/A";"N/A"
"pancreas_human_15PCW_S1";"T1D";"top130_genes";"cluster_2";2125;4719;0.0728286973434452;2.48152948739898;1.63643144738472;"N/A";"N/A";"N/A"
"pancreas_human_15PCW_S1";"T1D";"top130_genes";"cluster_3";3122;6802.5;-0.00726787651303258;0.218647122080072;0;"N/A";"N/A";"N/A"
"pancreas_human_15PCW_S1";"T1D";"top130_genes";"cluster_4";2420;5311;0.0206042198677155;0.893512573454481;0.0484145334402245;"N/A";"N/A";"N/A"
"pancreas_human_15PCW_S1";"T1D";"top130_genes";"cluster_5";599.5;809;0.0300770521777921;1.24037558258723;0.395277542572975;"N/A";"N/A";"N/A"
"pancreas_human_15PCW_S1";"T1D";"top130_genes";"cluster_6";2430;4895;0.0232596592479594;0.906621742114628;0.0615237021003707;"N/A";"N/A";"N/A"
"pancreas_human_15PCW_S1";"T2D";"top50_genes";"cluster_0";1555.5;2701.5;-0.0232090811273218;0.0761779520913612;0;"N/A";"N/A";"N/A"
"pancreas_human_15PCW_S1";"T2D";"top50_genes";"cluster_1";1802.5;3336.5;-0.0297491732205731;0.034371456056756;0;"N/A";"N/A";"N/A"
"pancreas_human_15PCW_S1";"T2D";"top50_genes";"cluster_2";2125;4719;0.053182590067439;1.37576133144119;0.530663291426938;"N/A";"N/A";"N/A"
"pancreas_human_15PCW_S1";"T2D";"top50_genes";"cluster_3";3122;6802.5;-0.0299999539099639;0.0513859951355423;0;"N/A";"N/A";"N/A"
"pancreas_human_15PCW_S1";"T2D";"top50_genes";"cluster_4";2420;5311;-0.0421513967730179;0.00581428645916424;0;"N/A";"N/A";"N/A"
"pancreas_human_15PCW_S1";"T2D";"top50_genes";"cluster_5";599.5;809;-0.0249531518478328;0.0655954783278926;0;"N/A";"N/A";"N/A"
"pancreas_human_15PCW_S1";"T2D";"top50_genes";"cluster_6";2430;4895;-0.0145575700164445;0.178595408259332;0;"N/A";"N/A";"N/A"
"pancreas_human_18PCW_S1";"T1D";"top130_genes";"cluster_0";1813.5;4647;0.0801231474104679;2.48152948739898;1.63643144738472;"N/A";"N/A";"N/A"
"pancreas_human_18PCW_S1";"T1D";"top130_genes";"cluster_1";2049;4996.5;0.0756447512134202;2.34683091350152;1.50173287348726;"N/A";"N/A";"N/A"
"pancreas_human_18PCW_S1";"T1D";"top130_genes";"cluster_2";2889;8906;0.0757158223635606;2.38725957055713;1.54216153054287;"N/A";"N/A";"N/A"
"pancreas_human_18PCW_S1";"T1D";"top130_genes";"cluster_3";3005.5;11240;0.0672566785277599;2.04580091783754;1.20070287782328;"N/A";"N/A";"N/A"
"pancreas_human_18PCW_S1";"T1D";"top130_genes";"cluster_4";1914;5425;0.0764369323767673;2.31880218990128;1.47370414988702;"N/A";"N/A";"N/A"
"pancreas_human_18PCW_S1";"T1D";"top130_genes";"cluster_5";2295.5;5415;0.071148051162733;2.32794556934115;1.48284752932689;"N/A";"N/A";"N/A"
"pancreas_human_18PCW_S1";"T1D";"top130_genes";"cluster_6";2234;4607;0.0764812248523389;2.44374092650958;1.59864288649532;"N/A";"N/A";"N/A"
"pancreas_human_18PCW_S1";"T2D";"top90_genes";"cluster_0";1813.5;4647;0.0423789872932342;1.24113153487889;0.396033494864632;"N/A";"N/A";"N/A"
"pancreas_human_18PCW_S1";"T2D";"top90_genes";"cluster_1";2049;4996.5;0.0264803839711437;0.911552957094466;0.0664549170802096;"N/A";"N/A";"N/A"
"pancreas_human_18PCW_S1";"T2D";"top90_genes";"cluster_2";2889;8906;0.0530035633354931;1.51432200079528;0.669223960781026;"N/A";"N/A";"N/A"
"pancreas_human_18PCW_S1";"T2D";"top90_genes";"cluster_3";3005.5;11240;0.0403035279758116;1.17984196779122;0.334743927776966;"N/A";"N/A";"N/A"
"pancreas_human_18PCW_S1";"T2D";"top90_genes";"cluster_4";1914;5425;0.0377010167309111;1.12498216388516;0.279884123870906;"N/A";"N/A";"N/A"
"pancreas_human_18PCW_S1";"T2D";"top90_genes";"cluster_5";2295.5;5415;0.00232012335344192;0.40421665020364;0;"N/A";"N/A";"N/A"
"pancreas_human_18PCW_S1";"T2D";"top90_genes";"cluster_6";2234;4607;-0.00114773460338258;0.3426051045739;0;"N/A";"N/A";"N/A"
"pancreas_human_20PCW_S1";"T1D";"top130_genes";"cluster_0";1192;2620;0.0782632656141116;3.00004342727686;2.15494538726261;"N/A";"N/A";"N/A"
"pancreas_human_20PCW_S1";"T1D";"top130_genes";"cluster_1";1340;2689;0.0713402509530298;2.67782413254294;1.83272609252869;"N/A";"N/A";"N/A"
"pancreas_human_20PCW_S1";"T1D";"top130_genes";"cluster_2";1569;3200;0.0761729054703816;3.22189217689322;2.37679413687896;"N/A";"N/A";"N/A"
"pancreas_human_20PCW_S1";"T1D";"top130_genes";"cluster_3";1957;4314;0.0739456786027696;3.09695344028492;2.25185540027066;"N/A";"N/A";"N/A"
"pancreas_human_20PCW_S1";"T1D";"top130_genes";"cluster_4";2397;7155.5;0.0728269908847444;2.67782413254294;1.83272609252869;"N/A";"N/A";"N/A"
"pancreas_human_20PCW_S1";"T1D";"top130_genes";"cluster_5";1817.5;4183.5;0.0740272482808611;2.79592344462094;1.95082540460668;"N/A";"N/A";"N/A"
"pancreas_human_20PCW_S1";"T1D";"top130_genes";"cluster_6";3355;8533;0.0573442533353267;2.27576755767607;1.43066951766182;"N/A";"N/A";"N/A"
"pancreas_human_20PCW_S1";"T2D";"top90_genes";"cluster_0";1192;2620;0.0372626839385255;1.26926115161047;0.424163111596217;"N/A";"N/A";"N/A"
"pancreas_human_20PCW_S1";"T2D";"top90_genes";"cluster_1";1340;2689;0.0268211365142279;1.03720074607562;0.192102706061363;"N/A";"N/A";"N/A"
"pancreas_human_20PCW_S1";"T2D";"top90_genes";"cluster_2";1569;3200;0.0372883617313297;1.35560483780902;0.510506797794767;"N/A";"N/A";"N/A"
"pancreas_human_20PCW_S1";"T2D";"top90_genes";"cluster_3";1957;4314;0.0584030013037856;2.03625559993131;1.19115755991705;"N/A";"N/A";"N/A"
"pancreas_human_20PCW_S1";"T2D";"top90_genes";"cluster_4";2397;7155.5;0.0227259888419491;0.932972571231493;0.0878745312172357;"N/A";"N/A";"N/A"
"pancreas_human_20PCW_S1";"T2D";"top90_genes";"cluster_5";1817.5;4183.5;0.0313076691001875;1.14391898303456;0.298820943020306;"N/A";"N/A";"N/A"
"pancreas_human_20PCW_S1";"T2D";"top90_genes";"cluster_6";3355;8533;0.0122967373982049;0.651154704205425;0;"N/A";"N/A";"N/A"
"spinal_cord_human_pcw8_107B1";"AHD";"top50_genes";"cluster_0";2778;4945;0.0156148400337492;0.759993655164215;0;"N/A";"N/A";"N/A"
"spinal_cord_human_pcw8_107B1";"AHD";"top50_genes";"cluster_1";3052;5612;0.0366709430579052;1.32061553066474;0.475517490650487;"N/A";"N/A";"N/A"
"spinal_cord_human_pcw8_107B1";"AHD";"top50_genes";"cluster_2";2718.5;4351;0.0124174576367734;0.689987689525971;0;"N/A";"N/A";"N/A"
"spinal_cord_human_pcw8_107B1";"AHD";"top50_genes";"cluster_3";4755;10795;0.0148327346494662;0.726347839346771;0;"N/A";"N/A";"N/A"
"spinal_cord_human_pcw8_107B1";"AHD";"top50_genes";"cluster_4";4315.5;9385.5;0.0120030367366594;0.576469907544127;0;"N/A";"N/A";"N/A"
"spinal_cord_human_pcw8_107B1";"AHD";"top50_genes";"cluster_5";3667;7526;0.00358338204863476;0.424624636062503;0;"N/A";"N/A";"N/A"
"spinal_cord_human_pcw8_107B1";"AHD";"top50_genes";"cluster_6";4285;9588;0.0104505739195276;0.605766900509041;0;"N/A";"N/A";"N/A"
"spinal_cord_human_pcw8_107B1";"ALS";"top70_genes";"cluster_0";2778;4945;0.0302079013259546;1.16817365299636;0.323075612982104;"N/A";"N/A";"N/A"
"spinal_cord_human_pcw8_107B1";"ALS";"top70_genes";"cluster_1";3052;5612;0.0632565696383073;2.22189217689322;1.37679413687896;"N/A";"N/A";"N/A"
"spinal_cord_human_pcw8_107B1";"ALS";"top70_genes";"cluster_2";2718.5;4351;0.029507127949097;1.19048371264159;0.345385672627338;"N/A";"N/A";"N/A"
"spinal_cord_human_pcw8_107B1";"ALS";"top70_genes";"cluster_3";4755;10795;0.0423799771698306;1.59011030394557;0.745012263931311;"N/A";"N/A";"N/A"
"spinal_cord_human_pcw8_107B1";"ALS";"top70_genes";"cluster_4";4315.5;9385.5;0.014416815648357;0.644591907150345;0;"N/A";"N/A";"N/A"
"spinal_cord_human_pcw8_107B1";"ALS";"top70_genes";"cluster_5";3667;7526;0.0154033114929075;0.714711199632978;0;"N/A";"N/A";"N/A"
"spinal_cord_human_pcw8_107B1";"ALS";"top70_genes";"cluster_6";4285;9588;0.0381546136387537;1.40125292051375;0.556154880499491;"N/A";"N/A";"N/A"
"spinal_cord_human_pcw9_288A1";"AHD";"top90_genes";"cluster_0";1424;2497;0.0412371061867353;1.18247805771708;0.182478057717082;"N/A";"N/A";"N/A"
"spinal_cord_human_pcw9_288A1";"AHD";"top90_genes";"cluster_1";7466;33473.5;-0.0100829436521594;0.220302676100122;0;"N/A";"N/A";"N/A"
"spinal_cord_human_pcw9_288A1";"AHD";"top90_genes";"cluster_2";6399.5;23151.5;0.0336655012569507;1.03296369313237;0.0329636931323656;"N/A";"N/A";"N/A"
"spinal_cord_human_pcw9_288A1";"AHD";"top90_genes";"cluster_3";4426;11404;0.0766527795478953;2.06052417465824;1.06052417465824;"N/A";"N/A";"N/A"
"spinal_cord_human_pcw9_288A1";"AHD";"top90_genes";"cluster_4";3145;7024.5;0.0288617943581674;0.883103780726107;0;"N/A";"N/A";"N/A"
"spinal_cord_human_pcw9_288A1";"AHD";"top90_genes";"cluster_5";7729;35385;0.0392798172158632;1.10572736459242;0.105727364592424;"N/A";"N/A";"N/A"
"spinal_cord_human_pcw9_288A1";"AHD";"top90_genes";"cluster_6";4983;14115;0.0900495595221983;2.29247325117893;1.29247325117893;"N/A";"N/A";"N/A"
"spinal_cord_human_pcw9_288A1";"AHD";"top90_genes";"cluster_7";7548.5;32475.5;-0.0036049977919308;0.293581689645508;0;"N/A";"N/A";"N/A"
"spinal_cord_human_pcw9_288A1";"AHD";"top90_genes";"cluster_8";7262;28031;0.0473172950861706;1.31251446606223;0.312514466062228;"N/A";"N/A";"N/A"
"spinal_cord_human_pcw9_288A1";"AHD";"top90_genes";"cluster_9";7049;26488.5;0.00330248924325882;0.377518564873294;0;"N/A";"N/A";"N/A"
"spinal_cord_human_pcw9_288A1";"ALS";"top70_genes";"cluster_0";1424;2497;0.0373240941944223;1.09155840839821;0.0915584083982129;"N/A";"N/A";"N/A"
"spinal_cord_human_pcw9_288A1";"ALS";"top70_genes";"cluster_1";7466;33473.5;-0.00164740125298329;0.316186221876516;0;"N/A";"N/A";"N/A"
"spinal_cord_human_pcw9_288A1";"ALS";"top70_genes";"cluster_2";6399.5;23151.5;0.0352982341488444;1.03767409160684;0.0376740916068415;"N/A";"N/A";"N/A"
"spinal_cord_human_pcw9_288A1";"ALS";"top70_genes";"cluster_3";4426;11404;0.0826938571350965;2.09695344028492;1.09695344028492;"N/A";"N/A";"N/A"
"spinal_cord_human_pcw9_288A1";"ALS";"top70_genes";"cluster_4";3145;7024.5;0.0219381582587745;0.728899109327784;0;"N/A";"N/A";"N/A"
"spinal_cord_human_pcw9_288A1";"ALS";"top70_genes";"cluster_5";7729;35385;0.0463913584530706;1.21972611513671;0.219726115136711;"N/A";"N/A";"N/A"
"spinal_cord_human_pcw9_288A1";"ALS";"top70_genes";"cluster_6";4983;14115;0.0895446931062787;2.05065342063195;1.05065342063195;"N/A";"N/A";"N/A"
"spinal_cord_human_pcw9_288A1";"ALS";"top70_genes";"cluster_7";7548.5;32475.5;-0.00978391881076174;0.23022316951327;0;"N/A";"N/A";"N/A"
"spinal_cord_human_pcw9_288A1";"ALS";"top70_genes";"cluster_8";7262;28031;0.0538580674653981;1.39366206216626;0.393662062166258;"N/A";"N/A";"N/A"
"spinal_cord_human_pcw9_288A1";"ALS";"top70_genes";"cluster_9";7049;26488.5;0.0040421431566865;0.375142825072372;0;"N/A";"N/A";"N/A"
"spinal_cord_human_pcw9_288A1";"MS";"top110_genes";"cluster_0";1424;2497;-0.0220884204169381;0.109790122122328;0;"N/A";"N/A";"N/A"
"spinal_cord_human_pcw9_288A1";"MS";"top110_genes";"cluster_1";7466;33473.5;-0.0710952807140981;0.000434468305445637;0;"N/A";"N/A";"N/A"
"spinal_cord_human_pcw9_288A1";"MS";"top110_genes";"cluster_2";6399.5;23151.5;-0.0412817439966952;0.0128241973688578;0;"N/A";"N/A";"N/A"
"spinal_cord_human_pcw9_288A1";"MS";"top110_genes";"cluster_3";4426;11404;-0.0117639793187999;0.201116688699661;0;"N/A";"N/A";"N/A"
"spinal_cord_human_pcw9_288A1";"MS";"top110_genes";"cluster_4";3145;7024.5;-0.0146922957937365;0.171899319973076;0;"N/A";"N/A";"N/A"
"spinal_cord_human_pcw9_288A1";"MS";"top110_genes";"cluster_5";7729;35385;-0.0572757746801007;0.00143539796176827;0;"N/A";"N/A";"N/A"
"spinal_cord_human_pcw9_288A1";"MS";"top110_genes";"cluster_6";4983;14115;-0.0251471265243148;0.0843798237710895;0;"N/A";"N/A";"N/A"
"spinal_cord_human_pcw9_288A1";"MS";"top110_genes";"cluster_7";7548.5;32475.5;-0.00394829883618306;0.287477899403554;0;"N/A";"N/A";"N/A"
"spinal_cord_human_pcw9_288A1";"MS";"top110_genes";"cluster_8";7262;28031;-0.0320250762158329;0.0421967935687125;0;"N/A";"N/A";"N/A"
"spinal_cord_human_pcw9_288A1";"MS";"top110_genes";"cluster_9";7049;26488.5;0.0180290984194625;0.599505437884916;0;"N/A";"N/A";"N/A"
"spinal_cord_human_pcw12_290D1";"ALS";"top80_genes";"cluster_0";1561;2641;0.0269256872730471;1.01686835523905;0;"N/A";"N/A";"N/A"
"spinal_cord_human_pcw12_290D1";"ALS";"top80_genes";"cluster_1";1664.5;2972;0.0114948636601254;0.643062026283731;0;"N/A";"N/A";"N/A"
"spinal_cord_human_pcw12_290D1";"ALS";"top80_genes";"cluster_2";5516;17236.5;0.0267369653124996;0.990592531478169;0;"N/A";"N/A";"N/A"
"spinal_cord_human_pcw12_290D1";"ALS";"top80_genes";"cluster_3";5346.5;16143.5;-0.00451826236454439;0.288658048178411;0;"N/A";"N/A";"N/A"
"spinal_cord_human_pcw12_290D1";"ALS";"top80_genes";"cluster_4";7295;31606;-0.00540137707827881;0.276013454341265;0;"N/A";"N/A";"N/A"
"spinal_cord_human_pcw12_290D1";"ALS";"top80_genes";"cluster_5";1596.5;3162;0.00209342298156212;0.430435459730038;0;"N/A";"N/A";"N/A"
"spinal_cord_human_pcw12_290D1";"ALS";"top80_genes";"cluster_6";6596.5;25110;-4.37168049546299e-05;0.363555530923497;0;"N/A";"N/A";"N/A"
"spinal_cord_human_pcw12_290D1";"ALS";"top80_genes";"cluster_7";6154.5;21462.5;0.0268330718360693;0.965816166506312;0;"N/A";"N/A";"N/A"
"spinal_cord_human_pcw12_290D1";"ALS";"top80_genes";"cluster_8";2497;4991;0.0185888634306149;0.808592412811967;0;"N/A";"N/A";"N/A"
"spinal_cord_human_pcw12_290D1";"ALS";"top80_genes";"cluster_9";4890;14559;0.078271489822556;2.30984734724835;1.26845466209012;"N/A";"N/A";"N/A"
"spinal_cord_human_pcw12_290D1";"ALS";"top80_genes";"cluster_10";6859;25622;-0.0194556261833548;0.142409442126855;0;"N/A";"N/A";"N/A"
