symbol	globalScore	clinicalPrecedence	gwasCredibleSets	geneBurden	eva	genomicsEngland	gene2Phenotype	uniprotLiterature	uniprotVariants	orphanet	clingen	cancerGeneCensus	intogen	evaSomatic	cancerBiomarkers	crisprScreen	crispr	reactome	europepmc	expressionAtlas	impc	maxClinicalStage	isInMembrane	isSecreted	hasLigand	hasSmallMoleculeBinder	hasPocket	mouseOrthologMaxIdentityPercentage	hasHighQualityChemicalProbes	geneticConstraint	mouseKoScore	geneEssentiality	hasSafetyEvent	isCancerDriverGene	paralogMaxIdentityPercentage	tissueSpecificity	tissueDistribution
APP	0.8696695516607333	0.9728005513909271	0.7736137575222262	No data	0.9316603833246658	0.607930797611621	No data	0.607930797611621	0.9580964074361958	0.607930797611621	No data	No data	No data	No data	No data	No data	No data	0.607930797611621	0.9946238915416176	No data	0.39065633054522775	1	0	1	1	1	1	0.7402599999999999	No data	-0.7845559845559845	-0.899579176773613	0	No data	No data	0	-1	-1
PSEN1	0.8663337248746705	0.6224689064784766	No data	No data	0.9444664297638227	0.9549947196932794	No data	0.607930797611621	0.9953830536655334	0.607930797611621	No data	No data	No data	No data	No data	No data	No data	No data	0.9712479440116228	0.04988096311450684	0.5711362082603426	1	0	0	1	1	0	0.6359749999999998	1	-0.7674572531715389	-0.9789325973509363	0	No data	No data	-0.04175500000000003	-1	-1
PSEN2	0.8165198525554955	0.6224689064784766	No data	No data	0.8908006546040942	0.8126852676405352	No data	0.607930797611621	0.9471757543886921	0.607930797611621	No data	No data	No data	No data	No data	No data	No data	No data	0.6934407230492223	No data	No data	1	0	0	1	1	0	0.7991050000000002	No data	-0.2050744622173194	-0.7787337027091975	0	No data	No data	-0.10714250000000014	-1	-1
APOE	0.7749432033461633	No data	0.9533703527874416	No data	0.7937221161179503	No data	No data	0.607930797611621	0.607930797611621	No data	No data	No data	No data	No data	No data	0.2670020417823128	No data	No data	0.9985595575618875	0.017251532679053088	0.2687054125443365	No data	0	1	0	0	0	0	No data	0.531053502482074	-0.9832055691366653	0	255	No data	0	0.5	-1
SORL1	0.6887135105146187	No data	0.8749085305895158	0.39314961120901953	0.31612401475804297	0.3039653988058105	No data	0.3039653988058105	0.44488713508550437	0.607930797611621	No data	No data	No data	No data	No data	No data	No data	No data	0.9718962832472118	0.04768036208430157	0.6326456669186236	No data	1	1	0	0	0	0.6612450000000003	No data	-0.6372862658576944	-0.8302800216342751	0	No data	No data	0	-1	-1
ADAM10	0.6816636553816533	No data	0.7799392178316392	No data	0.381307705835289	No data	No data	0.607930797611621	0.8274613634158176	No data	No data	No data	No data	No data	No data	No data	No data	No data	0.9182294621580723	0.02040312242200407	No data	No data	1	0	1	1	0	0.8061500000000003	0	-0.9054605626034198	-0.8651152071929291	0	No data	No data	0	-1	-1
GRIN3B	0.66936011916202	0.98731997197959	0.4390033704611571	No data	No data	No data	No data	No data	No data	No data	No data	No data	No data	No data	No data	No data	No data	No data	0.17890896764711994	No data	No data	1	1	0	1	1	0	0	No data	0.8228350799779371	-0.2780188477560344	0	255	No data	0	0.5	0.5
ACE	0.6341919427542662	0.12158615952232422	0.8627041643684601	No data	No data	0.607930797611621	No data	No data	No data	No data	No data	No data	No data	No data	No data	No data	No data	No data	0.9410215917570464	No data	No data	1	0	1	1	1	1	0.16539	No data	-0.15377826806398232	-0.9741134275683322	0	255	No data	0	0.5	0
APH1B	0.6090250464013078	0.6224689064784766	0.8373290004469826	No data	No data	No data	No data	No data	No data	No data	No data	No data	No data	No data	No data	No data	No data	No data	0.39841780962277046	No data	No data	1	0	0	1	1	0	0.20233500000000007	No data	0.5385548814120242	0	0	No data	No data	0	1	-1
HFE	0.6048602773233976	No data	No data	No data	0.8270002910534164	0.607930797611621	No data	No data	No data	No data	No data	No data	No data	No data	No data	No data	No data	No data	0.7184806570656189	No data	No data	No data	1	0	0	0	0	0	No data	0.12741312741312738	-0.7275621844630433	0	No data	No data	0	-1	0
CR1	0.5926783768207446	No data	0.9306243017610282	No data	No data	No data	No data	No data	No data	No data	No data	No data	No data	No data	No data	No data	No data	No data	0.8857324840320011	No data	No data	0.7	1	0	0	0	0	0	No data	-0.32884721456150023	-0.5723828680709955	0	No data	No data	0	0.5	0
CD33	0.5818249181893902	No data	0.7943340798757281	No data	No data	No data	No data	No data	No data	No data	No data	No data	No data	No data	No data	0.5688988359014587	No data	No data	0.9224559809881221	No data	No data	1	1	0	0	0	0	No data	No data	0.188527302813017	-0.8065639751303407	0	No data	No data	0	0.5	0
GRN	0.5810506372714668	No data	0.8222767294438635	No data	0.4377101742803672	No data	No data	No data	No data	No data	No data	No data	No data	No data	No data	No data	No data	No data	0.933885136373018	No data	0.2661521031943677	No data	0	1	1	1	0	0	0	-0.5810259238830667	-0.9475329837834623	0	No data	No data	No data	-1	-1
EPHA1	0.580575990464643	No data	0.8085866173969477	No data	No data	No data	No data	No data	No data	No data	No data	No data	No data	No data	No data	0.5531979966234456	No data	No data	0.3652786271595041	No data	No data	1	1	0	1	1	0	0.4108600000000003	No data	0.03530060672917812	-0.0710805203688758	0	255	No data	0	0.75	0
TREM2	0.5721845302600777	No data	0.8916865649112139	No data	No data	No data	No data	No data	No data	No data	No data	No data	No data	No data	No data	No data	No data	No data	0.9902707924090672	No data	No data	No data	0	1	0	0	0	0	No data	0.4027578599007171	-0.7005801128736927	0	No data	No data	0	0.5	0
ABCA7	0.5653009027165964	No data	0.606413438204871	No data	0.6647944636433635	No data	No data	0.607930797611621	0.607930797611621	No data	No data	No data	No data	No data	No data	No data	No data	No data	0.9563988228083541	No data	No data	No data	1	0	0	0	0	0	No data	0.5769442912300056	-0.23763370379005083	0	No data	No data	0	0.5	0
NDUFAB1	0.5608605760909913	No data	0.4103108276298352	No data	No data	No data	No data	No data	No data	No data	No data	No data	No data	No data	No data	0.8136276094564562	No data	No data	0.2470883963813344	0.07015121357208141	No data	1	0	0	0	0	0	0.29487000000000024	No data	-0.5523441809156096	No data	-1	No data	No data	0	0.5	-1
CLU	0.5557063381395116	No data	0.864557507334617	No data	0	No data	No data	No data	No data	No data	No data	No data	No data	No data	No data	No data	No data	No data	0.9793720635394302	0.02558786498941004	No data	0.7	0	1	0	0	0	0	No data	-0.41588527302813016	-0.9205909862207323	0	No data	No data	0	0.5	-1
BIN1	0.5547057890274468	No data	0.8638176505362819	No data	No data	No data	No data	No data	No data	No data	No data	No data	No data	No data	No data	No data	No data	No data	0.9726250376548885	No data	No data	No data	0	0	0	0	0	0	No data	-0.2583563154991726	-0.8051421529011327	0	No data	No data	0	0.75	-1
CDKN2B	0.5531421294534669	No data	0.37482210579400477	No data	No data	No data	No data	No data	No data	No data	No data	No data	No data	No data	No data	0.8142840046102876	No data	No data	0.08492715425528859	No data	No data	No data	0	0	0	0	0	0.09420500000000018	No data	0.8688361831218974	-0.4782224558601425	0	No data	No data	-0.4384049999999998	0.5	0
PLCG2	0.55138545916762	No data	0.8613081095728511	No data	No data	No data	No data	No data	No data	No data	No data	No data	No data	No data	No data	No data	No data	No data	0.9135820469941067	No data	No data	No data	0	0	0	1	0	0.7075099999999999	No data	-0.7297297297297297	-0.8158814739046194	0	No data	No data	0	0.5	0
NCK2	0.5487826684396903	No data	0.8004527457841842	No data	No data	No data	No data	No data	No data	No data	No data	No data	No data	No data	No data	0.3903072934014509	No data	No data	0.2104312355342073	No data	No data	No data	0	0	0	0	0	0.80263	No data	-0.39459459459459456	No data	0	No data	No data	-0.2105274999999999	-1	-1
MS4A6A	0.5383166652061998	No data	0.8618911618052509	No data	No data	No data	No data	No data	No data	No data	No data	No data	No data	No data	No data	No data	No data	No data	0.47197752809661453	No data	No data	No data	0	0	0	0	0	0	No data	0.5428571428571429	No data	0	No data	No data	0	-1	-1
SCARB1	0.5345305649908763	No data	0.4936314592914955	No data	No data	No data	No data	No data	No data	No data	No data	No data	No data	No data	No data	0.748716758811487	No data	No data	0.32119052453309466	No data	No data	No data	0	0	1	1	0	0	0	-0.42162162162162165	-0.9411117876125715	0	No data	No data	0	0.75	0
MTMR3	0.5262820110553627	No data	0.15293033017902088	No data	No data	No data	No data	No data	No data	No data	No data	No data	No data	No data	No data	0.8274613634158176	No data	No data	No data	No data	No data	No data	0	0	0	0	0	0.37395500000000015	No data	-0.8843905129619415	-0.23926348447979723	0	No data	No data	0	0.5	-1
CDKN2A	0.5252849051254936	No data	0.03915232104533109	No data	No data	No data	No data	No data	No data	No data	No data	No data	No data	No data	No data	0.8172794925690077	No data	No data	0.8484806391270234	No data	No data	No data	0	0	0	0	0	0	No data	-0.29994484280198563	-0.7143642596072841	0	No data	255	-0.21474249999999984	0.5	0
PICALM	0.5190691988271273	No data	0.807712489767195	No data	No data	No data	No data	No data	No data	No data	No data	No data	No data	No data	No data	No data	No data	No data	0.9223385553827118	No data	No data	No data	0	0	0	0	0	0.8849699999999998	No data	-0.508108108108108	-0.8383679562509885	0	No data	No data	0	-1	-1
CD2AP	0.5188400429995826	No data	0.8074212452292436	No data	No data	No data	No data	No data	No data	No data	No data	No data	No data	No data	No data	No data	No data	No data	0.9206245674257773	No data	No data	No data	1	0	0	0	0	0.31142499999999984	No data	-0.26177606177606183	-0.8137095355930937	0	No data	No data	0	-1	-1
MPO	0.5117547282373773	No data	No data	No data	0.7997544896735449	No data	No data	No data	No data	No data	No data	No data	No data	No data	No data	No data	No data	No data	0.8408635830617334	No data	No data	0.7	0	0	1	1	1	0.1610750000000003	No data	0.04103695532266971	-0.729954855750915	0	No data	No data	-0.17785249999999983	1	0.5
CASS4	0.5104872560249373	No data	0.827098722275802	No data	No data	No data	No data	No data	No data	No data	No data	No data	No data	No data	No data	No data	No data	No data	0.2522810200892453	No data	No data	No data	0	0	0	0	0	0	No data	-0.6551571980143409	No data	0	No data	No data	0	0.5	0.5
KAT8	0.5057098773322191	No data	0.24308331585756732	No data	No data	No data	No data	No data	No data	No data	No data	No data	No data	No data	No data	0.7599134970145264	No data	No data	0.5026509950853078	No data	No data	No data	0	0	1	1	1	0.9126649999999998	No data	-0.20154440154440156	-0.8508235603669836	-1	No data	No data	0	-1	-1
FADS2	0.5017930585581221	No data	0.24808125445669288	No data	No data	No data	No data	No data	No data	No data	No data	No data	No data	No data	No data	0.7599134970145264	No data	No data	0.156495059821552	No data	No data	No data	1	0	0	0	0	0.38063	No data	-0.7777164920022063	-0.8842619598320001	0	No data	No data	-0.06531500000000001	0.5	-1
CTSB	0.5013866040818838	No data	0.7799707849470338	No data	No data	No data	No data	No data	No data	No data	No data	No data	No data	No data	No data	No data	No data	No data	0.895442138552752	No data	No data	No data	0	1	1	1	1	0	No data	0.82426916712631	-0.2088763007696509	0	No data	No data	0	0.5	-1
DRD1	0.4964918626381651	0.639002816156215	0.20702005637029128	No data	No data	No data	No data	No data	No data	No data	No data	No data	No data	No data	No data	0.607930797611621	No data	No data	0.21629358623565365	No data	No data	1	1	0	1	1	0	0.5515700000000002	No data	-0.9222283507997794	-0.8082857508580255	0	255	No data	0	0.75	0.5
H2BC4	0.4953245841496741	No data	No data	No data	0.8147713293941626	No data	No data	No data	No data	No data	No data	No data	No data	No data	No data	No data	No data	No data	No data	No data	No data	No data	0	0	0	0	0	1	No data	0.9653612796469939	No data	-1	No data	No data	-1	-1	0
TP53	0.49512130669415844	No data	0.06168521677607965	No data	No data	No data	No data	No data	No data	No data	No data	No data	No data	No data	No data	0.7599134970145264	No data	No data	0.9533908685136157	No data	No data	0.7	0	0	1	1	0	0	No data	-0.7412024269167126	-0.9870589005103775	0	255	255	0	-1	-1
BMS1	0.48246171974515695	No data	0.12227092168098067	No data	No data	No data	No data	No data	No data	No data	No data	No data	No data	No data	No data	0.7599134970145264	No data	No data	0.14092500290184237	No data	No data	No data	0	0	0	0	0	0.32917500000000005	No data	-0.680419194704909	-0.4882984078352451	-1	No data	No data	0	-1	-1
CLK2	0.4823993150445137	No data	0.2693525433398516	No data	No data	No data	No data	No data	No data	No data	No data	No data	No data	No data	No data	0.7250106593008072	No data	No data	0.052265161627999095	No data	No data	0.7	0	0	1	1	1	0.8396799999999999	1	-0.9072255929398787	-0.05373224667943238	0	No data	No data	-0.0030049999999999244	-1	-1
NOC4L	0.4791090291238817	No data	0.12784610653512002	No data	No data	No data	No data	No data	No data	No data	No data	No data	No data	No data	No data	0.7557311588419362	No data	No data	0.01823792392834863	No data	No data	No data	0	0	0	0	0	0	No data	-0.007942636514065127	0	-1	No data	No data	No data	-1	0
AP2S1	0.47739715964813434	No data	0.07733631178560592	No data	No data	No data	No data	No data	No data	No data	No data	No data	No data	No data	No data	0.7573414194114585	No data	No data	0.3597594552027363	0.04895403649263028	No data	No data	1	0	0	0	0	1	No data	-0.7110865968008826	-0.7261145680412808	0	No data	No data	0	-1	-1
SLC24A4	0.4770198056518296	No data	0.7747373101834288	No data	No data	No data	No data	No data	No data	No data	No data	No data	No data	No data	No data	No data	No data	No data	0.198480970407757	No data	No data	No data	1	0	0	0	0	0.6945349999999998	No data	-0.18466629895201325	-0.6693099397775356	0	No data	No data	0	0.75	0.5
INPP5D	0.47693438573711233	No data	0.740119762423912	No data	No data	No data	No data	No data	No data	No data	No data	No data	No data	No data	No data	No data	No data	No data	0.8880217401278773	No data	No data	0.7	0	0	0	0	0	0.3860399999999998	No data	-0.8156646442360728	-0.8684619726424581	No data	No data	No data	0	0.5	0
SHARPIN	0.4765564735652801	No data	0.7657759212052825	No data	No data	No data	No data	No data	No data	No data	No data	No data	No data	No data	No data	No data	No data	No data	0.362465827968054	No data	No data	No data	1	0	0	1	0	0	No data	-0.11450634307777163	-0.7749801323561342	0	No data	No data	0	-1	-1
RRP15	0.47269770861454297	No data	0.07112260308161489	No data	No data	No data	No data	No data	No data	No data	No data	No data	No data	No data	No data	0.7597711864973107	No data	No data	No data	No data	No data	No data	0	0	0	0	0	0	No data	-0.032873690016547163	No data	-1	No data	No data	No data	-1	-1
RASGEF1C	0.4703869592573467	No data	0.7696007416821729	No data	No data	No data	No data	No data	No data	No data	No data	No data	No data	No data	No data	No data	No data	No data	0.08300176710639377	No data	No data	No data	0	0	0	0	0	0.7317599999999999	No data	-0.5483728626585769	No data	0	No data	No data	-0.2221025000000001	1	0.5
TMEM106B	0.46477010434328786	No data	0.7186746742722998	No data	No data	No data	No data	No data	No data	No data	No data	No data	No data	No data	No data	No data	No data	No data	0.9167371187356326	No data	No data	No data	0	0	0	0	0	0.7992699999999999	No data	-0.26530612244897955	-0.30023325974224163	0	No data	No data	No data	-1	-1
FERMT2	0.46166179348424585	No data	0.7306196322487121	No data	No data	No data	No data	No data	No data	No data	No data	No data	No data	No data	No data	No data	No data	No data	0.5633911542580086	0.027423220861334467	No data	No data	0	0	0	0	0	0.9117649999999997	No data	-0.8829564258135687	No data	0	No data	No data	-0.07720500000000001	-1	0
PTK2B	0.46144754498748014	No data	0.7248882976718863	No data	No data	No data	No data	No data	No data	No data	No data	No data	No data	No data	No data	No data	No data	No data	0.6831574937825821	No data	No data	0.7	1	0	1	1	1	0.7720500000000001	1	-0.6188637617209045	0	0	No data	No data	0	0.5	-1
DIMT1	0.4585183207363117	No data	0.04749992471123353	No data	No data	No data	No data	No data	No data	No data	No data	No data	No data	No data	No data	0.7423528397151181	No data	No data	No data	No data	No data	No data	0	0	0	0	1	0.7923299999999998	No data	0.2522890237175952	0	-1	No data	No data	0	-1	-1
MT-ND1	0.4574563770686376	No data	No data	No data	0.547137717850459	0.607930797611621	No data	No data	No data	No data	No data	No data	No data	No data	No data	No data	No data	No data	0.3494599704919576	No data	No data	1	0	0	0	0	0	0	No data	No data	No data	No data	255	No data	No data	0.5	-1
JAZF1	0.45097252206573296	No data	0.5226032628245721	No data	No data	No data	No data	No data	No data	No data	No data	No data	No data	No data	No data	0.607930797611621	No data	No data	0.1252725673764843	0.03600855258961789	No data	No data	0	0	0	0	0	0.9794249999999998	No data	-0.7539988968560397	-0.37483691099318206	0	No data	No data	No data	0.5	-1
ECHDC3	0.4487633650003666	No data	0.7316353029252731	No data	No data	No data	No data	No data	No data	No data	No data	No data	No data	No data	No data	No data	No data	No data	0.1309271301214047	No data	No data	No data	0	0	0	0	1	0.07590999999999966	No data	0.7490347490347491	No data	0	No data	No data	0	0.5	-1
WRAP53	0.4486477754083084	No data	0.03278496023625167	No data	No data	No data	No data	No data	No data	No data	No data	No data	No data	No data	No data	0.7295250918048158	No data	No data	0.012158615952232422	No data	No data	No data	0	0	0	0	0	0	No data	-0.5109762824048538	-0.8134600648847009	0	No data	No data	No data	-1	-1
PILRA	0.446425426458706	No data	0.7009162824002937	No data	No data	No data	No data	No data	No data	No data	No data	No data	No data	No data	No data	No data	No data	No data	0.6683929131388621	No data	No data	No data	1	1	0	0	0	No data	No data	0.6258135686707116	-0.846445162482797	0	No data	No data	-0.05115499999999997	-1	-1
IL34	0.44191472092407275	No data	0.7037434998707818	No data	No data	No data	No data	No data	No data	No data	No data	No data	No data	No data	No data	No data	No data	No data	0.46345320187691524	No data	No data	No data	0	1	0	0	0	0	No data	0.5225592939878654	-0.6112129998752486	0	No data	No data	No data	0.5	0
ABCA1	0.4368866031626134	No data	0.6727563775176181	No data	No data	No data	No data	No data	No data	No data	No data	No data	No data	No data	No data	No data	No data	No data	0.917778210599728	No data	No data	1	1	0	0	0	0	0.7655900000000002	No data	-0.6174296745725317	-0.9513776976647986	0	No data	No data	0	-1	-1
ABI3	0.4368560009612777	No data	0.673500545965503	No data	No data	No data	No data	No data	No data	No data	No data	No data	No data	No data	No data	No data	No data	No data	0.9018880756924874	No data	No data	No data	0	0	0	0	0	0.2622950000000003	No data	0.25317153888582467	No data	0	No data	No data	0	0.5	0
RAP2B	0.4365547280618806	No data	0.3189288844523276	No data	No data	No data	No data	No data	No data	No data	No data	No data	No data	No data	No data	0.6380969661285179	No data	No data	0.012158615952232422	No data	No data	No data	0	0	0	0	0	1	No data	-0.19415333701047988	-0.21021204450098724	0	No data	No data	-0.7677600000000002	-1	0
ATP8B4	0.43385845959073516	No data	0.7056682027661453	No data	No data	No data	No data	No data	No data	No data	No data	No data	No data	No data	No data	No data	No data	No data	0.15992038084107077	No data	No data	No data	0	0	0	0	0	0.32047000000000025	No data	0.0792057363485934	No data	0	No data	No data	-0.25755000000000017	1	0
NECTIN2	0.4295916112955035	No data	0.6654025880356239	No data	No data	No data	No data	No data	No data	No data	No data	No data	No data	No data	No data	No data	No data	No data	0.8248598464388925	No data	No data	No data	1	0	0	0	0	0	No data	-0.4923331494760066	0	0	No data	No data	0	-1	-1
TSPAN14	0.42340314597686457	No data	0.6898236265671117	No data	No data	No data	No data	No data	No data	No data	No data	No data	No data	No data	No data	No data	No data	No data	0.13284796501324983	No data	No data	No data	0	0	0	0	0	0.8703699999999998	No data	-0.45692222835079976	No data	0	No data	No data	0	-1	-1
PRSS8	0.4223067864061274	No data	0.6900070287518514	No data	No data	No data	No data	No data	No data	No data	No data	No data	No data	No data	No data	No data	No data	No data	0.09311135644085991	No data	No data	No data	1	1	1	1	0	0	No data	-0.302592388306674	-0.6550766883824904	0	No data	No data	No data	0.5	0
PDE7B	0.41577435461510537	No data	0.4967665546857109	No data	No data	No data	No data	No data	No data	No data	No data	No data	No data	No data	No data	0.5594554121684383	No data	No data	0.012158615952232422	No data	No data	1	0	0	1	1	0	0.41111000000000003	No data	-0.2997242140099283	0	0	No data	No data	0	-1	0
IDUA	0.41271165554158307	No data	0.67275032920887	No data	No data	No data	No data	No data	No data	No data	No data	No data	No data	No data	No data	No data	No data	No data	0.12258011361794763	No data	No data	No data	0	0	0	0	0	0	No data	0.5548814120242691	-0.9831317243525595	0	No data	No data	No data	-1	0
COX7C	0.4123983991891219	No data	0.2693260700414294	No data	No data	No data	No data	No data	No data	No data	No data	No data	No data	No data	No data	0.607930797611621	No data	No data	0.1395781584532526	No data	No data	No data	0	0	0	0	0	0.2857149999999997	No data	0.08483177054605617	-0.5350655025544945	0	No data	No data	No data	0.5	-1
SPI1	0.41094073650748003	No data	0.20742265632683196	No data	No data	No data	No data	No data	No data	No data	No data	No data	No data	No data	No data	0.6036785814511665	No data	No data	0.9194427907725885	No data	No data	No data	0	0	0	0	0	0.42592500000000016	No data	-0.8872586872586873	-0.945904134842603	0	No data	No data	0	0.75	0
QPCT	0.4051419086426055	No data	0.04073973032545955	No data	No data	No data	No data	No data	No data	No data	No data	No data	No data	No data	No data	0.6522003550028901	No data	No data	0.1819074802975117	No data	No data	No data	0	1	1	1	1	0.0997250000000001	No data	0.5110865968008824	No data	0	No data	No data	0	0.5	0
CSF1R	0.4049383278664958	0.42555155832813474	No data	No data	0.547137717850459	No data	No data	No data	No data	No data	No data	No data	No data	No data	No data	No data	No data	No data	0.5655237158086833	No data	No data	1	1	0	1	1	1	0	1	-0.7038058466629895	-0.8702764527561618	0	255	No data	0	0.5	-1
MOB3B	0.40428119162585263	No data	0.6650118618996651	No data	No data	No data	No data	No data	No data	No data	No data	No data	No data	No data	No data	No data	No data	No data	No data	No data	No data	No data	0	0	0	0	0	0.907405	No data	-0.47964699393270827	No data	0	No data	No data	-0.5254625	0.5	0
PDE4B	0.40307232163071566	No data	0.641071866746088	No data	No data	No data	No data	No data	No data	No data	No data	No data	No data	No data	No data	No data	No data	No data	0.4390299160965044	No data	No data	1	0	0	1	1	1	0.8573349999999997	1	-0.8223938223938224	-0.7027944885547068	0	255	No data	-0.24932000000000015	0.5	-1
MAK	0.40297189285790586	No data	0.3758373157762024	No data	No data	No data	No data	No data	No data	No data	No data	No data	No data	No data	No data	0.5688988359014587	No data	No data	No data	No data	No data	No data	1	0	1	1	0	0.17438500000000018	No data	-0.12851627137341426	0	0	No data	No data	0	1	0.5
CDH13	0.4027720462129512	No data	0.644604338742715	No data	No data	No data	No data	No data	No data	No data	No data	No data	No data	No data	No data	No data	No data	No data	0.3585018709363897	No data	No data	No data	1	0	0	0	0	0.6844299999999996	No data	-0.7340319911748483	-0.6675093321534098	0	255	No data	0	0.5	0
FBXL22	0.4002942398742502	No data	0.6584536290098922	No data	No data	No data	No data	No data	No data	No data	No data	No data	No data	No data	No data	No data	No data	No data	No data	No data	No data	No data	0	0	0	0	0	0.06926500000000005	No data	0.8126861555432985	0	0	No data	No data	0	0.5	0
ELOVL7	0.39961326132066116	No data	0.654413252151392	No data	No data	No data	No data	No data	No data	No data	No data	No data	No data	No data	No data	No data	No data	No data	0.037995674850726316	0.04151741033287864	No data	No data	0	0	0	0	0	0.4306049999999999	No data	0.124765581908439	No data	0	No data	No data	0	-1	0
MRPS27	0.3990445841661311	No data	0.32869746775035075	No data	No data	No data	No data	No data	No data	No data	No data	No data	No data	No data	No data	0.5720621415978412	No data	No data	0.09726892761785938	No data	No data	No data	0	0	0	0	0	0	No data	0.3172642029784887	No data	-1	No data	No data	No data	-1	-1
USP6NL	0.3954354931965726	No data	0.6436011142873493	No data	No data	No data	No data	No data	No data	No data	No data	No data	No data	No data	No data	No data	No data	No data	0.13720490754938267	No data	No data	No data	0	0	0	0	0	0.09420500000000018	No data	-0.42658576944291227	0	0	No data	No data	0	-1	-1
GABRB1	0.39511658094671104	0.14758195590686116	0.03465097068172166	No data	No data	No data	No data	No data	No data	No data	No data	No data	No data	No data	No data	0.607930797611621	No data	No data	0.09265277190806971	0.012777392385081424	No data	1	1	0	1	1	0	0.9050649999999998	No data	-0.6136789851075566	-0.302505674061726	0	No data	No data	-0.4831225	0.5	0.5
EGFR	0.3947339723918066	No data	0.6012744843629173	No data	No data	No data	No data	No data	No data	No data	No data	No data	No data	No data	No data	No data	No data	No data	0.9287333243711418	0.07183172826695267	No data	1	1	1	1	1	1	0.5247950000000003	1	-0.7139547710976282	-0.9856076612666143	0	255	255	0	0.5	0
TSPOAP1	0.3946112765967388	No data	0.6429901791085437	No data	No data	No data	No data	No data	No data	No data	No data	No data	No data	No data	No data	No data	No data	No data	0.12230813669742056	No data	No data	No data	0	0	0	0	0	0.1060850000000002	No data	-0.604522890237176	-0.19187701174133848	0	No data	No data	0	0.5	-1
SCIMP	0.39136792946479754	No data	0.6383935526921289	No data	No data	No data	No data	No data	No data	No data	No data	No data	No data	No data	No data	No data	No data	No data	0.10753946993300417	No data	No data	No data	1	0	0	0	0	0	No data	0.4738003309431882	0	0	No data	No data	0	0.5	0
MINDY2	0.3899681373582496	No data	0.6393950993138747	No data	No data	No data	No data	No data	No data	No data	No data	No data	No data	No data	No data	No data	No data	No data	0.041457503003792494	No data	No data	No data	0	0	0	0	0	0.11433000000000035	No data	0.08736900165471595	-0.5498696049048243	0	No data	No data	0	-1	-1
CNTNAP2	0.3896089490907917	No data	0.6242832261794936	No data	No data	No data	No data	No data	No data	No data	No data	No data	No data	No data	No data	No data	No data	No data	0.12518500874795904	0.009227272432312071	0.27393361740379646	No data	0	0	0	0	0	0.688205	No data	-0.40794263651406504	-0.3315356520723639	0	No data	No data	0	0.75	0.5
PECAM1	0.3891678356965384	No data	0.5000162991995206	No data	No data	No data	No data	No data	No data	No data	No data	No data	No data	No data	No data	0.48048476814563496	No data	No data	0.8561835431860564	0.07901974434539698	No data	No data	1	0	0	0	0	0	No data	No data	-0.927646769241387	No data	No data	No data	0	0.5	-1
PDE9A	0.3887550772748388	0.18183411766266877	0.36491390711741123	No data	No data	No data	No data	No data	No data	No data	No data	No data	No data	No data	No data	0.5254171719184872	No data	No data	0.20985145512165096	No data	No data	1	1	0	1	1	1	0.15683000000000008	1	0.21974627688913406	No data	0	No data	No data	0	0.5	0
GLIS3	0.3883872971125877	No data	0.6361161911635742	No data	No data	No data	No data	No data	No data	No data	No data	No data	No data	No data	No data	No data	No data	No data	0.05502842268958826	No data	No data	No data	0	0	0	0	0	0.20429999999999993	No data	-0.19966905681191394	-0.7064535923270051	0	No data	No data	0	0.5	0
ESR2	0.3838728168114332	0.5328590121679503	0.33239359737929386	No data	No data	No data	No data	No data	No data	No data	No data	No data	No data	No data	No data	No data	No data	No data	0.6967900569767831	No data	No data	1	0	0	1	1	1	0.43395999999999973	0	0.05802537231108662	-0.9721646958413429	0	255	No data	0	0.5	0
ZNF652	0.383294799860903	No data	0.6178762769577032	No data	No data	No data	No data	No data	No data	No data	No data	No data	No data	No data	No data	No data	No data	No data	0.25229128100882275	No data	No data	No data	0	0	0	0	0	0.5462049999999998	No data	-0.716822945394374	0	0	No data	No data	0	-1	0
PFKP	0.38314236453001366	No data	0.3102342126452703	No data	No data	No data	No data	No data	No data	No data	No data	No data	No data	No data	No data	0.5500807373358241	No data	No data	0.11703626849597991	No data	No data	No data	0	0	0	1	0	0.4196449999999999	No data	0.4955322669608384	No data	0	No data	No data	-0.2697700000000001	0.5	-1
BRSK2	0.3816725508350581	No data	0.32591479882174024	No data	No data	No data	No data	No data	No data	No data	No data	No data	No data	No data	No data	0.5438696834936553	No data	No data	0.07252952154838646	0.06897713587358298	No data	No data	0	0	1	1	0	0.8981000000000001	No data	-0.8373965802537231	No data	0	No data	No data	-0.3987774999999999	0.75	0
MS4A6E	0.3814978751149414	No data	0.625643695987871	No data	No data	No data	No data	No data	No data	No data	No data	No data	No data	No data	No data	No data	No data	No data	0.03782680518472309	No data	No data	No data	0	0	0	0	0	0	No data	0.1548814120242692	No data	0	No data	No data	-0.48979500000000015	1	1
LILRB2	0.38021866744380495	No data	0.6060665847199378	No data	No data	No data	No data	No data	No data	No data	No data	No data	No data	No data	No data	No data	No data	No data	0.38728504084712284	No data	No data	No data	1	0	0	0	0	0	No data	-0.18190843905129617	0	0	No data	No data	-0.6189274999999999	0.75	0
ULK4	0.38009029901113306	No data	0.6187604157133385	No data	No data	No data	No data	No data	No data	No data	No data	No data	No data	No data	No data	No data	No data	No data	0.1291852944924695	No data	No data	No data	0	0	0	0	0	0.16470500000000002	No data	-0.04445670159955872	-0.8605622388619805	0	No data	No data	0	0.5	0
NOX4	0.379211837133377	No data	0.5812795154498522	No data	No data	No data	No data	No data	No data	No data	No data	No data	No data	No data	No data	No data	No data	No data	0.8499032380707245	No data	No data	0.2	1	0	1	1	0	0.5328699999999997	No data	0.0897959183673469	-0.880895018160367	0	No data	No data	0	0.75	0
MAPT	0.3772403441193385	0.1896418618285458	0.47704670248743064	No data	0.4377101742803672	No data	No data	No data	No data	No data	No data	No data	No data	No data	No data	No data	No data	No data	0.9992186381280657	No data	No data	0.2	1	1	1	1	0	0	1	-0.4056260341974628	-0.834958475173366	0	No data	No data	0	0.5	0
SLC26A1	0.375289443952889	No data	0.6173226384109661	No data	No data	No data	No data	No data	No data	No data	No data	No data	No data	No data	No data	No data	No data	No data	No data	No data	No data	No data	0	0	0	0	0	0	No data	0.8811913954771098	-0.7790728791559204	0	No data	No data	0	0.5	0
SLC35C1	0.3742355031832924	No data	0.03290972132485253	No data	No data	No data	No data	No data	No data	No data	No data	No data	No data	No data	No data	0.6073615555427584	No data	No data	No data	No data	No data	No data	0	0	0	0	0	0.38187	No data	-0.48538334252619963	-0.8263136581716579	0	No data	No data	0	0.5	-1
PTPRJ	0.3731573768374952	No data	0.03239916087584701	No data	No data	No data	No data	No data	No data	No data	No data	No data	No data	No data	No data	0.6041139879133557	No data	No data	0.030396539880581056	0.05498167589045662	No data	No data	0	1	0	0	0	0	No data	0.13778268063982346	-0.9503282793008202	0	No data	No data	0	-1	-1
LRRC25	0.3721767585612213	No data	0.5785140221478814	No data	No data	No data	No data	No data	No data	No data	No data	No data	No data	No data	No data	No data	No data	No data	0.6737697029929596	No data	No data	No data	0	0	0	0	0	0	No data	-0.6130170987313844	-0.8232841086965156	0	No data	No data	No data	0.75	0
IGFBP3	0.37216716638504277	No data	0.5694731563810883	No data	No data	No data	No data	No data	No data	No data	No data	No data	No data	No data	No data	No data	No data	No data	0.854271450299821	No data	No data	No data	0	1	0	1	0	0.08934500000000015	No data	-0.17363485934914502	-0.8736024185814858	0	No data	No data	0	0.5	-1
GAK	0.37179860522198116	No data	0.26408272409667966	No data	No data	No data	No data	No data	No data	No data	No data	No data	No data	No data	No data	0.5438973646993447	No data	No data	0.07480926203943004	No data	No data	No data	0	0	1	1	1	0.13806500000000027	1	-0.4529509100937672	-0.8298815276568541	0	No data	No data	0	-1	-1
MPRIP	0.37125996982622567	No data	0.14875431571589734	No data	No data	No data	No data	No data	No data	No data	No data	No data	No data	No data	No data	0.5688988359014587	No data	No data	0.19005848395539168	0.030681819757237848	No data	No data	0	0	0	0	0	0	No data	-0.8976282404853834	-0.15086693611469776	0	No data	No data	0	-1	-1
SLC7A14	0.3707910207621442	No data	0.40245997189357186	No data	No data	No data	No data	No data	No data	No data	No data	No data	No data	No data	No data	0.5072393552971188	No data	No data	0.030396539880581056	0.07599459700790363	No data	No data	1	0	0	0	0	0.8378749999999997	No data	-0.31958080529509103	-0.2626188680297503	0	No data	No data	0	0.75	0.5
PTPRS	0.37036636998273004	No data	0.25682283311751597	No data	No data	No data	No data	No data	No data	No data	No data	No data	No data	No data	No data	0.5303543057628811	No data	No data	0.6599043680432111	No data	No data	No data	1	1	1	1	0	0.6124250000000003	No data	-0.8167677881963596	-0.7399640860676473	0	No data	No data	-0.27361499999999983	-1	-1
CLINT1	0.3697919952539438	No data	0.5346336297496357	No data	No data	No data	No data	No data	No data	No data	No data	No data	No data	No data	No data	0.2883250563397348	No data	No data	0.0704186507233461	No data	No data	No data	0	0	0	0	0	0.7200000000000003	No data	-0.7730832873690017	0	0	No data	No data	0	-1	-1
SPPL2A	0.36451228936309865	No data	0.5884346405418392	No data	No data	No data	No data	No data	No data	No data	No data	No data	No data	No data	No data	No data	No data	No data	0.22320793823395874	No data	No data	No data	0	0	1	1	0	0	No data	0.19117484831770537	-0.12070167398158138	0	No data	No data	0	-1	-1
ZFHX3	0.36400038342455615	No data	0.5886590379297557	No data	No data	No data	No data	No data	No data	No data	No data	No data	No data	No data	No data	No data	No data	No data	0.14584756104741659	0.12607087829013	No data	No data	0	0	0	0	0	0.7380499999999998	No data	-0.9627137341423055	-0.8181738194964627	0	No data	255	0	-1	0
LILRA5	0.3635765891806877	No data	0.5959872282955487	No data	No data	No data	No data	No data	No data	No data	No data	No data	No data	No data	No data	No data	No data	No data	0.04137306817079087	No data	No data	No data	1	1	0	0	0	0	No data	0.22228350799779362	0	0	No data	No data	-0.07190750000000001	0.5	0
MS4A4E	0.3635467622674651	No data	0.5938944675422396	No data	No data	No data	No data	No data	No data	No data	No data	No data	No data	No data	No data	No data	No data	No data	0.08224702308895078	No data	No data	No data	0	0	0	0	0	0	No data	0.8894649751792609	-0.241043657495503	No data	No data	No data	0	-1	0
FAM20B	0.3622962682225441	No data	0.5946276044225156	No data	No data	No data	No data	No data	No data	No data	No data	No data	No data	No data	No data	No data	No data	No data	0.012158615952232422	0.02104110117126057	No data	No data	0	0	0	0	0	0.8655250000000002	No data	-0.3643684500827358	-0.6749164843397661	0	No data	No data	0	-1	-1
LRRK2	0.3615993868238931	No data	0.06996318940075567	No data	No data	No data	No data	No data	No data	No data	No data	No data	No data	No data	No data	0.5554697974314395	No data	No data	0.6312009763926868	No data	No data	No data	0	0	1	1	0	0.3312249999999999	1	-0.319249862107005	-0.8338069829657485	0	No data	No data	0	1	0
CANX	0.36159934045554387	No data	0.15128171461123924	No data	No data	No data	No data	No data	No data	No data	No data	No data	No data	No data	No data	0.5531979966234456	No data	No data	0.17032645861199716	No data	No data	No data	0	0	0	0	0	0.6621600000000001	No data	-0.9107556536127964	-0.9093257058519039	0	No data	No data	0	-1	-1
PVR	0.3596586826147091	No data	0.5764501386999384	No data	No data	No data	No data	No data	No data	No data	No data	No data	No data	No data	No data	No data	No data	No data	0.3032216840382607	No data	No data	No data	1	1	0	0	0	0	No data	0.30325427468284616	-0.08154828605065528	0	No data	No data	0	-1	-1
SDK1	0.35806254427615836	No data	0.58792181763885	No data	No data	No data	No data	No data	No data	No data	No data	No data	No data	No data	No data	No data	No data	No data	0.021277577916406734	No data	No data	No data	0	0	0	0	0	0.48712000000000016	No data	-0.33491450634307773	-0.3074028175658705	0	No data	No data	0	0.5	0
MELK	0.35791793425724105	No data	0.5848722651994646	No data	No data	No data	No data	No data	No data	No data	No data	No data	No data	No data	No data	No data	No data	No data	0.07751117669548169	No data	No data	No data	1	0	1	1	0	0.15514500000000025	1	0.22735797021511317	0	0	No data	No data	0	0.5	0
KHDRBS2	0.35717301440945093	No data	0.5771872140488471	No data	No data	No data	No data	No data	No data	No data	No data	No data	No data	No data	No data	No data	No data	No data	0.20670546799702766	No data	No data	No data	0	0	0	0	0	0.7707749999999998	No data	-0.14649751792608934	-0.2955739410184277	0	No data	No data	-0.19770749999999992	0.5	0.5
MMP3	0.35580285551270235	No data	0.5551865860958674	No data	No data	No data	No data	No data	No data	No data	No data	No data	No data	No data	No data	No data	No data	No data	0.6016418801618945	No data	No data	0.7	0	1	1	1	1	0	No data	0.468284611141754	-0.16131306872844392	0	255	No data	-0.45492750000000015	0.5	0
PRDM9	0.35408074400745343	No data	0.5785994292195892	No data	No data	No data	No data	No data	No data	No data	No data	No data	No data	No data	No data	No data	No data	No data	0.07673016447013233	No data	No data	No data	0	0	1	1	0	0	1	0.13182570325427467	-0.11398320323334182	0	No data	No data	0	0.75	0.5
CCDC6	0.353461592270713	No data	0.5756589171981137	No data	No data	No data	No data	No data	No data	No data	No data	No data	No data	No data	No data	No data	No data	No data	0.10296193881348126	0.02747095701668056	No data	1	0	0	1	1	0	0.7679349999999999	No data	-0.6185328185328185	-0.616809850815779	0	No data	255	No data	-1	-1
EPHX2	0.3534262468160848	No data	0.5393069379396056	No data	No data	No data	No data	No data	No data	No data	No data	No data	No data	No data	No data	No data	No data	No data	0.8410480264338118	No data	No data	0.2	0	0	1	1	1	0	1	0.2219525648097076	-0.7097877606344829	0	No data	No data	0	0.5	-1
ATP5F1C	0.351647124189667	No data	0.5699541463979956	No data	No data	No data	No data	No data	No data	No data	No data	No data	No data	No data	No data	No data	No data	No data	0.11553545599983712	0.11822433318737127	No data	No data	0	0	0	0	0	0.5637599999999999	No data	-0.31362382790954224	No data	0	No data	No data	No data	0.5	-1
RIN3	0.3491956002022905	No data	0.5360945773612429	No data	No data	No data	No data	No data	No data	No data	No data	No data	No data	No data	No data	No data	No data	No data	0.7661133893296301	No data	No data	No data	0	0	0	0	0	0	No data	-0.18334252619966906	-0.2908093809317214	0	No data	No data	0	0.5	0
GRIK5	0.34874579730872085	No data	0.3609333729814515	No data	No data	No data	No data	No data	No data	No data	No data	No data	No data	No data	No data	0.4834270119773683	No data	No data	No data	No data	No data	1	1	0	1	1	0	0.9438749999999999	0	-0.5780474351902923	-0.7589328956802788	0	No data	No data	-0.18622499999999995	0.5	0
DOCK3	0.3484394504684469	No data	0.563115918864609	No data	No data	No data	No data	No data	No data	No data	No data	No data	No data	No data	No data	No data	No data	No data	0.20081038135474596	No data	No data	No data	0	0	0	0	0	0.9064050000000001	No data	-0.8881412024269167	-0.31973151269720335	0	No data	No data	0	0.5	0
EPB41L1	0.34738171212596075	No data	0.5714165386763098	No data	No data	No data	No data	No data	No data	No data	No data	No data	No data	No data	No data	No data	No data	No data	No data	No data	No data	No data	1	0	0	0	0	0.7446100000000001	No data	-0.8094870380584667	-0.6769125019025773	0	No data	No data	0	-1	0
APOB	0.34707186715861954	No data	0.5271422301658297	No data	No data	No data	No data	No data	No data	No data	No data	No data	No data	No data	No data	No data	No data	No data	0.8752927413338638	No data	No data	1	0	1	0	1	0	0	No data	-0.6480970766685052	-0.910720988845943	0	255	No data	No data	0.75	0.5
ACP5	0.345760041087921	No data	0.3448830318442246	No data	No data	No data	No data	No data	No data	No data	No data	No data	No data	No data	No data	0.4658859682934161	No data	No data	0.7489029016248386	No data	No data	No data	0	0	0	0	0	0.2615400000000001	No data	0.30038610038610036	0	0	No data	No data	No data	0.5	-1
HAVCR2	0.34344720941934653	No data	0.5308502088030242	No data	No data	No data	No data	No data	No data	No data	No data	No data	No data	No data	No data	No data	No data	No data	0.6818874335979918	No data	No data	1	1	0	1	1	0	0	No data	-0.3004964147821291	-0.5667061377600163	0	No data	No data	0	-1	-1
RBCK1	0.34327155634909184	No data	0.5624312088448098	No data	No data	No data	No data	No data	No data	No data	No data	No data	No data	No data	No data	No data	No data	No data	0.04448871350855044	No data	No data	No data	No data	No data	0	1	0	0.5588250000000002	No data	-0.13590733590733595	-0.39195967452801656	0	No data	No data	0	-1	-1
MTHFD1L	0.34322313844710206	No data	0.5564057657032849	No data	No data	No data	No data	No data	No data	No data	No data	No data	No data	No data	No data	No data	No data	No data	0.1634047008940142	No data	No data	No data	0	0	0	0	0	0.4222900000000003	No data	-0.19327082184225042	-0.7676564990067161	0	No data	No data	0	0.5	0
ZNF568	0.3427665943700876	No data	0.5638250204081047	No data	No data	No data	No data	No data	No data	No data	No data	No data	No data	No data	No data	No data	No data	No data	No data	No data	No data	No data	0	0	0	0	0	No data	No data	0.12266960838389407	No data	0	255	No data	0	-1	-1
CAV1	0.34273518875572057	No data	0.5377120165875411	No data	No data	No data	No data	No data	No data	No data	No data	No data	No data	No data	No data	No data	No data	No data	0.5049960663607593	0.036519329322789805	No data	No data	0	0	0	0	0	0.7471899999999998	No data	-0.001765030336458917	-0.9890679154488915	0	No data	No data	0	-1	0
PITX2	0.34221604424871355	No data	0.5530817927692828	No data	No data	No data	No data	No data	No data	No data	No data	No data	No data	No data	No data	No data	No data	No data	0.19675228988279742	No data	No data	No data	0	0	0	0	0	0	No data	-0.7842250413678985	-0.9872384146486243	0	No data	No data	-0.05092499999999998	0.5	0
IL6R	0.3414625383994451	No data	0.5409807847384516	No data	No data	No data	No data	No data	No data	No data	No data	No data	No data	No data	No data	No data	No data	No data	0.4139832523792204	No data	No data	1	1	1	0	0	0	0	No data	-0.0058466629895200795	-0.8533623799972719	0	255	No data	0	0.5	-1
CCN3	0.3383426939640305	No data	0.5387638244239706	No data	No data	No data	No data	No data	No data	No data	No data	No data	No data	No data	No data	No data	No data	No data	0.350911165954708	0.010739584751144848	No data	No data	0	1	0	0	0	0.005599999999999739	No data	-0.0025372311086596655	-0.9331874122997585	0	No data	No data	0	0.75	0
TBX5	0.3375820678355322	No data	0.5518097093329752	No data	No data	No data	No data	No data	No data	No data	No data	No data	No data	No data	No data	No data	No data	No data	0.0697431720593332	No data	No data	No data	0	0	0	0	0	0.8069499999999998	No data	-0.9113072255929399	-0.9673622266424095	0	No data	No data	0	0.5	0.5
CTCF	0.3362905146276277	No data	0.08809008395470656	No data	No data	No data	No data	No data	No data	No data	No data	No data	No data	No data	No data	0.5082020905492572	No data	No data	0.7036496665048889	No data	No data	No data	0	0	0	0	0	0.9587350000000001	No data	-0.9525648097076669	-0.9023221435976048	-1	No data	255	0	-1	-1
FADS1	0.3359182185978045	No data	0.24206362509796245	No data	No data	No data	No data	No data	No data	No data	No data	No data	No data	No data	No data	0.4893345683618506	No data	No data	0.12192694401475081	No data	No data	No data	0	0	1	1	0	0	No data	-0.7642581356867071	-0.8501091180381628	0	No data	No data	0	-1	-1
SDCCAG8	0.33563815888852383	No data	0.5520992853251491	No data	No data	No data	No data	No data	No data	No data	No data	No data	No data	No data	No data	No data	No data	No data	No data	No data	No data	No data	0	0	0	0	0	0	No data	-0.21610590182018752	-0.873174866558736	0	No data	No data	No data	-1	-1
BARHL2	0.3354736707651707	No data	0.5518287148523265	No data	No data	No data	No data	No data	No data	No data	No data	No data	No data	No data	No data	No data	No data	No data	No data	No data	No data	No data	0	0	0	0	0	0.6253250000000001	No data	-0.5335907335907336	-0.6550109607403317	0	No data	No data	0	1	0.5
GRIA1	0.3353907949231281	0.1654922726831635	0.48950752203493547	No data	No data	No data	No data	No data	No data	No data	No data	No data	No data	No data	No data	No data	No data	No data	0.7113966078991453	0.04712665718926937	0.3700778730460743	1	1	0	1	1	0	0.8951450000000001	No data	-0.7425261996690569	-0.3529778433978703	0	No data	No data	-0.19149999999999992	0.5	0.5
TCF7L2	0.33300980225156634	No data	0.5249383146310751	No data	No data	No data	No data	No data	No data	No data	No data	No data	No data	No data	No data	No data	No data	No data	0.4251418109716581	0.07111948756355997	No data	No data	0	0	1	1	0	0.7334400000000002	No data	-0.7158301158301159	-0.8841823322477599	0	255	255	0	-1	-1
MAST2	0.33225859289059934	No data	0.4588113911231345	No data	No data	No data	No data	No data	No data	No data	No data	No data	No data	No data	No data	0.3455182021123373	No data	No data	0.012158615952232422	0.05387541879917077	No data	No data	0	0	0	0	0	0.3993299999999998	No data	-0.6004412575841147	0	0	No data	No data	0	0.5	-1
VEGFC	0.33201194714695553	No data	0.5292574774339449	No data	No data	No data	No data	No data	No data	No data	No data	No data	No data	No data	No data	No data	No data	No data	0.3375392985165898	No data	No data	1	0	1	0	0	0	0.27207500000000023	No data	-0.8155543298400441	-0.7710737034967191	0	No data	No data	0	-1	0
SYBU	0.33190183919006017	No data	0.5335773287113004	No data	No data	No data	No data	No data	No data	No data	No data	No data	No data	No data	No data	No data	No data	No data	0.2288199105819548	0.042074950100497124	No data	No data	0	0	0	0	0	0.2609349999999999	No data	-0.13193601765030338	0	0	No data	No data	0	0.5	0
HCN4	0.3316954444374896	No data	0.5456138194357354	No data	No data	No data	No data	No data	No data	No data	No data	No data	No data	No data	No data	No data	No data	No data	No data	No data	No data	1	1	0	1	1	0	0.7547800000000002	No data	-0.6077220077220078	-0.8289591821393918	0	No data	No data	0	0.75	0.5
DHX30	0.33147600315295067	No data	0.041494511245184273	No data	No data	No data	No data	No data	No data	No data	No data	No data	No data	No data	No data	0.5346090359086251	No data	No data	0.012158615952232422	No data	No data	No data	0	0	0	1	0	0.8827449999999999	No data	-0.9982349696635411	-0.808648876273737	0	No data	No data	0	-1	-1
CDKL1	0.3313504021375494	No data	0.5390575493808074	No data	No data	No data	No data	No data	No data	No data	No data	No data	No data	No data	No data	No data	No data	No data	0.10620456260482874	0.030531309363767533	No data	No data	0	0	1	1	0	0.4397750000000002	No data	0.3977937120794264	-0.43423810300908944	0	No data	No data	-0.08963499999999999	-1	0
LIPG	0.3312463392360888	No data	0.5427947700658883	No data	No data	No data	No data	No data	No data	No data	No data	No data	No data	No data	No data	No data	No data	No data	0.04160610830987533	No data	No data	No data	0	1	1	1	0	0.010000000000000142	No data	-0.14969663541092115	-0.17073779750080204	0	No data	No data	0	0.75	0
CHRNA2	0.3308928507246233	No data	0.5344749544984652	No data	No data	No data	No data	No data	No data	No data	No data	No data	No data	No data	No data	No data	No data	No data	0.1963731844607055	No data	No data	No data	1	0	1	1	0	0.09262999999999977	No data	0.38201875344732494	-0.28221171810865864	0	255	No data	-0.11625750000000004	1	0.5
SPEN	0.3308266271014359	No data	0.2533574873832302	No data	No data	No data	No data	No data	No data	No data	No data	No data	No data	No data	No data	0.4790217119001831	No data	No data	0.0820618714769193	No data	No data	No data	0	0	0	0	0	0.05431000000000026	No data	-0.9958080529509101	-0.7809088733618996	0	No data	255	0	-1	-1
RABEP1	0.33066340580291426	No data	0.5239152453755042	No data	No data	No data	No data	No data	No data	No data	No data	No data	No data	No data	No data	No data	No data	No data	0.3576509789068159	0.0953279967108872	No data	No data	0	0	0	0	0	0.814385	No data	-0.6982901268615554	No data	0	No data	No data	0	-1	-1
USP3	0.3304741242675972	No data	0.5377524089150503	No data	No data	No data	No data	No data	No data	No data	No data	No data	No data	No data	No data	No data	No data	No data	0.11704863159681747	No data	No data	No data	0	0	0	0	0	0.8269249999999999	No data	-0.7339216767788197	No data	0	No data	No data	0	-1	-1
PSME4	0.3303916254396694	No data	0.5416453437945069	No data	No data	No data	No data	No data	No data	No data	No data	No data	No data	No data	No data	No data	No data	No data	0.03647584785669726	No data	No data	No data	0	0	0	0	0	0.7856749999999998	No data	-0.803088803088803	-0.9101687294493712	0	No data	No data	No data	0.5	-1
KMT2C	0.3297929144001574	No data	0.5335173227245594	No data	No data	No data	No data	No data	No data	No data	No data	No data	No data	No data	No data	No data	No data	No data	0.17933958529542823	No data	No data	No data	0	0	1	0	0	0.2618600000000001	No data	-0.95565361279647	-0.7349225710974411	0	No data	255	0	-1	-1
AOPEP	0.3293895812052831	No data	0.4919244411578143	No data	No data	No data	No data	No data	No data	No data	No data	No data	No data	No data	No data	No data	No data	No data	0.9979281670457757	No data	No data	0.2	0	0	0	0	0	0	No data	0.01776061776061777	-0.10129547872063965	0	No data	No data	0	-1	-1
TEAD1	0.32845136214523957	No data	0.5299261311014144	No data	No data	No data	No data	No data	No data	No data	No data	No data	No data	No data	No data	No data	No data	No data	0.18889656296159238	0.04079660169244076	No data	No data	0	0	1	1	0	0.7887349999999997	1	-0.9046883618312189	-0.9175952836752865	0	No data	No data	-0.3896725	-1	0
TANK	0.32783120339966876	No data	0.53621778236427	No data	No data	No data	No data	No data	No data	No data	No data	No data	No data	No data	No data	No data	No data	No data	0.06079307976116211	No data	No data	No data	0	0	0	1	0	0	No data	-0.7498069498069497	-0.7643300758299317	0	No data	No data	No data	-1	-1
RHOH	0.3278301321157855	No data	0.5374065513289507	No data	No data	No data	No data	No data	No data	No data	No data	No data	No data	No data	No data	No data	No data	No data	0.03698245685470695	No data	No data	No data	0	0	0	0	0	0.8429299999999997	No data	-0.2174296745725317	0	0	No data	255	0	0.75	0
MORN3	0.3270685606150722	No data	0.5380029468814989	No data	No data	No data	No data	No data	No data	No data	No data	No data	No data	No data	No data	No data	No data	No data	No data	No data	No data	No data	1	0	0	0	0	0.2083350000000003	No data	0.6608935466078323	No data	0	No data	No data	0	0.5	0.5
TCN2	0.3264756839027624	No data	0.5321575856155912	No data	No data	No data	No data	No data	No data	No data	No data	No data	No data	No data	No data	No data	No data	No data	0.09740248186251332	No data	No data	No data	0	1	0	0	0	0	No data	-0.1399889685603971	No data	0	No data	No data	0	0.5	-1
ALPL	0.32641420049796566	No data	0.5245314624456122	No data	No data	No data	No data	No data	No data	No data	No data	No data	No data	No data	No data	No data	No data	No data	0.24790223461679542	No data	No data	No data	0	0	1	1	0	0.4942749999999997	0	0.031880860452289106	-0.930317925978796	0	No data	No data	0	0.5	-1
ADGRA3	0.3263227925574391	No data	0.5338797139524553	No data	No data	No data	No data	No data	No data	No data	No data	No data	No data	No data	No data	No data	No data	No data	No data	0.05793002205438066	No data	No data	0	0	0	0	0	0.6290700000000001	No data	-0.5586321014892444	No data	0	No data	No data	0	0.5	-1
PRRX1	0.3260382541469189	No data	0.511502191513009	No data	No data	No data	No data	No data	No data	No data	No data	No data	No data	No data	No data	No data	No data	No data	0.49611958925487193	No data	No data	No data	0	0	0	0	0	0.9795900000000003	No data	-0.6069498069498069	-0.9201674464422901	0	No data	No data	-0.030612499999999977	-1	0
OASL	0.32580172338195196	No data	0.525958706289664	No data	No data	No data	No data	No data	No data	No data	No data	No data	No data	No data	No data	No data	No data	No data	0.19920779076465087	No data	No data	No data	0	0	0	0	0	0	No data	0.14815223386651954	No data	0	No data	No data	0	0.5	0
PIK3R6	0.3256998478914742	No data	0.5339277259889479	No data	No data	No data	No data	No data	No data	No data	No data	No data	No data	No data	No data	No data	No data	No data	0.03647584785669726	No data	No data	No data	1	0	0	0	0	0.13793000000000005	No data	0.57992277992278	0	No data	No data	No data	0	0.5	0.5
ARHGEF10L	0.32552834125573255	No data	0.5339495759949894	No data	No data	No data	No data	No data	No data	No data	No data	No data	No data	No data	No data	No data	No data	No data	0.030396539880581056	No data	No data	No data	0	0	0	0	0	0.573885	No data	-0.49795918367346936	No data	0	No data	No data	0	-1	-1
PTPN21	0.3247169581531489	No data	0.534134739396104	No data	No data	No data	No data	No data	No data	No data	No data	No data	No data	No data	No data	No data	No data	No data	No data	No data	No data	No data	0	0	0	0	0	0.4633749999999999	No data	-0.39735245449531165	No data	0	No data	No data	0	-1	0
ZFTA	0.32429777447840835	No data	0.5334452140810725	No data	No data	No data	No data	No data	No data	No data	No data	No data	No data	No data	No data	No data	No data	No data	No data	No data	No data	No data	0	0	0	0	0	0.44690000000000013	No data	0.7427468284611143	0	No data	No data	No data	No data	-1	-1
NCOR2	0.3230285386807998	No data	0.5227007363175269	No data	No data	No data	No data	No data	No data	No data	No data	No data	No data	No data	No data	No data	No data	No data	0.1731336250698096	No data	No data	No data	0	0	1	1	0	0.3695300000000003	0	-0.7423055708769994	-0.9375147721290766	0	255	255	0	-1	-1
FARP1	0.32279303981347207	No data	0.5288422820247821	No data	No data	No data	No data	No data	No data	No data	No data	No data	No data	No data	No data	No data	No data	No data	0.04255515583281348	No data	No data	No data	0	0	0	0	0	0.5980849999999996	No data	-0.6333149476006619	-0.05901705023956677	0	No data	No data	0	-1	-1
NBPF4	0.32277724987883455	No data	0.5303361357753111	No data	No data	No data	No data	No data	No data	No data	No data	No data	No data	No data	No data	No data	No data	No data	0.012158615952232422	No data	No data	No data	0	0	0	0	0	No data	No data	0.8177606177606178	No data	No data	No data	No data	-0.9804075000000001	0.5	0.5
BCL11A	0.322700468931865	No data	0.5250124886980188	No data	No data	No data	No data	No data	No data	No data	No data	No data	No data	No data	No data	No data	No data	No data	0.11610558094709046	No data	No data	1	0	0	0	0	0	0.9760500000000001	No data	-0.988196359624931	-0.49356071355272396	0	No data	255	-0.07485	0.5	0
DIO2	0.32259109483300924	No data	0.5210365847794463	No data	No data	No data	No data	No data	No data	No data	No data	No data	No data	No data	No data	No data	No data	No data	0.19202541756847813	No data	No data	No data	1	0	0	0	0	0.37729	No data	0.495973524544953	-0.24613636551791107	0	255	No data	0	0.5	0
PROK2	0.3224816199654802	No data	0.4998588559553243	No data	No data	No data	No data	No data	No data	No data	No data	No data	No data	No data	No data	No data	No data	No data	0.611978437164535	No data	No data	No data	0	1	0	0	0	0	No data	0.15322669608383888	-0.05373224667943238	0	No data	No data	0	0.5	0
UBE2V2	0.3215306422272108	No data	0.527677630049564	No data	No data	No data	No data	No data	No data	No data	No data	No data	No data	No data	No data	No data	No data	No data	0.024317231904464845	No data	No data	No data	0	0	0	0	0	0.931035	No data	0.3819084390512961	No data	0	No data	No data	-0.7068974999999998	-1	-1
WWOX	0.3214422371405693	No data	0.5097066002308739	No data	No data	No data	No data	No data	No data	No data	No data	No data	No data	No data	No data	No data	No data	No data	0.38082943518521256	No data	No data	No data	0	0	0	0	0	0.6859900000000003	No data	0.8593491450634307	-0.9404096775028322	0	255	No data	0	-1	-1
CEP170	0.32104419500695874	No data	0.5270265392756324	No data	No data	No data	No data	No data	No data	No data	No data	No data	No data	No data	No data	No data	No data	No data	No data	0.021335672585731547	No data	No data	0	0	0	0	0	0.4570700000000002	No data	-0.9161610590182019	No data	0	No data	No data	0	0.75	-1
SLIT3	0.3201354779226577	No data	0.038515717676939114	No data	No data	No data	No data	No data	No data	No data	No data	No data	No data	No data	No data	0.5162941442197028	No data	No data	0.030396539880581056	No data	No data	No data	0	1	0	0	0	0.7012450000000001	No data	-0.7132928847214561	-0.9293022762572722	0	No data	No data	-0.16447749999999992	-1	0
NUP88	0.31990752647991355	No data	0.050645964295669844	No data	No data	No data	No data	No data	No data	No data	No data	No data	No data	No data	No data	0.5124202490051163	No data	No data	0.037995674850726316	0.02380008637173386	No data	No data	0	0	0	0	0	0.5006749999999996	No data	-0.3707666850523993	0	-1	No data	No data	No data	-1	-1
TET2	0.31950478155901135	No data	0.5048080453834741	No data	No data	No data	No data	No data	No data	No data	No data	No data	No data	No data	No data	No data	No data	No data	0.3906620481715416	0.054898059754448746	No data	No data	0	0	1	1	0	0	No data	0.9997793712079426	-0.8804406422285638	0	No data	255	0	-1	0
DDAH1	0.31890403784082005	No data	0.5152059940089161	No data	No data	No data	No data	No data	No data	No data	No data	No data	No data	No data	No data	No data	No data	No data	0.18733865732953284	No data	No data	No data	1	0	1	1	1	0.6842100000000002	No data	0.2950910093767236	-0.8814561065350524	0	No data	No data	0	0.5	0
GMPR	0.31879027476878974	No data	0.48942401053278156	No data	No data	No data	No data	No data	No data	No data	No data	No data	No data	No data	No data	No data	No data	No data	0.693754050670775	0.01233369872844113	No data	No data	No data	No data	0	0	1	0.7681150000000002	No data	0.4115830115830117	0	0	No data	No data	-0.4927524999999999	0.5	-1
LRRN2	0.31869810267368415	No data	0.5223343954202139	No data	No data	No data	No data	No data	No data	No data	No data	No data	No data	No data	No data	No data	No data	No data	0.037995674850726316	No data	No data	No data	0	0	0	0	0	0.5021050000000002	No data	-0.6703805846662989	No data	0	No data	No data	0	0.5	0
TNKS1BP1	0.3182294029411329	No data	0.5234632036925277	No data	No data	No data	No data	No data	No data	No data	No data	No data	No data	No data	No data	No data	No data	No data	No data	No data	No data	No data	1	0	0	0	0	0	No data	-0.7543298400441257	0	0	No data	No data	0	-1	-1
PTPRN2	0.31814074480810467	No data	0.5143715357558007	No data	No data	No data	No data	No data	No data	No data	No data	No data	No data	No data	No data	No data	No data	No data	0.15759141433664878	0.04798175954176312	No data	No data	0	0	0	0	0	0	No data	-0.2687258687258687	0	0	No data	No data	0	0.5	0
NEURL1	0.317586462367833	No data	0.48594833768121254	No data	No data	No data	No data	No data	No data	No data	No data	No data	No data	No data	No data	No data	No data	No data	0.7291455517741795	No data	No data	No data	1	0	0	0	0	0.7125450000000001	No data	0.12575841147269728	-0.19856800196120322	0	No data	No data	0	0.5	0
CELF4	0.3174198499809476	No data	0.5206117235508612	No data	No data	No data	No data	No data	No data	No data	No data	No data	No data	No data	No data	No data	No data	No data	0.030396539880581056	No data	No data	No data	0	0	0	0	0	0.9485599999999998	No data	-0.6351902923331495	-0.8397055997083314	0	255	No data	-0.16666750000000013	0.5	0
KCNG1	0.31724160594611445	No data	0.5152265848313591	No data	No data	No data	No data	No data	No data	No data	No data	No data	No data	No data	No data	No data	No data	No data	0.10089962543692878	0.07050539425530093	No data	1	0	0	0	0	0	0.6491250000000001	No data	-0.05968008825151683	-0.6440383331583812	0	No data	No data	0	0.5	0
SCARB2	0.3171765082161063	No data	0.5180508521130966	No data	No data	No data	No data	No data	No data	No data	No data	No data	No data	No data	No data	No data	No data	No data	0.07360839412649443	No data	No data	No data	0	0	0	0	0	0.2887050000000002	No data	-0.45990071704357416	-0.9410924650164162	0	No data	No data	0	-1	-1
SMARCC1	0.3170528384392226	No data	0.4934383965515466	No data	No data	No data	No data	No data	No data	No data	No data	No data	No data	No data	No data	No data	No data	No data	0.5425782368683718	0.043224121445056655	No data	No data	0	0	0	0	0	0.7828049999999998	No data	-0.8274682846111417	-0.6610501848431463	0	No data	No data	-0.08823500000000006	-1	-1
CAND2	0.316562499445338	No data	0.5174045919841573	No data	No data	No data	No data	No data	No data	No data	No data	No data	No data	No data	No data	No data	No data	No data	No data	0.06633364061881139	No data	No data	0	0	0	0	0	0.5267000000000003	No data	-0.26199669056811914	-0.07423728449275302	0	No data	No data	-0.06351250000000004	0.5	0
ANO5	0.3160198885329749	No data	0.519022035963718	No data	No data	No data	No data	No data	No data	No data	No data	No data	No data	No data	No data	No data	No data	No data	0.012158615952232422	0.008943907727730077	No data	No data	1	0	0	0	0	0.014240000000000207	No data	0.12277992277992289	-0.6374453098278889	0	No data	No data	0	0.75	0
TP53INP1	0.31596203995983096	No data	0.5134752144466085	No data	No data	No data	No data	No data	No data	No data	No data	No data	No data	No data	No data	No data	No data	No data	0.08689557543827454	0.08611067419504988	No data	No data	0	0	0	0	0	0.35416499999999973	No data	-0.11594043022614453	-0.8439673621637191	0	No data	No data	0	0.5	-1
POLR2D	0.31563764110036774	No data	0.5191999522649847	No data	No data	No data	No data	No data	No data	No data	No data	No data	No data	No data	No data	No data	No data	No data	No data	No data	No data	No data	0	0	0	0	0	1	No data	0.7306122448979593	No data	-1	No data	No data	No data	0.5	-1
NRF1	0.3148835448908988	No data	0.4996582199960343	No data	No data	No data	No data	No data	No data	No data	No data	No data	No data	No data	No data	No data	No data	No data	0.36602602530476447	No data	No data	No data	0	0	0	0	0	0.5228650000000001	No data	-0.963596249310535	-0.2968332104456023	-1	255	No data	No data	-1	-1
CEP68	0.31480251196625214	No data	0.51782622825331	No data	No data	No data	No data	No data	No data	No data	No data	No data	No data	No data	No data	No data	No data	No data	No data	No data	No data	No data	0	0	0	0	0	0	No data	-0.5359073359073359	-0.3596166767399958	0	255	No data	0	-1	-1
GRIK1	0.31473632711268335	No data	0.5090179038028875	No data	No data	No data	No data	No data	No data	No data	No data	No data	No data	No data	No data	No data	No data	No data	0.17398910783846427	No data	No data	1	1	0	1	1	1	0.7997900000000001	0	-0.2765581908439051	0	0	No data	No data	-0.3651225	0.75	0.5
DPP4	0.3144443921205078	No data	0.4752413274238807	No data	No data	No data	No data	No data	No data	No data	No data	No data	No data	No data	No data	No data	No data	No data	0.8399164175266115	No data	No data	1	1	1	1	1	1	0.22323999999999983	1	-0.11715388858246001	-0.8838034952024245	0	No data	No data	0	0.5	0
TESC	0.31443984519993695	No data	0.5129579164594631	No data	No data	No data	No data	No data	No data	No data	No data	No data	No data	No data	No data	No data	No data	No data	0.08543505003341917	No data	No data	No data	0	0	0	0	0	0.8364499999999999	No data	0.2536127964699393	No data	0	No data	No data	0	0.5	0
ITGB3	0.3143159627232309	No data	0.5087843478925382	No data	No data	No data	No data	No data	No data	No data	No data	No data	No data	No data	No data	No data	No data	No data	0.16483087602390284	No data	No data	1	1	0	1	1	0	0.5304549999999999	0	-0.4563706563706563	-0.9686728684569718	0	No data	No data	0	0.5	0
GABRA4	0.314192474150379	0.14758195590686116	0.06741513174140977	No data	No data	No data	No data	No data	No data	No data	No data	No data	No data	No data	No data	0.4717027387219874	No data	No data	0.01823792392834863	0.04704488677142673	No data	1	1	0	1	1	0	0.52166	No data	-0.8100386100386101	No data	0	255	No data	0	0.75	0.5
FBXO11	0.31387664751059446	No data	0.513855542246628	No data	No data	No data	No data	No data	No data	No data	No data	No data	No data	No data	No data	No data	No data	No data	0.03343619386863916	0.03409365500941734	No data	No data	0	0	0	0	0	0.5307450000000002	No data	-0.9473800330943188	-0.8868480052834479	0	No data	255	0	-1	-1
RFX6	0.31274739070041757	No data	0.5144457098227444	No data	No data	No data	No data	No data	No data	No data	No data	No data	No data	No data	No data	No data	No data	No data	No data	No data	No data	No data	0	0	0	0	0	0.3696100000000001	No data	-0.44600110314396024	-0.660054523539604	0	No data	No data	0	0.75	0.5
RPH3A	0.31266017021929515	No data	0.48957630833608584	No data	No data	No data	No data	No data	No data	No data	No data	No data	No data	No data	No data	No data	No data	No data	0.4531205317626861	0.09314567234997694	No data	No data	0	0	0	0	0	0.3876100000000001	No data	-0.5194704908990624	No data	0	No data	No data	0	1	0
ADH5	0.3124213592450191	No data	0.5025674957589882	No data	No data	No data	No data	No data	No data	No data	No data	No data	No data	No data	No data	No data	No data	No data	0.22683834152411037	No data	No data	1	0	0	1	1	1	0.6122999999999997	No data	0.3782680639823497	-0.7784951801440665	0	No data	No data	-0.084225	-1	-1
ADAMTS8	0.31233008586330213	No data	0.511115884855615	No data	No data	No data	No data	No data	No data	No data	No data	No data	No data	No data	No data	No data	No data	No data	0.03706689168770857	0.03555205258228916	No data	No data	0	1	0	0	0	0.0663649999999997	No data	0.1947049089906232	No data	0	No data	No data	0	0.5	0
CNTNAP5	0.3120743344601407	No data	0.5109289821505368	No data	No data	No data	No data	No data	No data	No data	No data	No data	No data	No data	No data	No data	No data	No data	0.04819202528400123	No data	No data	No data	0	0	0	0	0	No data	No data	-0.529619415333701	0	0	No data	No data	0	0.75	0.5
SAP30L	0.3120626072796922	No data	0.5133192930933803	No data	No data	No data	No data	No data	No data	No data	No data	No data	No data	No data	No data	No data	No data	No data	No data	No data	No data	No data	0	0	0	0	0	0.836065	No data	-0.2551571980143409	No data	0	No data	No data	-0.24863500000000016	-1	-1
NEGR1	0.31175794217114566	No data	0.5080247431219772	No data	No data	No data	No data	No data	No data	No data	No data	No data	No data	No data	No data	No data	No data	No data	0.07820921434798624	0.039732222807516086	No data	No data	0	0	0	0	0	0.7033900000000003	No data	-0.7626034197462769	-0.7723181045531998	0	No data	No data	0	0.5	0
DIRAS2	0.3115508265061499	No data	0.5117175390849903	No data	No data	No data	No data	No data	No data	No data	No data	No data	No data	No data	No data	No data	No data	No data	0.015198269940290528	No data	No data	No data	1	0	0	0	0	0.9497500000000002	No data	-0.3157198014340872	-0.39195967452801656	0	No data	No data	-0.47236249999999985	1	0.5
SLC6A1	0.31143071826600294	No data	0.4908764018133056	No data	No data	No data	No data	No data	No data	No data	No data	No data	No data	No data	No data	No data	No data	No data	0.18734959471860346	No data	0.34480315013537116	1	1	0	1	1	0	0.8998350000000002	0	-0.9792608935466078	-0.3361793625097892	0	255	No data	0	0.75	0
SLMAP	0.31038479317560835	No data	0.5105594162937915	No data	No data	No data	No data	No data	No data	No data	No data	No data	No data	No data	No data	No data	No data	No data	No data	No data	No data	No data	0	0	0	0	0	0.61995	No data	-0.6532818532818533	-0.4107646859844341	0	No data	No data	0	-1	-1
NFATC2	0.31010299010112063	No data	0.5029512296959362	No data	No data	No data	No data	No data	No data	No data	No data	No data	No data	No data	No data	No data	No data	No data	0.14289283877008996	No data	No data	No data	0	0	0	0	0	0.446255	No data	-0.8327633756205185	0	0	255	No data	0	-1	0
TLR5	0.3099355213310134	No data	0.5029512296959362	No data	No data	No data	No data	No data	No data	No data	No data	No data	No data	No data	No data	No data	No data	No data	0.13738337056202474	No data	No data	0.2	0	0	0	1	0	0	No data	0.8775510204081634	-0.9063307890888783	0	No data	No data	0	-1	0
PHOSPHO1	0.309826059537351	No data	0.5090324110876248	No data	No data	No data	No data	No data	No data	No data	No data	No data	No data	No data	No data	No data	No data	No data	0.012158615952232422	No data	No data	No data	1	0	1	1	0	0.6441949999999999	0	0.5231108659680088	-0.24765919909012807	0	No data	No data	0	1	0
ARHGAP15	0.30973148818455287	No data	0.5059976205880129	No data	No data	No data	No data	No data	No data	No data	No data	No data	No data	No data	No data	No data	No data	No data	0.0697431720593332	No data	No data	No data	1	0	0	0	1	0.3157899999999998	No data	0.28946497517926084	0	0	No data	No data	0	0.75	-1
TOMM40	0.3096105223526799	No data	0.4684572416485545	No data	No data	No data	No data	No data	No data	No data	No data	No data	No data	No data	No data	No data	No data	No data	0.8165711586860972	No data	No data	No data	0	0	0	0	0	0.6537399999999998	No data	-0.7342526199669057	-0.6797107571892865	-1	No data	No data	0	-1	-1
CLXN	0.30949983517648333	No data	0.5091037275828366	No data	No data	No data	No data	No data	No data	No data	No data	No data	No data	No data	No data	No data	No data	No data	No data	No data	No data	No data	0	0	0	0	0	0.5971550000000001	No data	0.5602868174296747	-0.7688099882735655	0	No data	No data	0	0.75	0
CCRL2	0.30936918026014487	No data	0.48845558058010236	No data	No data	No data	No data	No data	No data	No data	No data	No data	No data	No data	No data	No data	No data	No data	0.408664591727812	No data	No data	No data	1	0	0	1	0	0	No data	0.9684500827357969	0	0	No data	No data	0	-1	0
SLC52A3	0.3091961875013896	No data	0.506704466471681	No data	No data	No data	No data	No data	No data	No data	No data	No data	No data	No data	No data	No data	No data	No data	0.037995674850726316	No data	No data	No data	1	0	0	0	0	0	No data	0.07832322118036394	-0.8299684459141767	0	No data	No data	0	0.5	0
ATP6V0A2	0.30900637362609434	No data	0.5072281419066925	No data	No data	No data	No data	No data	No data	No data	No data	No data	No data	No data	No data	No data	No data	No data	0.021277577916406734	No data	No data	No data	1	0	0	0	0	0.5794400000000003	No data	-0.5644787644787645	No data	0	No data	No data	0	-1	-1
TRIM48	0.30870926355536443	No data	0.5047636433085934	No data	No data	No data	No data	No data	No data	No data	No data	No data	No data	No data	No data	No data	No data	No data	0.06079307976116211	No data	No data	No data	0	0	0	0	0	No data	No data	0.7319360176503034	No data	No data	No data	No data	-0.69866	No data	No data
TYW1	0.30850891924601653	No data	0.507473746120539	No data	No data	No data	No data	No data	No data	No data	No data	No data	No data	No data	No data	No data	No data	No data	No data	No data	No data	No data	0	0	0	0	0	0.009564999999999912	No data	-0.5458356315499173	-0.21929867103040152	0	No data	No data	-0.6823775000000001	-1	-1
MB21D2	0.3075461339347438	No data	0.5058900373907703	No data	No data	No data	No data	No data	No data	No data	No data	No data	No data	No data	No data	No data	No data	No data	No data	No data	No data	No data	0	0	0	0	0	0.9287149999999997	No data	-0.728957528957529	0	0	No data	No data	0	-1	-1
SLC22A23	0.3073347409447128	No data	0.5041744676792687	No data	No data	No data	No data	No data	No data	No data	No data	No data	No data	No data	No data	No data	No data	No data	0.02735688589252295	No data	No data	No data	0	0	0	0	0	0.5918349999999997	No data	-0.5321566464423607	No data	0	No data	No data	0	-1	-1
ZMAT4	0.3072176840672006	No data	0.5016306269261468	No data	No data	No data	No data	No data	No data	No data	No data	No data	No data	No data	No data	No data	No data	No data	No data	0.0743827074546422	No data	No data	0	0	0	0	0	0.7379899999999999	No data	-0.05791505791505791	0	0	No data	No data	0	0.75	0.5
FRMD5	0.3069405505627506	No data	0.5029512296959362	No data	No data	No data	No data	No data	No data	No data	No data	No data	No data	No data	No data	No data	No data	No data	0.030396539880581056	0.019027891696501945	No data	No data	0	0	0	0	0	0.9210549999999997	No data	-0.701930501930502	-0.7093543961025525	0	No data	No data	0	0.5	0.5
GALM	0.3067471565013108	No data	0.5000162991995206	No data	No data	No data	No data	No data	No data	No data	No data	No data	No data	No data	No data	No data	No data	No data	0.09118961964174316	No data	No data	No data	0	0	0	0	0	0.2543849999999999	No data	0.6231660231660232	No data	0	No data	No data	No data	0.5	-1
COX7B2	0.30653376683209127	No data	0.5036168395814695	No data	No data	No data	No data	No data	No data	No data	No data	No data	No data	No data	No data	No data	No data	No data	0.012158615952232422	No data	No data	No data	0	0	0	0	0	0	No data	0.8309983452840595	0	0	No data	No data	-0.22839500000000007	1	0.5
KCND3	0.3062695091333552	No data	0.5010010351268577	No data	No data	No data	No data	No data	No data	No data	No data	No data	No data	No data	No data	No data	No data	No data	0.0557810280741863	No data	No data	1	1	0	1	1	0	0.9694650000000002	No data	-0.8838389409817982	-0.23763370379005083	0	No data	No data	-0.339695	0.5	0
TACC2	0.3058290474596269	No data	0.5024576297252935	No data	No data	No data	No data	No data	No data	No data	No data	No data	No data	No data	No data	No data	No data	No data	0.012158615952232422	No data	No data	No data	1	0	0	0	0	0	No data	-0.48858246001103145	No data	0	No data	No data	0	0.5	0
CUL2	0.3057082495582696	No data	0.5009670734051953	No data	No data	No data	No data	No data	No data	No data	No data	No data	No data	No data	No data	No data	No data	No data	0.037995674850726316	No data	No data	No data	0	0	0	0	0	0.8657699999999998	No data	-0.8818532818532818	No data	0	No data	No data	0	-1	-1
ARHGAP8	0.30528911985378515	No data	0.5021774206096732	No data	No data	No data	No data	No data	No data	No data	No data	No data	No data	No data	No data	No data	No data	No data	No data	No data	No data	No data	No data	No data	0	0	0	0	No data	0.7676778819635963	0	0	No data	No data	0	0.5	0
MSRB2	0.3051392806444433	No data	0.4934383965515466	No data	No data	No data	No data	No data	No data	No data	No data	No data	No data	No data	No data	No data	No data	No data	0.1305362518204953	0.08845818054706757	No data	No data	0	0	0	0	0	0	No data	0.6865968008825152	No data	0	No data	No data	0	-1	-1
WBP1L	0.3048992572278873	No data	0.5000162991995206	No data	No data	No data	No data	No data	No data	No data	No data	No data	No data	No data	No data	No data	No data	No data	0.030396539880581056	No data	No data	No data	0	0	0	0	0	0.42148499999999983	No data	-0.31527854384997245	-0.8331735555051756	0	No data	No data	0	-1	-1
TINAGL1	0.3048485098552054	No data	0.4997808409254613	No data	No data	No data	No data	No data	No data	No data	No data	No data	No data	No data	No data	No data	No data	No data	0.03343619386863916	No data	No data	No data	0	1	0	0	0	0.4432549999999999	No data	-0.29696635410921124	No data	0	No data	No data	0	0.5	0
CAMK2N1	0.3047005267139587	No data	0.0764713523010056	No data	No data	No data	No data	No data	No data	No data	No data	No data	No data	No data	No data	0.4812020112721598	No data	No data	0.04002211084276505	No data	No data	No data	0	0	0	0	0	0.8717950000000002	No data	0.7274131274131275	-0.8443347249053657	0	No data	No data	-0.13461500000000015	1	0
CLNK	0.3044706636427627	No data	0.5000036609270442	No data	No data	No data	No data	No data	No data	No data	No data	No data	No data	No data	No data	No data	No data	No data	0.01654922726831635	No data	No data	No data	0	0	0	0	0	0	No data	0.519911748483177	-0.7153328113068691	0	No data	No data	0	0.5	0.5
ANKRD55	0.3044597123598472	No data	0.49944526396700284	No data	No data	No data	No data	No data	No data	No data	No data	No data	No data	No data	No data	No data	No data	No data	0.02735688589252295	No data	No data	No data	0	0	0	0	0	0.28339	No data	-0.21665747380033096	No data	0	No data	No data	0	0.5	0.5
FBP1	0.30429951660436005	No data	0.48364120249597536	No data	No data	No data	No data	No data	No data	No data	No data	No data	No data	No data	No data	No data	No data	No data	0.338167918240755	No data	No data	No data	0	0	1	1	1	0.2455599999999997	0	0.3264202978488693	0	0	No data	No data	-0.41568000000000005	0.5	0
MPDZ	0.3041893806780379	No data	0.49740477053381904	No data	No data	No data	No data	No data	No data	No data	No data	No data	No data	No data	No data	No data	No data	No data	0.05927325276713306	No data	No data	No data	0	0	0	0	1	0.20290000000000036	No data	0.29751792608935457	-0.808648876273737	0	No data	No data	0	0.5	0
AFF3	0.30417970231266084	No data	0.49640183532698895	No data	No data	No data	No data	No data	No data	No data	No data	No data	No data	No data	No data	No data	No data	No data	0.07447152270742358	0.010219569015539732	No data	No data	0	0	0	0	0	0.4086449999999999	No data	-0.8734693877551021	-0.6906033536191075	0	No data	No data	0	-1	0
NECAP2	0.3039526186731715	No data	0.0544072035178587	No data	No data	No data	No data	No data	No data	No data	No data	No data	No data	No data	No data	0.48637717677277925	No data	No data	No data	No data	No data	No data	0	0	0	0	0	0.46768	No data	0.529619415333701	0	0	No data	No data	-0.10646500000000003	-1	-1
ARMH3	0.30367702762152304	No data	0.4978538416053336	No data	No data	No data	No data	No data	No data	No data	No data	No data	No data	No data	No data	No data	No data	No data	0.03343619386863916	No data	No data	No data	0	0	0	0	0	0.9274299999999996	No data	-0.34109211252068394	No data	0	No data	No data	No data	-1	-1
AKAP10	0.3035922477546052	No data	0.49605376618016755	No data	No data	No data	No data	No data	No data	No data	No data	No data	No data	No data	No data	No data	No data	No data	No data	0.0666485735023278	No data	No data	1	0	0	0	0	0.48640499999999987	No data	-0.8130170987313845	-0.8464750703472198	0	No data	No data	No data	-1	-1
PRICKLE1	0.30319369086914766	No data	0.4981226682447552	No data	No data	No data	No data	No data	No data	No data	No data	No data	No data	No data	No data	No data	No data	No data	0.012158615952232422	No data	No data	No data	0	0	0	0	0	0.663055	No data	-0.9027027027027027	-0.9536212462524774	0	No data	No data	0	-1	0
KCNJ3	0.30317095136564864	No data	0.4938348491487277	No data	No data	No data	No data	No data	No data	No data	No data	No data	No data	No data	No data	No data	No data	No data	0.09307579042140779	0.009205002719726041	No data	1	1	0	1	1	0	0.9500999999999997	No data	-0.9414230557087699	-0.808161059223241	0	No data	No data	0	0.5	0
TREML2	0.30315207788615645	No data	0.46869819097597915	No data	No data	No data	No data	No data	No data	No data	No data	No data	No data	No data	No data	No data	No data	No data	0.5992791573834007	No data	No data	No data	1	0	0	0	0	0	No data	0.5744070601213458	No data	0	No data	No data	0	0.5	0.5
EED	0.30312839444281153	No data	0.4945827721448933	No data	No data	No data	No data	No data	No data	No data	No data	No data	No data	No data	No data	No data	No data	No data	0.08080838468621464	No data	No data	No data	0	0	1	1	0	1	1	-0.7843353557639272	0	0	No data	No data	No data	-1	-1
AUTS2	0.30253709939545015	No data	0.49765055592516166	No data	No data	No data	No data	No data	No data	No data	No data	No data	No data	No data	No data	No data	No data	No data	No data	No data	No data	No data	1	0	0	0	0	0.6664000000000001	No data	-0.9360176503033646	-0.7690601188826984	0	No data	No data	0	-1	-1
PRDM7	0.3020810598523505	No data	0.4930632645195014	No data	No data	No data	No data	No data	No data	No data	No data	No data	No data	No data	No data	No data	No data	No data	0.076742819715167	No data	No data	No data	0	0	0	0	0	0	No data	0.05868725868725866	-0.11398320323334182	0	No data	No data	0	No data	No data
CAMK1D	0.30200259126919354	No data	0.4852659869950305	No data	No data	No data	No data	No data	No data	No data	No data	No data	No data	No data	No data	No data	No data	No data	0.2301068729859787	No data	No data	No data	0	0	1	1	1	0.8831150000000001	1	-0.8333149476006618	-0.7363903295619473	0	No data	No data	-0.27922000000000013	0.5	0
APOC1	0.30107479679128835	No data	0.4508019877114397	No data	No data	No data	No data	No data	No data	No data	No data	No data	No data	No data	No data	No data	No data	No data	0.8888638293409631	No data	No data	No data	0	1	0	0	0	0	No data	0.6721456150027578	-0.7286066345364003	0	No data	No data	No data	1	-1
PSG2	0.3010455011944746	No data	0.48584108060346315	No data	No data	No data	No data	No data	No data	No data	No data	No data	No data	No data	No data	No data	No data	No data	0.18711819085543366	No data	No data	No data	0	1	0	0	0	No data	No data	0.7956977385548814	No data	0	No data	No data	-0.7462675000000001	1	1
GAB2	0.3006100292003306	No data	0.47215377300466765	No data	No data	No data	No data	No data	No data	No data	No data	No data	No data	No data	No data	No data	No data	No data	0.4465379755587892	No data	No data	No data	1	0	0	0	0	0.6005899999999997	No data	-0.6222835079977938	0	0	No data	No data	0	0.5	-1
GTF2IRD1	0.30026492570838775	No data	0.49300110654672236	No data	No data	No data	No data	No data	No data	No data	No data	No data	No data	No data	No data	No data	No data	No data	0.01823792392834863	No data	No data	No data	0	0	0	0	0	0.3379249999999999	No data	-0.8793160507446222	-0.9598957334576569	0	No data	No data	0	0.5	0
SYNE2	0.30005727969780244	No data	0.22189847918234326	No data	No data	No data	No data	No data	No data	No data	No data	No data	No data	No data	No data	0.43161924332561	No data	No data	0.2914909965781521	No data	No data	No data	0	0	0	0	0	0	No data	-0.6708218422504137	-0.7002339387307379	0	No data	No data	0	0.5	-1
GRK5	0.2998223454809982	No data	0.4597027119334317	No data	No data	No data	No data	No data	No data	No data	No data	No data	No data	No data	No data	No data	No data	No data	0.6696455988428338	No data	No data	No data	1	0	1	1	0	0.7627099999999999	No data	-0.5629343629343629	-0.7675737678814106	0	255	No data	-0.21610249999999986	-1	0
MIOS	0.299695423988274	No data	0.48993656166952654	No data	No data	No data	No data	No data	No data	No data	No data	No data	No data	No data	No data	No data	No data	No data	0.06079307976116211	No data	No data	No data	0	0	0	0	0	0.9085700000000003	No data	-0.531053502482074	No data	0	No data	No data	No data	0.5	-1
DENND1A	0.29945755658302187	No data	0.49258494183795487	No data	No data	No data	No data	No data	No data	No data	No data	No data	No data	No data	No data	No data	No data	No data	No data	No data	No data	No data	0	0	0	0	0	0.19159000000000007	No data	-0.5771649200220629	-0.919984405282623	0	No data	No data	0	-1	-1
MUC19	0.2986488195649939	No data	0.48821497686515103	No data	No data	No data	No data	No data	No data	No data	No data	No data	No data	No data	No data	No data	No data	No data	0.06079307976116211	No data	No data	No data	0	1	No data	No data	No data	0	No data	No data	0	No data	No data	No data	0	0.5	1
ZC3H14	0.29864571713996696	No data	0.4563304189611935	No data	No data	No data	No data	No data	No data	No data	No data	No data	No data	No data	No data	No data	No data	No data	0.6983821727684618	No data	No data	No data	0	0	0	0	0	0.49048999999999976	No data	-0.7439602868174297	-0.11836215862585653	0	No data	No data	No data	1	-1
ADARB2	0.29765994053357914	No data	0.47395888063479064	No data	No data	No data	No data	No data	No data	No data	No data	No data	No data	No data	No data	No data	No data	No data	0.3133823860078666	No data	No data	No data	0	0	0	0	0	0.18132499999999965	No data	-0.463099834528406	-0.21727870166963925	0	No data	No data	0	1	0.5
STAG1	0.2975083097953378	No data	0.48592941595645334	No data	No data	No data	No data	No data	No data	No data	No data	No data	No data	No data	No data	No data	No data	No data	0.06898325856231867	No data	No data	No data	0	0	0	0	0	0.9682049999999996	No data	-0.9767236624379482	-0.9161317207743386	0	No data	No data	-0.28656499999999985	-1	-1
G3BP2	0.296760974572282	No data	0.46172773280844015	No data	No data	No data	No data	No data	No data	No data	No data	No data	No data	No data	No data	No data	No data	No data	0.5167428666665379	0.026297687176061485	No data	No data	0	0	0	0	0	0.9170099999999998	No data	0.11571980143408722	No data	0	No data	No data	-0.11825749999999999	-1	-1
CREM	0.2964446966434037	No data	0.48595720631965145	No data	No data	No data	No data	No data	No data	No data	No data	No data	No data	No data	No data	No data	No data	No data	0.03343619386863916	No data	No data	No data	0	0	0	0	0	0.3478250000000003	No data	-0.6512961941533371	-0.7899573433837936	0	No data	No data	-0.06354500000000005	0.5	-1
MAPKAP1	0.2962479378245087	No data	0.482975758501087	No data	No data	No data	No data	No data	No data	No data	No data	No data	No data	No data	No data	No data	No data	No data	0.08659208390842947	No data	No data	No data	0	0	1	1	0	0.8563200000000002	No data	-0.8276889134031991	-0.2968332104456023	0	No data	No data	No data	-1	-1
ULK3	0.29600990510515013	No data	0.04916540790391124	No data	No data	No data	No data	No data	No data	No data	No data	No data	No data	No data	No data	0.47462246497174854	No data	No data	No data	No data	No data	No data	0	0	1	1	0	0.7033900000000003	No data	0.334804191947049	-0.2664265273422037	0	No data	No data	0	-1	-1
ARFGEF1	0.29598213643501303	No data	0.48686813959391206	No data	No data	No data	No data	No data	No data	No data	No data	No data	No data	No data	No data	No data	No data	No data	No data	No data	No data	No data	0	0	0	0	0	0.86479	No data	-0.9335907335907336	-0.8017331835789523	0	No data	No data	-0.35505749999999986	-1	-1
BZW2	0.295720987362718	No data	0.4849187422058168	No data	No data	No data	No data	No data	No data	No data	No data	No data	No data	No data	No data	No data	No data	No data	0.030396539880581056	No data	No data	No data	1	0	0	0	0	0.9522649999999999	No data	-0.5726420297848869	-0.6266422218475678	0	No data	No data	-0.30787499999999995	0.5	-1
MADD	0.29473252032029423	No data	0.4713723906990636	No data	No data	No data	No data	No data	No data	No data	No data	No data	No data	No data	No data	No data	No data	No data	0.2688045054672715	No data	No data	No data	1	0	0	0	0	0.7151499999999998	No data	-0.402757859900717	-0.6688148102499083	0	No data	No data	No data	0.5	-1
PPIG	0.29384289628680105	No data	0.46092674709774745	No data	No data	No data	No data	No data	No data	No data	No data	No data	No data	No data	No data	No data	No data	No data	0.4484500978299144	No data	No data	No data	0	0	0	1	0	0.6551699999999997	No data	-0.717484831770546	No data	0	No data	No data	0	-1	-1
CYRIB	0.2934764878243916	No data	0.45949153144386295	No data	No data	No data	No data	No data	No data	No data	No data	No data	No data	No data	No data	No data	No data	No data	0.4651001289449569	No data	No data	No data	0	0	0	0	0	0.9845700000000001	No data	-0.7911748483177055	-0.8358657874659203	0	No data	No data	-0.4830249999999999	0.5	-1
GRIA4	0.29276542002244077	0.1654922726831635	0.4270859070608391	No data	No data	No data	No data	No data	No data	No data	No data	No data	No data	No data	No data	No data	No data	No data	0.4404274452134757	0.026398581663907683	0.24955559241957043	1	0	0	1	1	0	0.9279400000000002	No data	-0.7810259238830668	-0.33945211452023866	0	No data	No data	-0.3015525	0.75	0.5
MIB1	0.2915557850468362	No data	0.4750276466848644	No data	No data	No data	No data	No data	No data	No data	No data	No data	No data	No data	No data	No data	No data	No data	0.09118961964174316	No data	No data	No data	0	0	0	0	0	0.9652099999999997	No data	0.9995587424158854	-0.9495086439068517	0	No data	No data	0	-1	-1
NFIA	0.2914630856864296	No data	0.45865677424787893	No data	No data	No data	No data	No data	No data	No data	No data	No data	No data	No data	No data	No data	No data	No data	0.3824204060800352	0.0745582367768378	No data	No data	0	0	0	0	0	0.9607050000000001	No data	-0.9696635410921125	-0.8153266503919987	0	255	No data	-0.26817250000000004	-1	-1
SLC38A9	0.2905662560418075	No data	0.4749197736036279	No data	No data	No data	No data	No data	No data	No data	No data	No data	No data	No data	No data	No data	No data	No data	0.06079307976116211	No data	No data	No data	0	0	0	0	0	0.554365	No data	0.08571428571428563	No data	0	No data	No data	0	0.5	-1
TBL1XR1	0.29032841330867254	No data	0.47300871337372824	No data	No data	No data	No data	No data	No data	No data	No data	No data	No data	No data	No data	No data	No data	No data	0.09118961964174316	No data	No data	No data	0	0	0	0	0	0.9513599999999997	No data	-0.970546056260342	-0.8354562841737114	0	No data	255	-0.6935800000000001	-1	-1
CSE1L	0.29027879840579973	No data	0.45291881047228016	No data	No data	No data	No data	No data	No data	No data	No data	No data	No data	No data	No data	No data	No data	No data	0.4913554227144594	No data	No data	No data	0	0	0	0	0	0.9536549999999998	No data	-0.9040264754550469	No data	-1	No data	No data	0	-1	-1
LIPC	0.29027154659522275	No data	0.45876776358205	No data	No data	No data	No data	No data	No data	No data	No data	No data	No data	No data	No data	No data	No data	No data	0.3741377869641296	No data	No data	No data	0	1	1	1	0	0	No data	0.23452840595697744	-0.25316295460357463	0	255	No data	0	1	0.5
SLX4IP	0.2902335772152468	No data	0.47741219618332875	No data	No data	No data	No data	No data	No data	No data	No data	No data	No data	No data	No data	No data	No data	No data	No data	No data	No data	No data	0	0	0	0	0	0	No data	0.28163265306122454	No data	0	No data	No data	No data	-1	0
FOXO1	0.2897088934629989	No data	0.4391180495253653	No data	No data	No data	No data	No data	No data	No data	No data	No data	No data	No data	No data	No data	No data	No data	0.7120288900307788	0.08233367511786588	No data	No data	0	0	0	1	0	0.6259549999999997	No data	-0.8474351902923332	-0.9683533731314433	0	255	No data	0	0.5	-1
TMEM45B	0.28964230640509575	No data	0.4749197736036279	No data	No data	No data	No data	No data	No data	No data	No data	No data	No data	No data	No data	No data	No data	No data	0.030396539880581056	No data	No data	No data	0	0	0	0	0	0	No data	0.6450082735797023	No data	0	No data	No data	0	0.5	0
LGMN	0.2893490184532287	No data	0.4430954753349059	No data	No data	No data	No data	No data	No data	No data	No data	No data	No data	No data	No data	No data	No data	No data	0.6529703025259989	0.009592817665214498	No data	No data	0	0	1	1	0	0.16858999999999966	No data	-0.20187534473248758	-0.7263803851569802	0	No data	No data	0	-1	-1
PIK3CG	0.28894320426665393	No data	0.4419442735240619	No data	No data	No data	No data	No data	No data	No data	No data	No data	No data	No data	No data	No data	No data	No data	0.6669071428170408	No data	No data	1	1	0	1	1	1	0.7050800000000003	1	-0.49498069498069497	-0.8896140684953482	0	255	No data	0	0.75	0
SERPINF1	0.28847197420918075	No data	0.43203698073494934	No data	No data	No data	No data	No data	No data	No data	No data	No data	No data	No data	No data	No data	No data	No data	0.8211285469667808	0.06394882135689679	No data	No data	0	1	0	0	0	0.28229499999999985	No data	0.16580253723110872	-0.785107667941678	0	No data	No data	0	1	-1
B3GNT2	0.28831112326851854	No data	0.47300871337372824	No data	No data	No data	No data	No data	No data	No data	No data	No data	No data	No data	No data	No data	No data	No data	0.024823840902474525	No data	No data	No data	0	0	0	0	0	0.3702750000000002	No data	-0.47335907335907335	-0.28383012441698857	0	No data	No data	0	-1	-1
ST3GAL3	0.28801417842020116	No data	0.4714817132002697	No data	No data	No data	No data	No data	No data	No data	No data	No data	No data	No data	No data	No data	No data	No data	0.045594809820871586	No data	No data	No data	0	1	0	1	0	0.8533349999999998	No data	-0.6047435190292333	No data	0	No data	No data	0	0.5	-1
TPTE	0.2878286763088719	No data	0.3325966611170329	No data	No data	No data	No data	No data	No data	No data	No data	No data	No data	No data	No data	0.3903071515246691	No data	No data	No data	No data	No data	No data	0	0	0	0	0	0	No data	0.5939327082184225	-0.05228713452225198	No data	No data	No data	-0.5735025	1	1
NDUFA10	0.2878002248989494	No data	0.1157699469978924	No data	No data	No data	No data	No data	No data	No data	No data	No data	No data	No data	No data	0.43725538776020645	No data	No data	0.28558636531675774	0.06922225692987186	No data	1	0	0	0	1	0	0	No data	0.2662989520132377	-0.4699633750755963	0	No data	No data	0	0.5	-1
CUX1	0.287693927448422	No data	0.44853101763385045	No data	No data	No data	No data	No data	No data	No data	No data	No data	No data	No data	No data	No data	No data	No data	0.47290883956516866	0.04761924967247727	No data	No data	0	0	0	0	0	0.5016599999999997	No data	-0.9036955322669609	-0.8780216359871384	0	No data	No data	0	-1	-1
ANAPC1	0.28742793895963825	No data	0.4727971342936679	No data	No data	No data	No data	No data	No data	No data	No data	No data	No data	No data	No data	No data	No data	No data	No data	No data	No data	No data	0	0	0	0	0	0.6193399999999997	No data	-0.907777164920022	-0.6311498836596868	-1	No data	No data	No data	-1	-1
PARP8	0.2873529724926087	No data	0.47100720933772633	No data	No data	No data	No data	No data	No data	No data	No data	No data	No data	No data	No data	No data	No data	No data	No data	0.03333221620228723	No data	No data	0	0	1	1	0	0.8067900000000001	No data	-0.5597352454495312	-0.4580197190296931	0	No data	No data	0	0.5	-1
PPP2R5E	0.2866190506517863	No data	0.20114369110534666	No data	No data	No data	No data	No data	No data	No data	No data	No data	No data	No data	No data	0.42043762514189875	No data	No data	0.03343619386863916	No data	No data	No data	0	0	0	0	0	0.9892949999999999	No data	-0.9600661886376172	-0.1973021442123321	0	No data	No data	-0.43790249999999986	-1	-1
PDE3A	0.2864604691182517	No data	0.469533910174141	No data	No data	No data	No data	No data	No data	No data	No data	No data	No data	No data	No data	No data	No data	No data	0.03343619386863916	No data	No data	1	1	0	1	1	0	0.1893099999999997	No data	-0.34583563154991726	0	0	255	No data	0	0.5	0
TNIP1	0.28644183472091467	No data	0.46092674709774745	No data	No data	No data	No data	No data	No data	No data	No data	No data	No data	No data	No data	No data	No data	No data	0.2049664120234738	No data	No data	No data	0	0	0	0	0	0.17453000000000002	No data	-0.8227247655819084	-0.9466808634698998	0	No data	No data	0	-1	-1
NUP155	0.28636364037758333	No data	0.3013129421437178	No data	No data	No data	No data	No data	No data	No data	No data	No data	No data	No data	No data	0.3957182084057506	No data	No data	No data	No data	No data	No data	0	0	0	0	0	0.7411949999999997	No data	-0.71715388858246	-0.8653581888844094	-1	No data	No data	No data	1	-1
LRRC37A	0.28577794375949916	No data	0.46810724238645474	No data	No data	No data	No data	No data	No data	No data	No data	No data	No data	No data	No data	No data	No data	No data	0.03951550184475537	No data	No data	No data	0	0	0	0	0	0	No data	0.6255929398786542	No data	No data	No data	No data	-0.985295	0.5	0
MS4A4A	0.2847496333808067	No data	0.4330481963777233	No data	No data	No data	No data	No data	No data	No data	No data	No data	No data	No data	No data	No data	No data	No data	0.7068665722163364	No data	No data	No data	0	0	0	0	0	0	No data	0.5665747380033095	-0.241043657495503	0	No data	No data	0	0.5	-1
PLCH1	0.28454094968487625	No data	0.4665284291607058	No data	No data	No data	No data	No data	No data	No data	No data	No data	No data	No data	No data	No data	No data	No data	0.030396539880581056	No data	No data	No data	0	0	0	0	0	0.22848499999999988	No data	-0.49895201323772753	No data	0	No data	No data	0	0.5	0
CKAP5	0.2845079308143732	No data	0.46092674709774745	No data	No data	No data	No data	No data	No data	No data	No data	No data	No data	No data	No data	No data	No data	No data	0.1413439104447019	No data	No data	No data	1	0	0	0	0	0.7465550000000001	No data	-0.9831218974076117	0	-1	No data	No data	No data	-1	-1
RIF1	0.2844026748047621	No data	0.4678208044765875	No data	No data	No data	No data	No data	No data	No data	No data	No data	No data	No data	No data	No data	No data	No data	No data	No data	No data	No data	1	0	0	0	0	0	No data	-0.9212355212355212	-0.7489694936551855	0	No data	No data	No data	-1	-1
IKZF2	0.28428378716584213	No data	0.037318098191569095	No data	No data	No data	No data	No data	No data	No data	No data	No data	No data	No data	No data	0.45683030535519553	No data	No data	0.06594360457426056	No data	No data	No data	0	0	0	0	0	0.8954349999999998	1	-0.6881412024269167	-0.08945751874593927	0	No data	No data	0	0.5	0
SPPL2C	0.2841360093993656	No data	0.45903239949791214	No data	No data	No data	No data	No data	No data	No data	No data	No data	No data	No data	No data	No data	No data	No data	0.16699521271059223	No data	No data	No data	0	0	0	0	0	0	No data	0.2692774407060121	0	0	No data	No data	0	1	0.5
SULT1A2	0.2837310443130398	No data	0.037993573191770415	No data	No data	No data	No data	No data	No data	No data	No data	No data	No data	No data	No data	0.45721763001874827	No data	No data	No data	No data	No data	No data	0	0	0	0	1	0	No data	0.4375068946497518	-0.8482057158259265	0	No data	No data	-0.8898299999999999	0.75	0
ASCC1	0.28348779827414555	No data	0.45102699129247675	No data	No data	No data	No data	No data	No data	No data	No data	No data	No data	No data	No data	No data	No data	No data	0.30577821521318493	No data	No data	No data	0	0	0	0	0	0.3277299999999997	No data	0.05846662989520124	-0.5108677546310344	0	No data	No data	No data	-1	-1
DRC4	0.282918713049079	No data	0.4653798000703078	No data	No data	No data	No data	No data	No data	No data	No data	No data	No data	No data	No data	No data	No data	No data	No data	No data	No data	No data	1	0	0	0	0	0.5397500000000001	No data	0.6157749586321015	-0.7218455399537571	No data	No data	No data	No data	-1	-1
NRXN3	0.2825097105804947	No data	0.427456035700182	No data	No data	No data	No data	No data	No data	No data	No data	No data	No data	No data	No data	No data	No data	No data	0.7245746153890965	0.04600150185041642	No data	No data	0	0	0	0	0	0.9076999999999998	No data	-0.8721456150027579	No data	0	No data	No data	-0.15499749999999998	0.5	0
TWIST2	0.2815340310113352	No data	0.459682492524856	No data	No data	No data	No data	No data	No data	No data	No data	No data	No data	No data	No data	No data	No data	No data	0.06839221473130737	No data	No data	No data	0	0	0	0	0	1	No data	-0.4182018753447325	-0.8791460919093569	0	No data	No data	-0.515625	0.5	0
ATF7IP	0.2813571000148453	No data	0.4615656514203411	No data	No data	No data	No data	No data	No data	No data	No data	No data	No data	No data	No data	No data	No data	No data	0.024908275735476142	No data	No data	No data	0	0	0	0	0	0	No data	-0.8917815774958632	No data	0	No data	No data	0	-1	-1
ZNF680	0.28133635007905355	No data	0.4612571061443154	No data	No data	No data	No data	No data	No data	No data	No data	No data	No data	No data	No data	No data	No data	No data	0.030396539880581056	No data	No data	No data	0	0	0	0	0	No data	No data	0.03132928847214567	No data	0	No data	No data	-0.32547250000000005	-1	-1
EIF4EBP2	0.2812104580497696	No data	0.45313060696533597	No data	No data	No data	No data	No data	No data	No data	No data	No data	No data	No data	No data	No data	No data	No data	0.18193680075855787	0.01540814878263299	No data	No data	0	0	0	0	0	0.75	No data	0.7458356315499173	-0.30855940329422515	0	No data	No data	0	-1	-1
FNIP2	0.2810183517814198	No data	0.4617126226052572	No data	No data	No data	No data	No data	No data	No data	No data	No data	No data	No data	No data	No data	No data	No data	No data	0.010824549601536847	No data	No data	0	0	0	0	0	0	No data	-0.7723110865968009	0	0	No data	No data	0	-1	-1
NRIP3	0.28021156500366357	No data	0.46092674709774745	No data	No data	No data	No data	No data	No data	No data	No data	No data	No data	No data	No data	No data	No data	No data	No data	No data	No data	No data	0	0	0	0	0	0.647305	No data	0.7848869277440707	No data	0	No data	No data	0	0.5	0
STK3	0.2801896128504339	No data	0.4584040316406823	No data	No data	No data	No data	No data	No data	No data	No data	No data	No data	No data	No data	No data	No data	No data	0.049732116637950664	No data	No data	No data	0	0	1	1	0	0.8472499999999996	No data	0.17528957528957534	-0.21335326702525081	0	No data	No data	-0.4450099999999999	-1	-1
IARS2	0.2800717078710889	No data	0.03285263682523785	No data	No data	No data	No data	No data	No data	No data	No data	No data	No data	No data	No data	0.45147620076302986	No data	No data	0.012158615952232422	0.038490752956764206	No data	No data	0	0	0	1	0	0.16995999999999967	No data	-0.45979040264754556	-0.6496466961201566	-1	No data	No data	0	-1	-1
MACF1	0.27999844710557364	No data	0.45028191695711084	No data	No data	No data	No data	No data	No data	No data	No data	No data	No data	No data	No data	No data	No data	No data	0.19212301901187256	0.030965239367463235	No data	No data	1	0	0	0	0	0.07875500000000031	No data	-0.932046332046332	-0.34439644248680956	0	No data	No data	0	-1	-1
PPM1D	0.2795246398741848	No data	0.35874713244381035	No data	No data	No data	No data	No data	No data	No data	No data	No data	No data	No data	No data	0.3663273437906858	No data	No data	0.17022062333125393	No data	No data	No data	0	0	1	1	0	0.42148499999999983	1	0.36657473800330953	-0.7250068491941405	0	No data	255	0	-1	0
GPR141	0.2793902526467275	No data	0.4544674432387848	No data	No data	No data	No data	No data	No data	No data	No data	No data	No data	No data	No data	No data	No data	No data	0.102166147931953	No data	No data	No data	1	0	0	0	0	0.04917999999999978	No data	0.6825151682294539	No data	0	No data	No data	0	1	0.5
VCP	0.2789195253772771	No data	No data	No data	0.4377101742803672	No data	No data	No data	No data	No data	No data	No data	No data	No data	No data	No data	No data	No data	0.4218253148110201	No data	No data	No data	0	0	1	1	1	1	1	-0.9857694429123001	-0.8952107680084306	-1	No data	No data	0	-1	-1
KLC3	0.2787612954910501	No data	0.4558054752837085	No data	No data	No data	No data	No data	No data	No data	No data	No data	No data	No data	No data	No data	No data	No data	0.0547137717850459	No data	No data	No data	0	0	0	0	0	0.5436500000000002	No data	0.7506894649751792	0	0	No data	No data	-0.07241999999999997	0.5	0
KIF3B	0.2787153438848711	No data	0.4575856528903545	No data	No data	No data	No data	No data	No data	No data	No data	No data	No data	No data	No data	No data	No data	No data	No data	0.017598481593797236	No data	No data	0	0	0	0	0	0.8996000000000002	No data	-0.4651958080529509	-0.8990525341306351	0	No data	No data	-0.12316000000000002	-1	-1
SLC39A11	0.27871209070763364	No data	0.4563292594252178	No data	No data	No data	No data	No data	No data	No data	No data	No data	No data	No data	No data	No data	No data	No data	0.0426193263058947	No data	No data	No data	0	0	0	0	0	0.52239	No data	0.4497517926089354	No data	0	No data	No data	No data	-1	-1
NDST4	0.2786301386929398	No data	0.45604568040816823	No data	No data	No data	No data	No data	No data	No data	No data	No data	No data	No data	No data	No data	No data	No data	0.045594809820871586	No data	No data	No data	0	0	0	0	0	0.7935800000000001	No data	-0.3298400441257584	0	0	No data	No data	-0.5412849999999999	No data	No data
SEMA3C	0.2774631372112931	No data	0.45425582792322516	No data	No data	No data	No data	No data	No data	No data	No data	No data	No data	No data	No data	No data	No data	No data	0.04299928305440196	No data	No data	No data	1	1	0	0	0	0.8535299999999999	No data	-0.3844456701599559	-0.90100512688425	0	255	No data	0	-1	0
ISX	0.27746154915484045	No data	0.4564031798436667	No data	No data	No data	No data	No data	No data	No data	No data	No data	No data	No data	No data	No data	No data	No data	No data	No data	No data	No data	0	0	0	0	0	0	No data	0.6358521787093216	No data	0	No data	No data	0	1	1
GLYATL3	0.27743372583374365	No data	0.06509256306439487	No data	No data	No data	No data	No data	No data	No data	No data	No data	No data	No data	No data	0.4400842718270749	No data	No data	No data	No data	No data	No data	No data	No data	0	0	0	0.3055549999999997	No data	0.83011583011583	No data	0	No data	No data	0	0.5	1
TSEN2	0.277416610655893	No data	0.4563292594252178	No data	No data	No data	No data	No data	No data	No data	No data	No data	No data	No data	No data	No data	No data	No data	No data	No data	No data	No data	0	0	0	0	0	0	No data	0.40341974627688915	No data	-1	No data	No data	No data	-1	0
GLDC	0.27739132582833553	No data	0.453820059809369	No data	No data	No data	No data	No data	No data	No data	No data	No data	No data	No data	No data	No data	No data	No data	0.0493521598894434	No data	No data	No data	0	0	0	0	0	0.6225499999999997	No data	0.21687810259238827	-0.9170288674020027	0	No data	No data	No data	1	0
TTC28	0.2770911810260154	No data	0.4557939523949503	No data	No data	No data	No data	No data	No data	No data	No data	No data	No data	No data	No data	No data	No data	No data	No data	No data	No data	No data	0	0	0	0	0	0.5122950000000003	No data	-0.809376723662438	-0.6685365559772568	0	No data	No data	0	-1	0
DENND3	0.27701363233256115	No data	0.4538425982898961	No data	No data	No data	No data	No data	No data	No data	No data	No data	No data	No data	No data	No data	No data	No data	0.03647584785669726	No data	No data	No data	0	0	0	0	0	0	No data	-0.2799779371207942	No data	0	No data	No data	0	0.5	-1
HCN1	0.2769387053081004	No data	0.4372266289360535	No data	No data	No data	No data	No data	No data	No data	No data	No data	No data	No data	No data	No data	No data	No data	0.36173497678770056	0.01033936386730844	No data	No data	1	0	1	1	0	0.7584249999999997	1	-0.863430777716492	-0.9279349022751071	0	No data	No data	-0.05336999999999996	1	0.5
STK25	0.27689550561672316	No data	0.06568872308619798	No data	No data	No data	No data	No data	No data	No data	No data	No data	No data	No data	No data	0.4376989431053301	No data	No data	0.060793079761162105	No data	No data	No data	0	0	1	1	0	0.9413150000000001	No data	-0.43055708769994483	No data	0	No data	No data	-0.3192499999999999	0.5	-1
SORCS1	0.27680013259201963	No data	No data	No data	0.4377101742803672	No data	No data	No data	No data	No data	No data	No data	No data	No data	No data	No data	No data	No data	0.3521005108174094	No data	No data	No data	1	0	0	0	0	0.546235	No data	-0.6811913954771098	0	0	No data	No data	-0.1010275	0.5	0
RASA1	0.27670501405960785	No data	0.44445247730786824	No data	No data	No data	No data	No data	No data	No data	No data	No data	No data	No data	No data	No data	No data	No data	0.21412519500394459	No data	No data	No data	0	0	0	0	0	0.756445	No data	-0.8858246001103144	-0.9242734005357747	0	No data	No data	0	0.5	-1
KIAA2013	0.27643392375761583	No data	0.45243307360497254	No data	No data	No data	No data	No data	No data	No data	No data	No data	No data	No data	No data	No data	No data	No data	0.045594809820871586	No data	No data	No data	0	0	0	0	0	0.5977899999999998	No data	-0.1580805295091009	No data	0	No data	No data	No data	-1	-1
MGMT	0.2763890498838549	No data	0.44506085257816586	No data	No data	No data	No data	No data	No data	No data	No data	No data	No data	No data	No data	No data	No data	No data	0.19156294805851767	No data	No data	No data	0	0	1	1	0	0	0	0.616988416988417	-0.6336688109332317	0	No data	No data	No data	0.5	-1
BCCIP	0.27620540094373447	No data	0.45102699129247675	No data	No data	No data	No data	No data	No data	No data	No data	No data	No data	No data	No data	No data	No data	No data	No data	0.06619840254301139	No data	No data	0	0	0	0	0	0	No data	0.1547710976282406	-0.4395229065692238	-1	No data	No data	No data	-1	-1
GPAT3	0.275802548587211	No data	0.45319724404843775	No data	No data	No data	No data	No data	No data	No data	No data	No data	No data	No data	No data	No data	No data	No data	No data	0.009540116690747918	No data	No data	0	0	0	0	0	0.7119799999999998	No data	0.3225592939878654	-0.7858759277212368	0	No data	No data	-0.22235000000000013	0.5	0
ESPNL	0.27547205131467467	No data	0.45313060696533597	No data	No data	No data	No data	No data	No data	No data	No data	No data	No data	No data	No data	No data	No data	No data	No data	No data	No data	No data	0	0	0	0	0	0	No data	0.7691119691119692	-0.21347364310634276	0	No data	No data	0	0.5	0.5
KLHDC10	0.27547205131467467	No data	0.45313060696533597	No data	No data	No data	No data	No data	No data	No data	No data	No data	No data	No data	No data	No data	No data	No data	No data	No data	No data	No data	0	0	0	0	0	0.8303150000000002	No data	-0.6554881412024269	-0.609199733689186	0	No data	No data	0	-1	-1
NPBWR1	0.27547196795816487	No data	0.45252253905259526	No data	No data	No data	No data	No data	No data	No data	No data	No data	No data	No data	No data	No data	No data	No data	0.012158615952232422	No data	No data	No data	1	0	1	1	0	0.23780500000000018	0	0.9221180364037507	-0.752758005612292	0	No data	No data	-0.024390000000000002	0.5	0.5
MTMR2	0.27511375490027273	No data	0.4525412365702029	No data	No data	No data	No data	No data	No data	No data	No data	No data	No data	No data	No data	No data	No data	No data	No data	No data	No data	No data	0	0	0	0	0	0.8678049999999999	No data	-0.11792608935466076	-0.6785174129901963	0	No data	No data	-0.23017000000000004	-1	-1
SLC12A2	0.2748524128086534	No data	0.04363009115781031	No data	No data	No data	No data	No data	No data	No data	No data	No data	No data	No data	No data	0.4344332450849263	No data	No data	0.25660631365310194	No data	No data	No data	1	0	0	1	0	0.7029699999999999	No data	-0.4090457804743519	-0.9241191356363981	0	No data	No data	0	0.5	-1
PCLAF	0.27481529894618717	No data	0.4430954753349059	No data	No data	No data	No data	No data	No data	No data	No data	No data	No data	No data	No data	No data	No data	No data	0.17909647707025084	No data	No data	No data	0	0	0	0	0	0.23423500000000033	No data	0.2793160507446222	-0.11202750436982906	0	No data	No data	No data	0.75	0
SEMA3F	0.27400778556985395	No data	0.4425426076758194	No data	No data	No data	No data	No data	No data	No data	No data	No data	No data	No data	No data	No data	No data	No data	0.13241163589636215	0.07014651888186935	No data	No data	0	1	0	0	0	0.6305750000000003	No data	-0.7760617760617761	-0.7138452115339533	0	No data	No data	0	0.5	-1
ZNF385B	0.27371542687641953	No data	0.44943516581087845	No data	No data	No data	No data	No data	No data	No data	No data	No data	No data	No data	No data	No data	No data	No data	0.012158615952232422	0.008909844383628716	No data	No data	0	0	0	0	0	0.51646	No data	-0.3661334804191947	No data	0	No data	No data	0	0.5	0
ME3	0.27368271331633265	No data	0.4471641783670312	No data	No data	No data	No data	No data	No data	No data	No data	No data	No data	No data	No data	No data	No data	No data	0.015198269940290528	0.05370728258019851	No data	No data	0	0	0	1	0	0.7102649999999997	No data	-0.1988968560397132	-0.6017599046773083	0	No data	No data	-0.18046250000000014	-1	-1
CUL3	0.2732658566289626	No data	0.4405694262119107	No data	No data	No data	No data	No data	No data	No data	No data	No data	No data	No data	No data	No data	No data	No data	0.14755652206736924	0.06994493618696866	No data	No data	0	0	0	0	0	0.9739600000000003	No data	-0.8326530612244898	-0.9312937101863344	-1	No data	No data	0	0.5	-1
MRC1	0.27307499791825934	No data	0.4339426056399631	No data	No data	No data	No data	No data	No data	No data	No data	No data	No data	No data	No data	No data	No data	No data	0.3049006100793822	No data	No data	No data	1	0	0	0	0	0.10027499999999989	No data	No data	-0.5840973535391736	0	No data	No data	0	0.5	0
TEX51	0.2726758193036988	No data	0.44853101763385045	No data	No data	No data	No data	No data	No data	No data	No data	No data	No data	No data	No data	No data	No data	No data	No data	No data	No data	No data	0	0	No data	No data	No data	0	No data	No data	No data	No data	No data	No data	No data	1	1
SPRED2	0.2721286223914403	No data	0.444485722734234	No data	No data	No data	No data	No data	No data	No data	No data	No data	No data	No data	No data	No data	No data	No data	0.06290395058620245	No data	No data	No data	0	0	0	0	0	0.6052649999999999	No data	0.5706563706563708	-0.6687576818622439	0	No data	No data	0	-1	-1
NATD1	0.27201295441554824	No data	0.44744065522622983	No data	No data	No data	No data	No data	No data	No data	No data	No data	No data	No data	No data	No data	No data	No data	No data	No data	No data	No data	No data	No data	0	0	0	0.5132750000000001	No data	0.3434087148372862	0	No data	No data	No data	No data	0.5	-1
MARVELD1	0.27201295441554824	No data	0.44744065522622983	No data	No data	No data	No data	No data	No data	No data	No data	No data	No data	No data	No data	No data	No data	No data	No data	No data	No data	No data	1	0	0	0	0	0.42196500000000015	No data	0.17650303364589082	-0.3363979028321229	No data	No data	No data	0	-1	-1
SUN3	0.27185249753989477	No data	0.44717671584976815	No data	No data	No data	No data	No data	No data	No data	No data	No data	No data	No data	No data	No data	No data	No data	No data	No data	No data	No data	1	0	0	0	0	0	No data	0.38102592388306666	-0.07985714891141221	0	No data	No data	0	1	1
EPRS1	0.27179588843923214	No data	0.4400598826216026	No data	No data	No data	No data	No data	No data	No data	No data	No data	No data	No data	No data	No data	No data	No data	0.14047431112160091	No data	No data	No data	0	0	0	1	0	0.4709000000000003	No data	-0.6324324324324324	-0.8584352220684945	-1	No data	No data	0	-1	-1
MYOCOS	0.271338788816633	No data	0.4463317040074992	No data	No data	No data	No data	No data	No data	No data	No data	No data	No data	No data	No data	No data	No data	No data	No data	No data	No data	No data	No data	No data	No data	No data	No data	No data	No data	No data	No data	No data	No data	No data	No data	0.5	0.5
ZNF227	0.2713345289496303	No data	0.093912748209778	No data	No data	No data	No data	No data	No data	No data	No data	No data	No data	No data	No data	0.4228465097973002	No data	No data	No data	No data	No data	No data	1	0	0	0	0	No data	No data	0.32917815774958625	No data	0	No data	No data	0	-1	-1
E2F8	0.27130582334364045	No data	0.4455175648105826	No data	No data	No data	No data	No data	No data	No data	No data	No data	No data	No data	No data	No data	No data	No data	0.015198269940290528	No data	No data	0.7	0	0	0	0	0	0.14647999999999967	No data	-0.6448979591836734	No data	0	No data	No data	0	0.5	0
ROBO1	0.2710338038932131	No data	0.4425328467382117	No data	No data	No data	No data	No data	No data	No data	No data	No data	No data	No data	No data	No data	No data	No data	0.06594360457426057	No data	No data	No data	1	0	0	0	0	0.6426400000000001	No data	-0.1931605074462217	-0.9555688561148012	0	No data	No data	0	-1	0
MAP3K20	0.2706691824843862	No data	0.4263789887061726	No data	No data	No data	No data	No data	No data	No data	No data	No data	No data	No data	No data	No data	No data	No data	0.3770252746013286	No data	No data	No data	0	0	1	1	0	0.60625	No data	-0.6092664092664093	-0.47307817358205884	0	No data	No data	0	0.5	-1
PSD3	0.27048508840666635	No data	0.4349735780643299	No data	No data	No data	No data	No data	No data	No data	No data	No data	No data	No data	No data	No data	No data	No data	0.19907707185788553	No data	No data	No data	0	0	0	0	0	0.0019100000000001672	No data	-0.6063982349696635	-0.7784951801440665	0	No data	No data	0	0.5	-1
PRKCE	0.27000765160095624	No data	0.03642042711003017	No data	No data	No data	No data	No data	No data	No data	No data	No data	No data	No data	No data	0.4038905197396138	No data	No data	0.713862645952398	0.04093745636145731	No data	1	1	0	1	1	0	0.8982349999999997	0	-0.9030336458907887	-0.6599556514062151	0	255	No data	0	0.5	-1
BORCS5	0.26988809212393544	No data	0.44090576411585325	No data	No data	No data	No data	No data	No data	No data	No data	No data	No data	No data	No data	No data	No data	No data	0.06079307976116211	No data	No data	No data	1	0	0	0	0	0.71939	No data	0.23905129619415333	-0.5360234195772728	0	No data	No data	No data	-1	-1
ECHDC2	0.26988113189719515	No data	0.4428239265036039	No data	No data	No data	No data	No data	No data	No data	No data	No data	No data	No data	No data	No data	No data	No data	No data	0.02220085111662637	No data	No data	0	0	0	0	0	0.297945	No data	0.11924986210700506	No data	0	No data	No data	0	0.5	-1
COL8A2	0.26982578551194775	No data	0.44201913606549104	No data	No data	No data	No data	No data	No data	No data	No data	No data	No data	No data	No data	No data	No data	No data	0.03647584785669726	No data	No data	No data	0	1	0	0	0	0.7012799999999999	No data	0.2982901268615554	-0.07985714891141221	0	No data	No data	0	0.5	0
ROBO2	0.26982316126025757	No data	0.44057942720970084	No data	No data	No data	No data	No data	No data	No data	No data	No data	No data	No data	No data	No data	No data	No data	0.06518369107724604	No data	No data	No data	1	0	0	0	0	0.7182600000000001	No data	-0.7808052950910094	-0.8826876019977344	0	No data	No data	0	0.5	0
ABRAXAS2	0.2697881682875112	No data	0.4437810509805203	No data	No data	No data	No data	No data	No data	No data	No data	No data	No data	No data	No data	No data	No data	No data	No data	No data	No data	No data	0	0	0	0	0	0.6747	No data	-0.5170435741864313	-0.611110231673054	0	No data	No data	0	-1	-1
SMYD3	0.269584591869459	No data	0.4250462108086386	No data	No data	No data	No data	No data	No data	No data	No data	No data	No data	No data	No data	No data	No data	No data	0.3445059395232054	0.052860395079650714	No data	No data	0	0	1	1	1	0.6962600000000002	1	-0.12333149476006622	-0.6992181535142147	0	No data	No data	0	-1	-1
LEF1	0.26946848758547726	No data	0.4385995195312458	No data	No data	No data	No data	No data	No data	No data	No data	No data	No data	No data	No data	No data	No data	No data	0.0614431245856831	0.06580556400410427	No data	No data	0	0	0	1	0	0.8621549999999999	No data	-0.7309431880860453	-0.8188679430191487	0	255	255	-0.07894749999999995	1	0
FAM20C	0.26946389560369466	No data	0.4424877335416583	No data	No data	No data	No data	No data	No data	No data	No data	No data	No data	No data	No data	No data	No data	No data	0.015198269940290528	No data	No data	No data	0	1	0	1	0	0.32363	No data	0.42371759514616647	-0.8569101339161911	0	No data	No data	0	-1	-1
TMEM255B	0.26921145755101916	No data	0.44283240561042597	No data	No data	No data	No data	No data	No data	No data	No data	No data	No data	No data	No data	No data	No data	No data	No data	No data	No data	No data	0	0	0	0	0	0	No data	0.5637065637065637	-0.10129547872063965	0	No data	No data	No data	-1	0
RNF24	0.2692063028408458	No data	0.4428239265036039	No data	No data	No data	No data	No data	No data	No data	No data	No data	No data	No data	No data	No data	No data	No data	No data	No data	No data	No data	0	0	0	0	0	0.89865	No data	0.4180915609487037	0	0	No data	No data	0	0.5	-1
ST7L	0.2691928653485135	No data	0.4428018228490677	No data	No data	No data	No data	No data	No data	No data	No data	No data	No data	No data	No data	No data	No data	No data	No data	No data	No data	No data	0	0	0	0	0	0.3217399999999998	No data	-0.01136238279095425	No data	0	No data	No data	-0.2913049999999998	1	-1
SAMHD1	0.26889537161531474	No data	0.4412797144680065	No data	No data	No data	No data	No data	No data	No data	No data	No data	No data	No data	No data	No data	No data	No data	0.015198269940290528	0.012277812715051368	No data	No data	1	0	0	0	1	0	No data	-0.13756205184776615	0	0	255	No data	No data	-1	-1
ZDHHC19	0.2685908436633496	No data	0.441811542890347	No data	No data	No data	No data	No data	No data	No data	No data	No data	No data	No data	No data	No data	No data	No data	No data	No data	No data	No data	1	0	0	0	0	0	No data	0.3965802537231109	0	0	No data	No data	0	1	0.5
SPRY4	0.26829627708963144	No data	0.43980717624990523	No data	No data	No data	No data	No data	No data	No data	No data	No data	No data	No data	No data	No data	No data	No data	0.030396539880581056	No data	No data	No data	0	0	0	0	0	0.6488300000000002	No data	-0.40496414782129064	-0.6351150418711851	0	No data	No data	0	-1	0
ZSWIM2	0.26829557129085385	No data	0.4413258422585386	No data	No data	No data	No data	No data	No data	No data	No data	No data	No data	No data	No data	No data	No data	No data	No data	No data	No data	No data	No data	No data	0	0	0	0	No data	0.15984555984555993	No data	0	No data	No data	No data	1	1
REG3G	0.26807770768566264	No data	0.4409674731710584	No data	No data	No data	No data	No data	No data	No data	No data	No data	No data	No data	No data	No data	No data	No data	No data	No data	No data	No data	0	1	0	0	0	No data	No data	0.6158852730281301	-0.7636763469911018	0	No data	No data	-0.6285725	1	0.5
POFUT3	0.26760631604890966	No data	0.44019206972282887	No data	No data	No data	No data	No data	No data	No data	No data	No data	No data	No data	No data	No data	No data	No data	No data	No data	No data	No data	0	0	0	0	0	0.10229500000000016	No data	0.05383342526199675	No data	No data	No data	No data	0	-1	0
COLQ	0.26744224647039966	No data	0.4399221877244919	No data	No data	No data	No data	No data	No data	No data	No data	No data	No data	No data	No data	No data	No data	No data	No data	No data	No data	No data	1	1	0	0	0	0.5494500000000002	No data	-0.11461665747380034	-0.7069835791535952	0	No data	No data	0	0.5	0
DOCK1	0.26733541153771867	No data	0.43229820244896805	No data	No data	No data	No data	No data	No data	No data	No data	No data	No data	No data	No data	No data	No data	No data	0.14896499847142758	No data	No data	No data	1	0	0	0	1	0.7693550000000002	No data	-0.5227799227799228	-0.9295484927162087	No data	No data	No data	-0.1171800000000001	-1	0
COL21A1	0.26723196194376164	No data	0.43779893241104473	No data	No data	No data	No data	No data	No data	No data	No data	No data	No data	No data	No data	No data	No data	No data	0.03554706469367951	No data	No data	No data	0	1	0	0	0	No data	No data	0.5493656922228352	No data	0	No data	No data	0	0.5	0
HBEGF	0.26707998651526077	No data	0.42784144666132917	No data	No data	No data	No data	No data	No data	No data	No data	No data	No data	No data	No data	No data	No data	No data	0.22969701888962604	No data	No data	0.1	0	1	0	0	0	0.0384599999999999	No data	-0.3861003861003861	-0.9720876508578254	0	No data	No data	0	0.5	-1
LIAT1	0.26686533835697107	No data	0.4374533906902953	No data	No data	No data	No data	No data	No data	No data	No data	No data	No data	No data	No data	No data	No data	No data	0.030396539880581056	No data	No data	No data	0	0	0	0	0	0	No data	0.9960286817429675	-0.10129547872063965	0	No data	No data	No data	1	0
FAM151B	0.26682566388917295	No data	0.427407931942582	No data	No data	No data	No data	No data	No data	No data	No data	No data	No data	No data	No data	No data	No data	No data	0.23000048509639665	No data	No data	No data	0	0	0	0	0	0.23913000000000012	No data	0.19205736348593483	-0.2611325170284626	0	No data	No data	0	0.5	0.5
DLG2	0.26678953087489976	No data	0.4236767625858741	No data	No data	No data	No data	No data	No data	No data	No data	No data	No data	No data	No data	No data	No data	No data	0.3034351509348028	No data	No data	No data	1	0	0	0	0	0.676925	No data	-0.7470490899062328	-0.25208176952306205	0	No data	No data	-0.1538450000000001	0.5	0
EEA1	0.2666081435516456	No data	0.4133308028429662	No data	No data	No data	No data	No data	No data	No data	No data	No data	No data	No data	No data	No data	No data	No data	0.5043869783239415	No data	No data	No data	0	0	0	0	0	0.2983699999999999	No data	-0.48736900165471597	-0.43423810300908944	0	No data	No data	No data	-1	0
HMGA1	0.2665300388225728	No data	0.4029044365272455	No data	No data	No data	No data	No data	No data	No data	No data	No data	No data	No data	No data	No data	No data	No data	0.710344777666548	No data	No data	No data	0	0	0	0	0	0.8598149999999997	No data	-0.7570876999448428	-0.8656248185702614	-1	No data	No data	No data	0.5	-1
OR4C46	0.2663195770290483	No data	0.43807548174124183	No data	No data	No data	No data	No data	No data	No data	No data	No data	No data	No data	No data	No data	No data	No data	No data	No data	No data	No data	1	0	0	0	0	0.20711999999999975	No data	0.9933811362382792	No data	-1	No data	No data	-0.5954699999999999	No data	No data
IPO9	0.2661941457481627	No data	0.4378691568085712	No data	No data	No data	No data	No data	No data	No data	No data	No data	No data	No data	No data	No data	No data	No data	No data	No data	No data	No data	0	0	0	0	0	0.9423650000000002	No data	-0.8790954219525648	-0.814500438313841	0	No data	No data	0	-1	-1
CDC14C	0.26573122138372973	No data	0.43710768138036193	No data	No data	No data	No data	No data	No data	No data	No data	No data	No data	No data	No data	No data	No data	No data	No data	No data	No data	No data	0	0	0	0	0	0	No data	0.6340871483728627	-0.601150172083042	No data	No data	No data	-0.7427299999999999	0.75	0.5
NPHP4	0.2656188629985607	No data	0.43601096417206214	No data	No data	No data	No data	No data	No data	No data	No data	No data	No data	No data	No data	No data	No data	No data	0.01823792392834863	No data	No data	No data	0	0	0	0	0	0	No data	0.367457253171539	-0.6435637292972068	0	No data	No data	No data	-1	-1
KLHL42	0.26522554486643796	No data	0.43627588190700334	No data	No data	No data	No data	No data	No data	No data	No data	No data	No data	No data	No data	No data	No data	No data	No data	No data	No data	No data	0	0	0	0	0	0.5445549999999997	No data	0.5339216767788197	0	0	No data	No data	0	-1	-1
ATXN2	0.26500981240657484	No data	0.0859160989423239	No data	No data	No data	No data	No data	No data	No data	No data	No data	No data	No data	No data	0.4093763857616411	No data	No data	0.22795235525435797	No data	No data	No data	0	0	0	0	0	0.549785	No data	-0.8718146718146718	-0.8594122696694836	0	No data	No data	0	-1	-1
TMEM266	0.2646941621776486	No data	0.43353691299047586	No data	No data	No data	No data	No data	No data	No data	No data	No data	No data	No data	No data	No data	No data	No data	No data	0.037297694860094696	No data	No data	1	0	No data	No data	No data	0.43594500000000025	No data	-0.08041919470490899	0	0	No data	No data	0	0.75	0.5
NSUN4	0.26466280031050116	No data	0.4353502098434269	No data	No data	No data	No data	No data	No data	No data	No data	No data	No data	No data	No data	No data	No data	No data	No data	No data	No data	No data	0	0	0	0	0	No data	No data	-0.06828461114175399	No data	0	No data	No data	0	1	-1
RAP1GAP2	0.2645287558173173	No data	0.4351297168305536	No data	No data	No data	No data	No data	No data	No data	No data	No data	No data	No data	No data	No data	No data	No data	No data	No data	No data	No data	0	0	0	0	0	0.6095900000000001	No data	-0.7592939878654165	-0.5465930266975411	0	No data	No data	0	0.5	0
GHR	0.2645124972032977	No data	0.4309616181254749	No data	No data	No data	No data	No data	No data	No data	No data	No data	No data	No data	No data	No data	No data	No data	0.08282709039167187	No data	No data	1	1	1	0	0	0	0	No data	-0.5031439602868174	-0.9390646860478047	0	No data	No data	0	0.5	0
ZMYM2	0.26400809361031835	No data	0.43260145734210476	No data	No data	No data	No data	No data	No data	No data	No data	No data	No data	No data	No data	No data	No data	No data	0.03343619386863916	No data	No data	No data	0	0	0	0	0	0.8039200000000001	No data	-0.7062327633756205	-0.8733630941075257	0	No data	No data	0	-1	-1
COL5A1	0.26362275791608364	No data	0.39638621374651917	No data	No data	No data	No data	No data	No data	No data	No data	No data	No data	No data	No data	No data	No data	No data	0.7450641066347189	No data	No data	1	0	1	0	0	0	0.7198050000000003	No data	-0.9966905681191396	-0.7978086790629424	0	No data	No data	-0.35119749999999994	0.5	0
PGPEP1L	0.2633613288646201	No data	0.43260145734210476	No data	No data	No data	No data	No data	No data	No data	No data	No data	No data	No data	No data	No data	No data	No data	0.012158615952232422	No data	No data	No data	1	0	0	0	0	0	No data	0.8645339216767789	No data	0	No data	No data	0	1	0.5
TENM3	0.2626309235530211	No data	0.4272373714476609	No data	No data	No data	No data	No data	No data	No data	No data	No data	No data	No data	No data	No data	No data	No data	0.06822334506530414	0.06117246734178049	No data	No data	0	0	0	0	0	0.9166350000000001	No data	-0.8819635962493105	-0.43423810300908944	0	No data	No data	-0.25805749999999994	0.5	0
BRWD1	0.2622111956365722	No data	0.4283242914828537	No data	No data	No data	No data	No data	No data	No data	No data	No data	No data	No data	No data	No data	No data	No data	0.05986429659814436	No data	No data	No data	1	0	1	1	0	0	No data	-0.7437396580253723	-0.2079311530896169	0	No data	No data	0	-1	-1
FAM186B	0.2621218365964874	No data	0.4311705174771306	No data	No data	No data	No data	No data	No data	No data	No data	No data	No data	No data	No data	No data	No data	No data	No data	No data	No data	No data	0	0	0	0	0	0	No data	0.0020959735245449362	-0.05373224667943238	0	No data	No data	No data	1	0.5
FAM20A	0.2612138586309898	No data	0.42967696266947025	No data	No data	No data	No data	No data	No data	No data	No data	No data	No data	No data	No data	No data	No data	No data	No data	No data	No data	No data	0	1	0	0	0	0.288355	No data	0.24445670159955868	-0.828358364003754	0	No data	No data	0	0.5	0
KMT5B	0.26116389759392467	No data	0.4295947805571947	No data	No data	No data	No data	No data	No data	No data	No data	No data	No data	No data	No data	No data	No data	No data	No data	No data	No data	No data	1	0	1	1	0	0.36158	1	-0.9624931053502482	-0.7542966518426081	0	No data	No data	0	-1	-1
ABHD12	0.2610329379965215	No data	0.4278595349696058	No data	No data	No data	No data	No data	No data	No data	No data	No data	No data	No data	No data	No data	No data	No data	0.030396539880581056	No data	No data	No data	0	0	1	1	0	0.6608049999999999	1	-0.0009928295642581686	-0.278602972103644	0	No data	No data	0	-1	-1
CTNNA1	0.26097938256487724	No data	0.4278558751841826	No data	No data	No data	No data	No data	No data	No data	No data	No data	No data	No data	No data	No data	No data	No data	0.02870784322054877	No data	No data	No data	1	0	0	0	0	0.9724049999999999	No data	-0.6992829564258136	-0.7538127056734852	0	No data	No data	-0.5419425	-1	-1
WEE1	0.26090643539041736	No data	0.34260226081558265	No data	No data	No data	No data	No data	No data	No data	No data	No data	No data	No data	No data	0.3028699175960163	No data	No data	0.48831905554839583	No data	No data	0.2	0	0	1	1	1	0.5278649999999999	1	-0.7894098179812465	0	-1	No data	No data	0	-1	-1
KDM4B	0.2596474170303635	No data	0.4245747428015159	No data	No data	No data	No data	No data	No data	No data	No data	No data	No data	No data	No data	No data	No data	No data	0.04542594015486835	0.0114410417377532	No data	No data	0	0	1	1	0	0.01916000000000011	No data	-0.8262548262548263	-0.808551947060529	0	No data	No data	0	-1	-1
PCDH17	0.2593019198818133	No data	0.4256200724100971	No data	No data	No data	No data	No data	No data	No data	No data	No data	No data	No data	No data	No data	No data	No data	0.01823792392834863	No data	No data	No data	1	0	0	0	0	0.9050899999999998	No data	-0.7666850523993382	No data	0	No data	No data	0	0.5	0
FSCB	0.2587085593433466	No data	0.4255559355764429	No data	No data	No data	No data	No data	No data	No data	No data	No data	No data	No data	No data	No data	No data	No data	No data	No data	No data	No data	0	0	0	0	0	0	No data	0.8575841147269718	-0.08945751874593927	0	No data	No data	No data	1	1
CAGE1	0.2580104265449927	No data	0.42440756013453956	No data	No data	No data	No data	No data	No data	No data	No data	No data	No data	No data	No data	No data	No data	No data	No data	No data	No data	No data	No data	No data	0	0	0	0	No data	-0.29862107004964145	No data	0	No data	No data	No data	1	1
SPG11	0.25786524647328674	No data	0.42106269743522573	No data	No data	No data	No data	No data	No data	No data	No data	No data	No data	No data	No data	No data	No data	No data	0.04962459337748495	0.0281170276405399	No data	No data	1	0	0	0	0	0	No data	-0.20165471594043027	-0.8076111076912479	0	No data	No data	No data	-1	-1
MLXIPL	0.25727640635090554	No data	0.4156369024855767	No data	No data	No data	No data	No data	No data	No data	No data	No data	No data	No data	No data	No data	No data	No data	0.15126500332239157	No data	No data	No data	0	0	0	0	0	0.10797999999999988	No data	-0.14682846111417536	-0.9051932103109023	0	255	No data	0	1	0
ZNF285	0.25670237638667365	No data	0.4215020890990059	No data	No data	No data	No data	No data	No data	No data	No data	No data	No data	No data	No data	No data	No data	No data	No data	0.015076556988094458	No data	No data	0	0	0	0	0	No data	No data	0.5949255377826805	No data	0	No data	No data	0	-1	0
LDLR	0.2565399667433085	No data	0.3929129392320561	No data	No data	No data	No data	No data	No data	No data	No data	No data	No data	No data	No data	No data	No data	No data	0.5815165237057337	No data	No data	No data	0	0	1	1	1	0	No data	0.21809156094870374	-0.9650743348286206	0	255	No data	0	0.5	-1
DRG2	0.25653327640837353	No data	0.4213698295267811	No data	No data	No data	No data	No data	No data	No data	No data	No data	No data	No data	No data	No data	No data	No data	0.012158615952232422	No data	No data	No data	0	0	0	0	0	0.9313200000000001	No data	-0.06464423607280745	-0.776237675326602	0	No data	No data	0	-1	-1
CLIC4	0.2564341770731616	No data	0.4095448816469072	No data	No data	No data	No data	No data	No data	No data	No data	No data	No data	No data	No data	No data	No data	No data	0.23368230423590144	0.026358866288399493	No data	No data	1	0	0	0	0	0.9407099999999999	No data	-0.1170435741864313	-0.9045642510317747	0	No data	No data	-0.34782499999999994	0.5	-1
TBXAS1	0.25581554599676315	No data	0.401981916952103	No data	No data	No data	No data	No data	No data	No data	No data	No data	No data	No data	No data	No data	No data	No data	0.3763046268937395	No data	No data	1	0	0	1	1	0	0.0806750000000001	No data	-0.03607280750137898	-0.05901705023956677	0	255	No data	No data	0.5	0
SLC25A29	0.255659982530979	No data	0.41884436017177373	No data	No data	No data	No data	No data	No data	No data	No data	No data	No data	No data	No data	No data	No data	No data	No data	0.033937960724356335	No data	No data	0	0	0	0	0	0.47194500000000017	No data	0.9012686155543299	0	0	No data	No data	0	0.5	-1
SGK3	0.2554532580442486	No data	0.08395697232268279	No data	No data	No data	No data	No data	No data	No data	No data	No data	No data	No data	No data	0.39843516858026606	No data	No data	0.03495602086266821	No data	No data	No data	0	0	1	1	0	0.8387099999999996	1	-0.17517926089354663	-0.2166484010313649	0	No data	No data	0	-1	-1
C12orf42	0.25531867654406953	No data	0.4199798357759477	No data	No data	No data	No data	No data	No data	No data	No data	No data	No data	No data	No data	No data	No data	No data	No data	No data	No data	No data	No data	No data	0	0	0	0	No data	0.8366243794815222	No data	0	No data	No data	No data	1	0.5
GUSB	0.2552525501101175	No data	0.4148721364210927	No data	No data	No data	No data	No data	No data	No data	No data	No data	No data	No data	No data	No data	No data	No data	0.09997852784378215	No data	No data	No data	0	0	1	1	1	0	No data	-0.16922228350799784	-0.8737062934109557	0	No data	No data	0	-1	-1
RIMS1	0.25522558278983476	No data	0.4137965377146936	No data	No data	No data	No data	No data	No data	No data	No data	No data	No data	No data	No data	No data	No data	No data	0.09604953354492891	0.05524601522350598	No data	No data	1	0	0	0	0	0.5094549999999998	No data	-0.6940981798124655	-0.7841917237062962	0	No data	No data	0	1	0.5
CTNNA2	0.2551031405531052	No data	0.4125190189535001	No data	No data	No data	No data	No data	No data	No data	No data	No data	No data	No data	No data	No data	No data	No data	0.13371934163506474	0.018913923084346997	No data	No data	1	0	0	0	0	0.742915	No data	-0.7000551571980144	-0.7092208263505081	0	No data	No data	-0.44123750000000006	0.75	0.5
THSD1	0.2545841523730386	No data	0.41877159928930047	No data	No data	No data	No data	No data	No data	No data	No data	No data	No data	No data	No data	No data	No data	No data	No data	No data	No data	No data	0	0	0	0	0	0	No data	-0.18576944291230002	0	0	No data	No data	No data	-1	0
C7orf78	0.25433732105896706	No data	0.4183655805203201	No data	No data	No data	No data	No data	No data	No data	No data	No data	No data	No data	No data	No data	No data	No data	No data	No data	No data	No data	No data	No data	No data	No data	No data	No data	No data	No data	No data	No data	No data	No data	No data	1	1
TAFA5	0.2540048966475735	No data	0.3875036971114035	No data	No data	No data	No data	No data	No data	No data	No data	No data	No data	No data	No data	No data	No data	No data	0.5967369568452676	0.021520019336733552	No data	No data	0	1	0	0	0	0.9621200000000002	No data	-0.25328185328185326	-0.2811635242546265	0	No data	No data	No data	0.5	0
CDH15	0.25346168118977086	No data	0.4169252194255436	No data	No data	No data	No data	No data	No data	No data	No data	No data	No data	No data	No data	No data	No data	No data	No data	No data	No data	No data	1	0	0	0	0	0.13390500000000002	No data	0.6142305570877	0	0	No data	No data	0	0.75	0.5
MARK1	0.25321623009684346	No data	0.4033553873152831	No data	No data	No data	No data	No data	No data	No data	No data	No data	No data	No data	No data	No data	No data	No data	0.26332167400515555	No data	No data	No data	1	0	1	1	1	0.7169800000000002	No data	-0.5994484280198566	No data	0	255	No data	-0.24842750000000002	-1	0
TRPM6	0.25312442392319967	No data	0.4133308028429662	No data	No data	No data	No data	No data	No data	No data	No data	No data	No data	No data	No data	No data	No data	No data	0.06079307976116211	No data	No data	No data	1	0	1	1	0	0	No data	-0.6963044677330392	-0.8528693597509476	0	No data	No data	0	1	0.5
ZNF717	0.2528767978144997	No data	0.4159631306852314	No data	No data	No data	No data	No data	No data	No data	No data	No data	No data	No data	No data	No data	No data	No data	No data	No data	No data	No data	1	0	0	0	0	No data	No data	0.6475455046883618	-0.05373224667943238	No data	No data	No data	0	-1	-1
ADK	0.25254298612425286	No data	0.3589349048008703	No data	No data	No data	No data	No data	No data	No data	No data	No data	No data	No data	No data	0.21953551141585914	No data	No data	0.07178639162838082	No data	No data	No data	1	0	1	1	1	0.5718249999999998	0	-0.1320463320463321	-0.8957138867675859	0	255	No data	0	0.5	-1
LTN1	0.25250575913277856	No data	0.38457630359882977	No data	No data	No data	No data	No data	No data	No data	No data	No data	No data	No data	No data	No data	No data	No data	0.6155299325817664	No data	No data	No data	0	0	0	0	0	0.2723649999999999	No data	-0.7193601765030336	-0.7161258106987106	0	No data	No data	No data	-1	-1
ING2	0.252479591004268	No data	0.41348596325071046	No data	No data	No data	No data	No data	No data	No data	No data	No data	No data	No data	No data	No data	No data	No data	0.03647584785669726	No data	No data	No data	0	0	1	1	0	0.8392850000000003	No data	-0.7559845559845559	-0.6733769894637592	0	No data	No data	0	-1	-1
SPTSSA	0.25179040184835166	No data	0.4123522994214984	No data	No data	No data	No data	No data	No data	No data	No data	No data	No data	No data	No data	No data	No data	No data	0.03647584785669726	No data	No data	No data	0	0	0	0	0	0.92958	No data	0.9815774958632102	-0.6886485463939465	0	No data	No data	0	-1	-1
TENM2	0.25123300940385734	No data	0.4090223657478713	No data	No data	No data	No data	No data	No data	No data	No data	No data	No data	No data	No data	No data	No data	No data	0.07252952154838646	0.02746717840740372	No data	No data	0	0	0	0	0	0.9152850000000001	No data	-0.9184776613348042	-0.20407843677721527	No data	No data	No data	-0.2105274999999999	1	0.5
ACBD5	0.2511998177141461	No data	0.40520168791388544	No data	No data	No data	No data	No data	No data	No data	No data	No data	No data	No data	No data	No data	No data	No data	0.14286373743873096	0.038688793768276074	No data	No data	0	0	0	0	0	0.01905000000000001	No data	-0.39007170435741867	-0.8234430566272296	0	No data	No data	0	-1	-1
INPP5A	0.2510089479622964	No data	0.41076290171834917	No data	No data	No data	No data	No data	No data	No data	No data	No data	No data	No data	No data	No data	No data	No data	0.04255515583281347	No data	No data	No data	1	0	0	1	0	0.8543700000000001	No data	-0.8410369553226696	-0.8072589861830567	0	No data	No data	No data	-1	-1
ALG10B	0.2505729948258134	No data	0.4121735497037492	No data	No data	No data	No data	No data	No data	No data	No data	No data	No data	No data	No data	No data	No data	No data	No data	No data	No data	No data	0	0	0	0	0	0.26004000000000005	No data	0.08858246001103143	-0.8927444455487865	0	No data	No data	-0.8995774999999998	-1	0
NEO1	0.2499593550798837	No data	0.40649280178144986	No data	No data	No data	No data	No data	No data	No data	No data	No data	No data	No data	No data	No data	No data	No data	0.09342714271628592	No data	No data	No data	1	0	0	0	0	0.7262149999999998	No data	-0.6947600661886376	0	0	No data	No data	0	-1	-1
TENT4B	0.24944772600069937	No data	0.41032256793158883	No data	No data	No data	No data	No data	No data	No data	No data	No data	No data	No data	No data	No data	No data	No data	No data	No data	No data	No data	1	0	0	0	0	0.3688650000000003	No data	-0.9432984004412576	No data	0	No data	No data	0	-1	0
ZNF880	0.24941397806913687	No data	0.41026705514675366	No data	No data	No data	No data	No data	No data	No data	No data	No data	No data	No data	No data	No data	No data	No data	No data	No data	No data	No data	0	0	0	0	0	No data	No data	0.6996138996138996	No data	0	No data	No data	-0.22877000000000008	-1	-1
CYP1B1	0.249242966834554	No data	0.37590170625835123	No data	No data	No data	No data	No data	No data	No data	No data	No data	No data	No data	No data	No data	No data	No data	0.6816809678585413	No data	No data	No data	0	0	1	1	0	0.05156500000000008	0	0.2144511858797573	-0.14741359860466624	0	255	No data	0	-1	0
SEC61G	0.2492335851426761	No data	0.4055557064767382	No data	No data	No data	No data	No data	No data	No data	No data	No data	No data	No data	No data	No data	No data	No data	0.07050308555634772	0.04002577766840322	No data	No data	0	0	0	0	0	1	No data	0.7491450634307777	No data	-1	No data	No data	No data	-1	-1
SPMIP2	0.2491059079170585	No data	0.4082404761452779	No data	No data	No data	No data	No data	No data	No data	No data	No data	No data	No data	No data	No data	No data	No data	0.030396539880581056	No data	No data	No data	0	0	0	0	0	0	No data	0.8441257584114727	-0.34439644248680956	0	No data	No data	No data	1	1
PLCXD3	0.24887385696340553	No data	0.40937859694089646	No data	No data	No data	No data	No data	No data	No data	No data	No data	No data	No data	No data	No data	No data	No data	No data	No data	No data	No data	0	0	0	0	0	0.9221200000000003	No data	0.14980694980694986	No data	0	No data	No data	0	0.5	0
CD164	0.24878490080332763	No data	0.40520684014893354	No data	No data	No data	No data	No data	No data	No data	No data	No data	No data	No data	No data	No data	No data	No data	0.08050861326703898	No data	No data	No data	1	1	0	0	0	0	No data	0.42923331494760064	0	0	No data	No data	0	-1	-1
CDKAL1	0.24862258928938824	No data	0.39941147934253923	No data	No data	No data	No data	No data	No data	No data	No data	No data	No data	No data	No data	No data	No data	No data	0.19107602708265253	No data	No data	No data	0	0	0	0	0	0.5250450000000001	No data	-0.514396028681743	-0.7857486610232586	0	No data	No data	0	-1	-1
DTNB	0.2485696537401138	No data	0.39894820848476015	No data	No data	No data	No data	No data	No data	No data	No data	No data	No data	No data	No data	No data	No data	No data	0.17075583678289272	0.06264924361969937	No data	No data	0	0	0	0	0	No data	No data	-0.05603971318257028	No data	0	No data	No data	-0.3620425000000001	0.5	-1
DAB1	0.2480522505588811	No data	0.3721610069653434	No data	No data	No data	No data	No data	No data	No data	No data	No data	No data	No data	No data	No data	No data	No data	0.6979772385091009	0.04352615558001527	No data	No data	0	0	0	0	0	0.82883	No data	-0.7879757308328736	-0.9310584442714309	0	No data	No data	0	0.5	0.5
EPCAM	0.24799799564209635	No data	0.39799017812036275	No data	No data	No data	No data	No data	No data	No data	No data	No data	No data	No data	No data	No data	No data	No data	0.1989538690769387	No data	No data	1	1	0	0	0	0	0.07643500000000003	No data	0.5514616657473801	-0.8791077942984573	0	No data	No data	0	0.5	0
DRAXIN	0.24789863872616713	No data	0.4019737639647741	No data	No data	No data	No data	No data	No data	No data	No data	No data	No data	No data	No data	No data	No data	No data	0.11601346054421768	No data	No data	No data	0	1	0	0	0	0	No data	0.2051847766133481	-0.2435791077952018	0	No data	No data	No data	0.5	1
DLGAP2	0.2476213891577376	No data	0.3668514554972551	No data	No data	No data	No data	No data	No data	No data	No data	No data	No data	No data	No data	No data	No data	No data	0.8093385401416592	No data	No data	No data	1	0	0	0	0	0.4786749999999998	No data	-0.7670159955874242	-0.30117990154231555	0	No data	No data	0	0.5	0.5
RAC1	0.24730333716789882	No data	0.36439236957685484	No data	No data	No data	No data	No data	No data	No data	No data	No data	No data	No data	No data	No data	No data	No data	0.8480568310974512	No data	No data	No data	0	0	1	1	1	1	No data	-0.9230005515719801	-0.8863860192820477	-1	No data	255	-0.8177074999999998	-1	-1
LAP3	0.24715840759562382	No data	0.39731239310708494	No data	No data	No data	No data	No data	No data	No data	No data	No data	No data	No data	No data	No data	No data	No data	0.1651332792274195	0.044449016482396256	No data	0.2	0	0	0	1	0	0.5183050000000001	No data	0.007722007722007707	No data	0	No data	No data	0	-1	-1
STYX	0.24706862899760018	No data	0.4064091340137055	No data	No data	No data	No data	No data	No data	No data	No data	No data	No data	No data	No data	No data	No data	No data	No data	No data	No data	No data	0	0	0	0	0	0.8206299999999999	No data	-0.2936569222283508	0	0	No data	No data	0	-1	-1
TBC1D15	0.24639715563576436	No data	0.3974479501097405	No data	No data	No data	No data	No data	No data	No data	No data	No data	No data	No data	No data	No data	No data	No data	0.15713322421600373	No data	No data	No data	0	0	0	0	0	0.5400599999999998	No data	-0.5275234418091561	No data	0	No data	No data	0	-1	-1
WNT11	0.24632252404811372	No data	0.4025390377529128	No data	No data	No data	No data	No data	No data	No data	No data	No data	No data	No data	No data	No data	No data	No data	0.05285620545901039	No data	No data	No data	0	1	0	0	0	0.87288	No data	0.043022614451185826	-0.7663704477926638	0	No data	No data	0	0.5	0
IVNS1ABP	0.2461275849763845	No data	0.38741988440166214	No data	No data	No data	No data	No data	No data	No data	No data	No data	No data	No data	No data	No data	No data	No data	0.3488260730707007	No data	No data	No data	0	0	0	0	0	0.8520249999999997	No data	-0.7374517374517375	-0.7842822584227257	0	No data	No data	0	1	-1
TJP1	0.24602913635930318	No data	0.38878882532743725	No data	No data	No data	No data	No data	No data	No data	No data	No data	No data	No data	No data	No data	No data	No data	0.3118277378466556	0.014356590112671793	No data	No data	0	0	0	0	0	0.397625	No data	-0.9063430777716492	No data	0	No data	No data	0	-1	-1
SHROOM3	0.2455933887961389	No data	0.4020235877762286	No data	No data	No data	No data	No data	No data	No data	No data	No data	No data	No data	No data	No data	No data	No data	0.03917776251274891	No data	No data	No data	1	0	0	0	0	0	No data	-0.7424158852730282	-0.9395980228925932	0	No data	No data	0	-1	0
DOCK4	0.24542341367227377	No data	0.39941147934253923	No data	No data	No data	No data	No data	No data	No data	No data	No data	No data	No data	No data	No data	No data	No data	0.08582800774614067	No data	No data	No data	1	0	0	0	0	0.9164549999999998	No data	-0.7457253171538886	-0.011453818198359778	0	No data	No data	0	0.5	0
TMEM59L	0.2451499757317633	No data	0.4007453805405496	No data	No data	No data	No data	No data	No data	No data	No data	No data	No data	No data	No data	No data	No data	No data	0.05015429080295874	No data	No data	No data	0	0	0	0	0	0	No data	0.3406508549365692	No data	0	No data	No data	0	1	0
CACNB2	0.24477811599727273	No data	0.39941147934253923	No data	No data	No data	No data	No data	No data	No data	No data	No data	No data	No data	No data	No data	No data	No data	0.04304150047090277	0.04546913846284113	No data	1	1	0	1	1	0	0.2878799999999998	No data	-0.3331494760066188	-0.6463701179128734	0	No data	No data	-0.015152499999999947	0.5	0
CR1L	0.24466932579941825	No data	0.39897530383626345	No data	No data	No data	No data	No data	No data	No data	No data	No data	No data	No data	No data	No data	No data	No data	0.0697431720593332	No data	No data	No data	0	0	0	0	0	No data	No data	0.34087148372862663	-0.5723828680709955	0	No data	No data	-0.36731000000000014	1	1
GMNC	0.24458752036280182	No data	0.40052622824114814	No data	No data	No data	No data	No data	No data	No data	No data	No data	No data	No data	No data	No data	No data	No data	0.03603340933176881	No data	No data	No data	0	0	0	0	0	0	No data	-0.15135135135135136	-0.8135423165701796	0	No data	No data	0	0.5	0.5
EPSTI1	0.24438243110416463	No data	0.40047071545631296	No data	No data	No data	No data	No data	No data	No data	No data	No data	No data	No data	No data	No data	No data	No data	0.030396539880581056	No data	No data	No data	No data	No data	0	0	0	0	No data	0.7363485934914507	0	0	No data	No data	No data	-1	0
VWA8	0.2442340033955873	No data	0.39894820848476015	No data	No data	No data	No data	No data	No data	No data	No data	No data	No data	No data	No data	No data	No data	No data	0.044074982826842524	0.02674946313928243	No data	No data	0	0	0	0	0	0.307085	No data	0.04191947049089917	-0.6797107571892865	0	No data	No data	No data	-1	-1
LARP4	0.24302126388497006	No data	0.39807971603898396	No data	No data	No data	No data	No data	No data	No data	No data	No data	No data	No data	No data	No data	No data	No data	0.03343619386863916	No data	No data	No data	0	0	0	0	0	0.19198999999999983	No data	-0.8253723110865968	No data	0	No data	No data	0	-1	-1
EGFLAM	0.24253290258986754	No data	0.39894820848476015	No data	No data	No data	No data	No data	No data	No data	No data	No data	No data	No data	No data	No data	No data	No data	No data	No data	No data	No data	0	1	0	0	0	0.4152650000000001	No data	-0.23816878102592387	No data	0	No data	No data	0	0.5	0
WNK2	0.2424234426470318	No data	0.3833741546760548	No data	No data	No data	No data	No data	No data	No data	No data	No data	No data	No data	No data	No data	No data	No data	0.3078800102874708	No data	No data	No data	0	0	1	1	0	0	No data	-0.6793160507446221	0	No data	No data	No data	0	0.5	0
DDX19A	0.24160616829907083	No data	0.036186429579533955	No data	No data	No data	No data	No data	No data	No data	No data	No data	No data	No data	No data	0.38761303954936444	No data	No data	0.03438693008823734	No data	No data	No data	0	0	0	0	0	0.8744750000000003	No data	-0.8381687810259238	No data	0	No data	No data	-0.9058575000000001	-1	-1
UNC5C	0.24157145090847987	No data	No data	No data	No data	No data	No data	0.3039653988058105	0.3039653988058105	No data	No data	No data	No data	No data	No data	No data	No data	No data	0.7834475235430188	No data	No data	No data	1	0	0	0	0	0.8549950000000003	No data	-0.5100937672366244	-0.8261556485690021	0	No data	No data	-0.08700250000000001	0.5	0
SEMA5B	0.2401621449189861	No data	0.3890156233171783	No data	No data	No data	No data	No data	No data	No data	No data	No data	No data	No data	No data	No data	No data	No data	0.12065737635930646	No data	No data	No data	0	0	0	0	0	0.44395999999999985	No data	-0.5124103695532267	0	0	No data	No data	0	0.5	0
CRYBG1	0.2398511773987978	No data	0.39149732018910416	No data	No data	No data	No data	No data	No data	No data	No data	No data	No data	No data	No data	No data	No data	No data	0.06079307976116211	No data	No data	No data	0	0	0	0	0	0	No data	-0.19503585217870933	-0.13173594722701215	0	No data	No data	0	0.5	0
WDR70	0.23922508840473605	No data	0.38998437938935065	No data	No data	No data	No data	No data	No data	No data	No data	No data	No data	No data	No data	No data	No data	No data	No data	0.07045451866918621	No data	No data	0	0	0	0	0	0.5642200000000003	No data	-0.3953667953667954	0	-1	No data	No data	No data	-1	-1
H3-5	0.2391114747266235	No data	0.3933202194493538	No data	No data	No data	No data	No data	No data	No data	No data	No data	No data	No data	No data	No data	No data	No data	No data	No data	No data	No data	0	0	0	0	0	No data	No data	0.7888582460011031	-0.6380058798090312	0	No data	No data	-0.9074075	1	0.5
UBE2K	0.23904039354603457	No data	0.38118158085256215	No data	No data	No data	No data	No data	No data	No data	No data	No data	No data	No data	No data	No data	No data	No data	0.24043430904274787	No data	No data	No data	1	0	0	0	1	1	No data	-0.39889685603971314	No data	0	No data	No data	0	-1	-1
LTBP1	0.238953992075434	No data	0.3870081766593011	No data	No data	No data	No data	No data	No data	No data	No data	No data	No data	No data	No data	No data	No data	No data	0.10493223306108586	0.036287286027203276	No data	No data	0	1	0	0	0	0	No data	-0.39426365140650854	-0.9525300600538186	0	No data	No data	0	0.5	0
MKRN1	0.23876726107885096	No data	0.3901332710557264	No data	No data	No data	No data	No data	No data	No data	No data	No data	No data	No data	No data	No data	No data	No data	No data	0.05241486160502963	No data	No data	0	0	0	0	0	0.6784250000000001	No data	-0.8810810810810811	No data	0	No data	No data	-0.5746874999999999	-1	-1
HOOK3	0.23867016479809697	No data	0.37458113972406104	No data	No data	No data	No data	No data	No data	No data	No data	No data	No data	No data	No data	No data	No data	No data	0.36026316805796665	No data	No data	No data	0	0	0	0	0	0.8885800000000004	No data	-0.8090457804743519	-0.2558053563836418	0	No data	No data	0	-1	-1
CELF5	0.23838093774594035	No data	0.3921185415880689	No data	No data	No data	No data	No data	No data	No data	No data	No data	No data	No data	No data	No data	No data	No data	No data	No data	No data	No data	0	0	0	0	0	0.44329999999999997	No data	-0.9255377826806398	No data	0	No data	No data	-0.15463999999999983	1	0.5
AHCYL2	0.2378590563838994	No data	0.39126008637558213	No data	No data	No data	No data	No data	No data	No data	No data	No data	No data	No data	No data	No data	No data	No data	No data	No data	No data	No data	0	0	0	0	0	0.9590850000000003	No data	-0.6710424710424711	No data	0	No data	No data	-0.40261749999999985	0.5	-1
ADAM17	0.2375766380575354	No data	0.3643977324307423	No data	No data	No data	No data	No data	No data	No data	No data	No data	No data	No data	No data	No data	No data	No data	0.5279559448574115	No data	No data	0.2	0	0	1	1	1	0.6055799999999998	0	-0.6140099282956426	-0.9836360383117401	0	No data	No data	0	-1	0
CSNK1G3	0.23742270927130243	No data	0.38688309171592583	No data	No data	No data	No data	No data	No data	No data	No data	No data	No data	No data	No data	No data	No data	No data	0.07318473585247898	No data	No data	No data	0	0	1	1	1	0.8574550000000002	No data	-0.5496966354109212	-0.23001551501018735	0	No data	No data	-0.39693000000000006	-1	-1
KANSL1	0.23692125562213637	No data	0.373554402441699	No data	No data	No data	No data	No data	No data	No data	No data	No data	No data	No data	No data	No data	No data	No data	0.3232614578180709	No data	No data	No data	0	0	0	0	0	0.5791849999999996	No data	-0.8675124103695533	-0.8291056208431343	-1	No data	No data	0	-1	0
PMFBP1	0.23656771337076352	No data	0.389135925174654	No data	No data	No data	No data	No data	No data	No data	No data	No data	No data	No data	No data	No data	No data	No data	No data	No data	No data	No data	0	0	0	0	0	0	No data	0.11428571428571432	0	0	No data	No data	No data	0.5	0
SHANK2	0.23636050702867512	No data	0.3822271199476233	No data	No data	No data	No data	No data	No data	No data	No data	No data	No data	No data	No data	No data	No data	No data	0.1313593305623111	No data	No data	No data	1	0	0	0	0	0.46728000000000025	No data	-0.7756205184776613	-0.7253781120135219	No data	No data	No data	0	0.5	0
ADCK1	0.23601099250893057	No data	0.38208366360613355	No data	No data	No data	No data	No data	No data	No data	No data	No data	No data	No data	No data	No data	No data	No data	0.12272996048694243	No data	No data	No data	0	0	1	1	0	0.41682500000000006	No data	-0.0897959183673469	0	0	No data	No data	0	-1	-1
PPP1R9B	0.23585951380636644	No data	0.37506310809944776	No data	No data	No data	No data	No data	No data	No data	No data	No data	No data	No data	No data	No data	No data	No data	0.2581576513512526	No data	No data	No data	1	0	0	0	0	0.8225200000000001	No data	-0.729619415333701	-0.23763370379005083	No data	No data	No data	0	0.5	-1
PRKD3	0.23561995165565391	No data	0.38545128219896985	No data	No data	No data	No data	No data	No data	No data	No data	No data	No data	No data	No data	No data	No data	No data	0.042512938416312665	No data	No data	1	1	0	1	1	0	0.7977550000000001	No data	-0.46254826254826253	-0.6199545273143711	0	No data	No data	-0.25842750000000014	-1	-1
NCKAP5	0.23554905646432292	No data	0.3841166925264739	No data	No data	No data	No data	No data	No data	No data	No data	No data	No data	No data	No data	No data	No data	No data	0.06687238773727831	No data	No data	No data	1	0	0	0	0	0	No data	-0.5342526199669058	No data	0	No data	No data	0	0.5	0
PPIAL4F	0.23491930754907914	No data	0.3864244227665502	No data	No data	No data	No data	No data	No data	No data	No data	No data	No data	No data	No data	No data	No data	No data	No data	No data	No data	No data	0	0	0	0	0	No data	No data	No data	No data	No data	No data	No data	-1	No data	No data
STK24	0.23489648444015795	No data	0.38343900716081897	No data	No data	No data	No data	No data	No data	No data	No data	No data	No data	No data	No data	No data	No data	No data	0.058957466491707015	No data	No data	No data	0	0	1	1	1	0.75638	1	-0.6519580805295091	-0.11059673298647571	0	255	No data	-0.2981449999999999	-1	-1
NRXN1	0.23485615480172967	No data	0.38006563618247835	No data	No data	No data	No data	No data	No data	No data	No data	No data	No data	No data	No data	No data	No data	No data	0.11194459856923858	0.02959538317218125	No data	No data	1	0	0	0	0	0.963505	No data	-0.8740209597352455	-0.33379179974214385	0	No data	No data	-0.22528250000000014	1	0
ZFAT	0.23481727072205733	No data	0.3862565799340721	No data	No data	No data	No data	No data	No data	No data	No data	No data	No data	No data	No data	No data	No data	No data	No data	No data	No data	No data	0	0	0	0	0	0.40466499999999994	No data	-0.4665195808052951	-0.8603429586233796	0	No data	No data	0	0.5	0
DMRTA2	0.23391438138070522	No data	0.3847713955267361	No data	No data	No data	No data	No data	No data	No data	No data	No data	No data	No data	No data	No data	No data	No data	No data	No data	No data	No data	0	0	0	0	0	0.649445	No data	0.4345284059569774	-0.7057853542316169	0	No data	No data	0	0.5	0.5
TRANK1	0.23388641236387794	No data	0.3795579768381307	No data	No data	No data	No data	No data	No data	No data	No data	No data	No data	No data	No data	No data	No data	No data	0.10334823559397559	No data	No data	No data	0	0	0	0	0	0.048499999999999946	No data	-0.2980694980694981	-0.20283063593662803	0	No data	No data	0	-1	0
FSCN1	0.23348721641316017	No data	0.38047603944686675	No data	No data	No data	No data	No data	No data	No data	No data	No data	No data	No data	No data	No data	No data	No data	0.07185404288437355	No data	No data	No data	1	0	1	1	0	0.8275849999999998	No data	-0.6767788196359625	-0.6967706552649113	0	No data	No data	0	-1	0
SPAG16	0.23236763789855142	No data	0.3822271199476233	No data	No data	No data	No data	No data	No data	No data	No data	No data	No data	No data	No data	No data	No data	No data	No data	No data	No data	No data	1	0	0	0	0	0	No data	0.46707115278543854	0	0	No data	No data	No data	-1	-1
ZNF217	0.23218655325674564	No data	0.2962084654835764	No data	No data	No data	No data	No data	No data	No data	No data	No data	No data	No data	No data	0.3029843847537839	No data	No data	0.22017367518720052	No data	No data	No data	0	0	0	0	0	0	No data	-0.9328185328185328	-0.2500182781049823	0	No data	No data	0	-1	0
ANKRD9	0.23210069557207527	No data	0.3786799906915537	No data	No data	No data	No data	No data	No data	No data	No data	No data	No data	No data	No data	No data	No data	No data	No data	0.06216058797550431	No data	No data	0	0	0	0	0	0.2429000000000002	No data	0.9921676778819637	0	0	No data	No data	No data	0.5	-1
ANXA1	0.23203418461489558	No data	0.344475020122786	No data	No data	No data	No data	No data	No data	No data	No data	No data	No data	No data	No data	No data	No data	No data	0.7336388389032741	0.02347436466908357	No data	No data	1	1	0	0	0	0.3786149999999999	No data	0.3660231660231661	-0.8630093098696562	0	No data	No data	0	0.5	-1
REXO1	0.23197309554968637	No data	0.37663869001197026	No data	No data	No data	No data	No data	No data	No data	No data	No data	No data	No data	No data	No data	No data	No data	0.09878875461188842	No data	No data	No data	0	0	0	0	0	0	No data	-0.5485934914506343	-0.7577876524482835	0	No data	No data	0	-1	-1
BCL6	0.23131367146617146	No data	0.3682566681577692	No data	No data	No data	No data	No data	No data	No data	No data	No data	No data	No data	No data	No data	No data	No data	0.23003535346215873	0.03307452148896968	No data	No data	0	0	1	1	0	0.7379600000000004	1	-0.943849972421401	-0.9278155348156588	0	No data	No data	0	0.5	-1
ZIM2	0.2313031021330443	No data	0.38047603944686675	No data	No data	No data	No data	No data	No data	No data	No data	No data	No data	No data	No data	No data	No data	No data	No data	No data	No data	No data	0	0	0	0	0	No data	No data	-0.6680639823496967	No data	0	No data	No data	0	0.5	0.5
HECTD1	0.2312390215958393	No data	0.37885080483496947	No data	No data	No data	No data	No data	No data	No data	No data	No data	No data	No data	No data	No data	No data	No data	0.030396539880581056	No data	No data	No data	0	0	0	0	0	0.94636	No data	-0.912630998345284	-0.9199294850125552	0	No data	No data	0	-1	-1
KALRN	0.23091255031472357	No data	0.3720915435133009	No data	No data	No data	No data	No data	No data	No data	No data	No data	No data	No data	No data	No data	No data	No data	0.15484135696478338	No data	No data	No data	0	0	0	0	0	0.8426000000000002	No data	-0.936569222283508	-0.7255557532280984	0	No data	No data	-0.14182750000000013	0.5	0
PEG3	0.2303097348906794	No data	0.3659826006964865	No data	No data	No data	No data	No data	No data	No data	No data	No data	No data	No data	No data	No data	No data	No data	0.2571885013229164	No data	No data	No data	0	0	0	0	0	0	No data	-0.17451737451737448	-0.7399640860676473	0	No data	No data	0	0.5	0
ETV4	0.23028161046195222	No data	0.16562050930973934	No data	No data	No data	No data	No data	No data	No data	No data	No data	No data	No data	No data	0.33564163399142477	No data	No data	0.0787050852341245	No data	No data	No data	0	0	0	0	0	0.6280999999999999	No data	-0.2520683949255378	-0.3065880334514584	0	No data	No data	0	-1	0
LRRC38	0.22999338720416224	No data	0.3783216578395727	No data	No data	No data	No data	No data	No data	No data	No data	No data	No data	No data	No data	No data	No data	No data	No data	No data	No data	No data	1	0	0	0	0	0.4727899999999998	No data	-0.5527854384997242	-0.6017599046773083	0	No data	No data	0	0.75	0.5
BLID	0.22966639353829182	No data	0.3777837780888592	No data	No data	No data	No data	No data	No data	No data	No data	No data	No data	No data	No data	No data	No data	No data	No data	No data	No data	No data	0	0	0	0	0	No data	No data	0.9158301158301159	No data	0	No data	No data	No data	No data	No data
CBR4	0.22909397839361098	No data	0.3768421986411166	No data	No data	No data	No data	No data	No data	No data	No data	No data	No data	No data	No data	No data	No data	No data	No data	No data	No data	No data	0	0	0	0	0	0.3037999999999997	No data	0.8421400992829564	0	0	No data	No data	No data	-1	-1
PARD6G	0.22843153205030356	No data	0.37575252470798154	No data	No data	No data	No data	No data	No data	No data	No data	No data	No data	No data	No data	No data	No data	No data	No data	No data	No data	No data	1	0	0	0	0	0	No data	0.7109762824048538	No data	0	No data	No data	0	0.5	0
SLC2A13	0.22821336716140742	No data	0.37341236369608577	No data	No data	No data	No data	No data	No data	No data	No data	No data	No data	No data	No data	No data	No data	No data	0.03495602086266821	0.010507288160918048	No data	No data	0	0	0	0	0	0.4212949999999999	No data	-0.3894098179812465	-0.05373224667943238	0	No data	No data	0	0.5	0
VWC2	0.22786276628622476	No data	0.3732971212201915	No data	No data	No data	No data	No data	No data	No data	No data	No data	No data	No data	No data	No data	No data	No data	0.030396539880581056	No data	No data	No data	0	1	0	0	0	0.5384599999999999	No data	0.23287369001654712	No data	0	No data	No data	0	0.75	0.5
DYM	0.22777855854676385	No data	0.3731670493662333	No data	No data	No data	No data	No data	No data	No data	No data	No data	No data	No data	No data	No data	No data	No data	0.030227670214577826	No data	No data	No data	0	0	0	0	0	0.3784550000000003	No data	0.2038610038610038	-0.3309559702539455	0	No data	No data	No data	-1	-1
THBS2	0.22753167464693824	No data	0.3419559282156448	No data	No data	No data	No data	No data	No data	No data	No data	No data	No data	No data	No data	No data	No data	No data	0.6463279878552902	No data	No data	No data	1	1	0	0	0	0.4283299999999997	No data	-0.7442912300055158	-0.8637261241219729	0	No data	No data	-0.03370250000000006	0.5	0
CISD1	0.22733441658973724	No data	0.36628089132622743	No data	No data	No data	No data	No data	No data	No data	No data	No data	No data	No data	No data	No data	No data	No data	0.13381042786511502	0.04393981634609924	No data	No data	0	0	1	1	0	0.3055549999999997	No data	0.5558742415885274	0	0	No data	No data	0	0.5	0
SNX19	0.22619843511963175	No data	0.3672158034421099	No data	No data	No data	No data	No data	No data	No data	No data	No data	No data	No data	No data	No data	No data	No data	0.09726892761785938	No data	No data	No data	0	0	0	0	0	0.09273999999999986	No data	-0.14837286265857696	No data	0	No data	No data	0	-1	-1
FIBCD1	0.22596595046540655	No data	0.3716968302200833	No data	No data	No data	No data	No data	No data	No data	No data	No data	No data	No data	No data	No data	No data	No data	No data	No data	No data	No data	0	0	0	0	0	0.5119300000000002	No data	0.7049089906232764	-0.6328870352586558	0	No data	No data	0	0.75	0.5
ETV1	0.22594512968196973	No data	0.36974982437493786	No data	No data	No data	No data	No data	No data	No data	No data	No data	No data	No data	No data	No data	No data	No data	0.030396539880581056	0.01768186095072778	No data	No data	0	0	0	0	0	0.8951799999999999	No data	-0.4920022062879206	-0.6121941561145569	0	No data	No data	-0.09853249999999995	0.5	0
SP9	0.22583468158539294	No data	0.37148090288011415	No data	No data	No data	No data	No data	No data	No data	No data	No data	No data	No data	No data	No data	No data	No data	No data	No data	No data	No data	0	0	0	0	0	0.9793399999999999	No data	-0.3950358521787093	No data	0	No data	No data	-0.02376000000000005	0.5	0.5
BNC2	0.2257224692723742	No data	0.3682566681577692	No data	No data	No data	No data	No data	No data	No data	No data	No data	No data	No data	No data	No data	No data	No data	0.06079307976116211	No data	No data	No data	0	0	0	0	0	0.8544150000000001	No data	-0.8329840044125758	-0.5854224539335747	0	No data	No data	0	0.5	0
DOC2A	0.22487797124024728	No data	0.36122173923638506	No data	No data	No data	No data	No data	No data	No data	No data	No data	No data	No data	No data	No data	No data	No data	0.15692963287887837	0.03775347576020456	No data	No data	0	0	0	0	0	0.7375	No data	0.009487038058466624	No data	0	No data	No data	-0.0875	0.75	0
OR6B2	0.2239424183208909	No data	0.36836827349542733	No data	No data	No data	No data	No data	No data	No data	No data	No data	No data	No data	No data	No data	No data	No data	No data	No data	No data	No data	1	0	0	0	0	0.34294999999999976	No data	No data	No data	0	No data	No data	-0.8477575000000002	No data	No data
SLC39A13	0.22308933511035753	No data	0.3628482272386945	No data	No data	No data	No data	No data	No data	No data	No data	No data	No data	No data	No data	No data	No data	No data	0.08233578305319392	No data	No data	No data	0	0	0	0	0	0.40700999999999965	No data	-0.4879205736348593	0	0	No data	No data	0	-1	-1
MKX	0.2228344467645953	No data	0.36593781361942634	No data	No data	No data	No data	No data	No data	No data	No data	No data	No data	No data	No data	No data	No data	No data	0.012158615952232422	No data	No data	No data	0	0	0	0	0	0.4602249999999998	No data	-0.602095973524545	0	0	No data	No data	0	0.5	0
ADGRL3	0.2224038584977286	No data	0.3513889707907087	No data	No data	No data	No data	No data	No data	No data	No data	No data	No data	No data	No data	No data	No data	No data	0.2889697724647239	No data	No data	No data	1	0	0	0	0	0.8250149999999998	No data	-0.7384445670159956	-0.2864483278147603	0	255	No data	0	0.5	0
BCAS3	0.22215875642884514	No data	0.365434285121992	No data	No data	No data	No data	No data	No data	No data	No data	No data	No data	No data	No data	No data	No data	No data	No data	No data	No data	No data	0	0	0	0	0	0.8357050000000001	No data	-0.595146166574738	-0.928765420679615	0	No data	No data	No data	-1	-1
CPNE8	0.2214816173028741	No data	0.3643204426770438	No data	No data	No data	No data	No data	No data	No data	No data	No data	No data	No data	No data	No data	No data	No data	No data	No data	No data	No data	No data	No data	0	0	0	0.9379449999999998	No data	-0.007391064533921687	No data	0	No data	No data	-0.5124124999999999	-1	-1
PKP2	0.22100632495204395	No data	0.36152190203358664	No data	No data	No data	No data	No data	No data	No data	No data	No data	No data	No data	No data	No data	No data	No data	0.0403344163352796	No data	No data	No data	0	0	0	0	0	0	No data	0.24037506894649763	-0.8899587682629125	0	No data	No data	0	0.5	0
TFAP2B	0.22089832005379284	No data	0.3606220658809681	No data	No data	No data	No data	No data	No data	No data	No data	No data	No data	No data	No data	No data	No data	No data	0.05477794225812712	No data	No data	No data	0	0	0	0	0	0.9891300000000001	No data	-0.8431329288472146	-0.9443973986437859	0	255	No data	-0.28260749999999996	0.5	0.5
WDR7	0.22038884594365954	No data	0.3590820209277833	No data	No data	No data	No data	No data	No data	No data	No data	No data	No data	No data	No data	No data	No data	No data	0.012158615952232422	0.06341408750532457	No data	No data	0	0	0	0	0	0.7516800000000003	No data	-0.8416988416988417	No data	-1	No data	No data	0	-1	-1
RAB23	0.22036430048558164	No data	0.36248254135392927	No data	No data	No data	No data	No data	No data	No data	No data	No data	No data	No data	No data	No data	No data	No data	No data	No data	No data	No data	1	0	0	0	0	0.6624450000000003	No data	-0.22471042471042468	-0.855385952811783	0	No data	No data	0	-1	0
CCL26	0.2199714869506555	No data	0.3254692108875901	No data	No data	No data	No data	No data	No data	No data	No data	No data	No data	No data	No data	No data	No data	No data	0.7273436405787147	No data	No data	No data	0	1	0	0	0	No data	No data	0.8372862658576945	-0.10129547872063965	0	255	No data	0	0.75	0
COQ6	0.21993740677425702	No data	0.3617803336141639	No data	No data	No data	No data	No data	No data	No data	No data	No data	No data	No data	No data	No data	No data	No data	No data	No data	No data	No data	0	0	0	0	0	0.3589750000000002	No data	0.005736348593491369	-0.8284592224994433	0	No data	No data	0	-1	-1
TCF20	0.21991119353101804	No data	0.3602173878254596	No data	No data	No data	No data	No data	No data	No data	No data	No data	No data	No data	No data	No data	No data	No data	0.030396539880581056	No data	No data	No data	0	0	0	0	0	0.62755	No data	-0.999669056811914	-0.6912469240900332	0	No data	No data	0	-1	0
LHX5	0.21954850383497002	No data	0.3533388392402941	No data	No data	No data	No data	No data	No data	No data	No data	No data	No data	No data	No data	No data	No data	No data	0.15603557138698274	No data	No data	No data	0	0	0	0	0	0.9378100000000004	No data	-0.7724214009928296	-0.846284525210908	0	No data	No data	-0.3656725000000002	0.75	0.5
QKI	0.21950121620578472	No data	0.33436205463998914	No data	No data	No data	No data	No data	No data	No data	No data	No data	No data	No data	No data	No data	No data	No data	0.517989100868866	0.03605956051037887	No data	No data	0	0	0	0	0	1	No data	-0.74142305570877	-0.9608319324990972	0	No data	255	0	0.5	-1
TMEM132C	0.2188701068504911	No data	0.35926479278594814	No data	No data	No data	No data	No data	No data	No data	No data	No data	No data	No data	No data	No data	No data	No data	0.015198269940290528	No data	No data	No data	1	0	0	0	0	0	No data	-0.41092112520683954	No data	No data	No data	No data	-0.004964999999999975	0.5	0
TAF12	0.21820872845739397	No data	0.35893678904683074	No data	No data	No data	No data	No data	No data	No data	No data	No data	No data	No data	No data	No data	No data	No data	No data	No data	No data	No data	0	0	0	0	0	0.8136650000000003	No data	-0.8212906784335355	-0.13173594722701215	-1	No data	No data	No data	-1	-1
MAF	0.21801520144253023	No data	0.3545551562432718	No data	No data	No data	No data	No data	No data	No data	No data	No data	No data	No data	No data	No data	No data	No data	0.08126591118429138	No data	No data	No data	0	0	0	0	0	0.5161299999999998	No data	-0.20044125758411468	-0.9558181976626969	0	No data	No data	0	-1	-1
P4HA3	0.2176027424917053	No data	0.35642016115363784	No data	No data	No data	No data	No data	No data	No data	No data	No data	No data	No data	No data	No data	No data	No data	0.030396539880581056	No data	No data	No data	0	0	0	0	0	0.49448500000000023	No data	0.09156094870380582	-0.11714988940104198	0	No data	No data	0	0.5	0
SEMA6D	0.21645705468792428	No data	0.35094479604102896	No data	No data	No data	No data	No data	No data	No data	No data	No data	No data	No data	No data	No data	No data	No data	0.0830170687659255	0.04318961520376739	No data	No data	1	0	0	0	0	0.7437100000000001	No data	-0.7986762272476559	No data	0	No data	No data	0	0.5	0
KLC1	0.21523394423792847	No data	0.30661848958914	No data	No data	No data	No data	No data	No data	No data	No data	No data	No data	No data	No data	No data	No data	No data	0.7653892556252267	0.137968138975634	0.33439233522627215	No data	1	0	0	0	0	0.6791849999999997	No data	-0.6820739106453393	-0.22574289577974915	0	No data	No data	-0.15884250000000008	0.5	-1
UBE4B	0.21502204897017796	No data	0.34901666889098737	No data	No data	No data	No data	No data	No data	No data	No data	No data	No data	No data	No data	No data	No data	No data	0.0935654874766159	No data	No data	No data	0	0	0	0	0	0.38556000000000024	No data	-0.9329288472145615	-0.921260285392807	0	No data	No data	0	-1	-1
CCNJL	0.21355600775166633	No data	0.35128341678142355	No data	No data	No data	No data	No data	No data	No data	No data	No data	No data	No data	No data	No data	No data	No data	No data	No data	No data	No data	0	0	0	0	0	0.41860500000000017	No data	0.4696083838940981	No data	0	No data	No data	0	0.5	0
ZNF585B	0.21307557660367807	No data	0.3486693516307752	No data	No data	No data	No data	No data	No data	No data	No data	No data	No data	No data	No data	No data	No data	No data	0.03647584785669726	No data	No data	No data	0	0	0	0	0	No data	No data	-0.1810259238830667	No data	0	No data	No data	-0.8634599999999999	-1	-1
LRBA	0.21289986249082898	No data	0.34868428065646195	No data	No data	No data	No data	No data	No data	No data	No data	No data	No data	No data	No data	No data	No data	No data	0.030396539880581056	No data	No data	No data	0	0	0	0	1	0.5371650000000002	No data	-0.6719249862107005	-0.3097917958982524	0	No data	No data	-0.10413749999999986	-1	-1
CCNYL1B	0.21271532739121007	No data	0.3499005614239404	No data	No data	No data	No data	No data	No data	No data	No data	No data	No data	No data	No data	No data	No data	No data	No data	No data	No data	No data	No data	No data	No data	No data	No data	No data	No data	No data	No data	No data	No data	No data	0	0.75	0.5
FOXG1	0.21105175916123742	No data	0.32136166340027994	No data	No data	No data	No data	No data	No data	No data	No data	No data	No data	No data	No data	No data	No data	No data	0.5160490921050221	No data	No data	No data	0	0	0	0	0	0.7954999999999999	No data	-0.8378378378378378	-0.8223042021377133	0	No data	No data	0	1	0.5
TMEM163	0.2100172436414796	No data	0.31893156587927135	No data	No data	No data	No data	No data	No data	No data	No data	No data	No data	No data	No data	No data	No data	No data	0.5201394215242142	0.02357467083088361	No data	No data	0	0	0	0	0	0.5501750000000001	No data	0.1033645890788748	-0.6901227771559054	0	No data	No data	No data	0.5	0
NPAP1	0.20970120974636702	No data	0.3449425667694754	No data	No data	No data	No data	No data	No data	No data	No data	No data	No data	No data	No data	No data	No data	No data	No data	No data	No data	No data	1	0	0	0	0	No data	No data	0.9624931053502481	No data	0	No data	No data	0	0.5	1
BRINP3	0.209566073159544	No data	0.34000881366400165	No data	No data	No data	No data	No data	No data	No data	No data	No data	No data	No data	No data	No data	No data	No data	0.09422927362980127	No data	No data	No data	0	1	0	0	0	0.8890349999999998	No data	-0.8338665195808053	-0.7112759328334889	0	No data	No data	-0.2754574999999999	0.5	0
RBFOX2	0.20933291407537577	No data	0.34129709436846933	No data	No data	No data	No data	No data	No data	No data	No data	No data	No data	No data	No data	No data	No data	No data	0.06079307976116211	No data	No data	No data	0	0	0	0	0	0.7986600000000003	No data	-0.8581356867071153	No data	0	No data	No data	0	-1	0
ELAVL2	0.20928327787185225	No data	0.3311967750749071	No data	No data	No data	No data	No data	No data	No data	No data	No data	No data	No data	No data	No data	No data	No data	0.25718946460631753	0.008948351949262481	No data	No data	0	0	0	0	0	0.9860750000000003	No data	-0.924765581908439	-0.6537934215464283	0	No data	No data	-0.7562674999999999	0.75	0.5
MAN2A1	0.20917491197354923	No data	0.3412444804235733	No data	No data	No data	No data	No data	No data	No data	No data	No data	No data	No data	No data	No data	No data	No data	0.05664732946078286	No data	No data	No data	0	0	0	1	0	0.042830000000000014	No data	-0.3644787644787645	-0.8874896689066736	0	No data	No data	0	-1	-1
CCR7	0.20899331712266475	No data	0.3249328892633439	No data	No data	No data	No data	No data	No data	No data	No data	No data	No data	No data	No data	No data	No data	No data	0.37690495785247763	No data	No data	No data	0	0	0	1	0	0.35185000000000033	No data	-0.4907887479316051	-0.12386408807625454	0	No data	No data	0	0.5	0
RAB6A	0.20891716165739613	No data	0.3331522600268746	No data	No data	No data	No data	No data	No data	No data	No data	No data	No data	No data	No data	No data	No data	No data	0.2047757705801562	0.011781838909760162	No data	No data	0	0	0	1	0	0.9519249999999999	No data	-0.6229453943739658	No data	0	No data	No data	-0.7596150000000002	-1	-1
RACK1	0.2085172844036446	No data	0.307732948603755	No data	No data	No data	No data	No data	No data	No data	No data	No data	No data	No data	No data	No data	No data	No data	0.6927192401067851	0.02817849918268077	No data	No data	0	0	0	0	0	1	No data	-0.9310535024820739	0	-1	No data	No data	No data	-1	-1
ISM1	0.20843703249641835	No data	0.3352639562160643	No data	No data	No data	No data	No data	No data	No data	No data	No data	No data	No data	No data	No data	No data	No data	0.15198269940290526	No data	No data	No data	0	1	0	0	0	0.644395	No data	-0.25791505791505787	-0.8049811699736261	0	No data	No data	0	0.5	0
KDM2A	0.208154189805743	No data	0.33256836119212674	No data	No data	No data	No data	No data	No data	No data	No data	No data	No data	No data	No data	No data	No data	No data	0.16751870867520224	0.06540929150780447	No data	No data	0	0	1	1	1	0.86661	No data	-0.999338113623828	-0.8117974112751316	-1	No data	No data	0	-1	-1
ACTB	0.2075184206551116	No data	0.2997076008209031	No data	No data	No data	No data	No data	No data	No data	No data	No data	No data	No data	No data	No data	No data	No data	0.7998297222550527	0.0743830886992825	No data	No data	0	0	0	0	0	1	No data	-0.9603971318257033	-0.9060048224468605	0	No data	No data	-0.9733325	-1	-1
UMAD1	0.2068779640141253	No data	0.33832276682550544	No data	No data	No data	No data	No data	No data	No data	No data	No data	No data	No data	No data	No data	No data	No data	0.03951550184475537	No data	No data	No data	0	0	0	0	0	0	No data	No data	No data	No data	No data	No data	No data	-1	-1
IP6K2	0.2055279806847279	No data	0.33546810701878055	No data	No data	No data	No data	No data	No data	No data	No data	No data	No data	No data	No data	No data	No data	No data	0.012158615952232422	0.04679246729840616	No data	No data	0	0	1	1	0	0.83568	No data	-0.8099282956425814	-0.7579028504621268	0	No data	No data	0	-1	-1
PDZD2	0.20537514963292935	No data	0.3328870886434388	No data	No data	No data	No data	No data	No data	No data	No data	No data	No data	No data	No data	No data	No data	No data	0.09878875461188842	No data	No data	No data	1	0	0	0	0	0	No data	-0.7227799227799228	-0.1555175632476158	0	No data	No data	0	0.5	0
OR4C45	0.2046167269919288	No data	0.33657897871897086	No data	No data	No data	No data	No data	No data	No data	No data	No data	No data	No data	No data	No data	No data	No data	No data	No data	No data	No data	1	0	No data	No data	No data	0	No data	No data	No data	No data	No data	No data	-0.04411749999999994	No data	No data
SPATA31D1	0.2046167269919288	No data	0.33657897871897086	No data	No data	No data	No data	No data	No data	No data	No data	No data	No data	No data	No data	No data	No data	No data	No data	No data	No data	No data	0	0	0	0	0	0	No data	-0.15830115830115832	0	0	No data	No data	0	1	1
CTNND1	0.20436845759420327	No data	0.31136066561013365	No data	No data	No data	No data	No data	No data	No data	No data	No data	No data	No data	No data	No data	No data	No data	0.496198576028883	No data	No data	No data	1	0	0	0	0	0.87087	No data	-0.9638168781025924	0	0	No data	No data	0	-1	-1
MAPK6	0.2043244060001021	No data	0.33001241778225876	No data	No data	No data	No data	No data	No data	No data	No data	No data	No data	No data	No data	No data	No data	No data	0.1123945836017685	0.02096936648587694	No data	No data	0	0	1	1	1	0.7364750000000001	No data	-0.7254274682846111	-0.877852451585665	0	No data	No data	0	-1	-1
ARID1B	0.20254596275905815	No data	0.32472587585618773	No data	No data	No data	No data	No data	No data	No data	No data	No data	No data	No data	No data	No data	No data	No data	0.16893705878524223	No data	No data	No data	1	0	0	0	0	0.48145000000000027	No data	-0.9535576392719249	-0.930689450883437	0	No data	255	0	-1	-1
MVK	0.20248877393538464	No data	0.3310307802528902	No data	No data	No data	No data	No data	No data	No data	No data	No data	No data	No data	No data	No data	No data	No data	0.04095754540283152	No data	No data	No data	0	0	0	0	1	0.027779999999999916	No data	0.02846111417539987	-0.7241446478827281	-1	No data	No data	0	0.5	-1
MARCKS	0.202376577900038	No data	0.3076471067060563	No data	No data	No data	No data	No data	No data	No data	No data	No data	No data	No data	No data	No data	No data	No data	0.5049399371644638	No data	No data	0.2	1	0	0	0	0	0	No data	0.8903474903474904	-0.6986491864278396	0	No data	No data	0	-1	-1
IRAK1BP1	0.20215574940030626	No data	0.33253085745041366	No data	No data	No data	No data	No data	No data	No data	No data	No data	No data	No data	No data	No data	No data	No data	No data	No data	No data	No data	0	0	0	0	0	0.11538499999999985	No data	0.4604522890237175	No data	0	No data	No data	No data	-1	0
NFAT5	0.2020944334852559	No data	0.3247907011643275	No data	No data	No data	No data	No data	No data	No data	No data	No data	No data	No data	No data	No data	No data	No data	0.08207065767756885	0.11631007737802244	No data	No data	0	0	0	0	0	0.6287950000000002	No data	-0.9338113623827909	-0.9371862448835455	0	No data	No data	0	-1	0
ICE1	0.20181719156070668	No data	0.3304541285179902	No data	No data	No data	No data	No data	No data	No data	No data	No data	No data	No data	No data	No data	No data	No data	0.030396539880581056	No data	No data	No data	0	0	0	0	0	0	No data	-0.7629343629343629	No data	-1	No data	No data	0	-1	-1
CADM2	0.20145178708046224	No data	0.3262889303513897	No data	No data	No data	No data	No data	No data	No data	No data	No data	No data	No data	No data	No data	No data	No data	0.09698844888790685	0.010554304163745299	No data	No data	1	0	0	0	0	0.8391100000000001	No data	-0.6709321566464423	No data	0	255	No data	0	0.75	0
PRKCQ	0.20138200165420714	No data	0.32754296850907594	No data	No data	No data	No data	No data	No data	No data	No data	No data	No data	No data	No data	No data	No data	No data	0.07430265304142035	No data	No data	1	0	0	1	1	0	0.7379600000000004	No data	-0.6075013789299504	-0.8217924626805508	0	255	No data	-0.050992500000000086	0.75	0
SIL1	0.20136944777901217	No data	0.2970077843613041	No data	No data	No data	No data	No data	No data	No data	No data	No data	No data	No data	No data	No data	No data	No data	0.6845933325680367	No data	No data	No data	0	0	0	0	0	0.2624749999999999	No data	0.10248207391064534	-0.551243653830459	0	No data	No data	0	-1	-1
SIX2	0.201355359488171	No data	0.3312142768210398	No data	No data	No data	No data	No data	No data	No data	No data	No data	No data	No data	No data	No data	No data	No data	No data	No data	No data	No data	0	0	0	0	0	0.9484549999999998	No data	0.44291230005515714	-0.6891240210679169	0	No data	No data	-0.39003499999999997	0.5	0
ADAMTS1	0.2011052408727111	No data	0.31382802429631873	No data	No data	No data	No data	No data	No data	No data	No data	No data	No data	No data	No data	No data	No data	No data	0.3347909067088255	0.010587647660876364	No data	No data	1	1	1	1	0	0.10548000000000002	No data	-0.8628792057363486	-0.8633610204469613	0	No data	No data	0	0.5	-1
AVL9	0.20090640735785684	No data	0.32914508487245825	No data	No data	No data	No data	No data	No data	No data	No data	No data	No data	No data	No data	No data	No data	No data	No data	0.026613995690851846	No data	No data	0	0	0	0	0	0.5756149999999998	No data	-0.2690568119139548	-0.022023425318627998	0	No data	No data	No data	-1	-1
ALG10	0.20089324192399494	No data	0.3304541285179902	No data	No data	No data	No data	No data	No data	No data	No data	No data	No data	No data	No data	No data	No data	No data	No data	No data	No data	No data	0	0	0	0	0	0.3128950000000003	No data	-0.11682294539437399	-0.8927444455487865	0	255	No data	-0.8995774999999998	-1	0
LRRTM4	0.20073406277028996	No data	0.3281911853549742	No data	No data	No data	No data	No data	No data	No data	No data	No data	No data	No data	No data	No data	No data	No data	0.04002211084276505	No data	No data	No data	1	0	0	0	0	0.7288150000000002	No data	-0.44456701599558746	No data	0	No data	No data	0	0.75	0.5
FBN1	0.20001171096554973	No data	0.2933805384164156	No data	No data	No data	No data	No data	No data	No data	No data	No data	No data	No data	No data	No data	No data	No data	0.7124707722462451	No data	No data	No data	1	1	0	0	0	0.8153950000000002	No data	-0.9928295642581357	-0.9852992038298216	0	No data	No data	-0.21456000000000017	0.5	0
ADGRB3	0.1999989838642069	No data	0.32472587585618773	No data	No data	No data	No data	No data	No data	No data	No data	No data	No data	No data	No data	No data	No data	No data	0.06653464840527186	0.04187401366391113	No data	No data	1	0	0	0	0	0.91787	No data	-0.926530612244898	-0.1250770947412433	0	No data	No data	0	0.75	0
SMPD2	0.19966744545141796	No data	0.3165310002901431	No data	No data	No data	No data	No data	No data	No data	No data	No data	No data	No data	No data	No data	No data	No data	0.23813572217972634	No data	No data	No data	1	0	0	1	0	0	No data	0.1426365140650856	No data	0	No data	No data	No data	0.5	-1
NAALADL2	0.19943714732454143	No data	0.3265391364736396	No data	No data	No data	No data	No data	No data	No data	No data	No data	No data	No data	No data	No data	No data	No data	0.030396539880581056	No data	No data	No data	0	0	0	0	0	0	No data	0.2944291230005516	0	0	No data	No data	0	-1	0
UBE3B	0.19897842129531537	No data	0.327304393982082	No data	No data	No data	No data	No data	No data	No data	No data	No data	No data	No data	No data	No data	No data	No data	No data	No data	No data	No data	0	0	0	0	0	0.6161050000000003	No data	-0.47192498621070045	-0.8853261864562869	0	No data	No data	0	-1	-1
SMARCA2	0.19781128470949322	No data	0.32180058400256994	No data	No data	No data	No data	No data	No data	No data	No data	No data	No data	No data	No data	No data	No data	No data	0.039346632178752144	0.054191786323269604	No data	No data	1	0	1	1	0	0.8584899999999998	1	-0.8736900165471594	-0.17385259600726455	0	No data	No data	-0.44339499999999993	-1	-1
TGFB2	0.19756634306387322	No data	0.31611088591195846	No data	No data	No data	No data	No data	No data	No data	No data	No data	No data	No data	No data	No data	No data	No data	0.1774149320576247	No data	No data	1	0	1	0	1	0	0.7946849999999998	No data	-0.7269718698290126	-0.9827990233676694	0	No data	No data	0	-1	0
MMS22L	0.19741086071438446	No data	0.32472587585618773	No data	No data	No data	No data	No data	No data	No data	No data	No data	No data	No data	No data	No data	No data	No data	No data	No data	No data	No data	0	0	0	0	0	0.034595000000000195	No data	-0.6813017098731384	No data	-1	No data	No data	No data	0.5	0
CHD1	0.19741071109013467	No data	0.32239201982115967	No data	No data	No data	No data	No data	No data	No data	No data	No data	No data	No data	No data	No data	No data	No data	0.04667219828997217	No data	No data	No data	0	0	0	0	0	0.7953200000000002	No data	-0.9522338665195809	-0.8235875623082941	0	No data	No data	-0.05409249999999997	-1	-1
OSR1	0.19719028758205082	No data	0.324363049802301	No data	No data	No data	No data	No data	No data	No data	No data	No data	No data	No data	No data	No data	No data	No data	No data	No data	No data	No data	0	0	1	1	0	0.8872199999999999	No data	-0.7238830667402096	-0.9416922278652456	0	No data	No data	-0.18232999999999996	0.5	0
TENT5A	0.19702876169881062	No data	0.32136166340027994	No data	No data	No data	No data	No data	No data	No data	No data	No data	No data	No data	No data	No data	No data	No data	0.0547137717850459	No data	No data	No data	0	0	0	0	0	0.6719450000000002	No data	-0.6384997242140099	-0.7245528672792184	0	No data	No data	-0.0893675	0.75	-1
NAF1	0.1966585400166233	No data	0.3189288844523276	No data	No data	No data	No data	No data	No data	No data	No data	No data	No data	No data	No data	No data	No data	No data	0.09118961964174316	No data	No data	No data	0	0	0	0	0	0	No data	-0.07258687258687258	-0.022023425318627998	0	No data	No data	No data	-1	-1
BLCAP	0.19634854984514874	No data	0.3229784551408543	No data	No data	No data	No data	No data	No data	No data	No data	No data	No data	No data	No data	No data	No data	No data	No data	No data	No data	No data	0	0	0	0	0	1	No data	-0.2704908990623276	0	0	No data	No data	No data	0.5	-1
C2orf42	0.19588872326327197	No data	0.3222220753297257	No data	No data	No data	No data	No data	No data	No data	No data	No data	No data	No data	No data	No data	No data	No data	No data	No data	No data	No data	0	0	0	0	0	0.5818800000000003	No data	0.01147269718698296	No data	0	No data	No data	No data	0.5	-1
GBX2	0.19565118805045328	No data	0.32183134794142443	No data	No data	No data	No data	No data	No data	No data	No data	No data	No data	No data	No data	No data	No data	No data	No data	No data	No data	No data	0	0	0	0	0	0.9137949999999997	No data	-0.5738554881412024	-0.950594284847033	0	No data	No data	0	1	1
DDX18	0.19563248570456782	No data	0.32180058400256994	No data	No data	No data	No data	No data	No data	No data	No data	No data	No data	No data	No data	No data	No data	No data	No data	No data	No data	No data	0	0	0	0	0	0.27612000000000025	No data	-0.6935466078323221	0	-1	No data	No data	0	-1	-1
ITFG1	0.19547692378697687	No data	0.3189277611518512	No data	No data	No data	No data	No data	No data	No data	No data	No data	No data	No data	No data	No data	No data	No data	0.046945767148897415	0.012134112801107322	No data	No data	0	0	0	0	0	0.4607849999999999	No data	-0.5451737451737452	No data	0	No data	No data	No data	-1	-1
WDTC1	0.19533177700730528	No data	0.3206980102317056	No data	No data	No data	No data	No data	No data	No data	No data	No data	No data	No data	No data	No data	No data	No data	0.012158615952232422	No data	No data	No data	0	0	0	0	0	0.85229	No data	-0.9266409266409267	-0.6442349640791711	0	No data	No data	0	-1	-1
CCND1	0.1948757116515208	No data	0.31359407684126933	No data	No data	No data	No data	No data	No data	No data	No data	No data	No data	No data	No data	No data	No data	No data	0.13923342616478881	No data	No data	1	0	0	1	1	0	0.6949150000000003	No data	-0.5568670711527854	-0.7587213577331899	0	255	255	-0.042372499999999924	-1	-1
MFAP3	0.1948404053614615	No data	0.3198897411856657	No data	No data	No data	No data	No data	No data	No data	No data	No data	No data	No data	No data	No data	No data	No data	0.012158615952232422	No data	No data	No data	0	0	0	0	0	0.03314999999999983	No data	-0.4937672366243795	No data	0	No data	No data	0	-1	-1
ITGA2B	0.19478758362860155	No data	0.2627763219838133	No data	No data	No data	No data	No data	No data	No data	No data	No data	No data	No data	No data	0.21953551141585914	No data	No data	0.12377629826382149	No data	No data	1	1	0	1	1	1	0	No data	-0.3453943739658025	-0.8596145089219095	0	No data	No data	0	0.5	0
ARHGAP24	0.19457017998013448	No data	0.30825705886475746	No data	No data	No data	No data	No data	No data	No data	No data	No data	No data	No data	No data	No data	No data	No data	0.23592225770576628	No data	No data	No data	1	0	0	0	0	0.6323549999999998	No data	-0.2921125206839492	-0.39195967452801656	0	No data	No data	0	0.5	-1
SLC28A3	0.19447946550594497	No data	0.31929602253062384	No data	No data	No data	No data	No data	No data	No data	No data	No data	No data	No data	No data	No data	No data	No data	0.012158615952232422	No data	No data	No data	1	0	0	1	0	0	No data	-0.06971869829012689	0	0	255	No data	0	0.5	0
RGS18	0.19443480862159096	No data	0.31983049614440884	No data	No data	No data	No data	No data	No data	No data	No data	No data	No data	No data	No data	No data	No data	No data	No data	No data	No data	No data	0	0	0	0	0	0.1914900000000003	No data	0.7102040816326531	-0.258447758163709	0	No data	No data	0	0.5	0
TNFRSF13B	0.1928364852394525	No data	0.31519604826265474	No data	No data	No data	No data	No data	No data	No data	No data	No data	No data	No data	No data	No data	No data	No data	0.04010654567576667	No data	No data	No data	0	0	0	0	0	0	No data	0.8432432432432433	-0.8088406284051358	0	No data	No data	No data	0.75	0.5
DBN1	0.19283542238674295	No data	No data	No data	No data	No data	No data	0.3039653988058105	No data	No data	No data	No data	No data	No data	No data	No data	No data	No data	0.264684568572621	No data	No data	No data	1	0	0	0	0	0.4820149999999998	No data	-0.8483177054605626	-0.896484892661995	0	No data	No data	0	-1	-1
PDE10A	0.19253441868932178	No data	0.3123115575811808	No data	No data	No data	No data	No data	No data	No data	No data	No data	No data	No data	No data	No data	No data	No data	0.07742849465300734	0.02346825125236533	No data	1	0	0	1	1	1	0	1	-0.7643684500827358	-0.33588290347662475	0	255	No data	0	-1	0.5
CTNNB1	0.19217046599429263	No data	0.2969659685951815	No data	No data	No data	No data	No data	No data	No data	No data	No data	No data	No data	No data	No data	No data	No data	0.3827971173176151	No data	No data	0.2	1	0	1	1	0	0.9936	No data	-0.9842250413678986	-0.9610337989605402	0	255	255	-0.12932249999999995	-1	-1
SLCO4C1	0.1920306036860975	No data	0.3152678307866485	No data	No data	No data	No data	No data	No data	No data	No data	No data	No data	No data	No data	No data	No data	No data	0.012158615952232422	No data	No data	No data	1	0	0	1	0	0.06077500000000029	No data	0.07589630446773299	-0.737564730353088	0	No data	No data	0	1	0.5
EMX2	0.1919082852301665	No data	0.3102342126452703	No data	No data	No data	No data	No data	No data	No data	No data	No data	No data	No data	No data	No data	No data	No data	0.012158615952232422	0.10340305802795915	No data	No data	0	0	0	0	0	1	No data	-0.6892443463872036	-0.7368268887897524	0	No data	No data	-0.15674500000000008	0.5	0
APOC4	0.19128603903303576	No data	0.3079882216723758	No data	No data	No data	No data	No data	No data	No data	No data	No data	No data	No data	No data	No data	No data	No data	0.13325575189402714	No data	No data	No data	0	1	0	0	0	0	No data	0.8582460011031439	-0.2546390272457713	0	No data	No data	No data	1	0.5
CAPZA2	0.19124290229131216	No data	0.31397212180483675	No data	No data	No data	No data	No data	No data	No data	No data	No data	No data	No data	No data	No data	No data	No data	0.012158615952232422	No data	No data	No data	0	0	0	0	0	0.912585	No data	-0.7467181467181467	0	0	No data	No data	-0.6678325	-1	-1
LRRC4C	0.19109640259164448	No data	0.31144284772240916	No data	No data	No data	No data	No data	No data	No data	No data	No data	No data	No data	No data	No data	No data	No data	0.03647584785669727	0.04171299202894017	No data	No data	0	0	0	0	0	0.984375	No data	-0.8889134031991175	No data	0	No data	No data	-0.09375	0.75	0
CENPQ	0.1904427939937703	No data	0.3132639352076968	No data	No data	No data	No data	No data	No data	No data	No data	No data	No data	No data	No data	No data	No data	No data	No data	No data	No data	No data	0	0	0	0	0	0	No data	0.13292884721456155	No data	0	No data	No data	No data	-1	-1
CNN2	0.19000227297548666	No data	0.3082330506648322	No data	No data	No data	No data	No data	No data	No data	No data	No data	No data	No data	No data	No data	No data	No data	0.08612521835830633	No data	No data	No data	0	0	0	0	0	0.7411000000000001	No data	0.06651958080529519	-0.08621212519247357	0	No data	No data	-0.14239500000000013	-1	-1
TM2D3	0.18967135601619448	No data	No data	No data	No data	No data	No data	0.3039653988058105	No data	No data	No data	No data	No data	No data	No data	No data	No data	No data	0.14047929775476536	0.045252657842139395	No data	No data	0	0	0	0	0	0.35222499999999995	No data	0.7259790402647546	-0.5055829510709	0	No data	No data	0	-1	-1
WWP2	0.18937263547481178	No data	0.31043972680864546	No data	No data	No data	No data	No data	No data	No data	No data	No data	No data	No data	No data	No data	No data	No data	0.021277577916406734	No data	No data	No data	0	0	0	0	0	0.7988500000000002	No data	-0.6056260341974627	-0.07751599417990779	0	No data	No data	-0.05747250000000008	0.5	-1
CNTNAP3C	0.18911721841820092	No data	0.3110834640409502	No data	No data	No data	No data	No data	No data	No data	No data	No data	No data	No data	No data	No data	No data	No data	No data	No data	No data	No data	No data	No data	No data	No data	No data	0	No data	No data	0	No data	No data	No data	-1	1	0.5
FOXD4L6	0.1884203192257005	No data	0.30993711778700433	No data	No data	No data	No data	No data	No data	No data	No data	No data	No data	No data	No data	No data	No data	No data	No data	No data	No data	No data	0	0	0	0	0	0	No data	0.6282404853833425	0	No data	No data	No data	-0.9880099999999998	1	1
OR4A47	0.18787605122172063	No data	0.3090418382484152	No data	No data	No data	No data	No data	No data	No data	No data	No data	No data	No data	No data	No data	No data	No data	No data	No data	No data	No data	1	0	0	0	0	0.01294499999999985	No data	0.75146166574738	No data	-1	No data	No data	-0.13430500000000017	No data	No data
BRD1	0.18753536122657544	No data	0.3084814290760494	No data	No data	No data	No data	No data	No data	No data	No data	No data	No data	No data	No data	No data	No data	No data	No data	No data	No data	No data	0	0	1	1	0	0.2388550000000002	1	-0.8574738003309432	-0.8149528822104681	0	No data	No data	0	-1	-1
PRSS36	0.18706473574508525	No data	0.29630834036471637	No data	No data	No data	No data	No data	No data	No data	No data	No data	No data	No data	No data	No data	No data	No data	0.22797891060668532	No data	No data	No data	0	1	0	0	0	0.03509000000000029	No data	0.44567015995587433	0	0	No data	No data	0	0.5	0.5
OARD1	0.1867874262983003	No data	0.3025753507017283	No data	No data	No data	No data	No data	No data	No data	No data	No data	No data	No data	No data	No data	No data	No data	0.09351564420655048	No data	No data	No data	0	0	0	0	0	0.7697350000000001	No data	0.8274682846111419	No data	0	No data	No data	No data	-1	-1
SLC1A4	0.18650816675372245	No data	0.2960020137266584	No data	No data	No data	No data	No data	No data	No data	No data	No data	No data	No data	No data	No data	No data	No data	0.21579516879220512	No data	No data	No data	0	0	0	0	0	0.49247999999999975	No data	-0.294980694980695	-0.22392287414551904	0	No data	No data	0	0.5	-1
LSAMP	0.18596094544778938	No data	0.3036540271608441	No data	No data	No data	No data	No data	No data	No data	No data	No data	No data	No data	No data	No data	No data	No data	0.04475215018751547	No data	No data	No data	0	0	0	0	0	0.9260350000000003	No data	-0.8580253723110867	-0.23168829978489985	0	255	No data	0	0.5	0
NOS3	0.18585319838498948	No data	No data	No data	0.27849985317252374	No data	No data	No data	No data	No data	No data	No data	No data	No data	No data	No data	No data	No data	0.5442909152191798	No data	No data	0.7	1	0	1	1	1	0.7090600000000002	No data	-0.11947049089906236	-0.993529132929093	0	255	No data	0	0.5	0
ASL	0.18578283815911673	No data	0.3041632695435648	No data	No data	No data	No data	No data	No data	No data	No data	No data	No data	No data	No data	No data	No data	No data	0.02870784322054877	No data	No data	No data	0	0	0	0	0	0.6982750000000003	No data	-0.05361279646993933	-0.904819173666907	0	No data	No data	0	1	-1
PLEKHG4B	0.1857660620312521	No data	0.30557106624811836	No data	No data	No data	No data	No data	No data	No data	No data	No data	No data	No data	No data	No data	No data	No data	No data	No data	No data	No data	0	0	0	0	0	No data	No data	0.31064533921676785	No data	0	No data	No data	0	0.5	0
CHN2	0.1854963644913851	No data	0.30338807671417467	No data	No data	No data	No data	No data	No data	No data	No data	No data	No data	No data	No data	No data	No data	No data	0.034787151196664985	No data	No data	No data	0	0	0	1	0	0.8824800000000004	No data	-0.1444015444015444	-0.011453818198359778	0	No data	No data	-0.2895299999999999	0.5	0
RCN1	0.18392068768466652	No data	0.3010157385789541	No data	No data	No data	No data	No data	No data	No data	No data	No data	No data	No data	No data	No data	No data	No data	0.030396539880581056	No data	No data	No data	0	0	0	0	0	0.7129899999999999	No data	-0.33480419194704913	-0.7105417511451048	0	No data	No data	0	1	-1
ITGAX	0.18339751827439785	No data	0.2784536143886313	No data	No data	No data	No data	No data	No data	No data	No data	No data	No data	No data	No data	No data	No data	No data	0.46442754460671776	No data	No data	No data	1	0	0	0	0	0	No data	-0.21974627688913406	0	0	No data	No data	-0.12725749999999997	0.5	0
PHB1	0.18329260636931935	No data	0.2738787376676272	No data	No data	No data	No data	No data	No data	No data	No data	No data	No data	No data	No data	No data	No data	No data	0.552473636675445	No data	No data	No data	0	0	0	0	0	0.9816200000000002	No data	-0.4861555432984005	-0.7943530447987973	-1	No data	No data	0	-1	-1
ICA1L	0.1829688742510106	No data	0.28670063963223796	No data	No data	No data	No data	No data	No data	No data	No data	No data	No data	No data	No data	No data	No data	No data	0.28538530233054954	No data	No data	No data	0	0	0	0	0	0	No data	-0.19062327633756204	-0.46205414238031206	0	No data	No data	0	0.5	0
MEF2C	0.18289027695907248	No data	0.25848763689458293	No data	No data	No data	No data	No data	No data	No data	No data	No data	No data	No data	No data	No data	No data	No data	0.8176172395824411	0.06624536840812956	No data	No data	0	0	0	0	0	0.6828749999999999	No data	-0.9488141202426916	-0.9435314113849566	0	No data	No data	-0.06976750000000002	0.5	-1
POLR1G	0.1826711014170568	No data	0.2959290535489394	No data	No data	No data	No data	No data	No data	No data	No data	No data	No data	No data	No data	No data	No data	No data	0.09102074997573993	No data	No data	No data	0	0	0	0	0	0	No data	0.9370104798676226	No data	0	255	No data	No data	-1	-1
FLRT2	0.1820666221442698	No data	0.2979659415499488	No data	No data	No data	No data	No data	No data	No data	No data	No data	No data	No data	No data	No data	No data	No data	0.030396539880581056	No data	No data	No data	1	1	0	0	0	0.863635	No data	-0.5897407611693326	0	0	No data	No data	0	0.5	0
FBN2	0.18108030171972364	No data	0.2916434267006159	No data	No data	No data	No data	No data	No data	No data	No data	No data	No data	No data	No data	No data	No data	No data	0.12439839278705432	No data	No data	No data	0	1	0	0	0	0.8162750000000003	No data	-0.8769994484280199	-0.9129901742776292	0	No data	No data	-0.19041999999999995	1	0.5
CKS1B	0.1810110449125852	No data	0.29714149335349843	No data	No data	No data	No data	No data	No data	No data	No data	No data	No data	No data	No data	No data	No data	No data	0.012158615952232422	No data	No data	No data	0	0	1	1	0	1	No data	0.037837837837837895	No data	-1	No data	No data	-0.5253174999999999	-1	-1
PDZD8	0.1806877824081178	No data	0.2920777091590032	No data	No data	No data	No data	No data	No data	No data	No data	No data	No data	No data	No data	No data	No data	No data	0.09315357385736071	0.02170323115715784	No data	No data	1	0	0	0	0	0.3414200000000001	No data	-0.9226696083838941	-0.7149902330742188	0	No data	No data	No data	0.5	-1
RBM23	0.18062723453323382	No data	0.2971180852209896	No data	No data	No data	No data	No data	No data	No data	No data	No data	No data	No data	No data	No data	No data	No data	No data	No data	No data	No data	0	0	0	0	0	No data	No data	0.3149476006618863	No data	0	No data	No data	-0.07175499999999993	-1	-1
CTNNBL1	0.18062480859353136	No data	0.2868693272047921	No data	No data	No data	No data	No data	No data	No data	No data	No data	No data	No data	No data	No data	No data	No data	0.20489535059192276	No data	No data	No data	0	0	0	0	0	0.8046199999999999	No data	-0.5086596800882515	-0.4025292816482848	-1	No data	No data	No data	-1	-1
FAM72B	0.1805842226329138	No data	0.29481825431974756	No data	No data	No data	No data	No data	No data	No data	No data	No data	No data	No data	No data	No data	No data	No data	0.044581591824852204	No data	No data	No data	1	0	0	0	0	0.46308500000000025	No data	0.322669608383894	-0.21112781471243014	No data	No data	No data	-0.9664425000000001	0.5	0.5
WDPCP	0.18051919489201435	No data	0.29694036821496866	No data	No data	No data	No data	No data	No data	No data	No data	No data	No data	No data	No data	No data	No data	No data	No data	No data	No data	No data	0	0	0	0	0	0	No data	-0.05151682294539439	-0.907412154849313	0	No data	No data	No data	-1	-1
ADAMTS4	0.180224426305823	No data	0.28683363976747844	No data	No data	No data	No data	No data	No data	No data	No data	No data	No data	No data	No data	No data	No data	No data	0.1924371301179699	No data	No data	No data	0	1	1	1	0	0.5221049999999998	0	-0.3938223938223938	-0.011453818198359778	0	No data	No data	0	0.5	0
VEGFA	0.18007099211750688	No data	0.24718895528791623	No data	No data	No data	No data	No data	No data	No data	No data	No data	No data	No data	No data	No data	No data	No data	0.9699954416750267	0.023147159069842584	No data	1	0	1	1	1	0	0.18987499999999996	No data	-0.5552123552123552	-0.9928422036515041	0	255	No data	0	-1	-1
SKOR2	0.17849575562039657	No data	0.2930040334615659	No data	No data	No data	No data	No data	No data	No data	No data	No data	No data	No data	No data	No data	No data	No data	0.012158615952232422	No data	No data	No data	0	0	0	0	0	0.5960599999999999	No data	0.4273579702151131	-0.8060409341959185	0	No data	No data	0	No data	No data
ELMO1	0.17840275768187847	No data	0.20984702319672227	No data	No data	No data	No data	No data	No data	No data	No data	No data	No data	No data	No data	0.2394876692254855	No data	No data	0.04610141881888126	0.03880709708145328	No data	No data	1	0	0	0	0	0.9793649999999999	No data	-0.8507446221731936	-0.20974686993041697	0	No data	No data	-0.3810175000000001	0.5	-1
MPHOSPH9	0.1783217738866819	No data	0.2933257775181896	No data	No data	No data	No data	No data	No data	No data	No data	No data	No data	No data	No data	No data	No data	No data	No data	No data	No data	No data	1	0	0	0	0	0	No data	-0.4389409817981247	0	0	No data	No data	No data	0.5	-1
SYNPR	0.17827522676898402	No data	0.29129038423152387	No data	No data	No data	No data	No data	No data	No data	No data	No data	No data	No data	No data	No data	No data	No data	0.030396539880581056	0.01975499183208261	No data	No data	0	0	0	0	0	0.7719299999999997	No data	0.05239933811362385	No data	0	No data	No data	-0.017544999999999967	1	0.5
SEL1L	0.1770222685242327	No data	0.28453865989369714	No data	No data	No data	No data	No data	No data	No data	No data	No data	No data	No data	No data	No data	No data	No data	0.11851413625325721	0.032572042473311	No data	No data	0	0	0	0	0	0.6473550000000003	No data	-0.6431329288472145	-0.7267870496627954	0	No data	No data	0	1	-1
KIF2A	0.17641546985409437	No data	0.28453865989369714	No data	No data	No data	No data	No data	No data	No data	No data	No data	No data	No data	No data	No data	No data	No data	0.1130278448492806	No data	No data	No data	0	0	0	0	0	0.8857550000000003	No data	-0.5478212906784335	-0.8043472904329224	0	No data	No data	0	-1	-1
COL11A1	0.17622553023154697	No data	0.28741510629433986	No data	No data	No data	No data	No data	No data	No data	No data	No data	No data	No data	No data	No data	No data	No data	0.04416841446892066	0.011433998789528173	No data	1	0	1	0	0	0	0.6926900000000004	No data	-0.8466629895201324	-0.8292440333557916	0	No data	No data	-0.3839974999999999	0.5	0.5
LAT	0.17583379045152006	No data	0.28002623505563257	No data	No data	No data	No data	No data	No data	No data	No data	No data	No data	No data	No data	No data	No data	No data	0.18413997264030216	No data	No data	No data	1	0	0	0	0	0	No data	-0.7159404302261445	-0.8684750187264584	0	No data	No data	No data	0.5	-1
KIF26A	0.1756700784069603	No data	0.28744411281148124	No data	No data	No data	No data	No data	No data	No data	No data	No data	No data	No data	No data	No data	No data	No data	0.030396539880581056	No data	No data	No data	1	0	0	0	0	0	No data	0.1747380033094319	-0.7477295117070282	0	No data	No data	0	-1	0
ZNF716	0.17528307774664248	No data	0.28832735310544794	No data	No data	No data	No data	No data	No data	No data	No data	No data	No data	No data	No data	No data	No data	No data	No data	No data	No data	No data	0	0	0	0	0	No data	No data	0.5600661886376173	0	0	No data	No data	-0.22222250000000016	No data	No data
EIF3F	0.17455995341541808	No data	0.2871378684896572	No data	No data	No data	No data	No data	No data	No data	No data	No data	No data	No data	No data	No data	No data	No data	No data	No data	No data	No data	0	0	0	0	0	0.6078449999999996	No data	-0.7308328736900165	-0.7248196099751266	-1	No data	No data	0	-1	-1
JARID2	0.1739961590609	No data	0.28453865989369714	No data	No data	No data	No data	No data	No data	No data	No data	No data	No data	No data	No data	No data	No data	No data	0.03343619386863916	No data	No data	No data	0	0	0	0	0	0.598715	No data	-0.9551020408163265	-0.972421862173253	0	No data	No data	0	0.5	-1
KCNQ2	0.17375742822947296	No data	0.2750616274225563	No data	No data	No data	No data	No data	No data	No data	No data	No data	No data	No data	No data	No data	No data	No data	0.19220850779834828	0.05155752080386753	No data	1	0	0	1	1	0	0.7534399999999998	1	-0.8907887479316051	-0.9046359692420127	0	No data	No data	0	1	0.5
FARP2	0.1734361688084735	No data	0.26862290532716177	No data	No data	No data	No data	No data	No data	No data	No data	No data	No data	No data	No data	No data	No data	No data	0.33332845633045183	No data	No data	No data	0	0	0	0	0	0.17931499999999972	No data	0.06420297848869283	-0.07985714891141221	0	No data	No data	0	-1	-1
DNAH14	0.17330591596501133	No data	0.2850750721066915	No data	No data	No data	No data	No data	No data	No data	No data	No data	No data	No data	No data	No data	No data	No data	No data	No data	No data	No data	0	0	0	0	0	0	No data	0.0012134583563154777	No data	0	No data	No data	0	0.5	0
LMAN1L	0.17319627924478517	No data	0.2848947280269757	No data	No data	No data	No data	No data	No data	No data	No data	No data	No data	No data	No data	No data	No data	No data	No data	No data	No data	No data	0	0	0	0	0	0	No data	0.4867071152785438	No data	0	No data	No data	0	0.75	0.5
LSM14A	0.1731650275020753	No data	0.28257362688767995	No data	No data	No data	No data	No data	No data	No data	No data	No data	No data	No data	No data	No data	No data	No data	No data	0.04539388791159408	No data	No data	0	0	0	0	0	0.6652250000000002	No data	-0.7404302261445119	0	0	No data	No data	0	-1	-1
PCDHGB2	0.1727286324829445	No data	0.2841254846136169	No data	No data	No data	No data	No data	No data	No data	No data	No data	No data	No data	No data	No data	No data	No data	No data	No data	No data	No data	1	0	0	0	0	0.1084850000000003	No data	0.2372862658576944	0	0	No data	No data	-0.3716425000000001	-1	0
ENSG00000288712	0.17156131091543314	No data	0.2822053292734081	No data	No data	No data	No data	No data	No data	No data	No data	No data	No data	No data	No data	No data	No data	No data	No data	No data	No data	No data	No data	No data	No data	No data	No data	1	No data	No data	No data	No data	No data	No data	No data	No data	No data
GRIP1	0.17147622557555087	No data	0.27880618579623323	No data	No data	No data	No data	No data	No data	No data	No data	No data	No data	No data	No data	No data	No data	No data	0.06518369107724604	No data	No data	No data	0	0	0	0	0	0.6498249999999999	No data	-0.7776061776061776	-0.914414462469087	0	No data	No data	0	0.5	0
ATP5F1B	0.1704543024463021	No data	0.2733757889381807	No data	No data	No data	No data	No data	No data	No data	No data	No data	No data	No data	No data	No data	No data	No data	0.06484899690565972	0.1113501328393568	No data	No data	0	0	0	0	0	0.8109650000000002	1	-0.6539437396580254	-0.7436536446728933	-1	No data	No data	0	0.5	-1
ANKRD30A	0.17041881654686963	No data	0.27880618579623323	No data	No data	No data	No data	No data	No data	No data	No data	No data	No data	No data	No data	No data	No data	No data	0.030396539880581056	No data	No data	No data	0	0	0	0	0	No data	No data	0.5064533921676779	No data	0	No data	No data	-0.24122999999999983	1	0.5
ADGRF4	0.16979088692857264	No data	0.27442966986791434	No data	No data	No data	No data	No data	No data	No data	No data	No data	No data	No data	No data	No data	No data	No data	0.09726892761785938	No data	No data	No data	0	0	0	0	0	0	No data	0.5703254274682845	0	0	No data	No data	0	0.5	0.5
IRX1	0.1694948669101579	No data	0.27880618579623323	No data	No data	No data	No data	No data	No data	No data	No data	No data	No data	No data	No data	No data	No data	No data	No data	No data	No data	No data	0	0	0	0	0	0.5729149999999997	No data	0.2747931605074463	-0.7099498211109131	0	No data	No data	0	0.5	0.5
HSF2	0.16919298593487575	No data	0.2783096145146529	No data	No data	No data	No data	No data	No data	No data	No data	No data	No data	No data	No data	No data	No data	No data	No data	No data	No data	No data	0	0	0	0	0	0.5895499999999998	No data	-0.7858797573083287	-0.8805136763219098	0	No data	No data	0	-1	-1
STH	0.16892574651602102	No data	0.27155410428755833	No data	No data	No data	No data	No data	No data	No data	No data	No data	No data	No data	No data	No data	No data	No data	0.12631843350793093	No data	No data	No data	0	0	0	0	0	No data	No data	0.9829012686155543	No data	0	No data	No data	No data	0.5	1
RABGEF1	0.16872805164469357	No data	0.2592401395072929	No data	No data	No data	No data	No data	No data	No data	No data	No data	No data	No data	No data	No data	No data	No data	0.3660938680782618	No data	No data	No data	0	0	0	0	0	0.7861499999999999	No data	-0.4471042471042471	-0.6954471228783118	0	No data	No data	0	0.5	-1
KDM2B	0.1684839656078155	No data	0.2664899388999184	No data	No data	No data	No data	No data	No data	No data	No data	No data	No data	No data	No data	No data	No data	No data	0.21306782029666155	No data	No data	No data	0	0	1	1	0	0.6032949999999999	No data	-0.911969111969112	-0.9080161702838349	0	No data	No data	0	-1	-1
CAMKV	0.16786707946901244	No data	0.27438924149866517	No data	No data	No data	No data	No data	No data	No data	No data	No data	No data	No data	No data	No data	No data	No data	0.034787151196664985	No data	No data	No data	0	0	0	0	0	0.7405200000000001	No data	-0.9552123552123553	0	0	No data	No data	0	1	0.5
SERTAD2	0.16775641261936503	No data	0.2753386296964939	No data	No data	No data	No data	No data	No data	No data	No data	No data	No data	No data	No data	No data	No data	No data	0.012158615952232422	No data	No data	No data	0	0	0	0	0	0.2993650000000002	No data	-0.7717595146166575	-0.851066375028301	0	No data	No data	0	0.5	-1
PCNT	0.16745767254165306	No data	0.26855682989429824	No data	No data	No data	No data	No data	No data	No data	No data	No data	No data	No data	No data	No data	No data	No data	0.13796651712463734	No data	No data	No data	0	0	0	0	0	0	No data	-0.04589078874793162	-0.9556668065605867	0	No data	No data	0	1	0
CDCA7	0.167403002693978	No data	0.2738454010083267	No data	No data	No data	No data	No data	No data	No data	No data	No data	No data	No data	No data	No data	No data	No data	0.030396539880581056	No data	No data	No data	0	0	0	0	0	0	No data	-0.47004964147821293	No data	0	No data	No data	0	0.5	0
ATP5PF	0.16623719194712241	No data	0.2600937735538933	No data	No data	No data	No data	No data	No data	No data	No data	No data	No data	No data	No data	No data	No data	No data	0.24323781238451003	0.053635215342846966	No data	No data	0	0	0	0	0	0.027779999999999916	No data	0.26254826254826247	No data	0	No data	No data	No data	0.5	-1
KCNJ18	0.16590878570849102	No data	0.27290735452176	No data	No data	No data	No data	No data	No data	No data	No data	No data	No data	No data	No data	No data	No data	No data	No data	No data	No data	No data	0	0	0	0	0	0.7344099999999998	No data	0.829123000551572	0	No data	No data	No data	-0.9653575	1	0.5
DGAT2	0.16543585720648987	No data	0.24869894289448177	No data	No data	No data	No data	No data	No data	No data	No data	No data	No data	No data	No data	No data	No data	No data	0.46860960304828847	No data	No data	No data	0	0	1	1	0	0.7551549999999999	1	-0.0667402095973525	-0.8683133891398234	0	No data	No data	0	0.75	0
ZNF33B	0.16535671404605423	No data	0.27199923855756525	No data	No data	No data	No data	No data	No data	No data	No data	No data	No data	No data	No data	No data	No data	No data	No data	No data	No data	No data	0	0	0	0	0	No data	No data	-0.19646993932708223	No data	0	No data	No data	-0.813625	-1	-1
PRELID2	0.1648465188966072	No data	0.2711600062774251	No data	No data	No data	No data	No data	No data	No data	No data	No data	No data	No data	No data	No data	No data	No data	No data	No data	No data	No data	0	0	0	0	0	0.4350299999999997	No data	0.7618312189740761	-0.15942831788211487	0	No data	No data	0	0.5	0
ETV6	0.1635762304317942	No data	0.26543133690738135	No data	No data	No data	No data	No data	No data	No data	No data	No data	No data	No data	No data	No data	No data	No data	0.0727828260473913	No data	No data	No data	0	0	1	1	0	0.4690249999999999	No data	-0.7506894649751793	-0.9435251741011771	0	No data	255	0	-1	-1
GRAMD1B	0.16345685825778214	No data	0.26748126968811703	No data	No data	No data	No data	No data	No data	No data	No data	No data	No data	No data	No data	No data	No data	No data	0.027857007193670364	No data	No data	No data	1	0	0	0	0	0.8460650000000001	No data	-0.41423055708769996	-0.2125810985050755	0	No data	No data	0	0.5	0
BCL3	0.16290635643408552	No data	0.2591848348694821	No data	No data	No data	No data	No data	No data	No data	No data	No data	No data	No data	No data	No data	No data	No data	0.17567502959297124	No data	No data	No data	0	0	1	1	0	0.06387500000000017	No data	-0.43243243243243246	-0.6429476765814076	0	No data	No data	0	0.5	-1
VRK2	0.1627116085034876	No data	0.263177416383676	No data	No data	No data	No data	No data	No data	No data	No data	No data	No data	No data	No data	No data	No data	No data	0.08941648814870927	No data	No data	No data	0	0	1	1	0	0	No data	0.29685603971318253	No data	0	No data	No data	0	-1	-1
EP300	0.16219313749772346	No data	0.22834517308757052	No data	No data	No data	No data	No data	No data	No data	No data	No data	No data	No data	No data	No data	No data	No data	0.7456135850001002	0.05262943581745134	No data	No data	0	0	1	1	1	0.695525	1	-0.9749586321014893	-0.96779428623433	0	No data	255	0	-1	-1
ZCCHC8	0.1621289066133104	No data	0.2639540518388796	No data	No data	No data	No data	No data	No data	No data	No data	No data	No data	No data	No data	No data	No data	No data	0.0547137717850459	No data	No data	No data	0	0	0	0	0	0.045259999999999675	No data	-0.4239382239382239	-0.6658751251884567	No data	No data	No data	No data	0.5	-1
PLAU	0.16152872488218634	No data	No data	No data	0.24317231904464845	No data	No data	No data	No data	No data	No data	No data	No data	No data	No data	No data	No data	No data	0.45060336018889663	No data	No data	1	0	1	1	1	1	0	No data	-0.2005515719801434	-0.9335398811818909	0	255	No data	0	0.5	0
CCDC33	0.16072139599433075	No data	0.2643744923365574	No data	No data	No data	No data	No data	No data	No data	No data	No data	No data	No data	No data	No data	No data	No data	No data	No data	No data	No data	No data	No data	0	0	0	0	No data	0.34760066188637606	0	0	No data	No data	No data	0.75	0.5
SCIN	0.16023636894003962	No data	0.2585696740648615	No data	No data	No data	No data	No data	No data	No data	No data	No data	No data	No data	No data	No data	No data	No data	0.10013971193991425	No data	No data	No data	1	0	0	0	1	0.5734250000000003	No data	0.33634859349145074	No data	0	No data	No data	-0.006992499999999957	0.5	0
LILRB5	0.15922647629132716	No data	0.2585718435521425	No data	No data	No data	No data	No data	No data	No data	No data	No data	No data	No data	No data	No data	No data	No data	0.06687238773727831	No data	No data	No data	0	0	0	0	0	0	No data	0.30314396028681734	0	0	No data	No data	-0.20050750000000014	0.5	0
EFL1	0.1582399079039383	No data	0.2583337447293121	No data	No data	No data	No data	No data	No data	No data	No data	No data	No data	No data	No data	No data	No data	No data	0.03917776251274891	No data	No data	No data	0	0	0	0	0	0.5401800000000001	No data	-0.4130170987313845	-0.3074028175658705	-1	No data	No data	0	-1	-1
ZNF232	0.15821148245034466	No data	0.2585740654487889	No data	No data	No data	No data	No data	No data	No data	No data	No data	No data	No data	No data	No data	No data	No data	0.03343619386863916	No data	No data	No data	0	0	0	0	0	No data	No data	0.5520132377275235	No data	0	No data	No data	0	-1	0
UBE2L3	0.15816907191057725	No data	0.23810736081997783	No data	No data	No data	No data	No data	No data	No data	No data	No data	No data	No data	No data	No data	No data	No data	0.43219816499243036	0.0206479779780555	No data	No data	0	0	0	0	0	1	No data	-0.8835079977937121	-0.6922621656446051	-1	No data	No data	-0.9350650000000001	-1	-1
CDK2AP1	0.15794570792610182	No data	0.25830356961732026	No data	No data	No data	No data	No data	No data	No data	No data	No data	No data	No data	No data	No data	No data	No data	0.02279740491043579	0.016436536563746114	No data	No data	0	0	0	1	0	0.869565	No data	0.6980694980694981	-0.37018628386026403	0	No data	No data	-0.08695749999999994	0.5	-1
ZNF594	0.15774312898700962	No data	0.2594754692585659	No data	No data	No data	No data	No data	No data	No data	No data	No data	No data	No data	No data	No data	No data	No data	No data	No data	No data	No data	0	0	0	0	0	No data	No data	0.8830667402095973	No data	0	No data	No data	0	-1	0
INPP5B	0.15688971884673988	No data	0.2550320203918431	No data	No data	No data	No data	No data	No data	No data	No data	No data	No data	No data	No data	No data	No data	No data	0.06079307976116211	No data	No data	No data	0	0	0	1	0	0.29354000000000013	No data	-0.016105901820187563	0	0	No data	No data	0	-1	-1
ACKR2	0.15623950597687078	No data	0.24979138884330868	No data	No data	No data	No data	No data	No data	No data	No data	No data	No data	No data	No data	No data	No data	No data	0.14421469476675677	No data	No data	No data	0	0	0	0	0	0	No data	0.9615002757859901	0	0	No data	No data	0	0.5	0
TEKT5	0.1561555563865681	No data	0.2568640328801514	No data	No data	No data	No data	No data	No data	No data	No data	No data	No data	No data	No data	No data	No data	No data	No data	No data	No data	No data	0	0	0	0	0	0.15463999999999983	No data	0.5311638168781025	No data	0	No data	No data	0	1	1
POTEA	0.1556134637143388	No data	0.25597233159711225	No data	No data	No data	No data	No data	No data	No data	No data	No data	No data	No data	No data	No data	No data	No data	No data	No data	No data	No data	No data	No data	No data	No data	No data	0	No data	No data	No data	No data	No data	No data	0	1	1
DUSP6	0.1544864227975243	No data	0.2292663881847404	No data	No data	No data	No data	No data	No data	No data	No data	No data	No data	No data	No data	No data	No data	No data	0.4901383821824055	0.015530740866196444	No data	No data	0	0	0	1	0	0.908135	No data	-0.7400992829564258	-0.8702310305889693	0	No data	No data	-0.26509250000000006	0.5	-1
CD46	0.15369337786184245	No data	0.2453432638986449	No data	No data	No data	No data	No data	No data	No data	No data	No data	No data	No data	No data	No data	No data	No data	0.13903021517161654	0.023362267977198533	No data	No data	1	0	0	0	0	0	No data	-0.34561500275785995	-0.7243475834492915	0	No data	No data	0	-1	-1
SH2B3	0.1533885590720251	No data	0.24775305142232967	No data	No data	No data	No data	No data	No data	No data	No data	No data	No data	No data	No data	No data	No data	No data	0.09118961964174316	No data	No data	No data	0	0	0	0	0	0	No data	0.5607280750137893	0	0	No data	255	0	0.5	-1
SCAPER	0.15278096148840362	No data	0.2513130805161286	No data	No data	No data	No data	No data	No data	No data	No data	No data	No data	No data	No data	No data	No data	No data	No data	No data	No data	No data	0	0	0	0	0	0.40714499999999987	No data	-0.4836183121897407	-0.6164135175482773	0	No data	No data	No data	0.5	-1
GABPA	0.15263475090030948	No data	0.202658677688413	No data	No data	No data	No data	No data	No data	No data	No data	No data	No data	No data	No data	No data	No data	No data	0.9682779502504844	No data	No data	No data	0	0	0	0	0	0.8017600000000001	No data	-0.997573083287369	-0.7511355559589328	-1	No data	No data	0	-1	-1
SEPTIN14	0.15239161565524365	No data	0.2506726361848172	No data	No data	No data	No data	No data	No data	No data	No data	No data	No data	No data	No data	No data	No data	No data	No data	No data	No data	No data	0	0	0	0	0	0	No data	0.8505239933811362	-0.25316295460357463	0	No data	No data	-0.288195	1	0
SPON1	0.15171524602208197	No data	0.22712891043784167	No data	No data	No data	No data	No data	No data	No data	No data	No data	No data	No data	No data	No data	No data	No data	0.4191042696783944	0.06641710089070889	No data	No data	0	1	0	0	1	0.814125	No data	-0.4530612244897959	-0.05923686958414054	No data	No data	No data	0	-1	0
GIPC2	0.1516664206284795	No data	0.24947974543209797	No data	No data	No data	No data	No data	No data	No data	No data	No data	No data	No data	No data	No data	No data	No data	No data	No data	No data	No data	0	0	0	0	0	0.14285500000000012	No data	0.9452840595697738	No data	0	No data	No data	-0.07936499999999995	0.5	0
EFCAB3	0.15136408462886683	No data	0.2473106159766134	No data	No data	No data	No data	No data	No data	No data	No data	No data	No data	No data	No data	No data	No data	No data	0.03343619386863916	No data	No data	No data	No data	No data	0	0	0	No data	No data	0.23474903474903486	-0.1250770947412433	0	No data	No data	0	1	1
PRSS12	0.15134818811949505	No data	0.24834834632158842	No data	No data	No data	No data	No data	No data	No data	No data	No data	No data	No data	No data	No data	No data	No data	0.012158615952232422	No data	No data	No data	0	1	1	1	0	0	No data	-0.0059569773855487895	-0.6567959179772384	0	No data	No data	0	0.5	0
APOBEC1	0.15106867924233042	No data	0.24384414694185128	No data	No data	No data	No data	No data	No data	No data	No data	No data	No data	No data	No data	No data	No data	No data	0.09304718596777867	No data	No data	No data	0	0	0	0	0	0	No data	0.21059018201875346	-0.7855198949654757	0	No data	No data	0	1	0.5
ARHGAP45	0.15047355256670025	No data	0.2431974253549183	No data	No data	No data	No data	No data	No data	No data	No data	No data	No data	No data	No data	No data	No data	No data	0.08640285387449452	No data	No data	No data	1	0	0	0	0	0	No data	-0.3677881963596249	0	0	No data	No data	0	0.75	0
XRCC4	0.1498649705806004	No data	0.24651649689302663	No data	No data	No data	No data	No data	No data	No data	No data	No data	No data	No data	No data	No data	No data	No data	No data	No data	No data	No data	0	0	0	0	1	0	No data	0.11880860452289022	-0.6490304923378573	0	No data	No data	No data	-1	-1
APOC2	0.1495811625353591	No data	0.23606389607585643	No data	No data	No data	No data	No data	No data	No data	No data	No data	No data	No data	No data	No data	No data	No data	0.19971516266346948	No data	No data	No data	0	1	0	0	0	0	No data	0.1564258135686707	-0.22574289577974915	0	No data	No data	No data	1	0
MTRFR	0.14947860963303228	No data	0.24588096247186222	No data	No data	No data	No data	No data	No data	No data	No data	No data	No data	No data	No data	No data	No data	No data	No data	No data	No data	No data	0	0	0	0	0	0	No data	0.4206287920573635	No data	0	No data	No data	No data	0.5	-1
SUZ12	0.1489400747097019	No data	0.23371045475348934	No data	No data	No data	No data	No data	No data	No data	No data	No data	No data	No data	No data	No data	No data	No data	0.22569317324243063	No data	No data	No data	0	0	1	1	0	0.8646799999999999	1	-0.8504136789851076	-0.883359617836468	0	No data	255	No data	-1	-1
PPP1R13L	0.14853637390429586	No data	0.238403730968259	No data	No data	No data	No data	No data	No data	No data	No data	No data	No data	No data	No data	No data	No data	No data	0.11854650553426611	No data	No data	No data	0	0	0	0	0	0.4021749999999997	No data	0.009707666850524044	-0.9653796025931799	0	No data	No data	No data	0.5	0
EPB42	0.14839561249968744	No data	0.2386492989466062	No data	No data	No data	No data	No data	No data	No data	No data	No data	No data	No data	No data	No data	No data	No data	0.10900430952470605	No data	No data	No data	0	0	0	0	0	0	No data	-0.33226696083838936	-0.2249336470166166	0	No data	No data	0	1	0.5
MSL2	0.14722064831900755	No data	0.24216678756429777	No data	No data	No data	No data	No data	No data	No data	No data	No data	No data	No data	No data	No data	No data	No data	No data	No data	No data	No data	0	0	0	0	0	0.9480049999999999	No data	-0.9728626585769443	No data	0	No data	No data	No data	0.5	-1
MAPK10	0.14672428417707642	No data	0.22132371169340376	No data	No data	No data	No data	No data	No data	No data	No data	No data	No data	No data	No data	No data	No data	No data	0.39123530562118103	0.020917317007222408	No data	0.7	0	0	1	1	1	0.9784500000000002	1	-0.644015444015444	-0.2890469902413498	0	No data	No data	-0.5905175	0.5	-1
KDM5B	0.14597606117058531	No data	0.2401195362105058	No data	No data	No data	No data	No data	No data	No data	No data	No data	No data	No data	No data	No data	No data	No data	No data	No data	No data	No data	0	0	1	1	0	0.7117849999999997	1	-0.1900717043574186	-0.7641946920105497	0	No data	No data	0	0.5	0
KCNQ5	0.14549050919165232	No data	0.23280632469421095	No data	No data	No data	No data	No data	No data	No data	No data	No data	No data	No data	No data	No data	No data	No data	0.11448236599934475	0.03556786862028031	No data	1	0	0	1	1	0	0.7800449999999998	No data	-0.7749586321014892	-0.3074028175658705	0	255	No data	0	0.75	0.5
MAML3	0.1451072201829831	No data	0.23662170535115176	No data	No data	No data	No data	No data	No data	No data	No data	No data	No data	No data	No data	No data	No data	No data	0.04137306817079087	No data	No data	No data	0	0	0	0	0	0.38049000000000033	No data	-0.8649751792608935	No data	0	No data	No data	0	-1	0
OPTC	0.14463140876163924	No data	0.2379076851014177	No data	No data	No data	No data	No data	No data	No data	No data	No data	No data	No data	No data	No data	No data	No data	No data	No data	No data	No data	0	1	0	0	0	0	No data	0.42945394373965806	-0.21227635348345625	0	No data	No data	0	No data	No data
CTNNAL1	0.14432958285804698	No data	0.23741120440858549	No data	No data	No data	No data	No data	No data	No data	No data	No data	No data	No data	No data	No data	No data	No data	No data	No data	No data	No data	1	0	0	0	0	0.3664850000000001	No data	-0.12377275234418095	-0.6610501848431463	0	No data	No data	0	0.5	-1
BCAM	0.1443278717506072	No data	0.23001611425232119	No data	No data	No data	No data	No data	No data	No data	No data	No data	No data	No data	No data	No data	No data	No data	0.14784551028911116	No data	No data	No data	0	0	0	0	0	0	No data	0.2338665195808054	-0.5305768363163179	0	No data	No data	0	0.5	-1
ANKRD31	0.14320931066532772	No data	0.23465654552088724	No data	No data	No data	No data	No data	No data	No data	No data	No data	No data	No data	No data	No data	No data	No data	0.01823792392834863	No data	No data	No data	0	0	0	0	0	0	No data	-0.21544401544401548	-0.734083119323047	0	No data	No data	0	1	1
SLC24A1	0.14300218991671135	No data	0.23522774381315165	No data	No data	No data	No data	No data	No data	No data	No data	No data	No data	No data	No data	No data	No data	No data	No data	No data	No data	No data	1	0	0	0	0	0	No data	-0.334473248758963	-0.2035914972095168	0	No data	No data	0	1	0
WDR12	0.14277886264238504	No data	0.2318895529751353	No data	No data	No data	No data	No data	No data	No data	No data	No data	No data	No data	No data	No data	No data	No data	0.05941668859364437	No data	No data	No data	1	0	0	0	0	0.6926699999999997	No data	-0.1140650854936569	0	-1	No data	No data	0	-1	0
FAM114A2	0.14259720372362358	No data	0.2345615722773801	No data	No data	No data	No data	No data	No data	No data	No data	No data	No data	No data	No data	No data	No data	No data	No data	No data	No data	No data	0	0	0	0	0	0	No data	0.32443463872035294	No data	0	No data	No data	0	-1	-1
DENND4A	0.14209229633755271	No data	0.23221121097244837	No data	No data	No data	No data	No data	No data	No data	No data	No data	No data	No data	No data	No data	No data	No data	0.030396539880581056	No data	No data	No data	0	0	0	0	0	0.5149450000000002	No data	-0.7478212906784336	No data	0	No data	No data	0	0.5	-1
CARF	0.14205373672635882	No data	0.22561252726566036	No data	No data	No data	No data	No data	No data	No data	No data	No data	No data	No data	No data	No data	No data	No data	0.1611016613670796	No data	No data	No data	0	0	0	0	0	0	No data	-0.3146166574738003	-0.6062487521094059	0	No data	No data	No data	-1	-1
TMEM64	0.14146499586558386	No data	0.23269917632295925	No data	No data	No data	No data	No data	No data	No data	No data	No data	No data	No data	No data	No data	No data	No data	No data	No data	No data	No data	0	0	0	0	0	0.4736849999999997	No data	0.5643684500827357	-0.09850276865513347	0	No data	No data	0	1	-1
FAM240B	0.1409138053501853	No data	0.23179250977873408	No data	No data	No data	No data	No data	No data	No data	No data	No data	No data	No data	No data	No data	No data	No data	No data	No data	No data	No data	No data	No data	No data	No data	No data	0	No data	No data	No data	No data	No data	No data	-0.10256499999999988	No data	No data
PRPF40B	0.14026230725882735	No data	0.23072084488872113	No data	No data	No data	No data	No data	No data	No data	No data	No data	No data	No data	No data	No data	No data	No data	No data	No data	No data	No data	0	0	0	0	0	0.669285	No data	-0.6413678985107556	No data	0	No data	No data	0	-1	0
KCNIP2	0.14017843395627716	No data	0.22906305268075705	No data	No data	No data	No data	No data	No data	No data	No data	No data	No data	No data	No data	No data	No data	No data	0.030396539880581056	No data	No data	No data	0	0	0	0	0	0	No data	-0.3282956425813569	-0.5716429955725768	0	No data	No data	-0.04629750000000001	0.5	0
FAM171A2	0.1401003304058341	No data	0.22863061287211725	No data	No data	No data	No data	No data	No data	No data	No data	No data	No data	No data	No data	No data	No data	No data	0.03647584785669726	No data	No data	No data	0	0	0	0	0	0.68523	No data	-0.5701047986762273	No data	0	No data	No data	0	0.5	0
MICAL1	0.14008012515467816	No data	0.225034226815545	No data	No data	No data	No data	No data	No data	No data	No data	No data	No data	No data	No data	No data	No data	No data	0.10773884691005951	No data	No data	No data	1	0	0	0	0	0	No data	-0.23905129619415333	-0.4025292816482848	0	No data	No data	0	-1	-1
POTEC	0.1397883933386776	No data	0.2299412924758287	No data	No data	No data	No data	No data	No data	No data	No data	No data	No data	No data	No data	No data	No data	No data	No data	No data	No data	No data	No data	No data	0	0	0	No data	No data	-0.2476558190843905	No data	0	No data	No data	-0.9077500000000001	1	1
SPATA21	0.13955796237385426	No data	0.22956225103603223	No data	No data	No data	No data	No data	No data	No data	No data	No data	No data	No data	No data	No data	No data	No data	No data	No data	No data	No data	0	0	0	0	0	0	No data	0.14550468836183117	No data	0	No data	No data	0	1	1
TCERG1L	0.1391977274359683	No data	0.22896969191696606	No data	No data	No data	No data	No data	No data	No data	No data	No data	No data	No data	No data	No data	No data	No data	No data	No data	No data	No data	0	0	0	0	0	0.02730499999999978	No data	0.31505791505791514	0	0	No data	No data	0	0.5	0.5
ZNF92	0.1384476730483894	No data	0.22773590940335486	No data	No data	No data	No data	No data	No data	No data	No data	No data	No data	No data	No data	No data	No data	No data	No data	No data	No data	No data	0	0	0	0	0	No data	No data	0.7332597904026474	No data	0	No data	No data	-0.21075000000000016	-1	0
C17orf58	0.13836454783967464	No data	0.227599174746974	No data	No data	No data	No data	No data	No data	No data	No data	No data	No data	No data	No data	No data	No data	No data	No data	No data	No data	No data	1	0	0	0	0	0	No data	0.67699944842802	No data	0	No data	No data	No data	0.5	-1
PLD3	0.13832385887916615	No data	No data	No data	0.18237923928348632	No data	No data	No data	No data	No data	No data	No data	No data	No data	No data	No data	No data	No data	0.8807150188322329	0.05027644221653598	No data	No data	0	0	1	1	0	0.6632649999999998	No data	-0.40077220077220077	0	0	No data	No data	0	0.5	-1
CMPK2	0.13777735830679408	No data	0.22272818152618337	No data	No data	No data	No data	No data	No data	No data	No data	No data	No data	No data	No data	No data	No data	No data	0.07810222052649297	No data	No data	No data	0	0	0	0	0	0	No data	0.7962493105350248	-0.08945751874593927	0	No data	No data	0	0.5	0
SYT11	0.1375541925201658	No data	0.2146109586350093	No data	No data	No data	No data	No data	No data	No data	No data	No data	No data	No data	No data	No data	No data	No data	0.2331048628833123	No data	No data	No data	0	0	0	0	0	0.75638	No data	-0.6667402095973525	No data	0	No data	No data	0	0.5	-1
FAM227A	0.13678287789179477	No data	0.22499744778381675	No data	No data	No data	No data	No data	No data	No data	No data	No data	No data	No data	No data	No data	No data	No data	No data	No data	No data	No data	0	0	0	0	0	0	No data	0.39150579150579157	No data	No data	No data	No data	No data	0.5	0.5
TMEM132B	0.1365624164685491	No data	0.22188523510737115	No data	No data	No data	No data	No data	No data	No data	No data	No data	No data	No data	No data	No data	No data	No data	0.03495602086266821	0.039455398238225366	No data	No data	0	0	0	0	0	0.28900999999999966	No data	-0.8969663541092112	-0.5208031853240863	0	No data	No data	0	1	0.5
NOB1	0.13604480985751966	No data	0.22378338191122932	No data	No data	No data	No data	No data	No data	No data	No data	No data	No data	No data	No data	No data	No data	No data	No data	No data	No data	No data	0	0	0	0	0	0.4174750000000003	No data	0.431218974076117	No data	-1	No data	No data	No data	-1	-1
POU5F1B	0.1359998584717968	No data	0.2221896133009843	No data	No data	No data	No data	No data	No data	No data	No data	No data	No data	No data	No data	No data	No data	No data	0.030396539880581056	No data	No data	No data	0	0	0	0	0	0.05292499999999976	No data	0.5035852178709321	No data	0	No data	No data	-0.9025075000000001	0.5	0.5
C12orf50	0.13582939969611288	No data	0.2234290485524769	No data	No data	No data	No data	No data	No data	No data	No data	No data	No data	No data	No data	No data	No data	No data	No data	No data	No data	No data	No data	No data	0	0	0	0.11835499999999968	No data	-0.29123000551571976	No data	0	No data	No data	0	1	1
GTF2H1	0.13552910957027828	No data	0.18147823272424238	No data	No data	No data	No data	No data	No data	No data	No data	No data	No data	No data	No data	No data	No data	No data	0.8291372274639452	No data	No data	No data	0	0	0	0	0	0.8540149999999997	No data	-0.7765030336458908	No data	-1	No data	No data	No data	-1	-1
SRGAP2C	0.1348656341087602	No data	0.22184372734299213	No data	No data	No data	No data	No data	No data	No data	No data	No data	No data	No data	No data	No data	No data	No data	No data	No data	No data	No data	0	0	0	0	0	0.8910699999999998	No data	0.9423055708769994	No data	No data	No data	No data	-0.9618725000000001	0.5	-1
CLTCL1	0.13451428774162194	No data	0.22126578924786916	No data	No data	No data	No data	No data	No data	No data	No data	No data	No data	No data	No data	No data	No data	No data	No data	No data	No data	No data	0	0	0	0	0	No data	No data	0.04258135686707121	No data	0	No data	255	-0.6173774999999999	0.75	0
CCNDBP1	0.13419919793566773	No data	0.2172956105381765	No data	No data	No data	No data	No data	No data	No data	No data	No data	No data	No data	No data	No data	No data	No data	0.012158615952232422	0.06363376878078193	No data	No data	0	0	0	0	0	0.013889999999999958	No data	0.43408714837286255	-0.7338799936806614	0	No data	No data	No data	0.5	0
RNF152	0.13405055820705422	No data	0.21959109317950976	No data	No data	No data	No data	No data	No data	No data	No data	No data	No data	No data	No data	No data	No data	No data	0.01823792392834863	No data	No data	No data	0	0	0	0	0	0.8768450000000001	No data	0.5496966354109212	No data	0	No data	No data	0	0.5	0
PBX4	0.13380062472672005	No data	0.2200918677790019	No data	No data	No data	No data	No data	No data	No data	No data	No data	No data	No data	No data	No data	No data	No data	No data	No data	No data	No data	0	0	0	0	0	0	No data	0.19988968560397136	-0.6702161870005524	0	No data	No data	-0.2513375	0.5	0.5
PAX6	0.1336911261100131	No data	0.19432032918552314	No data	No data	No data	No data	No data	No data	No data	No data	No data	No data	No data	No data	No data	No data	No data	0.47623281064106876	0.08009015181803923	No data	No data	0	0	0	0	0	0.83945	No data	-0.9398786541643684	-0.973786924279282	0	255	No data	0	0.75	0.5
ZNF486	0.13353606032850504	No data	0.21965667943313355	No data	No data	No data	No data	No data	No data	No data	No data	No data	No data	No data	No data	No data	No data	No data	No data	No data	No data	No data	0	0	0	0	0	No data	No data	0.8122448979591836	No data	0	No data	No data	-0.30885500000000016	0.5	0
PHKB	0.1332369439520552	No data	0.21916465570670782	No data	No data	No data	No data	No data	No data	No data	No data	No data	No data	No data	No data	No data	No data	No data	No data	No data	No data	No data	0	0	1	1	0	0.6706299999999998	No data	-0.2989520132377276	-0.9016196749259422	0	No data	No data	0	0.5	-1
SMC2	0.13170054031182368	No data	0.2091714123133988	No data	No data	No data	No data	No data	No data	No data	No data	No data	No data	No data	No data	No data	No data	No data	0.14931952138044294	No data	No data	No data	0	0	0	1	0	0.5822899999999998	No data	-0.7869829012686156	No data	-1	No data	No data	0	0.5	-1
SAR1B	0.13108268149438626	No data	0.20364819822404392	No data	No data	No data	No data	No data	No data	No data	No data	No data	No data	No data	No data	No data	No data	No data	0.23945718639257743	No data	No data	No data	0	0	0	0	0	0.9494950000000003	No data	0.24059569773855483	-0.8630728718066416	0	No data	No data	-0.747475	-1	-1
ZNF723	0.1306757138561632	No data	0.21495162668111098	No data	No data	No data	No data	No data	No data	No data	No data	No data	No data	No data	No data	No data	No data	No data	No data	No data	No data	No data	0	0	0	0	0	No data	No data	No data	No data	No data	No data	No data	-0.40058499999999986	1	1
RASGRP3	0.1300951776198049	No data	0.21057707791765332	No data	No data	No data	No data	No data	No data	No data	No data	No data	No data	No data	No data	No data	No data	No data	0.06839221473130737	No data	No data	No data	0	0	1	1	0	0.7173900000000003	No data	-0.31538885824600116	0	0	No data	No data	0	0.5	0
TMED10	0.12988963649542973	No data	0.19309426483324998	No data	No data	No data	No data	No data	No data	No data	No data	No data	No data	No data	No data	No data	No data	No data	0.4112864855749327	No data	No data	No data	0	0	0	0	0	0.6347050000000003	No data	-0.5993381136238278	-0.11059673298647571	-1	No data	No data	0	-1	-1
IKZF4	0.12963577264720486	No data	0.2115016447985029	No data	No data	No data	No data	No data	No data	No data	No data	No data	No data	No data	No data	No data	No data	No data	0.034787151196664985	No data	No data	No data	0	0	0	0	0	0.7435899999999996	No data	-0.8039713182570325	-0.21347364310634276	0	No data	No data	0	-1	-1
SYNPO2L	0.12953848346000585	No data	0.2130809690328635	No data	No data	No data	No data	No data	No data	No data	No data	No data	No data	No data	No data	No data	No data	No data	No data	No data	No data	No data	0	0	0	0	0	0.3909950000000002	No data	-0.0011031439602867676	No data	0	No data	No data	0	0.75	0.5
PRSS3	0.12938991595510685	No data	0.20819010064073992	No data	No data	No data	No data	No data	No data	No data	No data	No data	No data	No data	No data	No data	No data	No data	0.06985536699763391	0.05191730000435442	No data	No data	0	1	1	1	0	0	No data	0.41147269718698287	-0.811451856535681	0	No data	No data	-0.6862349999999999	1	0
FHIP1A	0.12878237118653937	No data	0.21183722175696137	No data	No data	No data	No data	No data	No data	No data	No data	No data	No data	No data	No data	No data	No data	No data	No data	No data	No data	No data	0	0	0	0	0	0.15865500000000027	No data	-0.1592939878654165	0	0	No data	No data	0	0.5	0
ZIC5	0.12845039903990324	No data	0.2112911527834197	No data	No data	No data	No data	No data	No data	No data	No data	No data	No data	No data	No data	No data	No data	No data	No data	No data	No data	No data	0	0	0	0	0	0.32707499999999995	No data	0.5589630446773304	-0.8647832574890332	0	No data	No data	0	1	0.5
LAPTM4B	0.12765564846881236	No data	0.20998384844185122	No data	No data	No data	No data	No data	No data	No data	No data	No data	No data	No data	No data	No data	No data	No data	No data	No data	No data	No data	0	0	0	0	0	0.6238950000000003	No data	0.7680088251516823	-0.208776039941779	0	No data	No data	0	0.5	-1
TBX2	0.12710254972180685	No data	0.20463699252729578	No data	No data	No data	No data	No data	No data	No data	No data	No data	No data	No data	No data	No data	No data	No data	0.08874100948469636	No data	No data	No data	0	0	0	0	0	0.754215	No data	-0.2341974627688913	-0.9189693326009213	0	No data	No data	0	0.5	0
RNF43	0.12661365998324445	No data	0.20349928843991852	No data	No data	No data	No data	No data	No data	No data	No data	No data	No data	No data	No data	No data	No data	No data	0.09541136129182388	No data	No data	No data	1	0	0	0	0	0.09961500000000001	No data	-0.5291781577495863	-0.23497795975701313	0	No data	255	0	0.5	0
PLCD1	0.12598396169409612	No data	No data	No data	0.19453785523571876	No data	No data	No data	No data	No data	No data	No data	No data	No data	No data	No data	No data	No data	0.2539239079617246	No data	No data	No data	0	0	0	1	0	0.48412500000000025	No data	-0.026806398234969664	-0.10370440909403256	0	No data	No data	0	-1	-1
REV1	0.1258707211615051	No data	0.2030202370222206	No data	No data	No data	No data	No data	No data	No data	No data	No data	No data	No data	No data	No data	No data	No data	0.0805508306835398	No data	No data	No data	0	0	1	1	0	0.21263000000000004	No data	-0.8376172090457805	-0.3596166767399958	0	No data	No data	0	-1	-1
RET	0.12581981628186673	No data	0.1743821624371412	No data	No data	No data	No data	No data	No data	No data	No data	No data	No data	No data	No data	No data	No data	No data	0.6516376291523343	No data	No data	1	1	0	1	1	1	0.16516999999999982	1	-0.9306122448979592	-0.9424668101284822	0	No data	255	0	0.5	0
YJU2B	0.125498975006827	No data	0.20643628435979072	No data	No data	No data	No data	No data	No data	No data	No data	No data	No data	No data	No data	No data	No data	No data	No data	No data	No data	No data	0	0	0	0	0	0	No data	-0.4602316602316602	No data	0	No data	No data	0	-1	-1
PKHD1	0.12447111786793137	No data	0.2032257104206591	No data	No data	No data	No data	No data	No data	No data	No data	No data	No data	No data	No data	No data	No data	No data	0.030396539880581056	No data	No data	No data	0	0	0	0	0	0	No data	-0.3129619415333701	-0.9740050256257445	0	No data	No data	0	0.75	0.5
EBLN2	0.12434631352316343	No data	0.2045402437443259	No data	No data	No data	No data	No data	No data	No data	No data	No data	No data	No data	No data	No data	No data	No data	No data	No data	No data	No data	0	0	0	0	0	No data	No data	0.9894098179812465	No data	0	No data	No data	0	1	0
SMOC2	0.1230517788347377	No data	0.19044490630634223	No data	No data	No data	No data	No data	No data	No data	No data	No data	No data	No data	No data	No data	No data	No data	0.23931852347115123	No data	No data	No data	0	1	0	0	0	0.7421500000000002	No data	-0.24710424710424705	-0.21476030826151793	0	No data	No data	0	0.5	0
SYNM	0.12274067843967039	No data	0.03655081149516928	No data	No data	No data	No data	No data	No data	No data	No data	No data	No data	No data	No data	No data	No data	No data	0.9638069653951987	No data	No data	No data	0	0	0	0	0	0	No data	0.35819084390512956	-0.9393535969654528	No data	No data	No data	0	0.5	0
PRIM2	0.12204638164471696	No data	0.19817332455539344	No data	No data	No data	No data	No data	No data	No data	No data	No data	No data	No data	No data	No data	No data	No data	0.051674117796987794	No data	No data	1	0	0	0	0	0	0.46955000000000024	No data	-0.07479316050744622	No data	No data	No data	No data	No data	0.5	-1
GMEB1	0.12178513849896129	No data	0.2003273053074771	No data	No data	No data	No data	No data	No data	No data	No data	No data	No data	No data	No data	No data	No data	No data	No data	No data	No data	No data	0	0	0	0	0	0.75133	No data	-0.9801434087148373	No data	0	No data	No data	0	-1	-1
NDUFAF6	0.12170216510104521	No data	0.17404428452448098	No data	No data	No data	No data	No data	No data	No data	No data	No data	No data	No data	No data	No data	No data	No data	0.5181745760520262	0.010701316856265212	No data	No data	0	0	0	0	0	0.09909999999999997	No data	0.7237727523441808	0	0	No data	No data	0	-1	0
NBEAL1	0.12134617585984105	No data	0.1895743869373273	No data	No data	No data	No data	No data	No data	No data	No data	No data	No data	No data	No data	No data	No data	No data	0.20061716321183493	No data	No data	No data	0	0	0	0	0	0.4619900000000001	No data	-0.10557087699944845	No data	0	No data	No data	0	-1	0
SNTN	0.12133642538410362	No data	0.19958920630571486	No data	No data	No data	No data	No data	No data	No data	No data	No data	No data	No data	No data	No data	No data	No data	No data	No data	No data	No data	0	0	0	0	0	0	No data	0.5599558742415884	No data	0	No data	No data	0	1	0.5
TGFB1	0.12087620026539499	No data	0.06670106140508081	No data	No data	No data	No data	No data	No data	No data	No data	No data	No data	No data	No data	No data	No data	No data	0.9107845279024486	No data	No data	1	1	1	0	1	0	0.5	No data	-0.4624379481522338	-0.9810848334452651	0	255	No data	0	-1	0
VPS13C	0.12020584773619926	No data	No data	No data	0.19453785523571876	No data	No data	No data	No data	No data	No data	No data	No data	No data	No data	No data	No data	No data	0.06383273374922022	No data	No data	No data	0	0	0	0	0	0.3205449999999999	No data	-0.19117484831770548	-0.27157138741267045	0	No data	No data	0	-1	-1
RPS29	0.11991161967959213	No data	0.19429028995665348	No data	No data	No data	No data	No data	No data	No data	No data	No data	No data	No data	No data	No data	No data	No data	0.05910438310112983	No data	No data	1	0	0	1	1	0	No data	No data	-0.8806398234969663	No data	-1	No data	No data	No data	-1	-1
SHCBP1	0.1197713336883619	No data	0.19042108146559214	No data	No data	No data	No data	No data	No data	No data	No data	No data	No data	No data	No data	No data	No data	No data	0.1318733568578915	No data	No data	No data	0	0	0	0	0	0	No data	0.0850523993381136	0	0	No data	No data	0	0.5	0.5
EIF2B3	0.11977105606778159	No data	0.1889879131174147	No data	No data	No data	No data	No data	No data	No data	No data	No data	No data	No data	No data	No data	No data	No data	0.1526995788971089	0.017613026164916362	No data	No data	0	0	0	0	0	0.59071	No data	-0.6637617209045781	-0.6496466961201566	-1	No data	No data	0	-1	-1
PHF3	0.11967535783193935	No data	0.19624894551480446	No data	No data	No data	No data	No data	No data	No data	No data	No data	No data	No data	No data	No data	No data	No data	0.012158615952232422	No data	No data	No data	0	0	0	0	0	0	No data	-0.8854936569222284	0	0	No data	No data	0	-1	-1
IPMK	0.1196680646605363	No data	0.18854594873318856	No data	No data	No data	No data	No data	No data	No data	No data	No data	No data	No data	No data	No data	No data	No data	0.1659786173212528	No data	No data	No data	0	0	1	1	0	0.026440000000000196	No data	-0.5694429123000552	-0.6073766948412518	0	No data	No data	0	0.5	0
FAM161B	0.11956182061120867	No data	0.19285319005680854	No data	No data	No data	No data	No data	No data	No data	No data	No data	No data	No data	No data	No data	No data	No data	No data	0.0763385229747782	No data	No data	1	0	0	0	0	0	No data	-0.08990623276337562	-0.6551100508070845	0	No data	No data	0	-1	-1
CRYBB2	0.11948898421902528	No data	0.19594237507348733	No data	No data	No data	No data	No data	No data	No data	No data	No data	No data	No data	No data	No data	No data	No data	0.012158615952232422	No data	No data	No data	0	0	0	0	0	0.85366	No data	-0.3421952564809708	-0.2889612636286154	0	No data	No data	0	0.5	0.5
GRID2IP	0.11946668802682986	No data	No data	No data	0.19453785523571876	No data	No data	No data	No data	No data	No data	No data	No data	No data	No data	No data	No data	No data	0.03951550184475537	No data	No data	No data	1	0	0	0	0	0.5293149999999998	No data	-0.12531715388858244	No data	0	No data	No data	0	0.5	1
SGCA	0.1192936892273221	No data	0.19236616682927787	No data	No data	No data	No data	No data	No data	No data	No data	No data	No data	No data	No data	No data	No data	No data	0.07725787219647684	No data	No data	No data	1	0	0	0	0	0.4444450000000003	No data	0.4816326530612245	-0.820848033046613	0	No data	No data	0	0.75	0
RBM26	0.11845362067662603	No data	0.19484721146221742	No data	No data	No data	No data	No data	No data	No data	No data	No data	No data	No data	No data	No data	No data	No data	No data	No data	No data	No data	0	0	0	0	0	0.8361449999999998	No data	-0.7740761169332597	No data	0	No data	No data	0	-1	-1
HAO1	0.11818755350962282	No data	0.19016058446155823	No data	No data	No data	No data	No data	No data	No data	No data	No data	No data	No data	No data	No data	No data	No data	0.08497933428488301	No data	No data	1	0	0	1	1	0	0.47297500000000026	No data	0.41257584114726975	No data	0	No data	No data	0	1	1
COL28A1	0.11777747249687487	No data	0.1937349990485553	No data	No data	No data	No data	No data	No data	No data	No data	No data	No data	No data	No data	No data	No data	No data	No data	No data	No data	1	0	1	0	0	0	0.3066650000000003	No data	0.27324875896304457	-0.5346493706516381	0	No data	No data	0	0.5	0
VPREB1	0.11755247468077279	No data	0.18897048384228043	No data	No data	No data	No data	No data	No data	No data	No data	No data	No data	No data	No data	No data	No data	No data	0.08788821767138005	No data	No data	No data	0	0	0	0	0	0	No data	0.8862658576944291	0	0	No data	No data	0	1	0.5
RPL17	0.11747387521514675	No data	0.04016026580993111	No data	No data	No data	No data	No data	No data	No data	No data	No data	No data	No data	No data	No data	No data	No data	0.9159776906035652	No data	No data	1	0	0	1	1	0	No data	No data	-0.9658025372311086	No data	-1	No data	No data	No data	-1	-1
KIR3DL2	0.11736988233953843	No data	0.1821827595359591	No data	No data	No data	No data	No data	No data	No data	No data	No data	No data	No data	No data	No data	No data	No data	0.21763569306725314	No data	No data	0.2	1	0	0	0	0	0	No data	0.49277440706012143	No data	0	No data	No data	-0.5879124999999998	0.5	1
MED20	0.11732016670044494	No data	0.19176690414285238	No data	No data	No data	No data	No data	No data	No data	No data	No data	No data	No data	No data	No data	No data	No data	0.024317231904464845	No data	No data	No data	0	0	0	0	0	0.8584899999999998	No data	0.5423055708769995	0	-1	No data	No data	No data	-1	-1
KCNN2	0.11695907466444506	No data	0.18367145878672134	No data	No data	No data	No data	No data	No data	No data	No data	No data	No data	No data	No data	No data	No data	No data	0.1551912230569666	0.04309995681560172	No data	No data	1	0	1	1	0	0	No data	-0.4891340319911749	-0.8830801556116887	0	255	No data	-0.013907500000000007	0.5	0
SLC35E1	0.11694223346924512	No data	0.1902162059528911	No data	No data	No data	No data	No data	No data	No data	No data	No data	No data	No data	No data	No data	No data	No data	No data	0.04289776635006676	No data	No data	0	0	0	0	0	0.5365850000000002	No data	-0.4667402095973524	-0.061025275592417605	0	No data	No data	0	-1	-1
GRAP	0.11681663046728016	No data	0.191546556071976	No data	No data	No data	No data	No data	No data	No data	No data	No data	No data	No data	No data	No data	No data	No data	0.012158615952232422	No data	No data	No data	0	0	0	0	0	0.6082949999999997	No data	0.5621621621621622	0	No data	No data	No data	0	0.5	0
COX5A	0.1158987580150885	No data	0.15206788906161772	No data	No data	No data	No data	No data	No data	No data	No data	No data	No data	No data	No data	No data	No data	No data	0.7568553264353565	0.033030044966210266	No data	No data	0	0	0	0	0	0.2666649999999997	No data	-0.25306122448979596	No data	0	No data	No data	No data	0.5	-1
RPL23	0.11574683606019685	No data	0.1829451725577112	No data	No data	No data	No data	No data	No data	No data	No data	No data	No data	No data	No data	No data	No data	No data	0.14899167490063875	No data	No data	1	0	0	1	1	0	1	No data	-0.9702151130722559	No data	-1	No data	No data	No data	-1	-1
ZNF131	0.11540201198760226	No data	0.18678789289882833	No data	No data	No data	No data	No data	No data	No data	No data	No data	No data	No data	No data	No data	No data	No data	0.060793079761162105	No data	No data	No data	0	0	0	0	0	0.6789749999999998	No data	-0.9622724765581908	No data	-1	No data	No data	0	-1	-1
C8B	0.11456093288853021	No data	0.18670467807482446	No data	No data	No data	No data	No data	No data	No data	No data	No data	No data	No data	No data	No data	No data	No data	0.034787151196664985	No data	No data	No data	0	1	0	0	0	0	No data	0.36249310535024826	0	0	No data	No data	0	1	0.5
GNG7	0.11454959333876213	No data	0.1878174521387248	No data	No data	No data	No data	No data	No data	No data	No data	No data	No data	No data	No data	No data	No data	No data	0.012158615952232422	No data	No data	No data	1	0	0	0	0	0.7058799999999998	No data	-0.17231108659680083	-0.05373224667943238	0	No data	No data	-0.4117650000000001	1	-1
NTRK2	0.11407716147788405	No data	0.06855148605644033	No data	No data	No data	No data	No data	No data	No data	No data	No data	No data	No data	No data	No data	No data	No data	0.8453860053517729	0.0644938116274743	No data	1	1	0	1	1	0	0.6062049999999999	1	-0.9886376172090457	-0.9340264022172547	0	255	255	0	0.5	0
PIK3CD	0.11403581296720579	No data	0.1543023873577306	No data	No data	No data	No data	No data	No data	No data	No data	No data	No data	No data	No data	No data	No data	No data	0.665557317606657	No data	No data	1	0	0	1	1	0	0.7317999999999998	1	-0.9367898510755653	-0.2596453623311612	0	No data	No data	0	0.5	0
UNC13C	0.11364640270038917	No data	No data	No data	0.18237923928348632	No data	No data	No data	No data	No data	No data	No data	No data	No data	No data	No data	No data	No data	0.0758224800354494	0.03462028348593344	No data	No data	0	0	0	0	0	0.5505850000000002	No data	-0.19216767788196365	0	0	No data	No data	0	0.5	0.5
BOD1L2	0.11359582401209883	No data	0.18685650481663862	No data	No data	No data	No data	No data	No data	No data	No data	No data	No data	No data	No data	No data	No data	No data	No data	No data	No data	No data	0	0	0	0	0	0.0697650000000003	No data	0.8462217319360177	-0.4037415508730993	0	No data	No data	-0.6511624999999999	1	1
MAPK1	0.11325935672731344	No data	0.03223760263776828	No data	No data	No data	No data	No data	No data	No data	No data	No data	No data	No data	No data	No data	No data	No data	0.8912182051136457	No data	No data	0.2	0	0	1	1	1	0.9305549999999997	1	-0.8180915609487038	-0.9376628602128328	0	255	255	-0.6666675000000002	-1	-1
PTCD2	0.11319625333513132	No data	0.18173921890751604	No data	No data	No data	No data	No data	No data	No data	No data	No data	No data	No data	No data	No data	No data	No data	0.08200817590114763	0.016182616099253283	No data	No data	0	0	0	0	0	0	No data	-0.2916712630998345	-0.8274769790491399	0	No data	No data	No data	-1	-1
LPCAT3	0.11305791516738196	No data	0.17865430967974755	No data	No data	No data	No data	No data	No data	No data	No data	No data	No data	No data	No data	No data	No data	No data	0.14634751864837756	No data	No data	No data	0	0	0	0	0	0.3634500000000003	No data	-0.7035852178709321	-0.6463701179128734	0	No data	No data	0	-1	-1
UBXN6	0.1124772188614611	No data	0.18501648428299827	No data	No data	No data	No data	No data	No data	No data	No data	No data	No data	No data	No data	No data	No data	No data	No data	No data	No data	No data	0	0	0	0	0	0.047619999999999864	No data	0.34462217319360167	No data	0	No data	No data	0	-1	-1
PTPN9	0.1124389974149194	No data	0.17774287816737236	No data	No data	No data	No data	No data	No data	No data	No data	No data	No data	No data	No data	No data	No data	No data	0.14421469476675677	No data	No data	No data	0	0	1	1	0	0.8650950000000002	No data	-0.6557087699944844	-0.8757591110182175	0	255	No data	0	-1	-1
GNPNAT1	0.1121193470964754	No data	0.18442781240390996	No data	No data	No data	No data	No data	No data	No data	No data	No data	No data	No data	No data	No data	No data	No data	No data	No data	No data	No data	0	0	0	0	0	0.9184800000000003	No data	No data	-0.4365980494152055	0	No data	No data	No data	0.5	-1
ABCD2	0.11159170001224626	No data	0.1820400460222037	No data	No data	No data	No data	No data	No data	No data	No data	No data	No data	No data	No data	No data	No data	No data	0.030396539880581056	No data	No data	No data	0	0	0	0	0	0.6959449999999997	No data	-0.4176503033645891	-0.33658287095672784	0	No data	No data	-0.09459499999999998	0.5	0.5
RPS19	0.11134973283909792	No data	0.18112275417273274	No data	No data	No data	No data	No data	No data	No data	No data	No data	No data	No data	No data	No data	No data	No data	0.04078202433977958	No data	No data	1	0	0	1	1	0	No data	No data	-0.9311638168781026	-0.7280016924299872	-1	No data	No data	No data	-1	-1
SLC2A6	0.11066082803989306	No data	0.17959675877947187	No data	No data	No data	No data	No data	No data	No data	No data	No data	No data	No data	No data	No data	No data	No data	0.030396539880581056	0.03512843724446296	No data	No data	0	0	0	0	0	0.07297999999999974	No data	0.5359073359073359	No data	0	No data	No data	0	0.5	0
MANF	0.11051442407163387	No data	0.11291135563950001	No data	No data	No data	No data	No data	No data	No data	No data	No data	No data	No data	No data	No data	No data	No data	0.7677999849247699	No data	No data	No data	0	1	0	0	0	0.8076900000000002	No data	-0.03430777716492006	-0.3195240318826867	0	No data	No data	0	-1	-1
OR4A8	0.10893404952055384	No data	0.17918823976104395	No data	No data	No data	No data	No data	No data	No data	No data	No data	No data	No data	No data	No data	No data	No data	No data	No data	No data	No data	1	0	No data	No data	No data	0	No data	No data	No data	No data	No data	No data	-0.3809525000000001	No data	No data
PDP1	0.10792509655339622	No data	0.16960371468140867	No data	No data	No data	No data	No data	No data	No data	No data	No data	No data	No data	No data	No data	No data	No data	0.15849748123178642	No data	No data	No data	0	0	0	0	0	0.9161999999999999	No data	-0.6523993381136238	-0.5740029419786926	0	No data	No data	0	-1	-1
PLOD1	0.10745834967179624	No data	0.07760721743679644	No data	No data	No data	No data	No data	No data	No data	No data	No data	No data	No data	No data	No data	No data	No data	0.7867951060255268	No data	No data	No data	0	0	0	1	0	0.566715	No data	-0.05206839492553783	-0.8241766532977829	0	No data	No data	-0.002749999999999986	-1	-1
CHLSN	0.10737161060678238	No data	0.17661814638872292	No data	No data	No data	No data	No data	No data	No data	No data	No data	No data	No data	No data	No data	No data	No data	No data	No data	No data	No data	0	0	0	0	0	0	No data	0.5346938775510204	0	No data	No data	No data	No data	-1	-1
CLDN17	0.10653689354719818	No data	0.17104868900818213	No data	No data	No data	No data	No data	No data	No data	No data	No data	No data	No data	No data	No data	No data	No data	0.08392822400360436	No data	No data	No data	1	0	0	0	0	0.08481999999999985	No data	0.9783783783783784	-0.2997026937997821	0	No data	No data	0	0.75	0.5
CLN8	0.1064347342005361	No data	0.17251199396813344	No data	No data	No data	No data	No data	No data	No data	No data	No data	No data	No data	No data	No data	No data	No data	0.012158615952232422	0.04589740813281377	No data	No data	0	0	0	0	0	0.2832149999999999	No data	0.36734693877551017	-0.8925361876390769	0	No data	No data	0	-1	-1
NPTN	0.10641300327977825	No data	0.03449593256878737	No data	No data	No data	No data	No data	No data	No data	No data	No data	No data	No data	No data	No data	No data	No data	0.8320866349181598	No data	No data	No data	1	0	0	0	0	0.7613050000000001	No data	-0.8968560397131826	-0.7187860852266139	0	No data	No data	0	-1	-1
CCDC71L	0.10575502520751445	No data	0.1739589861592708	No data	No data	No data	No data	No data	No data	No data	No data	No data	No data	No data	No data	No data	No data	No data	No data	No data	No data	No data	0	0	0	0	0	0	No data	0.8195256480970767	No data	0	No data	No data	0	-1	0
FAM186A	0.10569537155302934	No data	0.17386086042732982	No data	No data	No data	No data	No data	No data	No data	No data	No data	No data	No data	No data	No data	No data	No data	No data	No data	No data	No data	1	0	0	0	0	0	No data	-0.20110314396028683	No data	0	No data	No data	No data	1	0.5
ACOT7	0.10546421516612571	No data	0.038515717676939114	No data	No data	No data	No data	No data	No data	No data	No data	No data	No data	No data	No data	No data	No data	No data	0.8081478062282341	0.09999607762859447	No data	No data	0	0	0	0	0	0.2432450000000003	No data	-0.7213458356315499	No data	0	No data	No data	0	0.5	-1
MROH5	0.10539644242032511	No data	0.1733691447026476	No data	No data	No data	No data	No data	No data	No data	No data	No data	No data	No data	No data	No data	No data	No data	No data	No data	No data	No data	No data	No data	No data	No data	No data	0	No data	0.7169332597904026	No data	No data	No data	No data	0	1	1
TCFL5	0.10520078310369323	No data	0.17031161139455467	No data	No data	No data	No data	No data	No data	No data	No data	No data	No data	No data	No data	No data	No data	No data	0.0547137717850459	No data	No data	No data	0	0	0	0	0	0.36000000000000015	No data	-0.8129067843353558	0	0	No data	No data	No data	0.5	-1
CHRNE	0.10499459728365915	No data	0.15979616010395328	No data	No data	No data	No data	No data	No data	No data	No data	No data	No data	No data	No data	No data	No data	No data	0.2582395972445296	No data	No data	1	1	0	1	1	0	0.41176499999999977	No data	0.5086596800882515	-0.6640670153409097	0	No data	No data	0	0.75	0.5
FAM193A	0.10484673884055348	No data	0.17246492405462113	No data	No data	No data	No data	No data	No data	No data	No data	No data	No data	No data	No data	No data	No data	No data	No data	No data	No data	No data	1	0	0	0	0	0.40923999999999977	No data	-0.9091009376723662	0	0	No data	No data	0	-1	-1
FAM219B	0.10405915860348584	No data	0.17116941436805516	No data	No data	No data	No data	No data	No data	No data	No data	No data	No data	No data	No data	No data	No data	No data	No data	No data	No data	No data	0	0	0	0	0	0.1666649999999997	No data	0.7225592939878653	No data	0	No data	No data	0	-1	-1
MAF1	0.10394127762502785	No data	0.14009346893921976	No data	No data	No data	No data	No data	No data	No data	No data	No data	No data	No data	No data	No data	No data	No data	0.6176408034068066	No data	No data	No data	0	0	0	0	0	0.7265599999999999	No data	-0.7492553778268064	-0.7955922468458726	0	No data	No data	No data	-1	-1
PLCL1	0.10393354970342025	No data	0.1656631222568452	No data	No data	No data	No data	No data	No data	No data	No data	No data	No data	No data	No data	No data	No data	No data	0.09726892761785938	0.019630288241211102	No data	No data	0	0	0	0	0	0.7260249999999999	No data	-0.48747931605074457	No data	0	No data	No data	-0.09360750000000007	0.5	0
TMEM167A	0.10390504598650731	No data	0.1709159108153745	No data	No data	No data	No data	No data	No data	No data	No data	No data	No data	No data	No data	No data	No data	No data	No data	No data	No data	No data	0	0	0	0	0	0.86111	No data	0.7374517374517375	No data	0	No data	No data	0	-1	-1
IGLL1	0.10387383135267961	No data	0.1708645651129519	No data	No data	No data	No data	No data	No data	No data	No data	No data	No data	No data	No data	No data	No data	No data	No data	No data	No data	No data	0	1	0	0	0	0	No data	0.8757859900717044	0	0	No data	No data	-0.03755749999999995	0.75	0.5
LASP1	0.10353767375761207	No data	0.17031161139455467	No data	No data	No data	No data	No data	No data	No data	No data	No data	No data	No data	No data	No data	No data	No data	No data	No data	No data	No data	1	0	0	0	0	0.8084299999999999	No data	-0.783011583011583	-0.7373103002005218	0	No data	No data	0	-1	-1
OPLAH	0.10318393423466266	No data	0.16805792704641012	No data	No data	No data	No data	No data	No data	No data	No data	No data	No data	No data	No data	No data	No data	No data	0.03343619386863916	No data	No data	No data	0	0	0	0	0	0.6273299999999999	No data	0.3374517374517374	-0.5333810177972056	No data	No data	No data	No data	0.5	0
MED24	0.10316459786393868	No data	0.16665827589021362	No data	No data	No data	No data	No data	No data	No data	No data	No data	No data	No data	No data	No data	No data	No data	0.06079307976116211	No data	No data	No data	0	0	0	0	0	0.7118299999999997	No data	-0.3498069498069498	-0.8904733750639132	0	No data	No data	No data	-1	-1
ZNF461	0.10303051183446246	No data	0.16947736854135148	No data	No data	No data	No data	No data	No data	No data	No data	No data	No data	No data	No data	No data	No data	No data	No data	No data	No data	No data	0	0	0	0	0	No data	No data	0.3263099834528407	No data	0	No data	No data	0	-1	-1
ABCA13	0.10266761815777034	No data	0.16888043599883543	No data	No data	No data	No data	No data	No data	No data	No data	No data	No data	No data	No data	No data	No data	No data	No data	No data	No data	No data	0	0	0	0	0	0	No data	0.17164920022062868	-0.5333810177972056	0	No data	No data	0	1	0.5
KAT6B	0.10247568733543569	No data	0.16564116354430597	No data	No data	No data	No data	No data	No data	No data	No data	No data	No data	No data	No data	No data	No data	No data	0.04327285191332719	0.034196320351135574	No data	No data	0	0	1	1	0	0.49590000000000034	1	-0.9950358521787093	-0.7954310273696863	0	No data	No data	0	-1	-1
VCPIP1	0.1017877597971288	No data	0.1674331358059545	No data	No data	No data	No data	No data	No data	No data	No data	No data	No data	No data	No data	No data	No data	No data	No data	No data	No data	No data	1	0	0	0	0	0.77087	No data	-0.9778268063982349	-0.5386742485595083	0	No data	No data	No data	0.5	-1
UMPS	0.10131948066825648	No data	0.1581369184760196	No data	No data	No data	No data	No data	No data	No data	No data	No data	No data	No data	No data	No data	No data	No data	0.17051867441653362	No data	No data	1	0	0	1	1	1	0.4375	No data	-0.38841698841698846	No data	0	255	No data	No data	-1	0
ZIC2	0.10098216990348403	No data	0.16103244286701202	No data	No data	No data	No data	No data	No data	No data	No data	No data	No data	No data	No data	No data	No data	No data	0.051674117796987794	0.07854490012028519	No data	No data	0	0	0	0	0	0.906015	No data	-0.6668505239933811	-0.9634839736444939	0	No data	No data	-0.11654249999999991	1	0.5
EMB	0.10095003127925048	No data	0.16605513600536947	No data	No data	No data	No data	No data	No data	No data	No data	No data	No data	No data	No data	No data	No data	No data	No data	No data	No data	No data	1	0	0	0	0	0	No data	-0.13910645339216765	-0.7505064916695131	0	No data	No data	0	0.5	-1
HP1BP3	0.09996677161581743	No data	0.15965873697308686	No data	No data	No data	No data	No data	No data	No data	No data	No data	No data	No data	No data	No data	No data	No data	0.09558023095782708	No data	No data	No data	0	0	0	0	0	0.5207949999999997	No data	-0.8711527854384997	-0.1832099339027185	0	No data	No data	No data	-1	-1
PLD2	0.09979919591691783	No data	0.15656154391107613	No data	No data	No data	No data	No data	No data	No data	No data	No data	No data	No data	No data	No data	No data	No data	0.15201110619509636	No data	No data	No data	1	0	1	1	0	0.5016100000000001	1	-0.061665747380033054	0	0	No data	No data	0	0.5	-1
GPRC6A	0.09971791674372701	No data	0.055179028710538286	No data	No data	No data	No data	No data	No data	No data	No data	No data	No data	No data	No data	No data	No data	No data	0.7511682198753861	No data	No data	No data	1	0	0	0	0	0.006479999999999819	No data	0.6247104247104247	-0.8150171068459111	0	No data	No data	0	No data	No data
PCDHGA3	0.09958126848447206	No data	0.16380362514236355	No data	No data	No data	No data	No data	No data	No data	No data	No data	No data	No data	No data	No data	No data	No data	No data	No data	No data	No data	1	0	0	0	0	0.24356000000000008	No data	-0.2113623827909542	No data	0	No data	No data	-0.44206	-1	0
TNFRSF21	0.09944564343383991	No data	0.07403680687246535	No data	No data	No data	No data	No data	No data	No data	No data	No data	No data	No data	No data	No data	No data	No data	0.7253566525719404	No data	No data	No data	1	0	0	0	0	0.45037999999999984	No data	-0.5634859349145063	-0.8440470867797075	0	No data	No data	0	0.5	-1
MDH1	0.09943991502372185	No data	0.14257665227477495	No data	No data	No data	No data	No data	No data	No data	No data	No data	No data	No data	No data	No data	No data	No data	0.3645745944355285	0.12445773463281667	No data	No data	0	0	0	1	0	0.8203600000000002	No data	-0.4725868725868726	-0.7715606430644179	0	No data	No data	0	0.5	-1
SELENOF	0.09926897746448139	No data	0.1610251957671641	No data	No data	No data	No data	No data	No data	No data	No data	No data	No data	No data	No data	No data	No data	No data	No data	0.04529468721081239	No data	No data	0	0	0	0	0	0.5454549999999998	No data	0.5032542746828461	-0.3959761252337185	No data	No data	No data	0	-1	-1
DDX51	0.09910831281172632	No data	0.16302564897368801	No data	No data	No data	No data	No data	No data	No data	No data	No data	No data	No data	No data	No data	No data	No data	No data	No data	No data	No data	0	0	0	0	0	0	No data	0.47335907335907335	0	-1	No data	No data	0	-1	-1
SLC15A1	0.09856327931125705	No data	0.16212911025150034	No data	No data	No data	No data	No data	No data	No data	No data	No data	No data	No data	No data	No data	No data	No data	No data	No data	No data	No data	0	0	1	1	0	0.25847499999999995	No data	0.26023166023166033	-0.537511591776279	0	No data	No data	0	1	0
NNAT	0.0985373322037952	No data	0.14227801740779128	No data	No data	No data	No data	No data	No data	No data	No data	No data	No data	No data	No data	No data	No data	No data	0.39616823644357313	No data	No data	No data	No data	No data	0	0	0	No data	No data	0.32322118036403746	-0.5867397553192407	0	No data	No data	No data	0.75	0
MAPKAPK3	0.09816997164520296	No data	0.15890688659936314	No data	No data	No data	No data	No data	No data	No data	No data	No data	No data	No data	No data	No data	No data	No data	0.05150524813098457	No data	No data	No data	0	0	1	1	0	0.7382199999999998	No data	-0.0455598455598456	-0.6481142001925163	0	No data	No data	-0.2081150000000001	0.5	-1
XNDC1N	0.09717227856810244	No data	0.15984101965201197	No data	No data	No data	No data	No data	No data	No data	No data	No data	No data	No data	No data	No data	No data	No data	No data	No data	No data	No data	0	0	0	0	0	0	No data	No data	No data	No data	No data	No data	0	-1	0
PMF1	0.09715750834087487	No data	0.1598167237497718	No data	No data	No data	No data	No data	No data	No data	No data	No data	No data	No data	No data	No data	No data	No data	No data	No data	No data	No data	0	0	0	0	0	0	No data	0.428792057363486	No data	-1	No data	No data	No data	-1	-1
MERTK	0.09715322222947502	No data	0.07747628951916874	No data	No data	No data	No data	No data	No data	No data	No data	No data	No data	No data	No data	No data	No data	No data	0.6993947406577062	0.025274380978949344	No data	0.01	1	0	1	1	1	0.05405500000000032	1	-0.3067843353557639	-0.8099055368146652	0	No data	No data	0	0.5	-1
TREML4	0.0970980428112824	No data	0.15819908047496523	No data	No data	No data	No data	No data	No data	No data	No data	No data	No data	No data	No data	No data	No data	No data	0.030396539880581056	No data	No data	No data	1	1	0	0	0	0	No data	0.5345835631549918	No data	0	No data	No data	0	0.5	1
MAPK8IP1	0.09707163201727893	No data	0.14318780020495106	No data	No data	No data	No data	No data	No data	No data	No data	No data	No data	No data	No data	No data	No data	No data	0.32975327026722057	No data	No data	No data	1	0	0	0	0	0.6694800000000001	No data	-0.8108108108108107	-0.8704540625647533	0	No data	No data	0	0.75	-1
CCNY	0.09698510433367802	No data	0.14769927386116055	No data	No data	No data	No data	No data	No data	No data	No data	No data	No data	No data	No data	No data	No data	No data	0.2279740491043579	0.019582016972648837	No data	No data	0	0	1	0	0	0.9120249999999999	No data	-0.34848317705460563	-0.6848120383535657	0	No data	No data	-0.3475075	-1	-1
OR5G3	0.09654567288057322	No data	0.15881030087613984	No data	No data	No data	No data	No data	No data	No data	No data	No data	No data	No data	No data	No data	No data	No data	No data	No data	No data	No data	1	0	No data	No data	No data	0	No data	No data	No data	No data	No data	No data	0	0.75	0.5
OLA1	0.09648031112813563	No data	0.156769571912211	No data	No data	No data	No data	No data	No data	No data	No data	No data	No data	No data	No data	No data	No data	No data	No data	0.03866427688579195	No data	No data	0	0	1	1	0	0.9747450000000001	No data	-0.6964147821290678	-0.7870238421713857	0	No data	No data	No data	-1	-1
CRY2	0.09644317870769985	No data	0.11751868125007323	No data	No data	No data	No data	No data	No data	No data	No data	No data	No data	No data	No data	No data	No data	No data	0.6426081761438038	0.033318009143304114	No data	No data	0	0	1	1	0	0.7217550000000003	No data	-0.573634859349145	No data	0	No data	No data	-0.26644250000000014	-1	-1
PGM2L1	0.09630200349514374	No data	0.15515084157242728	No data	No data	No data	No data	No data	No data	No data	No data	No data	No data	No data	No data	No data	No data	No data	0.039346632178752144	0.04768544126562052	No data	No data	0	0	0	0	0	0.6623800000000003	No data	-0.4849420849420849	No data	0	No data	No data	0	0.5	0
ZNF277	0.09613630298097049	No data	0.1581369184760196	No data	No data	No data	No data	No data	No data	No data	No data	No data	No data	No data	No data	No data	No data	No data	No data	No data	No data	No data	1	0	0	0	0	0.3666649999999997	No data	0.3157198014340872	No data	0	No data	No data	No data	-1	-1
CEACAM21	0.0959962642402963	No data	0.1579065653811865	No data	No data	No data	No data	No data	No data	No data	No data	No data	No data	No data	No data	No data	No data	No data	No data	No data	No data	No data	0	0	0	0	0	0	No data	0.629453943739658	-0.6886822587181635	0	No data	No data	0	0.5	0.5
MMAB	0.0958517805142259	No data	0.15592109957976474	No data	No data	No data	No data	No data	No data	No data	No data	No data	No data	No data	No data	No data	No data	No data	0.03495602086266821	No data	No data	No data	0	0	0	0	0	0.07999999999999971	No data	-0.16359624931053507	-0.5346493706516381	0	No data	No data	No data	0.5	-1
MPI	0.0957183122361333	No data	0.15684142464248454	No data	No data	No data	No data	No data	No data	No data	No data	No data	No data	No data	No data	No data	No data	No data	0.012158615952232422	No data	No data	No data	1	0	1	1	0	0.23168000000000005	0	0.1339216767788196	-0.8687713404575944	0	No data	No data	No data	-1	-1
C6orf118	0.09551894933734222	No data	0.15712141860982812	No data	No data	No data	No data	No data	No data	No data	No data	No data	No data	No data	No data	No data	No data	No data	No data	No data	No data	No data	0	0	0	0	0	0	No data	0.4986210700496414	-0.1802968207566119	0	No data	No data	No data	0.75	0.5
PPP2R3A	0.09527769982541345	No data	0.15528074583720144	No data	No data	No data	No data	No data	No data	No data	No data	No data	No data	No data	No data	No data	No data	No data	0.028876712886552	No data	No data	No data	0	0	0	0	0	0.27826000000000023	No data	-0.1351351351351351	0	0	No data	No data	0	0.75	0
SH2D4B	0.09497939076750625	No data	0.15623388573280375	No data	No data	No data	No data	No data	No data	No data	No data	No data	No data	No data	No data	No data	No data	No data	No data	No data	No data	No data	No data	No data	0	0	0	0.5842950000000002	No data	0.09972421400992837	No data	0	No data	No data	0	No data	No data
ADARB1	0.09493757920509308	No data	0.1397627755224443	No data	No data	No data	No data	No data	No data	No data	No data	No data	No data	No data	No data	No data	No data	No data	0.30353846995381584	0.05514344403212828	No data	No data	0	0	0	0	1	0.7432250000000004	No data	-0.8688361831218974	-0.5726934850965706	0	No data	No data	0	0.5	-1
TRUB1	0.09480958199097682	No data	0.15535031799574162	No data	No data	No data	No data	No data	No data	No data	No data	No data	No data	No data	No data	No data	No data	No data	No data	0.012084903875566651	No data	No data	0	0	0	0	0	0	No data	0.07534473248758955	-0.13173594722701215	0	No data	No data	No data	-1	-1
CEP170B	0.0946668911657554	No data	0.15571984761698765	No data	No data	No data	No data	No data	No data	No data	No data	No data	No data	No data	No data	No data	No data	No data	No data	No data	No data	No data	0	0	0	0	0	0.028314999999999913	No data	-0.4616657473800331	-0.1250770947412433	0	No data	No data	0	-1	0
HS2ST1	0.09425966818361171	No data	0.15298037140347084	No data	No data	No data	No data	No data	No data	No data	No data	No data	No data	No data	No data	No data	No data	No data	No data	0.04139250659189204	No data	No data	0	0	0	0	0	0.8735950000000002	No data	-0.4592388306674021	-0.7623991779977665	0	No data	No data	0	-1	-1
SPNS1	0.09425531555406043	No data	0.14475161564563707	No data	No data	No data	No data	No data	No data	No data	No data	No data	No data	No data	No data	No data	No data	No data	0.20582442684650318	No data	No data	No data	0	0	0	0	0	0.6780299999999997	No data	-0.5003861003861003	No data	0	No data	No data	0	-1	-1
PEMT	0.0939927213011596	No data	0.1454154862272069	No data	No data	No data	No data	No data	No data	No data	No data	No data	No data	No data	No data	No data	No data	No data	0.18390806308659188	No data	No data	No data	0	0	0	0	0	0	No data	0.5222283507997794	-0.7993642822026406	0	No data	No data	No data	0.5	-1
CARD11	0.09392621937191545	No data	0.15099239226756014	No data	No data	No data	No data	No data	No data	No data	No data	No data	No data	No data	No data	No data	No data	No data	0.07018212980135015	No data	No data	No data	0	0	0	0	0	0.6057200000000001	No data	-0.83430777716492	-0.3045562729804907	0	No data	255	0	0.5	0
PSMC3	0.0936698678765407	No data	0.12645622575663368	No data	No data	No data	No data	No data	No data	No data	No data	No data	No data	No data	No data	No data	No data	No data	0.5420808849531095	0.023379750405504118	No data	1	0	0	1	0	0	0.9658299999999997	No data	-0.8445670159955874	-0.2968332104456023	-1	No data	No data	0	-1	-1
TPT1	0.09356968334981813	No data	0.14950948163780148	No data	No data	No data	No data	No data	No data	No data	No data	No data	No data	No data	No data	No data	No data	No data	0.0881108487272427	No data	No data	No data	0	0	0	0	0	No data	No data	-0.6659680088251516	-0.022023425318627998	-1	No data	No data	No data	0.5	-1
C17orf107	0.09302968229977199	No data	0.15150693635676332	No data	No data	No data	No data	No data	No data	No data	No data	No data	No data	No data	No data	No data	No data	No data	0.030396539880581056	No data	No data	No data	0	0	0	0	0	0	No data	0.793381136238279	No data	0	No data	No data	No data	0.5	0
SST	0.09248844754228189	No data	0.03195314490986213	No data	No data	No data	No data	No data	No data	No data	No data	No data	No data	No data	No data	No data	No data	No data	0.7131173096414511	0.0686126302469696	No data	No data	0	1	0	0	0	0.8275849999999998	No data	0.7033645890788749	-0.32329516996961793	0	No data	No data	No data	0.75	0
EDDM3A	0.09239496367117545	No data	No data	0.15198269940290526	No data	No data	No data	No data	No data	No data	No data	No data	No data	No data	No data	No data	No data	No data	No data	No data	No data	No data	0	1	0	0	0	0	No data	0.973303916161059	-0.4037415508730993	0	No data	No data	-0.2176874999999999	1	0.5
KLHL3	0.09232696004706974	No data	0.13477278492215064	No data	No data	No data	No data	No data	No data	No data	No data	No data	No data	No data	No data	No data	No data	No data	0.34196107365653683	No data	No data	No data	0	0	0	0	0	0.8807499999999997	No data	-0.8184225041367899	-0.8338228743946382	0	No data	No data	-0.43355999999999995	0.5	0
LY75	0.09185883451398585	No data	0.15049287685166662	No data	No data	No data	No data	No data	No data	No data	No data	No data	No data	No data	No data	No data	No data	No data	0.012158615952232422	No data	No data	0.2	0	0	0	0	0	0	No data	-0.13270821842250413	0	0	No data	No data	0	1	0
CCDC152	0.09149673430740615	No data	0.14824203634539662	No data	No data	No data	No data	No data	No data	No data	No data	No data	No data	No data	No data	No data	No data	No data	No data	0.04526287918899679	No data	No data	0	0	0	0	0	0	No data	0.9027027027027028	No data	0	No data	No data	No data	1	0
PCCB	0.09126550834639334	No data	0.14031735077943247	No data	No data	No data	No data	No data	No data	No data	No data	No data	No data	No data	No data	No data	No data	No data	0.17940375576850942	0.03767816649720937	No data	No data	0	0	0	0	0	0.62894	No data	-0.21654715940430225	-0.7187008634551647	0	No data	No data	0	0.5	-1
CKAP2	0.09121308982815639	No data	0.13696809452583586	No data	No data	No data	No data	No data	No data	No data	No data	No data	No data	No data	No data	No data	No data	No data	0.26141024297299703	No data	No data	No data	0	0	0	0	0	0	No data	0.02426916712631	No data	0	No data	No data	0	0.5	-1
BAD	0.09098989197767852	No data	0.05035157697152153	No data	No data	No data	No data	No data	No data	No data	No data	No data	No data	No data	No data	No data	No data	No data	0.6854178445783716	No data	No data	No data	0	0	1	1	0	0	No data	0.9199117484831771	-0.7067943965587522	0	255	No data	No data	-1	-1
TMEM259	0.09083828135586663	No data	0.10722324285198025	No data	No data	No data	No data	No data	No data	No data	No data	No data	No data	No data	No data	No data	No data	No data	0.6130813224247194	No data	No data	No data	0	0	0	0	0	0.0645150000000001	No data	0.003088803088802994	No data	0	No data	No data	0	-1	-1
CALB1	0.09070689923409067	No data	0.05516453451084242	No data	No data	No data	No data	No data	No data	No data	No data	No data	No data	No data	No data	0.11371380978217033	No data	No data	0.5696018765757399	0.058219287980155764	No data	No data	0	0	0	0	0	0.9233699999999999	No data	-0.5533370104798676	-0.8363844445477298	0	No data	No data	0	0.5	0
LINGO1	0.09067251076989652	No data	0.12923862771202538	No data	No data	No data	No data	No data	No data	No data	No data	No data	No data	No data	No data	No data	No data	No data	0.3982153491893496	No data	No data	0.2	1	0	0	0	0	0.9193550000000001	No data	-0.6314396028681744	0	0	No data	No data	0	1	0
CEP57	0.09060720995257111	No data	0.14904198028548618	No data	No data	No data	No data	No data	No data	No data	No data	No data	No data	No data	No data	No data	No data	No data	No data	No data	No data	No data	0	0	0	0	0	0.3799999999999997	No data	-0.3795918367346939	-0.7830206469746916	0	No data	No data	0	-1	-1
SDHAF3	0.09047485992961797	No data	0.14548909864391227	No data	No data	No data	No data	No data	No data	No data	No data	No data	No data	No data	No data	No data	No data	No data	0.0667035180712751	No data	No data	No data	0	0	0	0	0	0.12000000000000029	No data	0.8847214561500276	0	0	No data	No data	No data	-1	-1
DLL1	0.0903767894059505	No data	0.13685068244942453	No data	No data	No data	No data	No data	No data	No data	No data	No data	No data	No data	No data	No data	No data	No data	0.23624547066835072	No data	No data	No data	1	0	0	0	0	0.42600499999999997	No data	-0.9333701047986762	-0.9682791249571693	0	No data	No data	0	0.5	0
NR1H3	0.09018102427705812	No data	0.11616221439491134	No data	No data	No data	No data	No data	No data	No data	No data	No data	No data	No data	No data	No data	No data	No data	0.5965019180606987	No data	No data	0.2	0	0	1	1	1	0.5749450000000003	1	-0.6248207391064534	-0.9270816380848329	0	255	No data	-0.07718000000000007	0.5	-1
MMUT	0.09009444429807446	No data	0.14282365155534207	No data	No data	No data	No data	No data	No data	No data	No data	No data	No data	No data	No data	No data	No data	No data	0.10749736328767487	No data	No data	No data	0	0	0	0	1	0.7399999999999999	No data	0.3628240485383343	-0.9510326955978295	0	No data	No data	0	0.5	-1
CHSY3	0.08984528761582164	No data	0.14778867589665962	No data	No data	No data	No data	No data	No data	No data	No data	No data	No data	No data	No data	No data	No data	No data	No data	No data	No data	No data	0	0	0	0	0	0.5691600000000001	No data	-0.13303916161059015	-0.21609528753453566	0	No data	No data	-0.044785000000000075	0.5	0
MLH1	0.089800757895671	No data	0.14556233964675044	No data	No data	No data	No data	No data	No data	No data	No data	No data	No data	No data	No data	No data	No data	No data	0.043061764830823156	No data	No data	No data	0	0	0	0	0	0.4378300000000003	No data	-0.5200220628792057	-0.7833923999764403	0	No data	255	0	-1	-1
RRAS2	0.08976801309126836	No data	0.14598975547803186	No data	No data	No data	No data	No data	No data	No data	No data	No data	No data	No data	No data	No data	No data	No data	0.03343619386863916	No data	No data	No data	1	0	0	0	1	1	No data	0.44875896304467733	-0.6348509697180285	0	No data	No data	-0.14215750000000008	-1	-1
SULT2B1	0.0893778273487516	No data	0.1464118084554258	No data	No data	No data	No data	No data	No data	No data	No data	No data	No data	No data	No data	No data	No data	No data	0.012158615952232422	No data	No data	No data	0	0	0	0	1	0	No data	-0.20099282956425812	0	0	255	No data	0	0.5	0
SELENOP	0.08921755552475542	No data	0.07194302007877484	No data	No data	No data	No data	No data	No data	No data	No data	No data	No data	No data	No data	No data	No data	No data	0.6284645002935502	0.13848521373435177	No data	No data	0	1	0	0	0	0	No data	0.4113623827909543	-0.9060048224468605	0	No data	No data	No data	0.75	-1
SH3D19	0.08919604884054128	No data	0.14672072741003742	No data	No data	No data	No data	No data	No data	No data	No data	No data	No data	No data	No data	No data	No data	No data	No data	No data	No data	No data	0	0	0	0	0	0	No data	-0.5338113623827909	No data	0	No data	No data	0	-1	0
ARL5B	0.0889698930628561	No data	0.1446557999267726	No data	No data	No data	No data	No data	No data	No data	No data	No data	No data	No data	No data	No data	No data	No data	0.03385836803364723	No data	No data	No data	No data	No data	0	0	0	1	No data	-0.6057363485934915	No data	0	No data	No data	-0.4972075	-1	-1
RAPGEF2	0.0888610959441972	No data	0.04605233463435871	No data	No data	No data	No data	No data	No data	No data	No data	No data	No data	No data	No data	No data	No data	No data	0.6732833583548703	No data	No data	No data	1	0	0	0	0	0.24397499999999966	No data	-0.826034197462769	-0.9207241188529325	0	No data	No data	-0.07981999999999996	-1	-1
CISH	0.0888608433720321	No data	0.06478955276087801	No data	No data	No data	No data	No data	No data	No data	No data	No data	No data	No data	No data	No data	No data	No data	0.6498597583865561	No data	No data	No data	0	0	0	0	0	0.5348849999999998	No data	-0.021952564809707642	-0.26813470268884254	0	No data	No data	0	0.5	0
ADGRE3	0.08884859003906383	No data	0.14462935707120247	No data	No data	No data	No data	No data	No data	No data	No data	No data	No data	No data	No data	No data	No data	No data	0.030396539880581056	No data	No data	No data	1	1	0	0	0	No data	No data	0.4729178157749587	No data	0	No data	No data	0	0.5	0.5
TMEM126B	0.08860710669074708	No data	0.14358916271227914	No data	No data	No data	No data	No data	No data	No data	No data	No data	No data	No data	No data	No data	No data	No data	No data	0.04325599163102005	No data	No data	0	0	0	0	0	0	No data	0.86276889134032	-0.3496812460469434	0	No data	No data	0	-1	-1
HGF	0.08834677594704912	No data	0.0531647380727422	No data	No data	No data	No data	No data	No data	No data	No data	No data	No data	No data	No data	No data	No data	No data	0.6563405590951955	0.03439987429244344	No data	0.7	No data	No data	0	1	1	0.5329650000000001	No data	-0.7185879757308329	-0.9199640400830769	0	255	No data	0	1	0
MON1A	0.08799417006298454	No data	0.0926302742440635	No data	No data	No data	No data	No data	No data	No data	No data	No data	No data	No data	No data	No data	No data	No data	0.607930797611621	No data	No data	No data	0	0	0	0	0	0.7117100000000001	No data	-0.19635962493105352	-0.1555175632476158	0	No data	No data	0	-1	-1
GLT1D1	0.08745314098100031	No data	0.14182988392981957	No data	No data	No data	No data	No data	No data	No data	No data	No data	No data	No data	No data	No data	No data	No data	0.012158615952232422	0.035074018601352744	No data	No data	0	1	0	0	0	0.20519999999999997	No data	0.05129619415333697	No data	0	No data	No data	0	0.5	0
ATG5	0.08725364839029923	No data	0.08919409808666574	No data	No data	No data	No data	No data	No data	No data	No data	No data	No data	No data	No data	No data	No data	No data	0.604792741103784	0.012084903875566651	No data	No data	0	0	0	0	0	0.836365	No data	-0.38190843905129623	-0.84418445722579	0	No data	No data	No data	-1	-1
CEACAM4	0.08693038024351693	No data	0.1429938746071765	No data	No data	No data	No data	No data	No data	No data	No data	No data	No data	No data	No data	No data	No data	No data	No data	No data	No data	No data	0	0	0	0	0	No data	No data	0.6488692774407061	-0.5055829510709	0	No data	No data	0	1	0.5
USP44	0.08667759154939192	No data	0.14257805640037047	No data	No data	No data	No data	No data	No data	No data	No data	No data	No data	No data	No data	No data	No data	No data	No data	No data	No data	No data	0	0	0	0	0	0.009830000000000182	No data	0.12233866519580805	-0.5355295720609162	0	No data	No data	0	1	0
BGLAP	0.08666819934720242	No data	0.08745569095176821	No data	No data	No data	No data	No data	No data	No data	No data	No data	No data	No data	No data	No data	No data	No data	0.6034934210150287	No data	No data	No data	0	1	0	0	0	0	No data	0.8436845008273579	No data	0	255	No data	No data	0.75	0
MYBPC3	0.08656799364589615	No data	0.13840814190422865	No data	No data	No data	No data	No data	No data	No data	No data	No data	No data	No data	No data	No data	No data	No data	0.07979268534000093	No data	No data	No data	No data	No data	0	0	0	0.47802000000000006	No data	-0.09189189189189184	-0.9648466307294074	0	No data	No data	0	1	0.5
CALHM2	0.08644566382541874	No data	0.04244708816694609	No data	No data	No data	No data	No data	No data	No data	No data	No data	No data	No data	No data	No data	No data	No data	0.6579239043184477	No data	No data	No data	0	0	0	0	0	0.6130049999999997	No data	0.40375068946497517	0	0	No data	No data	0	-1	0
PLA2G1B	0.08643278243730879	No data	0.03591203626154163	No data	No data	No data	No data	No data	No data	No data	No data	No data	No data	No data	No data	No data	No data	No data	0.6659867746736177	No data	No data	No data	0	1	1	1	0	0	No data	0.5756205184776613	-0.654915958080677	0	No data	No data	0	1	0
MCF2L2	0.08619060524018511	No data	0.14086510470368882	No data	No data	No data	No data	No data	No data	No data	No data	No data	No data	No data	No data	No data	No data	No data	0.01823792392834863	No data	No data	No data	0	0	0	0	0	No data	No data	-0.27280750137892995	No data	0	No data	No data	0	0.5	0.5
ARID1A	0.08582857215799981	No data	0.13812679708502248	No data	No data	No data	No data	No data	No data	No data	No data	No data	No data	No data	No data	No data	No data	No data	0.04164832572637613	0.042583370714175846	No data	No data	0	0	0	0	0	0.8183799999999998	No data	-0.9835631549917264	-0.9125117573906019	0	No data	255	0	-1	-1
MYC	0.08574623964590346	No data	0.034374167703029895	No data	No data	No data	No data	No data	No data	No data	No data	No data	No data	No data	No data	No data	No data	No data	0.6622625565690665	No data	No data	No data	0	0	1	1	0	0.5044049999999999	No data	-0.9873138444567016	-0.9486217970840513	-1	255	No data	0	0.5	0
NCKIPSD	0.08549927281586804	No data	0.12867328484996624	No data	No data	No data	No data	No data	No data	No data	No data	No data	No data	No data	No data	No data	No data	No data	0.23933053414307498	No data	No data	No data	1	0	0	0	0	0.4182850000000002	No data	-0.14373965802537236	No data	0	No data	No data	No data	0.5	-1
SIMC1	0.08411708289263742	No data	0.1383662140873737	No data	No data	No data	No data	No data	No data	No data	No data	No data	No data	No data	No data	No data	No data	No data	No data	No data	No data	No data	0	0	0	0	0	0.006734999999999758	No data	-0.1398786541643684	No data	0	No data	No data	0	0.5	-1
SCRN1	0.0839688556508373	No data	0.03231689270426076	No data	No data	No data	No data	No data	No data	No data	No data	No data	No data	No data	No data	No data	No data	No data	0.6462554360781536	0.035643651222187586	No data	No data	0	0	0	0	0	0.3961350000000003	No data	-0.5395477109762824	0	0	No data	No data	0	0.5	-1
CEACAM19	0.08394240681196886	No data	0.1328687250296072	No data	No data	No data	No data	No data	No data	No data	No data	No data	No data	No data	No data	No data	No data	No data	0.10420320337526706	No data	No data	No data	0	0	0	0	0	0	No data	0.681412024269167	No data	0	No data	No data	0	-1	-1
ASCC2	0.0836329808420307	No data	0.13544214518185527	No data	No data	No data	No data	No data	No data	No data	No data	No data	No data	No data	No data	No data	No data	No data	0.04255515583281348	No data	No data	No data	0	0	0	0	0	0.346105	No data	-0.5779371207942636	-0.5228114106769374	0	No data	No data	No data	-1	-1
ARL4C	0.08347429610592552	No data	0.1365891799102867	No data	No data	No data	No data	No data	No data	No data	No data	No data	No data	No data	No data	No data	No data	No data	No data	0.014393974434808412	No data	No data	1	0	0	0	0	0.7761200000000003	No data	-0.2932156646442361	No data	0	No data	No data	-0.17910499999999985	0.5	-1
TXNL1	0.08334349365538098	No data	0.1318848337504993	No data	No data	No data	No data	No data	No data	No data	No data	No data	No data	No data	No data	No data	No data	No data	0.09118961964174316	0.02922317102387992	No data	No data	0	0	0	0	0	0.9307949999999998	No data	-0.4683949255377827	0	0	No data	No data	0	-1	-1
CLDN8	0.08331288501686857	No data	0.04813554292698993	No data	No data	No data	No data	No data	No data	No data	No data	No data	No data	No data	No data	No data	No data	No data	0.625047419576128	No data	No data	No data	1	0	0	0	0	0.1333350000000003	No data	0.8963044677330392	No data	0	No data	No data	0	0.5	0
UBE3A	0.08285506806847051	No data	0.037041514890591466	No data	No data	No data	No data	No data	No data	No data	No data	No data	No data	No data	No data	No data	No data	No data	0.5929973847145966	No data	0.2715018942133499	No data	0	0	0	0	0	0.7935800000000001	No data	-0.9841147269718699	-0.835120968387257	0	No data	No data	0	-1	-1
PEX2	0.08234499244378388	No data	0.13393143286530496	No data	No data	No data	No data	No data	No data	No data	No data	No data	No data	No data	No data	No data	No data	No data	0.030396539880581056	No data	No data	No data	0	0	0	0	0	0.3934449999999998	No data	0.16183121897407604	-0.9300784065097506	0	No data	No data	No data	-1	-1
ZFP91	0.08228432860781965	No data	0.13359841956841767	No data	No data	No data	No data	No data	No data	No data	No data	No data	No data	No data	No data	No data	No data	No data	No data	0.03506105774296839	No data	No data	0	0	0	0	0	0.5877200000000002	No data	-0.9325979040264755	-0.09851772125755276	0	No data	No data	0	-1	-1
ANK3	0.08135706495896117	No data	0.11825753758006048	No data	No data	No data	No data	No data	No data	No data	No data	No data	No data	No data	No data	No data	No data	No data	0.3113731316627679	No data	No data	No data	1	0	0	0	0	0	No data	-0.9763927192498622	-0.8577248583633648	0	No data	No data	0	-1	-1
CEACAM16	0.08129909550600489	No data	0.13205902912145423	No data	No data	No data	No data	No data	No data	No data	No data	No data	No data	No data	No data	No data	No data	No data	0.03343619386863916	No data	No data	No data	0	1	0	0	0	0.44705999999999974	No data	0.29817981246552683	-0.15502371573125923	0	No data	No data	0	0.5	1
DNAJB6	0.08124074921220566	No data	0.12939657825321105	No data	No data	No data	No data	No data	No data	No data	No data	No data	No data	No data	No data	No data	No data	No data	0.08476570677580884	No data	No data	No data	0	0	0	0	0	0.2791400000000003	No data	-0.08317705460562608	-0.4037415508730993	0	No data	No data	0	-1	-1
REG1A	0.0811841807804847	No data	0.05034856942508464	No data	No data	No data	No data	No data	No data	No data	No data	No data	No data	No data	No data	No data	No data	No data	0.6047733523048292	No data	No data	No data	0	1	0	0	0	0	No data	0.5753998896856041	-0.7900693367013852	0	No data	No data	-0.668675	1	0
NRTN	0.08097748528353486	No data	0.13168198742575568	No data	No data	No data	No data	No data	No data	No data	No data	No data	No data	No data	No data	No data	No data	No data	0.030396539880581056	No data	No data	No data	0	1	0	0	0	0.3147199999999998	No data	0.30744622173193603	-0.3062748057817091	0	No data	No data	0	0.5	0
MTDH	0.08065917325690453	No data	0.12503095248144117	No data	No data	No data	No data	No data	No data	No data	No data	No data	No data	No data	No data	No data	No data	No data	0.15294525649912366	No data	No data	No data	0	0	0	0	0	0.5532649999999997	No data	-0.6496414782129067	-0.7200582521860599	0	No data	No data	0	-1	-1
CCR2	0.0805895509244632	No data	0.03417278438656808	No data	No data	No data	No data	No data	No data	No data	No data	No data	No data	No data	No data	No data	No data	No data	0.6201024787976448	No data	No data	0.7	1	0	1	1	0	0	1	0.8625482625482626	-0.965492839236883	0	No data	No data	-0.29166750000000013	0.5	0
TMEM201	0.08046263181809843	No data	0.13144302336714495	No data	No data	No data	No data	No data	No data	No data	No data	No data	No data	No data	No data	No data	No data	No data	0.01823792392834863	No data	No data	No data	0	0	0	0	0	0.15915999999999997	No data	-0.5467181467181468	-0.4870861386104308	0	No data	No data	No data	0.5	-1
OGA	0.08030780277087306	No data	0.11316713296975796	No data	No data	No data	No data	No data	No data	No data	No data	No data	No data	No data	No data	No data	No data	No data	0.35622923607312995	0.05047392438504019	No data	No data	0	0	1	1	0	0.8635350000000003	1	-0.8712630998345284	-0.5797900202573519	0	No data	No data	No data	-1	-1
ACP7	0.08024264081555556	No data	0.13199305106897855	No data	No data	No data	No data	No data	No data	No data	No data	No data	No data	No data	No data	No data	No data	No data	No data	No data	No data	No data	0	1	0	0	0	0.29223500000000013	No data	0.3117484831770545	No data	0	No data	No data	No data	0.5	0.5
ANXA2R	0.08020749750505057	No data	0.13193524299173842	No data	No data	No data	No data	No data	No data	No data	No data	No data	No data	No data	No data	No data	No data	No data	No data	No data	No data	No data	0	0	0	0	0	No data	No data	No data	No data	0	No data	No data	No data	0.5	0
PPIL6	0.08010483450985521	No data	0.13090091312189517	No data	No data	No data	No data	No data	No data	No data	No data	No data	No data	No data	No data	No data	No data	No data	0.01730914076533088	No data	No data	No data	0	0	0	0	0	0	No data	0.762603419746277	-0.05901705023956677	0	No data	No data	0	0.5	0
SMIM29	0.07983890563097527	No data	0.12980911035317977	No data	No data	No data	No data	No data	No data	No data	No data	No data	No data	No data	No data	No data	No data	No data	0.030396539880581056	No data	No data	No data	0	0	0	0	0	0.8039200000000001	No data	-0.27269718698290124	No data	0	No data	No data	0	0.5	-1
FANCD2	0.07954521024785921	No data	0.1211630847038517	No data	No data	No data	No data	No data	No data	No data	No data	No data	No data	No data	No data	No data	No data	No data	0.1936549207866524	No data	No data	No data	0	0	0	0	0	0	No data	-0.3218974076116933	-0.8855009963224009	0	No data	255	No data	0.5	0
SRRM3	0.07945961500724155	No data	0.1307050330718804	No data	No data	No data	No data	No data	No data	No data	No data	No data	No data	No data	No data	No data	No data	No data	No data	No data	No data	No data	1	0	No data	No data	No data	0.45635499999999996	No data	-0.07710976282404858	-0.5966633048357952	No data	No data	No data	No data	0.75	0.5
ZNF565	0.07940457085319994	No data	0.13061448961815528	No data	No data	No data	No data	No data	No data	No data	No data	No data	No data	No data	No data	No data	No data	No data	No data	No data	No data	No data	0	0	0	0	0	No data	No data	-0.02813017098731385	-0.07751386270003602	0	No data	No data	0	-1	-1
IFNK	0.07939699971843206	No data	0.1204191948163672	No data	No data	No data	No data	No data	No data	No data	No data	No data	No data	No data	No data	No data	No data	No data	0.20365681719989306	No data	No data	No data	0	1	0	0	0	0	No data	0.763265306122449	0	0	No data	No data	0	No data	No data
HSPBAP1	0.07820669326521455	No data	0.12682027955164524	No data	No data	No data	No data	No data	No data	No data	No data	No data	No data	No data	No data	No data	No data	No data	0.03647584785669727	No data	No data	No data	0	0	0	0	0	0	No data	-0.11009376723662434	0	0	No data	No data	0	-1	-1
MYBL1	0.07806697475785035	No data	0.1275023494127082	No data	No data	No data	No data	No data	No data	No data	No data	No data	No data	No data	No data	No data	No data	No data	0.01823792392834863	No data	No data	No data	0	0	0	0	0	0.6210099999999997	No data	-0.9014892443463872	-0.25668211361340093	0	No data	No data	0	0.5	0
CSK	0.07776053948109138	No data	0.12424571109516812	No data	No data	No data	No data	No data	No data	No data	No data	No data	No data	No data	No data	No data	No data	No data	0.07328943504540099	No data	No data	No data	0	0	1	1	1	0.9555549999999997	No data	-0.9425261996690568	-0.9159903956483653	0	No data	No data	0	0.5	-1
SNRPN	0.07754631146617598	No data	0.12367603469387178	No data	No data	No data	No data	No data	No data	No data	No data	No data	No data	No data	No data	No data	No data	No data	0.07763518672056453	No data	No data	No data	0	0	0	0	0	1	No data	-0.6842801985659128	-0.8108264962473677	0	No data	No data	-0.7083324999999998	-1	-1
TMEM185B	0.07751225802417701	No data	0.12750177870359516	No data	No data	No data	No data	No data	No data	No data	No data	No data	No data	No data	No data	No data	No data	No data	No data	No data	No data	No data	0	0	0	0	0	0.8	No data	-0.32752344180915605	0	0	No data	No data	-0.7071425000000001	-1	-1
RUNX2	0.07735394299401135	No data	0.11281604721762489	No data	No data	No data	No data	No data	No data	No data	No data	No data	No data	No data	No data	No data	No data	No data	0.28850630565398094	No data	No data	No data	0	0	0	0	0	0.6545099999999998	No data	-0.844015444015444	-0.9420828534510167	0	No data	No data	0	-1	0
VPS35	0.07723880560150005	No data	0.04128184962958411	No data	No data	No data	No data	No data	No data	No data	No data	No data	No data	No data	No data	No data	No data	No data	0.5836575391249309	No data	No data	No data	0	0	0	0	0	0.9685949999999999	No data	-0.8714837286265857	-0.8102428522603885	-1	No data	No data	No data	-1	0
SERTAD1	0.07711271074560239	No data	0.03132930549607733	No data	No data	No data	No data	No data	No data	No data	No data	No data	No data	No data	No data	No data	No data	No data	0.5950611369759237	No data	No data	No data	0	0	0	0	0	0.3008499999999998	No data	0.020628792057363565	-0.08945751874593927	0	No data	No data	0	-1	0
PDIA5	0.07709795370116045	No data	0.12682027955164524	No data	No data	No data	No data	No data	No data	No data	No data	No data	No data	No data	No data	No data	No data	No data	No data	No data	No data	No data	0	0	0	0	0	0.49903499999999995	No data	-0.12277992277992278	No data	0	No data	No data	0	0.5	-1
HCN3	0.07708640129074427	No data	0.12588938051730356	No data	No data	No data	No data	No data	No data	No data	No data	No data	No data	No data	No data	No data	No data	No data	0.01823792392834863	No data	No data	No data	1	0	0	1	0	0.7545200000000001	No data	-0.25923883066740205	-0.6582080778875737	0	No data	No data	-0.21834500000000007	0.5	0
RASD1	0.07703390157546477	No data	0.12544518764987417	No data	No data	No data	No data	No data	No data	No data	No data	No data	No data	No data	No data	No data	No data	No data	0.02539462037356544	No data	No data	No data	1	0	0	0	0	0.8754449999999998	No data	0.49575289575289583	-0.6752747577927903	0	No data	No data	-0.012454999999999928	0.5	-1
WDR89	0.07635749830912875	No data	0.1256022866568277	No data	No data	No data	No data	No data	No data	No data	No data	No data	No data	No data	No data	No data	No data	No data	No data	No data	No data	No data	0	0	0	0	0	0.04393000000000029	No data	-0.10910093767236628	0	0	No data	No data	No data	-1	-1
RPA3	0.07632404633601457	No data	0.12141598131192011	No data	No data	No data	No data	No data	No data	No data	No data	No data	No data	No data	No data	No data	No data	No data	0.07295169571339452	0.021766257160971463	No data	No data	0	0	0	0	0	0	No data	0.9929398786541643	No data	-1	No data	No data	No data	-1	-1
RBM15B	0.07612929749217544	No data	0.11291135563950001	No data	No data	No data	No data	No data	No data	No data	No data	No data	No data	No data	No data	No data	No data	No data	0.24631116002870762	No data	No data	No data	0	0	0	0	0	0.786515	No data	-0.8026475455046884	No data	0	No data	No data	0	-1	-1
ATOH7	0.07592376319597025	No data	0.12367296373531123	No data	No data	No data	No data	No data	No data	No data	No data	No data	No data	No data	No data	No data	No data	No data	0.024317231904464845	No data	No data	No data	0	0	0	0	0	0.144735	No data	0.8247104247104247	-0.8221898165959235	0	No data	No data	0	0.75	0.5
MST1R	0.07588485394993942	No data	0.12140411418591912	No data	No data	No data	No data	No data	No data	No data	No data	No data	No data	No data	No data	No data	No data	No data	0.06841416778788778	No data	No data	1	0	0	1	1	0	0	1	0.02857142857142847	-0.8090149854828396	0	No data	No data	0	0.5	0
RMDN2	0.07560418048030694	No data	0.11804140550322977	No data	No data	No data	No data	No data	No data	No data	No data	No data	No data	No data	No data	No data	No data	No data	0.12643461053890853	No data	No data	No data	0	0	0	0	0	0	No data	0.7344732487589631	No data	0	No data	No data	0	0.5	-1
TREML1	0.0752736443499158	No data	0.11597615607402555	No data	No data	No data	No data	No data	No data	No data	No data	No data	No data	No data	No data	No data	No data	No data	0.15686546240579716	No data	No data	No data	1	0	0	0	0	0	No data	0.6485383342526199	-0.7081312563348965	0	No data	No data	0	0.75	0.5
MAK16	0.0751493422912472	No data	0.07396113809117812	No data	No data	No data	No data	No data	No data	No data	No data	No data	No data	No data	No data	No data	No data	No data	0.5256233861182594	No data	No data	No data	0	0	0	0	0	0.45	No data	-0.8619966905681191	No data	-1	No data	No data	No data	-1	-1
NQO1	0.07480109318537814	No data	0.07437861520443372	No data	No data	No data	No data	No data	No data	No data	No data	No data	No data	No data	No data	No data	No data	No data	0.522237323049091	No data	No data	0.7	0	0	1	1	1	0.3248199999999997	No data	0.4319911748483176	-0.27176769997095285	0	255	No data	0	0.5	0
SLC15A4	0.07475084030890917	No data	0.12075570710364983	No data	No data	No data	No data	No data	No data	No data	No data	No data	No data	No data	No data	No data	No data	No data	0.044074982826842524	No data	No data	No data	0	0	0	0	0	0.31542499999999973	No data	-0.2127964699393271	-0.22859907785955452	0	No data	No data	0	-1	-1
MANSC4	0.07469799003476324	No data	0.12287252155710712	No data	No data	No data	No data	No data	No data	No data	No data	No data	No data	No data	No data	No data	No data	No data	No data	No data	No data	No data	0	0	0	0	0	0	No data	0.6399338113623827	0	0	No data	No data	0	0.5	1
UNK	0.07427726435270592	No data	0.12218045975712885	No data	No data	No data	No data	No data	No data	No data	No data	No data	No data	No data	No data	No data	No data	No data	No data	No data	No data	No data	0	0	0	0	0	0.7716050000000003	No data	-0.7086596800882515	-0.48053298219586454	0	No data	No data	0	-1	-1
ATG16L1	0.07378299929567476	No data	0.1045702839218318	No data	No data	No data	No data	No data	No data	No data	No data	No data	No data	No data	No data	No data	No data	No data	0.3359429469511938	No data	No data	No data	0	0	0	0	0	0.7034599999999998	No data	-0.6383894098179812	-0.6328865502098152	0	No data	No data	0	-1	-1
PCDHGA2	0.07373711571112959	No data	0.12129195625689757	No data	No data	No data	No data	No data	No data	No data	No data	No data	No data	No data	No data	No data	No data	No data	No data	No data	No data	No data	1	0	0	0	0	0.3025750000000002	No data	-0.22868174296745725	No data	0	No data	No data	-0.44206	-1	0
MGST2	0.07356586478425836	No data	0.12101026148580844	No data	No data	No data	No data	No data	No data	No data	No data	No data	No data	No data	No data	No data	No data	No data	No data	No data	No data	No data	0	0	0	0	0	0	No data	-0.05846662989520135	-0.20623389898958372	0	No data	No data	0	0.5	-1
CCL24	0.0735439634154897	No data	0.0935356000748168	No data	No data	No data	No data	No data	No data	No data	No data	No data	No data	No data	No data	No data	No data	No data	0.4879516768925933	No data	No data	No data	0	1	0	0	0	0	No data	0.30921125206839495	No data	0	No data	No data	0	0.75	0.5
CYB561	0.07312743925948255	No data	0.1181697704802217	No data	No data	No data	No data	No data	No data	No data	No data	No data	No data	No data	No data	No data	No data	No data	0.04238628616681025	No data	No data	No data	0	0	0	0	0	0.40238999999999975	No data	-0.42647545504688367	-0.8148701094582067	0	No data	No data	0	-1	-1
MET	0.07287898453391259	0.09118961964174316	0.032618410558152684	No data	No data	No data	No data	No data	No data	No data	No data	No data	No data	No data	No data	No data	No data	No data	0.4642316459477298	0.04899149529288768	No data	1	1	1	1	1	1	0.44604500000000014	1	-0.7445118587975731	-0.9472229089292411	0	255	255	0	0.5	0
PSG11	0.0727865723775879	No data	0.11972838465092515	No data	No data	No data	No data	No data	No data	No data	No data	No data	No data	No data	No data	No data	No data	No data	No data	No data	No data	No data	0	1	0	0	0	No data	No data	0.7311638168781025	No data	0	No data	No data	-0.7462675000000001	1	1
TREM1	0.07257146889275436	No data	0.07549614178053121	No data	No data	No data	No data	No data	No data	No data	No data	No data	No data	No data	No data	No data	No data	No data	0.5025026015335798	No data	No data	0.2	0	1	0	0	1	0	No data	0.1049089906232763	-0.14741359860466624	0	No data	No data	No data	0.5	0
SIT1	0.07248334260483429	No data	0.11922959469992266	No data	No data	No data	No data	No data	No data	No data	No data	No data	No data	No data	No data	No data	No data	No data	No data	No data	No data	No data	1	0	0	0	0	0	No data	0.44169884169884166	0	0	No data	No data	No data	1	0.5
USP12	0.07229219427640704	No data	0.11891517021414531	No data	No data	No data	No data	No data	No data	No data	No data	No data	No data	No data	No data	No data	No data	No data	No data	No data	No data	No data	0	0	0	0	0	0.91892	No data	-0.5680088251516823	-0.2651098980815475	0	No data	No data	-0.68919	-1	-1
OPA3	0.07229004648050147	No data	0.11891163725296945	No data	No data	No data	No data	No data	No data	No data	No data	No data	No data	No data	No data	No data	No data	No data	No data	No data	No data	No data	0	0	0	0	0	0.27374500000000024	No data	0.9476006618863761	-0.9504607759597152	0	No data	No data	No data	-1	-1
NUMBL	0.07159522486750201	No data	0.11776870845954558	No data	No data	No data	No data	No data	No data	No data	No data	No data	No data	No data	No data	No data	No data	No data	No data	No data	No data	No data	0	0	0	0	0	0.7536949999999998	No data	-0.5421952564809708	0	0	No data	No data	0	-1	-1
GOLGA6L7	0.07130232470804812	No data	0.11728690993806155	No data	No data	No data	No data	No data	No data	No data	No data	No data	No data	No data	No data	No data	No data	No data	No data	No data	No data	No data	No data	No data	No data	No data	No data	No data	No data	-0.13028130170987318	No data	No data	No data	No data	0	1	1
TMEM126A	0.07115493473044032	No data	0.11430636800697808	No data	No data	No data	No data	No data	No data	No data	No data	No data	No data	No data	No data	No data	No data	No data	No data	0.054761932193936415	No data	No data	0	0	0	0	0	0	No data	-0.22371759514616663	0	0	No data	No data	0	-1	-1
PREX1	0.07075312001188207	No data	0.1122076622442658	No data	No data	No data	No data	No data	No data	No data	No data	No data	No data	No data	No data	No data	No data	No data	0.06079307976116211	0.05112871575122438	No data	No data	0	0	0	0	0	0.5177799999999998	No data	-0.9109762824048538	-0.6659188101229196	0	No data	No data	0	0.5	-1
GOLGA8M	0.07056228235369057	No data	0.11606959645885477	No data	No data	No data	No data	No data	No data	No data	No data	No data	No data	No data	No data	No data	No data	No data	No data	No data	No data	No data	No data	No data	0	0	0	0	No data	0.05162713734142299	No data	0	No data	No data	-0.9208850000000002	0.5	0
SPIDR	0.07055916855628704	No data	0.11424068210573138	No data	No data	No data	No data	No data	No data	No data	No data	No data	No data	No data	No data	No data	No data	No data	0.03647584785669726	No data	No data	No data	0	0	0	0	0	0	No data	0.015774958632101432	0	0	No data	No data	No data	-1	-1
OR6B3	0.07004010911169321	No data	0.11521066112600305	No data	No data	No data	No data	No data	No data	No data	No data	No data	No data	No data	No data	No data	No data	No data	No data	No data	No data	No data	1	0	0	0	0	0.0785499999999999	No data	0.9627137341423055	No data	0	No data	No data	-0.7129899999999999	1	1
TRIM4	0.0700066200170732	No data	0.11515557410828395	No data	No data	No data	No data	No data	No data	No data	No data	No data	No data	No data	No data	No data	No data	No data	No data	No data	No data	No data	1	0	0	0	0	No data	No data	0.5634859349145063	No data	0	No data	No data	0	-1	-1
RHAG	0.06950908810401084	No data	0.041253830529797045	No data	No data	No data	No data	No data	No data	No data	No data	No data	No data	No data	No data	No data	No data	No data	0.5201185712899424	No data	No data	No data	0	0	0	0	0	0	No data	-0.39878654164368454	-0.7586762757044115	0	No data	No data	0	1	0.5
SPATC1	0.06908158359563324	No data	0.11363395943589992	No data	No data	No data	No data	No data	No data	No data	No data	No data	No data	No data	No data	No data	No data	No data	No data	No data	No data	No data	0	0	0	0	0	0	No data	0.4908990623276337	0	0	No data	No data	0	1	0.5
KLF16	0.06900296858025504	No data	0.11267718234166893	No data	No data	No data	No data	No data	No data	No data	No data	No data	No data	No data	No data	No data	No data	No data	0.01654922726831635	No data	No data	No data	0	0	0	0	0	0.3849200000000003	No data	0.9549917264202978	-0.5595548762456815	0	No data	No data	0	0.5	0
WWC1	0.06877289936365377	No data	0.09119888143534882	No data	No data	No data	No data	No data	No data	No data	No data	No data	No data	No data	No data	No data	No data	No data	0.4385463175659219	No data	No data	No data	0	0	0	0	0	0.57772	No data	-0.6766685052399338	-0.05373224667943238	0	No data	No data	0	0.5	0
NSUN6	0.06865225687576658	No data	0.10250127718068755	No data	No data	No data	No data	No data	No data	No data	No data	No data	No data	No data	No data	No data	No data	No data	0.20852944802282478	No data	No data	No data	0	0	0	0	0	0.06183499999999995	No data	0.7131825703254275	0	0	No data	No data	0	0.5	-1
SAXO2	0.06797274391124691	No data	0.11059414075749777	No data	No data	No data	No data	No data	No data	No data	No data	No data	No data	No data	No data	No data	No data	No data	0.024317231904464845	No data	No data	No data	0	0	0	0	0	0	No data	0.6466629895201323	No data	0	No data	No data	0	0.75	0
CEACAM7	0.06763177066314535	No data	0.1018976129191005	No data	No data	No data	No data	No data	No data	No data	No data	No data	No data	No data	No data	No data	No data	No data	0.18703028663299592	No data	No data	No data	1	0	0	0	0	No data	No data	0.583011583011583	-0.6757381011114363	0	No data	No data	-0.1886800000000001	1	0.5
HS3ST1	0.06760716438071485	No data	0.09556336274898279	No data	No data	No data	No data	No data	No data	No data	No data	No data	No data	No data	No data	No data	No data	No data	0.3129057807120131	No data	No data	No data	0	0	0	0	0	0.4136800000000001	No data	-0.42327633756205185	No data	0	No data	No data	0	0.5	0
SNURF	0.06759549331913599	No data	0.11118945377450615	No data	No data	No data	No data	No data	No data	No data	No data	No data	No data	No data	No data	No data	No data	No data	No data	No data	No data	No data	0	0	0	0	0	0.7887349999999997	No data	0.0007722007722008595	No data	0	No data	No data	No data	0.5	-1
GNGT2	0.06752676378062956	No data	0.044287130781593784	No data	No data	No data	No data	No data	No data	No data	No data	No data	No data	No data	No data	No data	No data	No data	0.5000230810355584	No data	No data	No data	1	0	0	0	0	0.13043499999999994	No data	0.7690016547159404	-0.672274082559699	0	No data	No data	-0.09420249999999993	1	0
LBR	0.06751536329016021	No data	0.10709444376993286	No data	No data	No data	No data	No data	No data	No data	No data	No data	No data	No data	No data	No data	No data	No data	0.07926404382859518	No data	No data	No data	0	0	0	0	0	0.016259999999999764	No data	-0.6900165471594043	-0.9385714637220479	0	No data	No data	0	-1	-1
SLC4A9	0.06749327475553756	No data	0.11102131199915931	No data	No data	No data	No data	No data	No data	No data	No data	No data	No data	No data	No data	No data	No data	No data	No data	No data	No data	No data	1	0	0	0	0	0.11366000000000014	No data	0.39316050744622166	0	0	No data	No data	0	1	1
SULT1A1	0.06708682410516577	No data	0.10606782866434962	No data	No data	No data	No data	No data	No data	No data	No data	No data	No data	No data	No data	No data	No data	No data	0.08569805756013382	No data	No data	No data	0	0	1	1	1	0	No data	0.541753998896856	-0.8482057158259265	0	255	No data	-0.8898299999999999	0.5	-1
TRIM51G	0.06672955157452878	No data	0.1097650453582699	No data	No data	No data	No data	No data	No data	No data	No data	No data	No data	No data	No data	No data	No data	No data	No data	No data	No data	No data	0	0	No data	No data	No data	No data	No data	0.5362382790954219	No data	No data	No data	No data	-0.6626100000000001	No data	No data
NBPF3	0.06653120537623337	No data	0.109438780923116	No data	No data	No data	No data	No data	No data	No data	No data	No data	No data	No data	No data	No data	No data	No data	No data	No data	No data	No data	0	0	0	0	0	No data	No data	0.2936569222283507	No data	0	No data	No data	-0.3878350000000001	1	0
REDIC1	0.0662710412060403	No data	0.1090108306182208	No data	No data	No data	No data	No data	No data	No data	No data	No data	No data	No data	No data	No data	No data	No data	No data	No data	No data	No data	0	0	0	0	0	0	No data	0.41367898510755663	No data	0	No data	No data	No data	1	1
SLC25A30	0.06624116481427683	No data	0.10896168622237701	No data	No data	No data	No data	No data	No data	No data	No data	No data	No data	No data	No data	No data	No data	No data	No data	No data	No data	No data	0	0	0	0	0	0.6219949999999997	No data	0.19812465526751244	0	0	No data	No data	-0.5103100000000002	0.5	-1
SRA1	0.06605219557402017	No data	0.1018497266688592	No data	No data	No data	No data	No data	No data	No data	No data	No data	No data	No data	No data	No data	No data	No data	0.13602239004632277	No data	No data	No data	0	0	0	0	0	0.10714499999999987	No data	0.6954219525648098	-0.8842692758343024	0	No data	No data	No data	-1	-1
NMT1	0.06605179829051801	No data	0.10260665001247647	No data	No data	No data	No data	No data	No data	No data	No data	No data	No data	No data	No data	No data	No data	No data	0.1068961872767034	0.031442998215132155	No data	No data	1	0	1	1	1	0.8689500000000002	1	-0.8730281301709873	No data	0	No data	No data	-0.375	-1	-1
NINJ1	0.06598716730757315	No data	0.10520026022380403	No data	No data	No data	No data	No data	No data	No data	No data	No data	No data	No data	No data	No data	No data	No data	0.06687238773727831	No data	No data	No data	1	1	0	0	0	0.375	No data	0.2371759514616658	-0.5958265413947108	0	No data	No data	0	0.5	-1
SFXN1	0.06584319536939738	No data	0.10299737740077773	No data	No data	No data	No data	No data	No data	No data	No data	No data	No data	No data	No data	No data	No data	No data	0.10619358607653853	No data	No data	No data	0	0	0	0	0	0.736025	No data	0.15918367346938767	-0.011453818198359778	0	No data	No data	-0.40217500000000006	0.5	-1
RD3	0.06582788309383567	No data	0.1024398308328519	No data	No data	No data	No data	No data	No data	No data	No data	No data	No data	No data	No data	No data	No data	No data	0.11684076682324634	No data	No data	No data	0	0	0	0	0	0.28205000000000024	No data	0.2596800882515169	-0.17836588727231234	0	No data	No data	0	1	0.5
CSF3	0.06557475329998357	No data	0.04378270602173295	No data	No data	No data	No data	No data	No data	No data	No data	No data	No data	No data	No data	No data	No data	No data	0.4845990668931233	No data	No data	No data	0	1	0	0	1	0	No data	0.43695532266960835	-0.08884538371378592	0	No data	No data	No data	0.5	0
DCTD	0.06553186272823897	No data	0.10718700735274057	No data	No data	No data	No data	No data	No data	No data	No data	No data	No data	No data	No data	No data	No data	No data	0.012158615952232422	No data	No data	No data	0	0	1	0	0	0.6348300000000002	No data	0.9515719801434088	0	0	No data	No data	0	-1	-1
ELP1	0.06548521215542848	No data	0.10318736012329127	No data	No data	No data	No data	No data	No data	No data	No data	No data	No data	No data	No data	No data	No data	No data	0.07050308555634772	0.04525591946818382	No data	No data	0	0	0	0	0	0.05405500000000032	No data	-0.2822945394373966	-0.9654864076712427	-1	No data	No data	No data	-1	-1
CLIC5	0.06539895346084175	No data	0.10757631249769668	No data	No data	No data	No data	No data	No data	No data	No data	No data	No data	No data	No data	No data	No data	No data	No data	No data	No data	No data	1	0	0	0	0	0.6414349999999999	No data	0.43055708769994494	-0.8975359032192484	0	No data	No data	-0.35259	0.5	0
HGH1	0.06521684790389387	No data	0.10727676268435722	No data	No data	No data	No data	No data	No data	No data	No data	No data	No data	No data	No data	No data	No data	No data	No data	No data	No data	No data	0	0	0	0	0	0	No data	0.6394925537782681	No data	0	No data	No data	No data	-1	0
TCF3	0.06521095650224593	No data	0.07553681159899034	No data	No data	No data	No data	No data	No data	No data	No data	No data	No data	No data	No data	No data	No data	No data	0.4329943804877698	0.08027967504137436	No data	No data	0	0	0	0	0	0.1590200000000003	No data	0.4407060121345836	-0.8240869905890164	0	No data	No data	0	-1	-1
ISL2	0.0650457868593141	No data	0.10181108150892011	No data	No data	No data	No data	No data	No data	No data	No data	No data	No data	No data	No data	No data	No data	No data	0.10368597492598203	No data	No data	No data	0	0	0	0	0	0.9303600000000003	No data	-0.11891891891891893	-0.6121941561145569	0	No data	No data	-0.33843999999999996	0.5	0.5
PROSER2	0.06467419079810234	No data	0.1063841329509674	No data	No data	No data	No data	No data	No data	No data	No data	No data	No data	No data	No data	No data	No data	No data	No data	No data	No data	No data	1	0	0	0	0	0	No data	0.8572531715388858	-0.6511661147898625	0	No data	No data	0	0.5	0
ZNF627	0.06435373412830656	No data	0.10522445647842132	No data	No data	No data	No data	No data	No data	No data	No data	No data	No data	No data	No data	No data	No data	No data	No data	0.01265099168001828	No data	No data	0	0	0	0	0	0	No data	0.8357418643132928	No data	0	No data	No data	-0.22451250000000017	-1	-1
VKORC1L1	0.06430059742160031	No data	0.1051616694171138	No data	No data	No data	No data	No data	No data	No data	No data	No data	No data	No data	No data	No data	No data	No data	0.012158615952232422	No data	No data	No data	0	0	0	0	0	0.8579549999999998	No data	-0.6150027578599007	-0.27629006164758135	0	No data	No data	0	-1	-1
NLRP7	0.06428178444770419	No data	0.10026727712268918	No data	No data	No data	No data	No data	No data	No data	No data	No data	No data	No data	No data	No data	No data	No data	0.1094275435700918	No data	No data	No data	0	0	0	0	0	No data	No data	-0.01776061776061777	-0.2624490635974225	0	No data	No data	-0.08630750000000002	1	1
PRR15	0.06424038278485333	No data	0.10567055170956079	No data	No data	No data	No data	No data	No data	No data	No data	No data	No data	No data	No data	No data	No data	No data	No data	No data	No data	No data	0	0	0	0	0	0	No data	0.9824600110314397	No data	0	No data	No data	0	0.5	0
DCAKD	0.06419374613310308	No data	0.1028901746762772	No data	No data	No data	No data	No data	No data	No data	No data	No data	No data	No data	No data	No data	No data	No data	0.030396539880581056	0.04056369236814246	No data	No data	0	0	0	0	0	0.5454549999999998	No data	0.33943739658025374	0	0	No data	No data	0	-1	-1
TMEM245	0.06408625364636784	No data	0.1054170209802557	No data	No data	No data	No data	No data	No data	No data	No data	No data	No data	No data	No data	No data	No data	No data	No data	No data	No data	No data	1	0	0	0	0	0.5733800000000002	No data	-0.09453943739658022	No data	0	No data	No data	No data	-1	-1
CEBPA	0.06395857418570264	No data	0.05981662455128883	No data	No data	No data	No data	No data	No data	No data	No data	No data	No data	No data	No data	No data	No data	No data	0.4512642091236836	No data	No data	No data	0	0	0	0	0	0.7206699999999998	No data	0.581246552675124	-0.967194641710688	0	No data	255	0	0.75	0
KRCC1	0.0626671553270331	No data	0.10308271200148714	No data	No data	No data	No data	No data	No data	No data	No data	No data	No data	No data	No data	No data	No data	No data	No data	No data	No data	No data	0	0	0	0	0	0	No data	0.45802537231108653	No data	0	No data	No data	0	-1	-1
MCL1	0.06254212614474035	No data	0.06525111602075541	No data	No data	No data	No data	No data	No data	No data	No data	No data	No data	No data	No data	No data	No data	No data	0.4308713725546948	0.017549773845361112	No data	0.7	0	0	1	1	0	0	1	-0.8008825151682295	-0.1928430636128997	-1	No data	No data	0	0.5	-1
EIF4G3	0.06249014500283353	No data	0.1008917597165855	No data	No data	No data	No data	No data	No data	No data	No data	No data	No data	No data	No data	No data	No data	No data	0.037995674850726316	No data	No data	No data	0	0	0	0	0	0.18952000000000027	No data	-0.948703805846663	0	0	No data	No data	0	-1	-1
NFYA	0.06226145806884563	No data	0.09810539476705255	No data	No data	No data	No data	No data	No data	No data	No data	No data	No data	No data	No data	No data	No data	No data	0.08619952101134776	No data	No data	No data	0	0	0	0	0	0.9855899999999999	No data	-0.4648648648648649	-0.27619845168437046	0	No data	No data	No data	-1	-1
TRPM7	0.06221614925117244	No data	0.0949489928992842	No data	No data	No data	No data	No data	No data	No data	No data	No data	No data	No data	No data	No data	No data	No data	0.14783696707404814	No data	No data	No data	1	0	1	1	0	0.7131349999999997	No data	-0.46398234969663543	-0.8930174780330699	0	No data	No data	0	1	-1
CASP1	0.06218004043463478	No data	0.03099103125764418	No data	No data	No data	No data	No data	No data	No data	No data	No data	No data	No data	No data	No data	No data	No data	0.47266843588612767	No data	No data	0.2	0	0	1	1	0	0	1	-0.2595697738554882	No data	0	255	No data	0	0.5	0
TMEM121	0.062122412004652044	No data	0.10218665060022043	No data	No data	No data	No data	No data	No data	No data	No data	No data	No data	No data	No data	No data	No data	No data	No data	No data	No data	No data	0	0	0	0	0	0.8589350000000003	No data	0.3285162713734142	No data	0	No data	No data	No data	0.5	0
CEACAM3	0.061911187230811654	No data	0.09248768755455544	No data	No data	No data	No data	No data	No data	No data	No data	No data	No data	No data	No data	No data	No data	No data	0.18703028663299592	No data	No data	No data	0	0	0	0	0	No data	No data	0.5699944842801985	No data	0	No data	No data	-0.06745999999999999	1	0.5
ZFR2	0.06151406979135739	No data	0.10118597385266191	No data	No data	No data	No data	No data	No data	No data	No data	No data	No data	No data	No data	No data	No data	No data	No data	No data	No data	No data	0	0	0	0	0	0	No data	0.693215664644236	0	0	No data	No data	0	0.75	0.5
DST	0.06132684295727413	No data	0.09280463946640476	No data	No data	No data	No data	No data	No data	No data	No data	No data	No data	No data	No data	No data	No data	No data	0.1614672092180885	No data	No data	No data	0	0	0	0	0	0	No data	-0.8892443463872035	-0.921397749612374	0	No data	No data	0	-1	-1
BCL2A1	0.06085613635926989	No data	0.09301339217752444	No data	No data	No data	No data	No data	No data	No data	No data	No data	No data	No data	No data	No data	No data	No data	0.14180662276559555	No data	No data	0.7	0	0	1	1	0	0	0	0.22316602316602308	-0.3854065181134503	0	No data	No data	0	1	0
TPH2	0.06077363400539412	No data	0.06665796380817264	No data	No data	No data	No data	No data	No data	No data	No data	No data	No data	No data	No data	No data	No data	No data	0.4165176112814753	No data	No data	1	No data	No data	1	1	0	0.6734699999999997	No data	-0.6347490347490348	-0.9434552629994577	0	No data	No data	-0.1224499999999999	No data	No data
PPP4R2	0.06076337454553759	No data	0.0977473880345647	No data	No data	No data	No data	No data	No data	No data	No data	No data	No data	No data	No data	No data	No data	No data	0.044074982826842524	No data	No data	No data	0	0	0	0	0	No data	No data	-0.27567567567567564	-0.05373224667943238	0	No data	No data	No data	-1	-1
ABHD1	0.06076034762923201	No data	0.0999461581284273	No data	No data	No data	No data	No data	No data	No data	No data	No data	No data	No data	No data	No data	No data	No data	No data	No data	No data	No data	0	0	0	0	0	0	No data	0.5701047986762273	No data	0	No data	No data	0	1	0.5
MKKS	0.06055649254989207	No data	0.0949852646340231	No data	No data	No data	No data	No data	No data	No data	No data	No data	No data	No data	No data	No data	No data	No data	No data	0.09251134736476954	No data	No data	0	0	0	0	0	0	No data	0.2519580805295092	-0.8056953281902592	0	No data	No data	0	-1	-1
ZNF746	0.06019391037880913	No data	0.03129916888430344	No data	No data	No data	No data	No data	No data	No data	No data	No data	No data	No data	No data	No data	No data	No data	0.4559480982087158	No data	No data	No data	0	0	0	0	0	0.5606050000000004	No data	-0.631549917264203	-0.03387870171315671	0	No data	No data	0	-1	-1
GJD4	0.060125894225893955	No data	0.09890253045595103	No data	No data	No data	No data	No data	No data	No data	No data	No data	No data	No data	No data	No data	No data	No data	No data	No data	No data	No data	1	0	0	0	0	0	No data	0.8838389409817982	-0.08480689161302124	0	No data	No data	0	No data	No data
GNB2	0.06009334496645106	No data	0.09634078030732994	No data	No data	No data	No data	No data	No data	No data	No data	No data	No data	No data	No data	No data	No data	No data	0.030396539880581056	0.036654608487817056	No data	No data	1	0	0	0	0	1	No data	-0.8244897959183674	-0.8134846899115722	0	No data	No data	-0.7573525	-1	-1
DEDD2	0.059480255762339944	No data	0.09784050420873583	No data	No data	No data	No data	No data	No data	No data	No data	No data	No data	No data	No data	No data	No data	No data	No data	No data	No data	No data	0	0	0	0	0	0.64724	No data	0.2664092664092663	No data	0	No data	No data	0	-1	-1
KLHL10	0.0594308646071218	No data	0.09319977852673844	No data	No data	No data	No data	No data	No data	No data	No data	No data	No data	No data	No data	No data	No data	No data	0.09118961964174316	No data	No data	No data	0	0	0	0	0	0.9424349999999997	No data	-0.8264754550468836	0	0	No data	No data	0	1	0.5
RSAD2	0.05912653584452967	No data	0.09275828520400242	No data	No data	No data	No data	No data	No data	No data	No data	No data	No data	No data	No data	No data	No data	No data	0.09000753197972058	No data	No data	No data	0	0	0	0	0	0.0997250000000001	No data	0.5130722559293988	-0.6866261280654318	0	No data	No data	No data	0.5	0
YARS2	0.058948444704785635	No data	0.08636804620659055	No data	No data	No data	No data	No data	No data	No data	No data	No data	No data	No data	No data	No data	No data	No data	0.21195338389063165	No data	No data	No data	0	0	0	0	1	0.22432000000000016	No data	0.12454495311638158	No data	-1	No data	No data	No data	-1	-1
ST3GAL2	0.05873973353530539	No data	0.09601447057780199	No data	No data	No data	No data	No data	No data	No data	No data	No data	No data	No data	No data	No data	No data	No data	0.012158615952232422	No data	No data	No data	0	0	0	0	0	0.7142850000000003	No data	-0.5480419194704909	-0.04289192819312476	0	No data	No data	0	-1	-1
SLC25A44	0.058713678722303896	No data	0.09285596705107774	No data	No data	No data	No data	No data	No data	No data	No data	No data	No data	No data	No data	No data	No data	No data	0.07447152270742358	No data	No data	No data	0	0	0	0	0	0.8089149999999996	No data	-0.193050193050193	0	0	No data	No data	0	-1	-1
ARIH2	0.0586917048977524	No data	0.09319977852673844	No data	No data	No data	No data	No data	No data	No data	No data	No data	No data	No data	No data	No data	No data	No data	0.06687238773727831	No data	No data	No data	0	0	0	0	0	0.8985799999999997	No data	-0.9289575289575289	-0.8753844938254154	0	No data	No data	0	-1	-1
ATP6V0E2	0.058509204190415255	No data	0.09624319810787754	No data	No data	No data	No data	No data	No data	No data	No data	No data	No data	No data	No data	No data	No data	No data	No data	No data	No data	No data	0	0	0	0	0	0	No data	0.008383894098179745	No data	0	No data	No data	-0.2592600000000001	0.5	-1
CCDC74A	0.05847709739521139	No data	0.09619038486773573	No data	No data	No data	No data	No data	No data	No data	No data	No data	No data	No data	No data	No data	No data	No data	No data	No data	No data	No data	0	0	0	0	0	0	No data	0.5759514616657473	No data	0	No data	No data	-0.9519224999999999	0.5	0
MAP1B	0.05833533114642031	No data	0.08711778586248357	No data	No data	No data	No data	No data	No data	No data	No data	No data	No data	No data	No data	No data	No data	No data	0.1767880858148366	No data	No data	No data	0	0	0	1	0	0.54619	No data	-0.9929398786541643	-0.8919895814495105	0	No data	No data	0	0.5	0
SHC1	0.05787106672064725	No data	0.08021436160709002	No data	No data	No data	No data	No data	No data	No data	No data	No data	No data	No data	No data	No data	No data	No data	0.2995829763755317	No data	No data	No data	0	0	0	1	1	0.717465	No data	-0.42934362934362935	-0.9618820674260283	0	No data	No data	0	-1	-1
OBI1	0.05778663887421319	No data	0.046489040341757694	No data	No data	No data	No data	No data	No data	No data	No data	No data	No data	No data	No data	No data	No data	No data	0.4139839862069136	0.02860090661379004	No data	No data	0	0	0	0	0	0.04269999999999996	No data	0.35002757859900724	No data	0	No data	No data	No data	-1	-1
ENSG00000285508	0.057744467690312565	No data	0.0949852646340231	No data	No data	No data	No data	No data	No data	No data	No data	No data	No data	No data	No data	No data	No data	No data	No data	No data	No data	No data	No data	No data	No data	No data	No data	0	No data	No data	No data	No data	No data	No data	No data	-1	0
GPX3	0.05745334508408977	No data	0.03955672280515792	No data	No data	No data	No data	No data	No data	No data	No data	No data	No data	No data	No data	No data	No data	No data	0.4197328182467295	0.030179056589716233	No data	No data	0	1	0	0	0	0.4690249999999999	No data	0.6391616105901821	-0.7594382464467647	0	No data	No data	-0.20353999999999992	0.5	-1
LYPD4	0.0574171610575357	No data	0.09353497388009557	No data	No data	No data	No data	No data	No data	No data	No data	No data	No data	No data	No data	No data	No data	No data	0.01823792392834863	No data	No data	No data	1	0	0	0	0	0	No data	0.6845008273579702	0	0	No data	No data	0	1	1
PLEC	0.05712870375325643	No data	0.0845664296403475	No data	No data	No data	No data	No data	No data	No data	No data	No data	No data	No data	No data	No data	No data	No data	0.1881190014816791	No data	No data	No data	0	0	1	1	0	0.6635150000000003	No data	-0.4015444015444015	-0.8852735409353213	0	No data	No data	0	0.5	-1
LRRTM1	0.05710887985818546	No data	0.09008821808927918	No data	No data	No data	No data	No data	No data	No data	No data	No data	No data	No data	No data	No data	No data	No data	0.05986429659814436	0.038625209691442	No data	No data	0	0	0	0	0	0.8563200000000002	No data	-0.8055157198014341	-0.3287149700208511	0	No data	No data	0	0.75	0.5
BANF1	0.057100783522774534	No data	0.09331852225774681	No data	No data	No data	No data	No data	No data	No data	No data	No data	No data	No data	No data	No data	No data	No data	0.012158615952232422	No data	No data	No data	0	0	0	0	0	0.8314599999999999	No data	-0.8982901268615554	-0.15942831788211487	-1	No data	No data	0	-1	-1
KLHDC7B	0.05709800315141025	No data	0.0939218795555864	No data	No data	No data	No data	No data	No data	No data	No data	No data	No data	No data	No data	No data	No data	No data	No data	No data	No data	No data	1	0	0	0	0	0	No data	0.978819635962493	-0.22108376023293574	0	No data	No data	0	0.5	0.5
PLCB1	0.05690915117413813	No data	0.031750357467804774	No data	No data	No data	No data	No data	No data	No data	No data	No data	No data	No data	No data	No data	No data	No data	0.4271014334710542	0.011401034936766778	No data	No data	1	0	0	0	0	0.8684199999999997	No data	-0.8404853833425262	-0.8587281076920424	0	No data	No data	0	0.5	-1
SOWAHB	0.056854641353801555	No data	0.09352156787773624	No data	No data	No data	No data	No data	No data	No data	No data	No data	No data	No data	No data	No data	No data	No data	No data	No data	No data	No data	0	0	0	0	0	0	No data	0.553226696083839	-0.10129547872063965	0	No data	No data	0	0.5	0
FAM76B	0.05667719376038429	No data	0.08563054509056575	No data	No data	No data	No data	No data	No data	No data	No data	No data	No data	No data	No data	No data	No data	No data	0.15198269940290526	No data	No data	No data	0	0	0	0	0	0.8820050000000001	No data	-0.6704908990623276	-0.2680782059723577	0	No data	No data	-0.16666750000000013	0.5	-1
SPIRE2	0.05665901569698654	No data	0.09319977852673844	No data	No data	No data	No data	No data	No data	No data	No data	No data	No data	No data	No data	No data	No data	No data	No data	No data	No data	No data	0	0	0	0	0	0.25770499999999996	No data	0.5575289575289575	No data	0	No data	No data	0	0.5	0
SFTPD	0.05662434804313922	No data	0.09003867510294375	No data	No data	No data	No data	No data	No data	No data	No data	No data	No data	No data	No data	No data	No data	No data	0.06208155531276674	No data	No data	No data	0	1	0	0	1	0	No data	-0.31715388858245996	-0.33885667383789536	0	No data	No data	0	1	0
ZNF567	0.056594866568162434	No data	0.09259212430261402	No data	No data	No data	No data	No data	No data	No data	No data	No data	No data	No data	No data	No data	No data	No data	No data	0.01004267556502214	No data	No data	0	0	0	0	0	No data	No data	-0.15852178709321563	No data	0	No data	No data	0	-1	-1
SMYD1	0.05645541724554061	No data	0.0863296184596469	No data	No data	No data	No data	No data	No data	No data	No data	No data	No data	No data	No data	No data	No data	No data	0.13070512148649852	No data	No data	No data	0	0	0	0	0	0.7244900000000001	No data	0.32608935466078326	-0.7787685279200451	0	No data	No data	0	0.75	0.5
MTFR2	0.056417284021398485	No data	0.09280214827583202	No data	No data	No data	No data	No data	No data	No data	No data	No data	No data	No data	No data	No data	No data	No data	No data	No data	No data	No data	0	0	0	0	0	0	No data	0.6508549365692222	No data	0	No data	No data	0	0.5	0.5
TRIM35	0.05629056134915903	No data	0.09107387210841462	No data	No data	No data	No data	No data	No data	No data	No data	No data	No data	No data	No data	No data	No data	No data	0.030396539880581056	No data	No data	No data	0	0	0	0	0	0.08721999999999994	No data	0.009156094870380604	0	0	No data	No data	0	-1	-1
C7orf57	0.056276405131499695	No data	0.09257041319931959	No data	No data	No data	No data	No data	No data	No data	No data	No data	No data	No data	No data	No data	No data	No data	No data	No data	No data	No data	0	0	0	0	0	0	No data	0.37131825703254284	No data	0	No data	No data	No data	0.5	0.5
USP6	0.05624366219769879	No data	0.091908622761878	No data	No data	No data	No data	No data	No data	No data	No data	No data	No data	No data	No data	No data	No data	No data	0.012158615952232422	No data	No data	No data	0	0	0	0	0	0	No data	-0.1990071704357419	-0.17110090017413593	0	No data	No data	-0.2371974999999999	0.75	0.5
ZNF574	0.05605160593536339	No data	0.0922006355913756	No data	No data	No data	No data	No data	No data	No data	No data	No data	No data	No data	No data	No data	No data	No data	No data	No data	No data	No data	0	0	0	0	0	0.6986600000000003	No data	-0.5705460562603419	0	-1	No data	No data	0	-1	-1
ARHGEF39	0.05572848036731139	No data	0.0916691185678567	No data	No data	No data	No data	No data	No data	No data	No data	No data	No data	No data	No data	No data	No data	No data	No data	No data	No data	No data	1	0	0	0	0	0.32836	No data	0.47159404302261443	No data	0	No data	No data	0	0.5	0
CALHM1	0.055685382699500054	No data	0.046783761774823476	No data	No data	No data	No data	No data	No data	No data	No data	No data	No data	No data	No data	No data	No data	No data	0.39951142866570394	No data	No data	No data	1	0	0	0	0	0.6098250000000001	No data	0.5028130170987313	No data	0	No data	No data	0	0.5	1
POU2F2	0.05563063249005662	No data	0.0903767394774438	No data	No data	No data	No data	No data	No data	No data	No data	No data	No data	No data	No data	No data	No data	No data	0.02262853524443256	No data	No data	No data	0	0	0	0	0	0.5673099999999998	No data	-0.902592388306674	-0.6502148501490385	0	No data	No data	0	1	0
ZNF689	0.05533673403628963	No data	0.0904167948022283	No data	No data	No data	No data	No data	No data	No data	No data	No data	No data	No data	No data	No data	No data	No data	0.012158615952232422	No data	No data	No data	0	0	No data	No data	No data	0.6200000000000003	No data	-0.5297297297297296	-0.5333810177972056	0	No data	No data	0	0.5	-1
CRHR1	0.055229807704138455	No data	0.0762529971825874	No data	No data	No data	No data	No data	No data	No data	No data	No data	No data	No data	No data	No data	No data	No data	0.29191685440223786	No data	No data	1	1	0	1	1	0	0.8795200000000001	0	-0.4971869829012686	-0.7934236779183723	0	No data	No data	-0.1867474999999999	0.75	0.5
QRSL1	0.055147788828787625	No data	0.08919409808666574	No data	No data	No data	No data	No data	No data	No data	No data	No data	No data	No data	No data	No data	No data	No data	0.030396539880581056	No data	No data	No data	0	0	0	0	0	0.4034100000000002	No data	0.2400441257584114	-0.2968332104456023	0	No data	No data	0	-1	-1
CLIP1	0.05459967248365217	No data	0.08564123456284145	No data	No data	No data	No data	No data	No data	No data	No data	No data	No data	No data	No data	No data	No data	No data	0.08342161500559467	No data	No data	No data	0	0	0	0	0	0.49582499999999996	No data	-0.7355763927192498	0	0	No data	No data	0	0.5	-1
HPS5	0.05457510295167928	No data	0.08977190029866655	No data	No data	No data	No data	No data	No data	No data	No data	No data	No data	No data	No data	No data	No data	No data	No data	No data	No data	No data	0	0	0	0	0	0.06111500000000021	No data	-0.29078874793160503	-0.6941315568476963	0	No data	No data	0	0.5	-1
GOLPH3	0.05431549059981887	No data	0.08744507395049099	No data	No data	No data	No data	No data	No data	No data	No data	No data	No data	No data	No data	No data	No data	No data	0.037995674850726316	No data	No data	No data	0	0	0	0	0	0.9328850000000003	No data	0.23331494760066196	-0.6119730567440967	0	No data	No data	-0.1275175000000001	-1	-1
TOLLIP	0.05423044731367924	No data	0.07697486268069031	No data	No data	No data	No data	No data	No data	No data	No data	No data	No data	No data	No data	No data	No data	No data	0.2446021052847561	No data	No data	No data	0	0	0	0	0	0.6350349999999999	No data	-0.37153888582460015	0	0	No data	No data	No data	-1	-1
SBDS	0.053913941541040324	No data	0.08564468599414403	No data	No data	No data	No data	No data	No data	No data	No data	No data	No data	No data	No data	No data	No data	No data	0.06079307976116211	No data	No data	No data	0	0	0	0	0	0.8600000000000001	No data	0.20143408714837285	-0.7241446478827281	-1	No data	No data	No data	-1	-1
INO80E	0.05389306745530232	No data	0.0886500036961972	No data	No data	No data	No data	No data	No data	No data	No data	No data	No data	No data	No data	No data	No data	No data	No data	No data	No data	No data	0	0	0	0	0	0.6926250000000003	No data	0.49134031991174854	No data	0	No data	No data	No data	-1	-1
FDFT1	0.05383026554199776	No data	0.0808842382226588	No data	No data	No data	No data	No data	No data	No data	No data	No data	No data	No data	No data	No data	No data	No data	0.15324922189792947	No data	No data	0.7	0	0	1	1	1	0.4124699999999997	No data	0.8271373414230556	-0.6179378747593517	0	No data	No data	No data	-1	-1
RIOK1	0.053827734226843824	No data	0.0822099230212166	No data	No data	No data	No data	No data	No data	No data	No data	No data	No data	No data	No data	No data	No data	No data	0.12665224950242107	No data	No data	No data	0	0	1	1	0	0.014085000000000037	No data	0.33524544953116386	No data	-1	No data	No data	0	-1	-1
STRIP2	0.05371712457342967	No data	0.08836059101540544	No data	No data	No data	No data	No data	No data	No data	No data	No data	No data	No data	No data	No data	No data	No data	No data	No data	No data	No data	0	0	0	0	0	0.80216	No data	-0.08262548262548264	-0.7067102313776163	0	No data	No data	-0.2386099999999999	0.5	0
ANKRD40CL	0.05368174101267756	No data	0.08830238774475174	No data	No data	No data	No data	No data	No data	No data	No data	No data	No data	No data	No data	No data	No data	No data	No data	No data	No data	No data	No data	No data	0	0	0	0	No data	No data	No data	No data	No data	No data	-0.013157499999999978	1	0.5
SLC22A31	0.053501906171647094	No data	0.0849669190986158	No data	No data	No data	No data	No data	No data	No data	No data	No data	No data	No data	No data	No data	No data	No data	0.06079307976116211	No data	No data	No data	0	0	0	0	0	No data	No data	0.9249862107004965	No data	No data	No data	No data	0	1	0.5
CYP1A2	0.05347005200709613	No data	0.0679323663164315	No data	No data	No data	No data	No data	No data	No data	No data	No data	No data	No data	No data	No data	No data	No data	0.3548554191283261	No data	No data	No data	0	0	1	1	0	0	1	0.5655819084390512	-0.8291034107086817	0	255	No data	-0.2926349999999999	1	0.5
SUGT1	0.053144261386183854	No data	0.07905860318221661	No data	No data	No data	No data	No data	No data	No data	No data	No data	No data	No data	No data	No data	No data	No data	0.16719342778896315	No data	No data	No data	0	0	0	0	0	0.3843850000000003	No data	-0.8479867622724766	No data	-1	No data	No data	0	-1	-1
PRKDC	0.053119873202901055	No data	0.0700672271808695	No data	No data	No data	No data	No data	No data	No data	No data	No data	No data	No data	No data	No data	No data	No data	0.34621861362330947	No data	No data	0.1	0	0	1	1	0	0	1	-0.9660231660231661	-0.9123370685576471	No data	No data	No data	0	-1	-1
OR13F1	0.053053907226463866	No data	0.08726964883979699	No data	No data	No data	No data	No data	No data	No data	No data	No data	No data	No data	No data	No data	No data	No data	No data	No data	No data	No data	1	0	0	0	0	0	No data	0.8538334252619968	No data	0	No data	No data	0	No data	No data
ENSG00000288645	0.05304813020619476	No data	0.08726014608012138	No data	No data	No data	No data	No data	No data	No data	No data	No data	No data	No data	No data	No data	No data	No data	No data	No data	No data	No data	No data	No data	No data	No data	No data	0.18604500000000002	No data	No data	No data	No data	No data	No data	No data	No data	No data
SPATA20	0.053045899802754364	No data	0.08725647723582337	No data	No data	No data	No data	No data	No data	No data	No data	No data	No data	No data	No data	No data	No data	No data	No data	No data	No data	No data	0	1	0	0	0	0.22070000000000006	No data	-0.1504688361831219	0	0	No data	No data	No data	0.5	-1
NCL	0.052591935694462334	No data	0.08050354806764694	No data	No data	No data	No data	No data	No data	No data	No data	No data	No data	No data	No data	No data	No data	No data	0.12012385361877774	No data	No data	No data	0	0	0	0	0	0.11267500000000012	No data	-0.9939327082184225	No data	-1	No data	No data	0	-1	-1
DAO	0.052581243010732796	No data	0.07209736065834878	No data	No data	No data	No data	No data	No data	No data	No data	No data	No data	No data	No data	No data	No data	No data	0.2878958287486118	No data	No data	No data	0	0	1	1	1	0.0201749999999997	0	0.416657473800331	-0.299026938872633	0	No data	No data	0	0.75	0.5
ABHD17A	0.052525707382358386	No data	0.08640080020409599	No data	No data	No data	No data	No data	No data	No data	No data	No data	No data	No data	No data	No data	No data	No data	No data	No data	No data	No data	0	0	0	0	0	0.5967750000000003	No data	-0.3132928847214561	0	0	No data	No data	-0.41129	0.5	-1
LRR1	0.05247326437131396	No data	0.0863145354330884	No data	No data	No data	No data	No data	No data	No data	No data	No data	No data	No data	No data	No data	No data	No data	No data	No data	No data	No data	0	0	0	0	0	0	No data	0.4665195808052951	0	-1	No data	No data	No data	0.5	-1
CLPP	0.05224560175019785	No data	0.0794807829838579	No data	No data	No data	No data	No data	No data	No data	No data	No data	No data	No data	No data	No data	No data	No data	0.1291852944924695	No data	No data	No data	0	0	0	1	0	0.27798000000000017	No data	-0.055819084390512974	-0.8199568379076368	0	No data	No data	No data	-1	-1
VPS36	0.05211442834879365	No data	0.08385478821482695	No data	No data	No data	No data	No data	No data	No data	No data	No data	No data	No data	No data	No data	No data	No data	No data	0.03738978417495527	No data	No data	1	0	0	0	0	0.792745	No data	-0.524765581908439	-0.5769277991327106	0	No data	No data	No data	-1	-1
TRIM52	0.051773303192855835	No data	0.08516315244474817	No data	No data	No data	No data	No data	No data	No data	No data	No data	No data	No data	No data	No data	No data	No data	No data	No data	No data	No data	0	0	0	0	0	0	No data	0.24357418643132922	-0.8316527857182884	0	No data	No data	-0.085365	-1	-1
LONRF2	0.05173017149462402	No data	0.0837502216228961	No data	No data	No data	No data	No data	No data	No data	No data	No data	No data	No data	No data	No data	No data	No data	No data	0.026839649067687557	No data	No data	0	0	0	0	0	0	No data	-0.09034749034749034	-0.2024466188616067	0	No data	No data	0	0.5	0
CAND1	0.051695306098359685	No data	0.08151392061069601	No data	No data	No data	No data	No data	No data	No data	No data	No data	No data	No data	No data	No data	No data	No data	0.0704186507233461	No data	No data	No data	0	0	0	0	0	0.9715449999999997	No data	-0.9984555984555985	-0.8959764452465571	0	No data	No data	-0.07113750000000003	-1	-1
MRLN	0.05163050467844472	No data	0.08066383974606409	No data	No data	No data	No data	No data	No data	No data	No data	No data	No data	No data	No data	No data	No data	No data	0.08528839971223864	No data	No data	No data	0	0	0	0	0	0.02173999999999978	No data	No data	0	No data	No data	No data	No data	0.5	0
HUS1	0.051550280251469294	No data	0.08327646964696196	No data	No data	No data	No data	No data	No data	No data	No data	No data	No data	No data	No data	No data	No data	No data	0.030396539880581056	No data	No data	No data	0	0	0	0	0	0.30356999999999984	No data	0.6687258687258688	-0.8176660958073436	0	No data	No data	0	-1	-1
CCDC158	0.05154261339109004	No data	0.08478368523783564	No data	No data	No data	No data	No data	No data	No data	No data	No data	No data	No data	No data	No data	No data	No data	No data	No data	No data	No data	0	0	0	0	0	0.5881799999999998	No data	-0.019635962493105397	No data	0	No data	No data	0	1	0.5
TUFM	0.05145668360418973	No data	0.07776728775468764	No data	No data	No data	No data	No data	No data	No data	No data	No data	No data	No data	No data	No data	No data	No data	0.13750099017224482	No data	No data	No data	0	0	0	1	0	0.64835	No data	-0.43232211803640375	0	0	No data	No data	0	-1	-1
SIRT4	0.051380994263473624	No data	0.07466556072583452	No data	No data	No data	No data	No data	No data	No data	No data	No data	No data	No data	No data	No data	No data	No data	0.19704546638627526	No data	No data	No data	0	0	1	0	0	0.2993650000000002	No data	0.3512410369553227	-0.17073779750080204	0	No data	No data	0	-1	0
BOLL	0.051313250817050515	No data	0.08440640121975229	No data	No data	No data	No data	No data	No data	No data	No data	No data	No data	No data	No data	No data	No data	No data	No data	No data	No data	No data	0	0	0	0	0	0.5759700000000002	No data	-0.26971869829012685	0	0	No data	No data	0	1	0.5
CMIP	0.05123908242485291	No data	0.08257404426395475	No data	No data	No data	No data	No data	No data	No data	No data	No data	No data	No data	No data	No data	No data	No data	No data	0.03420711164937126	No data	No data	0	0	0	0	0	0.9223799999999998	No data	-0.9631549917264203	No data	0	No data	No data	No data	-1	-1
SLC27A2	0.05123840665267692	No data	0.08094811234894352	No data	No data	No data	No data	No data	No data	No data	No data	No data	No data	No data	No data	No data	No data	No data	0.0667035180712751	No data	No data	No data	1	0	0	1	0	0.1209699999999998	No data	0.2388306674020959	No data	0	No data	No data	0	0.5	0
OR4S1	0.05111823094882425	No data	0.08408560834498358	No data	No data	No data	No data	No data	No data	No data	No data	No data	No data	No data	No data	No data	No data	No data	No data	No data	No data	No data	1	0	0	0	0	No data	No data	0.9543298400441258	No data	0	No data	No data	0	No data	No data
WDR97	0.050845938329659064	No data	0.08363770766248001	No data	No data	No data	No data	No data	No data	No data	No data	No data	No data	No data	No data	No data	No data	No data	No data	No data	No data	No data	No data	No data	0	0	0	No data	No data	No data	No data	No data	No data	No data	No data	1	1
PYM1	0.050453262322120045	No data	0.08299178544718556	No data	No data	No data	No data	No data	No data	No data	No data	No data	No data	No data	No data	No data	No data	No data	No data	No data	No data	No data	0	0	0	0	0	0.4607849999999999	No data	-0.5432984004412575	No data	0	No data	No data	No data	-1	-1
RTP2	0.050393790404211554	No data	0.08289395865811329	No data	No data	No data	No data	No data	No data	No data	No data	No data	No data	No data	No data	No data	No data	No data	No data	No data	No data	No data	1	0	0	0	0	0.1333350000000003	No data	0.36392719249862115	0	0	No data	No data	-0.555555	0.75	0.5
CBY1	0.05035268526633266	No data	0.07808845204332356	No data	No data	No data	No data	No data	No data	No data	No data	No data	No data	No data	No data	No data	No data	No data	0.09475783568439136	No data	No data	No data	0	0	0	0	0	0.20634999999999976	No data	0.29884169884169887	-0.8177680498406209	0	No data	No data	0	-1	-1
CAMK2G	0.050236713099213494	No data	0.03853287065639169	No data	No data	No data	No data	No data	No data	No data	No data	No data	No data	No data	No data	No data	No data	No data	0.3650118037733027	No data	No data	No data	1	0	1	1	1	0.787415	No data	-0.790623276337562	-0.589382157099308	0	No data	No data	-0.5280625000000001	-1	-1
MAPKAPK5	0.050179146065465474	No data	0.07439815859447675	No data	No data	No data	No data	No data	No data	No data	No data	No data	No data	No data	No data	No data	No data	No data	0.1628545285001931	No data	No data	0.2	0	0	1	1	0	0.8619950000000003	No data	-0.5635962493105351	-0.5498696049048243	0	255	No data	0	-1	-1
CST6	0.04990558194406279	No data	0.0804190831189193	No data	No data	No data	No data	No data	No data	No data	No data	No data	No data	No data	No data	No data	No data	No data	0.03343619386863916	No data	No data	No data	1	1	0	0	0	0	No data	0.6764478764478765	-0.8438179155358938	0	No data	No data	0	1	0
INTS14	0.04983368928938933	No data	0.08197263485444568	No data	No data	No data	No data	No data	No data	No data	No data	No data	No data	No data	No data	No data	No data	No data	No data	No data	No data	No data	0	0	0	0	0	0.8841700000000003	No data	-0.5429674572531715	No data	0	No data	No data	No data	-1	-1
LEPR	0.04973118754318147	No data	0.06578487398343041	No data	No data	No data	No data	No data	No data	No data	No data	No data	No data	No data	No data	No data	No data	No data	0.320383065635577	No data	No data	1	1	0	0	0	0	0	No data	-0.581246552675124	-0.9880593990524386	0	255	No data	0	1	-1
SYT2	0.04951164877442853	No data	0.07451968566477046	No data	No data	No data	No data	No data	No data	No data	No data	No data	No data	No data	No data	No data	No data	No data	0.1384643399219975	No data	No data	No data	0	0	0	0	0	0.9045349999999999	No data	-0.5878654164368451	-0.6900699386743914	0	No data	No data	-0.4212399999999999	1	0.5
NLRP2	0.049362695340249584	No data	0.07306023299133206	No data	No data	No data	No data	No data	No data	No data	No data	No data	No data	No data	No data	No data	No data	No data	0.162753051616204	No data	No data	No data	0	0	0	0	0	0	No data	0.4290126861555432	-0.2624490635974225	0	No data	No data	-0.048964999999999925	-1	0
THRA	0.049324693407397785	No data	0.07499797613698436	No data	No data	No data	No data	No data	No data	No data	No data	No data	No data	No data	No data	No data	No data	No data	0.12274798282442644	No data	No data	1	0	0	1	1	1	0.9634149999999998	No data	-0.7526751241036955	-0.968347355922401	0	255	No data	-0.1829274999999999	1	-1
MANSC1	0.048824165648229	No data	0.07666446033532857	No data	No data	No data	No data	No data	No data	No data	No data	No data	No data	No data	No data	No data	No data	No data	0.07295169571339452	No data	No data	No data	0	0	0	0	0	0	No data	0.6685052399338114	No data	0	No data	No data	0	0.5	-1
AGFG2	0.04853051517055925	No data	0.07600077999012976	No data	No data	No data	No data	No data	No data	No data	No data	No data	No data	No data	No data	No data	No data	No data	0.07656464785786812	No data	No data	No data	0	0	0	0	0	0.09563500000000005	No data	-0.1658025372311086	0	0	No data	No data	0	1	-1
GALNT9	0.04843123839293232	No data	0.0790577788246089	No data	No data	No data	No data	No data	No data	No data	No data	No data	No data	No data	No data	No data	No data	No data	0.012158615952232422	No data	No data	No data	0	0	0	0	0	0.5688200000000002	No data	0.20606729178157757	0	0	No data	No data	-0.029850000000000064	1	0.5
ACER1	0.04831881579417289	No data	0.0794807829838579	No data	No data	No data	No data	No data	No data	No data	No data	No data	No data	No data	No data	No data	No data	No data	No data	No data	No data	No data	0	0	0	0	0	0	No data	0.6148924434638721	-0.3212535831255048	0	No data	No data	0	1	0.5
CA12	0.04828685202259529	No data	0.0729013924156963	No data	No data	No data	No data	No data	No data	No data	No data	No data	No data	No data	No data	No data	No data	No data	0.1305362518204953	No data	No data	1	1	0	1	1	1	0.09604500000000016	0	-0.00011031439602871007	-0.022023425318627998	0	No data	No data	0	0.5	0
TRAK1	0.04828097141002989	No data	0.07789870485155508	No data	No data	No data	No data	No data	No data	No data	No data	No data	No data	No data	No data	No data	No data	No data	0.030396539880581056	No data	No data	No data	0	0	0	0	0	0.5960099999999997	No data	-0.7302813017098732	-0.836054078991327	0	No data	No data	0	0.5	-1
PILRB	0.048184006784966954	No data	0.03372929584665517	No data	No data	No data	No data	No data	No data	No data	No data	No data	No data	No data	No data	No data	No data	No data	0.3541335421925827	No data	No data	No data	0	0	0	0	0	No data	No data	0.5191395477109764	-0.903359973932433	0	No data	No data	-0.570485	-1	-1
CSNK2A1	0.047941912639921515	No data	0.070482569796748	No data	No data	No data	No data	No data	No data	No data	No data	No data	No data	No data	No data	No data	No data	No data	0.16756472235583897	No data	No data	0.2	0	0	1	1	1	0.9360599999999998	1	-0.9070049641478213	-0.9242622994259971	0	255	No data	-0.9616375000000001	-1	-1
C2CD3	0.047566255644704125	No data	0.07824287868220818	No data	No data	No data	No data	No data	No data	No data	No data	No data	No data	No data	No data	No data	No data	No data	No data	No data	No data	No data	0	0	0	0	0	0	No data	-0.5221180364037508	-0.8892370719319265	0	No data	No data	No data	-1	-1
MORC2	0.04750914718343881	No data	0.07662911260582028	No data	No data	No data	No data	No data	No data	No data	No data	No data	No data	No data	No data	No data	No data	No data	0.030396539880581056	No data	No data	No data	0	0	0	0	0	0.5445749999999997	No data	-0.8865968008825151	-0.9017055428403259	0	No data	No data	0	-1	-1
FBP2	0.047469028206331434	No data	0.07717105073244865	No data	No data	No data	No data	No data	No data	No data	No data	No data	No data	No data	No data	No data	No data	No data	0.01823792392834863	No data	No data	No data	1	0	0	0	0	0.7050150000000002	No data	0.22846111417539983	-0.7313843919994869	0	No data	No data	-0.41003000000000006	0.75	0.5
CATSPER1	0.047298073036463564	No data	0.07780173865558974	No data	No data	No data	No data	No data	No data	No data	No data	No data	No data	No data	No data	No data	No data	No data	No data	No data	No data	No data	0	0	0	0	0	0	No data	-0.1063430777716492	-0.05228713452225198	0	No data	No data	0	1	1
ENSG00000285723	0.047168962966693526	No data	0.0775893623945461	No data	No data	No data	No data	No data	No data	No data	No data	No data	No data	No data	No data	No data	No data	No data	No data	No data	No data	No data	No data	No data	No data	No data	No data	0	No data	No data	No data	No data	No data	No data	No data	-1	0
DAGLB	0.04695986051471684	No data	0.05770355594256543	No data	No data	No data	No data	No data	No data	No data	No data	No data	No data	No data	No data	No data	No data	No data	0.31409757876600425	No data	No data	No data	1	0	1	1	0	0	1	0.26971869829012696	No data	0	No data	No data	0	-1	-1
TBX6	0.04694659139145575	No data	0.07570375104461435	No data	No data	No data	No data	No data	No data	No data	No data	No data	No data	No data	No data	No data	No data	No data	0.030396539880581056	No data	No data	No data	0	0	0	0	0	0.3921999999999997	No data	-0.05637065637065641	-0.8925583938590242	0	No data	No data	0	0.5	0
PIK3C2B	0.046839595710989	No data	0.0770475782687895	No data	No data	No data	No data	No data	No data	No data	No data	No data	No data	No data	No data	No data	No data	No data	No data	No data	No data	No data	0	0	1	1	0	0.6817650000000001	No data	-0.6237175951461666	No data	0	No data	No data	0	-1	0
TEAD4	0.046802075368669295	No data	0.07698586015470955	No data	No data	No data	No data	No data	No data	No data	No data	No data	No data	No data	No data	No data	No data	No data	No data	No data	No data	No data	0	0	1	1	0	0.6082949999999997	1	-0.1381136238279096	No data	0	No data	No data	-0.3548400000000001	0.5	0
ANAPC16	0.0462051643363269	No data	0.07600398683181246	No data	No data	No data	No data	No data	No data	No data	No data	No data	No data	No data	No data	No data	No data	No data	No data	No data	No data	No data	0	0	0	0	0	1	No data	-0.209707666850524	No data	0	No data	No data	No data	-1	-1
RPS26	0.0461630302004195	No data	0.07415732614293645	No data	No data	No data	No data	No data	No data	No data	No data	No data	No data	No data	No data	No data	No data	No data	0.03554706469367951	No data	No data	1	0	0	1	1	0	No data	No data	-0.8713734142305571	0	No data	No data	No data	No data	-1	-1
RAB5B	0.046107735264000506	No data	0.07396606158963731	No data	No data	No data	No data	No data	No data	No data	No data	No data	No data	No data	No data	No data	No data	No data	0.037553236325797865	No data	No data	No data	0	0	0	0	0	1	No data	-0.6503033645890789	-0.05373224667943238	0	No data	No data	-0.6046500000000001	-1	-1
FHIP2A	0.046100013205242	No data	0.07583102120562935	No data	No data	No data	No data	No data	No data	No data	No data	No data	No data	No data	No data	No data	No data	No data	No data	No data	No data	No data	0	0	0	0	0	0.6405250000000002	No data	-0.48108108108108105	-0.1921876287669136	0	No data	No data	0	0.5	-1
TSPO2	0.04605692786865926	No data	0.07576014909855398	No data	No data	No data	No data	No data	No data	No data	No data	No data	No data	No data	No data	No data	No data	No data	No data	No data	No data	No data	1	0	0	0	0	0	No data	0.7620518477661335	-0.031001120182822806	0	No data	No data	0	1	0.5
SHISA4	0.0460419716533206	No data	0.07451968566477046	No data	No data	No data	No data	No data	No data	No data	No data	No data	No data	No data	No data	No data	No data	No data	0.024317231904464845	No data	No data	No data	0	0	0	0	0	0.5939100000000004	No data	0.04004412575841143	-0.05373224667943238	0	No data	No data	0	0.5	0
CRCP	0.0458322759892934	No data	0.07539061381551117	No data	No data	No data	No data	No data	No data	No data	No data	No data	No data	No data	No data	No data	No data	No data	No data	No data	No data	No data	1	0	0	0	0	0.4256749999999997	No data	0.6023166023166022	0	-1	No data	No data	No data	-1	-1
PDIK1L	0.045633443236020046	No data	0.07302807851519427	No data	No data	No data	No data	No data	No data	No data	No data	No data	No data	No data	No data	No data	No data	No data	0.040709410383398204	No data	No data	No data	0	0	0	0	0	0.970675	No data	-0.6271373414230557	-0.7074305818941009	0	No data	No data	-0.19354750000000004	-1	0
ENSA	0.045620690168795774	No data	0.0726221775115864	No data	No data	No data	No data	No data	No data	No data	No data	No data	No data	No data	No data	No data	No data	No data	0.03951550184475537	0.020007837150121572	No data	No data	0	0	0	0	0	0.9173549999999999	No data	-0.3012686155543298	-0.1996424373807193	0	No data	No data	-0.2561975	-1	-1
PRSS23	0.04550826952753299	No data	0.07394575159231348	No data	No data	No data	No data	No data	No data	No data	No data	No data	No data	No data	No data	No data	No data	No data	0.01823792392834863	No data	No data	No data	0	1	0	0	0	0.5300249999999999	No data	-0.02338665195808054	No data	0	No data	No data	0	0.5	-1
ENSG00000285043	0.04543688772091446	No data	0.07474023013708543	No data	No data	No data	No data	No data	No data	No data	No data	No data	No data	No data	No data	No data	No data	No data	No data	No data	No data	No data	No data	No data	No data	No data	No data	No data	No data	No data	No data	No data	No data	No data	No data	1	-1
ZNF230	0.04513862396130791	No data	0.07424960890062506	No data	No data	No data	No data	No data	No data	No data	No data	No data	No data	No data	No data	No data	No data	No data	No data	No data	No data	No data	0	0	0	0	0	No data	No data	0.8094870380584667	No data	0	No data	No data	-0.49894500000000014	-1	0
RFX3	0.04479082343448754	No data	0.07192970240044493	No data	No data	No data	No data	No data	No data	No data	No data	No data	No data	No data	No data	No data	No data	No data	0.03495602086266821	No data	No data	No data	0	0	0	0	0	0.946595	No data	-0.9489244346387203	-0.8461887724427608	0	No data	No data	-0.09545999999999992	0.5	-1
DNAJC15	0.04467609877851198	No data	0.07174098905276412	No data	No data	No data	No data	No data	No data	No data	No data	No data	No data	No data	No data	No data	No data	No data	0.03495602086266821	No data	No data	No data	0	0	0	0	0	0	No data	0.7588527302813017	-0.8585787544054541	0	No data	No data	0	-1	-1
WNT3	0.044120287801638604	No data	0.06427204126108606	No data	No data	No data	No data	No data	No data	No data	No data	No data	No data	No data	No data	No data	No data	No data	0.1660496396461246	No data	No data	No data	0	1	0	1	0	0.9436599999999998	No data	-0.8301158301158301	-0.8013147657624067	0	No data	No data	-0.5774650000000001	0.75	0
ITGB5	0.04397090505576301	No data	0.0446571093833226	No data	No data	No data	No data	No data	No data	No data	No data	No data	No data	No data	No data	No data	No data	No data	0.29804369294485367	0.07001028156243562	No data	0.7	1	0	1	1	0	0.586985	0	-0.6107004964147822	0	0	No data	No data	0	0.5	-1
WNT8A	0.043902228726756316	No data	0.07221583262311285	No data	No data	No data	No data	No data	No data	No data	No data	No data	No data	No data	No data	No data	No data	No data	No data	No data	No data	No data	0	1	0	0	0	0	No data	0.15410921125206833	No data	0	No data	No data	0	No data	No data
DNMT3A	0.04379905576676777	No data	0.05026331182481112	No data	No data	No data	No data	No data	No data	No data	No data	No data	No data	No data	No data	No data	No data	No data	0.2974014649098588	No data	No data	1	0	0	1	1	0	0.7971499999999999	No data	1	-0.8506486852949796	0	No data	255	0	-1	-1
SSRP1	0.04362540263881674	No data	0.06507323595498792	No data	No data	No data	No data	No data	No data	No data	No data	No data	No data	No data	No data	No data	No data	No data	0.13374477547455663	No data	No data	No data	0	0	0	0	0	0.880115	No data	-0.8527302813017099	No data	-1	No data	No data	0	-1	-1
CYP27C1	0.043249954964720186	No data	0.06940353425390011	No data	No data	No data	No data	No data	No data	No data	No data	No data	No data	No data	No data	No data	No data	No data	0.034787151196664985	No data	No data	No data	0	0	0	0	0	No data	No data	-0.0334252619966906	No data	0	No data	No data	0	0.5	0.5
SFTPA2	0.04319471679597636	No data	0.03261995509630777	No data	No data	No data	No data	No data	No data	No data	No data	No data	No data	No data	No data	No data	No data	No data	0.3144852022323915	No data	No data	No data	0	1	0	0	0	0	No data	0.6546056260341975	-0.6785410813733802	0	No data	No data	-0.9193549999999998	1	0
DGKB	0.0430297579175687	No data	0.0637261540941291	No data	No data	No data	No data	No data	No data	No data	No data	No data	No data	No data	No data	No data	No data	No data	0.14109060594569706	No data	No data	No data	1	0	0	0	0	0.7882950000000001	No data	-0.3589630446773304	-0.7192114282072728	0	255	No data	-0.04420999999999999	1	0.5
TOR3A	0.04300334034367448	No data	0.07073722948832628	No data	No data	No data	No data	No data	No data	No data	No data	No data	No data	No data	No data	No data	No data	No data	No data	No data	No data	No data	0	0	0	0	0	0	No data	0.5975730832873689	No data	0	No data	No data	0	-1	-1
PRDX3	0.04287092827997075	No data	0.06558471361506794	No data	No data	No data	No data	No data	No data	No data	No data	No data	No data	No data	No data	No data	No data	No data	0.08149959416200966	0.03868777686707674	No data	No data	0	0	0	0	0	0.3164050000000003	No data	0.07380033094318805	-0.32004258988105494	0	No data	No data	0	-1	-1
CCNH	0.04285386529422434	No data	0.0678480482019991	No data	No data	No data	No data	No data	No data	No data	No data	No data	No data	No data	No data	No data	No data	No data	0.030396539880581056	0.03935655032145855	No data	No data	0	0	1	0	0	0.7523200000000003	No data	0.14881412024269158	No data	-1	No data	No data	0	-1	-1
APOBEC2	0.04284688067835682	No data	0.07047986521934642	No data	No data	No data	No data	No data	No data	No data	No data	No data	No data	No data	No data	No data	No data	No data	No data	No data	No data	No data	0	0	0	0	1	0.53125	No data	0.20926640926640916	0	0	No data	No data	0	0.5	0
P2RX3	0.04272201195594689	No data	0.0590299473333584	No data	No data	No data	No data	No data	No data	No data	No data	No data	No data	No data	No data	No data	No data	No data	0.22489036638586168	No data	No data	1	1	0	1	1	0	0.6851399999999999	0	0.13447324875896305	-0.1250770947412433	0	255	No data	0	0.5	0.5
DGKQ	0.042599090575342974	No data	0.059264610691153144	No data	No data	No data	No data	No data	No data	No data	No data	No data	No data	No data	No data	No data	No data	No data	0.2161531724841319	No data	No data	No data	0	0	0	0	0	0.028659999999999998	No data	0.5044677330391616	0	0	No data	No data	0	-1	-1
OR4C3	0.04255276855928313	No data	0.06999607311631567	No data	No data	No data	No data	No data	No data	No data	No data	No data	No data	No data	No data	No data	No data	No data	No data	No data	No data	No data	1	0	0	0	0	0.254965	No data	0.9349145063430777	No data	0	No data	No data	-0.089405	No data	No data
CDO1	0.04253769960343502	No data	0.06487062516098935	No data	No data	No data	No data	No data	No data	No data	No data	No data	No data	No data	No data	No data	No data	No data	0.07491564992901206	0.06096951768321629	No data	No data	0	0	0	0	0	0.6	No data	0.28516271373414237	-0.80903793605758	0	No data	No data	No data	0.5	0
DHRS2	0.04247737541582844	No data	0.06987205712016793	No data	No data	No data	No data	No data	No data	No data	No data	No data	No data	No data	No data	No data	No data	No data	No data	No data	No data	No data	0	0	0	0	0	0	No data	0.6062879205736349	0	0	No data	No data	0	0.5	0
ASAP1	0.04242065605563321	No data	0.0398604895247214	No data	No data	No data	No data	No data	No data	No data	No data	No data	No data	No data	No data	No data	No data	No data	0.2990681784917169	No data	No data	No data	1	0	0	0	0	0.7298499999999997	No data	-0.7531163816878103	-0.8564889267621045	0	No data	No data	0	-1	-1
CHMP7	0.04239683306936935	No data	0.06973957107607293	No data	No data	No data	No data	No data	No data	No data	No data	No data	No data	No data	No data	No data	No data	No data	No data	No data	No data	No data	0	0	0	0	0	0.7571750000000002	No data	-0.6942084942084943	0	0	No data	No data	0	0.5	0
C8orf90	0.04239182429917417	No data	0.06973133202943331	No data	No data	No data	No data	No data	No data	No data	No data	No data	No data	No data	No data	No data	No data	No data	No data	No data	No data	No data	No data	No data	No data	No data	No data	0	No data	No data	No data	No data	No data	No data	No data	1	0.5
TUG1	0.042300538084986426	No data	0.054652599377584495	No data	No data	No data	No data	No data	No data	No data	No data	No data	No data	No data	No data	No data	No data	No data	0.27959011647171866	No data	No data	No data	0	0	No data	No data	No data	0.5751649999999998	No data	No data	No data	No data	No data	No data	No data	-1	-1
MEI1	0.04217473301936193	No data	0.06709449286751283	No data	No data	No data	No data	No data	No data	No data	No data	No data	No data	No data	No data	No data	No data	No data	0.045594809820871586	No data	No data	No data	No data	No data	0	0	0	0.014914999999999878	No data	-0.19933811362382792	-0.17836588727231234	0	No data	No data	0	0.5	0
COX4I2	0.04207544777222493	No data	0.06753910697262086	No data	No data	No data	No data	No data	No data	No data	No data	No data	No data	No data	No data	No data	No data	No data	0.03343619386863916	No data	No data	No data	0	0	0	0	0	0	No data	0.1990071704357419	-0.24233130695461458	0	No data	No data	0	0.5	0
APOBR	0.04195713719475561	No data	0.06840837395219329	No data	No data	No data	No data	No data	No data	No data	No data	No data	No data	No data	No data	No data	No data	No data	0.012158615952232422	No data	No data	No data	1	0	0	0	0	0	No data	0.037617209045780475	No data	0	No data	No data	No data	0.75	0
KIF1B	0.04182655604932903	No data	0.05508707660178024	No data	No data	No data	No data	No data	No data	No data	No data	No data	No data	No data	No data	No data	No data	No data	0.25531363239724125	0.04269377067152734	No data	No data	0	0	0	0	0	0.8430599999999998	No data	-0.8187534473248759	-0.8822951430880649	0	No data	No data	-0.262115	0.5	-1
NUP85	0.04177481760719216	No data	0.06871640287235484	No data	No data	No data	No data	No data	No data	No data	No data	No data	No data	No data	No data	No data	No data	No data	No data	No data	No data	No data	0	0	0	0	0	0.5807949999999998	No data	-0.8446773303916161	-0.022023425318627998	-1	No data	No data	No data	-1	-1
BLMH	0.04171731460644566	No data	No data	No data	0	No data	No data	No data	No data	No data	No data	No data	No data	No data	No data	No data	No data	No data	0.34310907401254026	No data	No data	No data	0	0	0	0	1	0.6593400000000003	No data	-0.4040816326530612	-0.6639329821523468	0	255	No data	No data	0.5	-1
ZBTB24	0.04162961484066229	No data	0.06786962454949802	No data	No data	No data	No data	No data	No data	No data	No data	No data	No data	No data	No data	No data	No data	No data	0.012158615952232422	No data	No data	No data	0	0	0	0	0	0.11047500000000028	No data	-0.3467181467181467	-0.807905548716838	0	No data	No data	0	0.5	-1
SDS	0.04148596099134179	No data	0.057751459272560264	No data	No data	No data	No data	No data	No data	No data	No data	No data	No data	No data	No data	No data	No data	No data	0.20979592800999025	No data	No data	No data	0	0	0	0	1	0.17683000000000035	No data	0.010479867622724681	No data	0	No data	No data	-0.0015249999999999986	1	0
TMEM116	0.04135914199909743	No data	0.06803264806057725	No data	No data	No data	No data	No data	No data	No data	No data	No data	No data	No data	No data	No data	No data	No data	No data	No data	No data	No data	0	0	0	0	0	0	No data	0.23232211803640368	-0.2500182781049823	0	No data	No data	0	0.5	-1
ZNF383	0.04135110703954299	No data	0.0680194311622296	No data	No data	No data	No data	No data	No data	No data	No data	No data	No data	No data	No data	No data	No data	No data	No data	No data	No data	No data	0	0	0	0	0	0.1894750000000002	No data	-0.13623827909542197	0	0	No data	No data	-0.1894725000000001	-1	-1
PKD2L2	0.041229456430168086	No data	0.06781932514711597	No data	No data	No data	No data	No data	No data	No data	No data	No data	No data	No data	No data	No data	No data	No data	No data	No data	No data	No data	1	0	0	0	0	0.0625	No data	0.2490899062327634	-0.23763370379005083	0	No data	No data	0	0.5	0.5
PRKD1	0.04119924214054416	No data	0.06450199689778688	No data	No data	No data	No data	No data	No data	No data	No data	No data	No data	No data	No data	No data	No data	No data	0.06535256074324927	No data	No data	1	1	0	1	1	0	0.6655700000000003	0	-0.34704908990623273	-0.7703862422732768	0	No data	No data	-0.21600999999999998	-1	0
MATR3	0.04080714261431296	No data	0.06320206195087627	No data	No data	No data	No data	No data	No data	No data	No data	No data	No data	No data	No data	No data	No data	No data	0.07845178073511967	No data	No data	No data	0	0	0	0	0	0.9173549999999999	No data	-0.9887479316050745	-0.9561643666245597	0	No data	No data	0	-1	-1
ABHD3	0.04078017971163611	No data	0.06556047206607661	No data	No data	No data	No data	No data	No data	No data	No data	No data	No data	No data	No data	No data	No data	No data	0.030396539880581056	No data	No data	No data	1	0	0	0	0	0.6210250000000002	No data	0.4028681742967457	-0.7519044094147354	0	No data	No data	0	0.5	-1
CBLC	0.040761302238082754	No data	0.06511991111544863	No data	No data	No data	No data	No data	No data	No data	No data	No data	No data	No data	No data	No data	No data	No data	0.03858671868173762	No data	No data	No data	0	0	0	0	0	0	No data	0.16315499172642034	No data	0	No data	No data	0	0.5	0
ENSG00000292259	0.04074387557251585	No data	0.06702058150793873	No data	No data	No data	No data	No data	No data	No data	No data	No data	No data	No data	No data	No data	No data	No data	No data	No data	No data	No data	No data	No data	No data	No data	No data	No data	No data	No data	No data	No data	No data	No data	No data	No data	No data
BCL10	0.04072874780029649	No data	0.06373651291747424	No data	No data	No data	No data	No data	No data	No data	No data	No data	No data	No data	No data	No data	No data	No data	0.06518369107724603	No data	No data	No data	0	0	0	0	0	0.5278950000000002	No data	-0.5233314947600662	-0.6623940388953289	0	No data	255	No data	-1	-1
PSG3	0.04064977182242221	No data	0.06686578798462431	No data	No data	No data	No data	No data	No data	No data	No data	No data	No data	No data	No data	No data	No data	No data	No data	No data	No data	No data	0	1	0	0	0	No data	No data	0.751130722559294	-0.8095897995849191	0	No data	No data	-0.719625	1	1
TECTA	0.040573290712174144	No data	0.06108040511392855	No data	No data	No data	No data	No data	No data	No data	No data	No data	No data	No data	No data	No data	No data	No data	0.11319154503571231	No data	No data	No data	1	1	0	0	0	0.7935049999999997	No data	-0.49012686155543295	-0.30959322913500953	0	No data	No data	0	-1	0.5
OR5D14	0.04053745586448307	No data	0.06668103676231349	No data	No data	No data	No data	No data	No data	No data	No data	No data	No data	No data	No data	No data	No data	No data	No data	No data	No data	No data	1	0	0	0	0	0.07643500000000003	No data	0.9569773855488142	No data	0	No data	No data	-0.26751499999999984	No data	No data
KCTD10	0.04047897523699254	No data	0.066584840570707	No data	No data	No data	No data	No data	No data	No data	No data	No data	No data	No data	No data	No data	No data	No data	No data	No data	No data	No data	0	0	0	0	0	0.9201300000000003	No data	-0.6068394925537783	-0.9127977939682349	0	No data	No data	-0.2811499999999999	-1	-1
ATF7	0.04035492162950111	No data	0.06486095481212976	No data	No data	No data	No data	No data	No data	No data	No data	No data	No data	No data	No data	No data	No data	No data	0.030396539880581056	No data	No data	No data	0	0	0	0	0	0.8757750000000002	No data	-0.8052950910093767	-0.13173594722701215	0	No data	No data	0	-1	-1
ZYX	0.040169972795821456	No data	0.060254070507159266	No data	No data	No data	No data	No data	No data	No data	No data	No data	No data	No data	No data	No data	No data	No data	0.11644969022670228	No data	No data	No data	1	0	0	0	0	0.36188999999999966	No data	-0.18179812465526757	No data	0	No data	No data	0	-1	-1
PREB	0.04015687118820907	No data	0.06544707307120609	No data	No data	No data	No data	No data	No data	No data	No data	No data	No data	No data	No data	No data	No data	No data	0.012158615952232422	No data	No data	No data	0	0	0	0	0	0.42445999999999984	No data	-0.2372862658576944	No data	-1	No data	No data	No data	-1	-1
NSMCE4A	0.04005318384061268	No data	0.06436461906129452	No data	No data	No data	No data	No data	No data	No data	No data	No data	No data	No data	No data	No data	No data	No data	0.030396539880581056	No data	No data	No data	0	0	0	0	0	0.36363500000000004	No data	0.459238830667402	No data	0	No data	No data	0	-1	-1
PYGB	0.03986523809638949	No data	0.061126619378675855	No data	No data	No data	No data	No data	No data	No data	No data	No data	No data	No data	No data	No data	No data	No data	0.07792490737718959	0.024859117342998647	No data	No data	0	0	0	1	0	0.780545	No data	0.09586321014892452	No data	0	No data	No data	-0.5877825000000001	-1	-1
RB1CC1	0.03962882203317726	No data	0.0542319641140983	No data	No data	No data	No data	No data	No data	No data	No data	No data	No data	No data	No data	No data	No data	No data	0.21283940574741708	0.014061091667915757	No data	No data	0	0	0	0	0	0.4604750000000003	No data	-0.8924434638720353	-0.9491908021079021	0	No data	No data	No data	-1	-1
ERP29	0.03959808472273914	No data	0.0643759290664947	No data	No data	No data	No data	No data	No data	No data	No data	No data	No data	No data	No data	No data	No data	No data	0.015198269940290528	No data	No data	No data	0	0	0	0	0	0.42528500000000025	No data	-0.012355212355212308	No data	0	No data	No data	No data	-1	-1
OR2AE1	0.03935964952836433	No data	0.06322380777985748	No data	No data	No data	No data	No data	No data	No data	No data	No data	No data	No data	No data	No data	No data	No data	0.030396539880581056	No data	No data	No data	1	0	0	0	0	No data	No data	0.9352454495311637	No data	0	No data	No data	0	No data	No data
MSX2	0.03933029833441443	No data	0.04128420946647209	No data	No data	No data	No data	No data	No data	No data	No data	No data	No data	No data	No data	No data	No data	No data	0.27187150960974066	No data	No data	No data	0	0	0	0	0	0.62547	No data	0.08008825151682286	-0.32840498485950165	0	No data	No data	0	0.5	0
PBX3	0.03931796763872664	No data	0.06467507123046771	No data	No data	No data	No data	No data	No data	No data	No data	No data	No data	No data	No data	No data	No data	No data	No data	No data	No data	No data	0	0	0	0	0	0.9884799999999998	No data	-0.8411472697186984	-0.672266853279679	0	No data	No data	-0.6025349999999999	0.5	-1
PARP12	0.0392157518287127	No data	0.06450693398455828	No data	No data	No data	No data	No data	No data	No data	No data	No data	No data	No data	No data	No data	No data	No data	No data	No data	No data	No data	0	0	1	1	1	0.06561999999999983	No data	0.09762824048538343	-0.241043657495503	0	No data	No data	0	-1	-1
MAP2K3	0.03912193257894304	No data	0.05868192801034849	No data	No data	No data	No data	No data	No data	No data	No data	No data	No data	No data	No data	No data	No data	No data	0.11341360864650654	No data	No data	No data	0	0	1	1	0	0.8270899999999998	No data	0.042801985659128405	-0.41150697651247986	0	No data	No data	-0.40922249999999993	0.5	-1
MED13	0.03904732332594815	No data	0.06422988188680924	No data	No data	No data	No data	No data	No data	No data	No data	No data	No data	No data	No data	No data	No data	No data	No data	No data	No data	No data	0	0	0	0	0	0.6826149999999999	No data	-0.9868725868725868	No data	0	No data	No data	0	-1	-1
FAM120B	0.0389719136609865	No data	0.06410583871403708	No data	No data	No data	No data	No data	No data	No data	No data	No data	No data	No data	No data	No data	No data	No data	No data	No data	No data	No data	0	0	0	0	0	0	No data	0.050303364589078914	-0.8774903903289888	0	No data	No data	0	-1	-1
TAOK2	0.038958046347295106	No data	0.051691118640186995	No data	No data	No data	No data	No data	No data	No data	No data	No data	No data	No data	No data	No data	No data	No data	0.2478381879163176	No data	No data	No data	0	0	1	1	0	0	1	-0.7320463320463321	-0.22574289577974915	0	No data	No data	0	-1	-1
EXD3	0.038855591237608116	No data	0.06391449716030205	No data	No data	No data	No data	No data	No data	No data	No data	No data	No data	No data	No data	No data	No data	No data	No data	No data	No data	No data	0	0	0	0	0	No data	No data	0.5823496966354109	No data	0	No data	No data	0	-1	0
CDKL2	0.03885403662988865	No data	0.06094827731029306	No data	No data	No data	No data	No data	No data	No data	No data	No data	No data	No data	No data	No data	No data	No data	0.05927325276713306	No data	No data	No data	0	0	1	1	0	0.2543849999999999	1	0.41853281853281854	-0.1528751614675486	0	No data	No data	0	0.5	0.5
SERPINF2	0.03878882427612071	No data	0.055078402729149746	No data	No data	No data	No data	No data	No data	No data	No data	No data	No data	No data	No data	No data	No data	No data	0.17452535698655988	No data	No data	No data	0	1	0	0	0	0	No data	-0.6547159404302261	-0.1250770947412433	0	No data	No data	0	1	0
GORAB	0.03878857518653084	No data	0.0595552941307724	No data	No data	No data	No data	No data	No data	No data	No data	No data	No data	No data	No data	No data	No data	No data	0.08497933428488301	No data	No data	No data	0	0	0	0	0	0	No data	-0.28339768339768345	-0.582520801688793	0	No data	No data	No data	-1	0
UBR1	0.038550200345271415	No data	0.055205086563929	No data	No data	No data	No data	No data	No data	No data	No data	No data	No data	No data	No data	No data	No data	No data	0.1641413153551377	No data	No data	No data	0	0	0	0	0	0.62836	No data	-0.7199117484831771	-0.303680074852867	0	No data	No data	0	-1	-1
UBE2D1	0.03851464570638146	No data	0.06280542817619894	No data	No data	No data	No data	No data	No data	No data	No data	No data	No data	No data	No data	No data	No data	No data	No data	0.010964789485739474	No data	No data	1	0	0	0	0	1	No data	-0.3856591285162714	-0.05901705023956677	0	No data	No data	-0.7619050000000002	0.5	-1
MFSD6L	0.038434926134409665	No data	0.06322253500794668	No data	No data	No data	No data	No data	No data	No data	No data	No data	No data	No data	No data	No data	No data	No data	No data	No data	No data	No data	0	0	0	0	0	0	No data	0.9149476006618864	0	0	No data	No data	0	0.5	0
USO1	0.03842775588140342	No data	0.059466657570194786	No data	No data	No data	No data	No data	No data	No data	No data	No data	No data	No data	No data	No data	No data	No data	0.05522038078305557	0.044237874458853285	No data	No data	0	0	0	0	0	0.6153849999999998	No data	-0.5060121345835631	0	No data	No data	No data	No data	0.5	-1
LIFR	0.038326499594118324	No data	0.052647277025850224	No data	No data	No data	No data	No data	No data	No data	No data	No data	No data	No data	No data	No data	No data	No data	0.17652780196688306	0.07067315061614575	No data	No data	1	1	0	0	0	0	No data	-0.28924434638720353	-0.8987547283976984	0	No data	No data	0	-1	0
GINS1	0.03820259244270075	No data	0.06284036372690338	No data	No data	No data	No data	No data	No data	No data	No data	No data	No data	No data	No data	No data	No data	No data	No data	No data	No data	No data	0	0	0	0	0	0.668365	No data	0.9186982901268617	-0.42339778452278154	-1	No data	No data	No data	0.5	0
L3MBTL2	0.038139824023997994	No data	0.06099775688450481	No data	No data	No data	No data	No data	No data	No data	No data	No data	No data	No data	No data	No data	No data	No data	0.034787151196664985	No data	No data	No data	0	0	0	0	1	0.5531900000000001	No data	-0.505019305019305	0	0	No data	No data	0	-1	-1
OR5B12	0.03780036534127632	No data	0.062178730687411615	No data	No data	No data	No data	No data	No data	No data	No data	No data	No data	No data	No data	No data	No data	No data	No data	No data	No data	No data	1	0	0	0	0	0.06051000000000002	No data	No data	No data	0	No data	No data	-0.3471350000000001	No data	No data
ABRAXAS1	0.037658401539086755	No data	0.06194521101256162	No data	No data	No data	No data	No data	No data	No data	No data	No data	No data	No data	No data	No data	No data	No data	No data	No data	No data	No data	0	0	0	0	0	0	No data	0.5580805295091009	-0.7458480935595143	0	No data	No data	0	-1	-1
BAG2	0.03763484948426402	No data	0.04247512991392018	No data	No data	No data	No data	No data	No data	No data	No data	No data	No data	No data	No data	No data	No data	No data	0.2564384359613937	No data	No data	No data	0	0	0	0	0	0.6682450000000003	No data	0.05813568670711522	-0.05373224667943238	0	No data	No data	No data	-1	0
KIAA1328	0.037630086429731584	No data	0.06189863480772644	No data	No data	No data	No data	No data	No data	No data	No data	No data	No data	No data	No data	No data	No data	No data	No data	No data	No data	No data	1	0	0	0	0	0	No data	0.2145615002757859	No data	0	No data	No data	No data	-1	-1
SLC3A2	0.03759523920985394	No data	0.05633710167792562	No data	No data	No data	No data	No data	No data	No data	No data	No data	No data	No data	No data	No data	No data	No data	0.11008424198319168	No data	No data	No data	1	0	0	0	0	0	No data	-0.10512961941533372	No data	0	No data	No data	0	-1	-1
ORC6	0.03756462821913243	No data	0.06179096102173579	No data	No data	No data	No data	No data	No data	No data	No data	No data	No data	No data	No data	No data	No data	No data	No data	No data	No data	No data	0	0	0	0	0	0	No data	0.8387203530060674	-0.6830401834321711	-1	No data	No data	No data	0.5	0
PHIP	0.03743404755901301	No data	0.058080563664967076	No data	No data	No data	No data	No data	No data	No data	No data	No data	No data	No data	No data	No data	No data	No data	0.06991204172533642	No data	No data	No data	0	0	0	0	0	0.7446449999999999	No data	-0.9264202978488693	-0.8744092132837167	0	No data	No data	0	-1	-1
TRPM4	0.03720484621530042	No data	0.05254457656213021	No data	No data	No data	No data	No data	No data	No data	No data	No data	No data	No data	No data	No data	No data	No data	0.1730914076533088	No data	No data	No data	1	0	1	1	0	0.12273500000000012	No data	0.20882515168229454	-0.49110258931613276	0	No data	No data	0	-1	-1
CERS2	0.0371354892651502	No data	0.055750150002366786	No data	No data	No data	No data	No data	No data	No data	No data	No data	No data	No data	No data	No data	No data	No data	0.10669820051840212	No data	No data	No data	0	0	0	1	0	0.6184199999999997	No data	-0.6875896304467732	-0.7362167516629933	0	No data	No data	0	0.5	-1
BYSL	0.03702438110937459	No data	0.059762425303301114	No data	No data	No data	No data	No data	No data	No data	No data	No data	No data	No data	No data	No data	No data	No data	0.02279740491043579	No data	No data	No data	0	0	0	0	0	0.5308950000000003	No data	-0.5290678433535576	-0.668777685007842	-1	No data	No data	No data	-1	-1
HMGN1	0.03698876104327473	No data	0.055717411228803755	No data	No data	No data	No data	No data	No data	No data	No data	No data	No data	No data	No data	No data	No data	No data	0.10252584032053985	No data	No data	No data	0	0	0	0	0	0	No data	-0.12873690016547157	-0.68741229719008	0	No data	No data	0	-1	-1
PSG7	0.03686204218625509	No data	0.0606352603471893	No data	No data	No data	No data	No data	No data	No data	No data	No data	No data	No data	No data	No data	No data	No data	No data	No data	No data	No data	0	1	0	0	0	No data	No data	0.7342526199669057	-0.8095897995849191	No data	No data	No data	-0.7553699999999999	0.75	0.5
ARHGAP35	0.036860397861245627	No data	0.05972065936099	No data	No data	No data	No data	No data	No data	No data	No data	No data	No data	No data	No data	No data	No data	No data	0.01823792392834863	No data	No data	No data	0	0	0	0	0	0.8899250000000002	No data	-0.9537782680639824	-0.8681742762973595	0	No data	No data	0	-1	-1
PRR5	0.036712021335256265	No data	0.059780556641233155	No data	No data	No data	No data	No data	No data	No data	No data	No data	No data	No data	No data	No data	No data	No data	0.012158615952232422	No data	No data	No data	No data	No data	0	0	0	0.4329900000000002	No data	0.40330943188086055	-0.1165157129738259	0	No data	No data	0	-1	0
TLCD3B	0.03671051181182275	No data	0.05853265980303401	No data	No data	No data	No data	No data	No data	No data	No data	No data	No data	No data	No data	No data	No data	No data	0.03706689168770857	No data	No data	No data	0	0	0	0	0	0.7627749999999999	No data	-0.5149476006618864	-0.20044682071092418	0	No data	No data	0	0.5	0.5
PVRIG	0.036678689349153165	No data	0.053021602314766485	No data	No data	No data	No data	No data	No data	No data	No data	No data	No data	No data	No data	No data	No data	No data	0.14624113075879552	No data	No data	No data	1	0	0	0	0	0	No data	0.45846662989520137	0	0	No data	No data	No data	1	0.5
TRIP4	0.036550052766459465	No data	0.05491526598213539	No data	No data	No data	No data	No data	No data	No data	No data	No data	No data	No data	No data	No data	No data	No data	0.1041359091962892	No data	No data	No data	0	0	0	0	0	0.4320149999999998	No data	-0.2839492553778268	0	0	No data	No data	No data	-1	-1
GSDMA	0.036541459564009636	No data	0.053662650067794374	No data	No data	No data	No data	No data	No data	No data	No data	No data	No data	No data	No data	No data	No data	No data	0.1289055241726805	No data	No data	No data	1	0	0	0	0	0.4269649999999999	No data	0.4439051296194154	-0.5887033572172734	0	No data	No data	0	1	0.5
R3HCC1	0.03636677570644376	No data	0.05690143334308409	No data	No data	No data	No data	No data	No data	No data	No data	No data	No data	No data	No data	No data	No data	No data	0.030396539880581056	0.04487345175845342	No data	No data	0	0	0	0	0	0	No data	0.32289023717595144	No data	0	No data	No data	0	-1	-1
MDH2	0.03634201753272728	No data	0.033647129587410535	No data	No data	No data	No data	No data	No data	No data	No data	No data	No data	No data	No data	No data	No data	No data	0.2521787574724647	0.041954642454393586	No data	No data	0	0	0	1	1	0.7485199999999999	No data	0.026585769442912355	-0.7922594541308803	0	No data	No data	0	0.5	-1
OR5B2	0.03625533234175306	No data	0.057813476329508943	No data	No data	No data	No data	No data	No data	No data	No data	No data	No data	No data	No data	No data	No data	No data	0.03647584785669726	No data	No data	No data	1	0	0	0	0	0	No data	No data	No data	0	No data	No data	-0.41747499999999993	No data	No data
POR	0.0361585996753971	No data	0.03763317944577016	No data	No data	No data	No data	No data	No data	No data	No data	No data	No data	No data	No data	No data	No data	No data	0.2503492798497856	No data	No data	No data	0	0	0	1	0	0.6085650000000001	No data	-0.141092112520684	-0.9450448001417313	0	255	No data	0	0.5	-1
MS4A2	0.036130985315007365	No data	0.048169864738925997	No data	No data	No data	No data	No data	No data	No data	No data	No data	No data	No data	No data	No data	No data	No data	0.22525725132953167	No data	No data	No data	0	0	0	0	0	0	No data	0.3599558742415885	0	0	No data	No data	0	0.5	0
DEAF1	0.03608594045890299	No data	0.05783880494347747	No data	No data	No data	No data	No data	No data	No data	No data	No data	No data	No data	No data	No data	No data	No data	0.030396539880581056	No data	No data	No data	0	0	0	0	0	0.6814149999999998	No data	0.3617209045780474	-0.6015896165625925	0	No data	No data	No data	1	0
GOLGA5	0.036082668517536706	No data	0.05732713704702644	No data	No data	No data	No data	No data	No data	No data	No data	No data	No data	No data	No data	No data	No data	No data	0.01823792392834863	0.03241651193946928	No data	No data	0	0	0	0	0	0.18604500000000002	No data	-0.35311638168781023	-0.1528751614675486	0	No data	No data	No data	-1	-1
WDR18	0.035983884700987775	No data	0.0576709309711172	No data	No data	No data	No data	No data	No data	No data	No data	No data	No data	No data	No data	No data	No data	No data	0.030396539880581056	No data	No data	No data	0	0	0	0	0	0.1666649999999997	No data	0.41720904578047424	No data	-1	No data	No data	No data	-1	-1
IL1RAP	0.03591186603148424	No data	0.041235259836436715	No data	No data	No data	No data	No data	No data	No data	No data	No data	No data	No data	No data	No data	No data	No data	0.2438173888165236	No data	No data	1	0	1	0	0	0	0.4561399999999999	No data	-0.34903474903474907	0	0	No data	No data	0	1	-1
RIPOR1	0.035903690834414366	No data	0.05905884514400203	No data	No data	No data	No data	No data	No data	No data	No data	No data	No data	No data	No data	No data	No data	No data	No data	No data	No data	No data	0	0	0	0	0	0.03609500000000025	No data	-0.556977385548814	No data	0	No data	No data	0	-1	-1
MOGAT2	0.035792903115869586	No data	0.058876607759450965	No data	No data	No data	No data	No data	No data	No data	No data	No data	No data	No data	No data	No data	No data	No data	No data	No data	No data	No data	0	0	1	1	0	0.05688499999999976	No data	0.14561500275786	-0.7001685327501866	0	No data	No data	0	0.75	0.5
SUOX	0.035791803329327285	No data	0.05302557563791228	No data	No data	No data	No data	No data	No data	No data	No data	No data	No data	No data	No data	No data	No data	No data	0.11698446112373624	No data	No data	No data	0	0	0	0	0	0.2844050000000003	No data	0.2807501378929951	0	0	No data	No data	No data	-1	-1
CACNA1G	0.035659880838035125	No data	0.053188037498753296	No data	No data	No data	No data	No data	No data	No data	No data	No data	No data	No data	No data	No data	No data	No data	0.1093951742890829	No data	No data	1	0	0	1	1	0	0.7370649999999997	0	-0.7887479316050745	-0.9061972641409027	0	No data	No data	0	0.5	0.5
HNRNPA0	0.03564556356777211	No data	0.0580263145931679	No data	No data	No data	No data	No data	No data	No data	No data	No data	No data	No data	No data	No data	No data	No data	0.012158615952232422	No data	No data	No data	0	0	0	0	0	0.6393450000000002	No data	0.5598455598455598	No data	0	No data	No data	0	-1	-1
KCNAB2	0.03556168074883391	No data	0.05758436832669138	No data	No data	No data	No data	No data	No data	No data	No data	No data	No data	No data	No data	No data	No data	No data	0.01823792392834863	No data	No data	No data	0	0	0	0	1	0.903615	No data	-0.5420849420849421	-0.6888081072289776	0	No data	No data	-0.23493999999999993	0.5	-1
CELSR3	0.03555395053643025	No data	0.05659220865144764	No data	No data	No data	No data	No data	No data	No data	No data	No data	No data	No data	No data	No data	No data	No data	0.03782680518472309	No data	No data	No data	1	0	0	0	0	0.616545	No data	-0.8503033645890788	-0.7045662258724222	0	No data	No data	0	0.5	0.5
RNF4	0.03548024182975631	No data	0.03891135950482475	No data	No data	No data	No data	No data	No data	No data	No data	No data	No data	No data	No data	No data	No data	No data	0.24317231904464845	No data	No data	No data	0	0	0	1	0	0.394735	No data	-0.5896304467733039	-0.7605040963764509	0	No data	No data	No data	-1	-1
EAPP	0.0353895528538968	No data	0.054899037007913425	No data	No data	No data	No data	No data	No data	No data	No data	No data	No data	No data	No data	No data	No data	No data	No data	0.06628180396457585	No data	No data	0	0	0	0	0	0.33333500000000027	No data	0.6393822393822395	No data	-1	No data	No data	No data	-1	-1
TMEM175	0.035211708812508936	No data	0.04659206805733021	No data	No data	No data	No data	No data	No data	No data	No data	No data	No data	No data	No data	No data	No data	No data	0.22657038409957334	No data	No data	No data	0	0	0	0	0	0.047619999999999864	No data	0.5059018201875345	-0.693636799699652	0	No data	No data	No data	-1	-1
IER3IP1	0.035206211789605125	No data	0.05643424905138715	No data	No data	No data	No data	No data	No data	No data	No data	No data	No data	No data	No data	No data	No data	No data	No data	0.029545920513019318	No data	No data	0	0	0	0	0	0.8780500000000003	No data	0.9357970215113072	-0.6463701179128734	0	No data	No data	No data	-1	-1
SACK1G	0.03511943417383139	No data	0.05776880248838385	No data	No data	No data	No data	No data	No data	No data	No data	No data	No data	No data	No data	No data	No data	No data	No data	No data	No data	No data	0	0	0	0	0	0.0036450000000002093	No data	-0.18422504136789852	-0.17435141675146093	No data	No data	No data	0	0.5	0
HINT1	0.03504614118303312	No data	0.050499866222722435	No data	No data	No data	No data	No data	No data	No data	No data	No data	No data	No data	No data	No data	No data	No data	0.12903837788304667	0.03134051851545248	No data	No data	1	0	1	1	0	0.7222200000000001	No data	0.8356315499172642	-0.6440766383526799	0	No data	No data	0	-1	-1
IQCF2	0.03485101751090882	No data	0.05732727745958599	No data	No data	No data	No data	No data	No data	No data	No data	No data	No data	No data	No data	No data	No data	No data	No data	No data	No data	No data	No data	No data	0	0	0	No data	No data	0.41423055708769985	No data	0	No data	No data	0	1	1
EEF1AKMT2	0.03482093735389278	No data	0.05727779788537423	No data	No data	No data	No data	No data	No data	No data	No data	No data	No data	No data	No data	No data	No data	No data	No data	No data	No data	No data	0	0	0	0	0	0	No data	0.736238279095422	0	0	No data	No data	No data	-1	-1
CLTA	0.03478770914079698	No data	0.038515717676939114	No data	No data	No data	No data	No data	No data	No data	No data	No data	No data	No data	No data	No data	No data	No data	0.23797105289359072	No data	No data	No data	1	0	0	0	0	0.9541299999999999	No data	-0.6359624931053502	-0.7608742520901243	0	No data	No data	0	-1	-1
TBX4	0.034499116808686156	No data	0.0533509387150226	No data	No data	No data	No data	No data	No data	No data	No data	No data	No data	No data	No data	No data	No data	No data	0.06794977620637892	No data	No data	No data	0	0	0	0	0	0.6886450000000004	No data	-0.8151130722559294	-0.8963679522198783	0	No data	No data	0	0.5	0.5
LANCL2	0.034483074517789786	No data	0.03375402883960494	No data	No data	No data	No data	No data	No data	No data	No data	No data	No data	No data	No data	No data	No data	No data	0.24141765982528346	No data	No data	No data	0	0	0	1	0	0.45555499999999965	No data	-0.2126861555432984	-0.7009496143031487	0	No data	No data	0	-1	-1
CSRP3	0.034464399495447766	No data	0.054608903894938866	No data	No data	No data	No data	No data	No data	No data	No data	No data	No data	No data	No data	No data	No data	No data	0.04164832572637613	No data	No data	No data	0	0	0	0	0	0.8969050000000003	No data	0.519580805295091	-0.9587088044349745	0	No data	No data	-0.16236999999999996	0.5	0.5
ITPKC	0.034364750261742516	No data	0.05591947396087631	No data	No data	No data	No data	No data	No data	No data	No data	No data	No data	No data	No data	No data	No data	No data	0.012158615952232422	No data	No data	No data	0	0	0	0	0	0	No data	-0.427027027027027	No data	0	No data	No data	0	0.5	-1
MZT2A	0.03435421370445052	No data	0.05408877953885278	No data	No data	No data	No data	No data	No data	No data	No data	No data	No data	No data	No data	No data	No data	No data	No data	0.04842586765926608	No data	No data	0	0	0	0	0	0	No data	0.6821842250413679	No data	0	No data	No data	-0.9050625	0.5	0
CRIP1	0.03434458550181789	No data	0.03346552179465876	No data	No data	No data	No data	No data	No data	No data	No data	No data	No data	No data	No data	No data	No data	No data	0.24063927405460003	No data	No data	No data	1	0	0	0	0	0.8701300000000003	No data	0.6457804743519029	No data	0	No data	No data	-0.18831249999999997	0.5	0
REG1B	0.03421424371698908	No data	0.05476000592676825	No data	No data	No data	No data	No data	No data	No data	No data	No data	No data	No data	No data	No data	No data	No data	0.030396539880581056	No data	No data	No data	0	1	0	0	0	0	No data	0.6208494208494209	-0.8859364002996867	0	No data	No data	-0.668675	1	0
CSNK1G1	0.034209110154344614	No data	0.0562713886000545	No data	No data	No data	No data	No data	No data	No data	No data	No data	No data	No data	No data	No data	No data	No data	No data	No data	No data	No data	0	0	1	1	0	0.8815150000000003	No data	-0.5012686155543298	-0.16840601274630995	0	No data	No data	-0.5319900000000001	0.5	-1
ASPG	0.03416399771941947	No data	0.05445782451029651	No data	No data	No data	No data	No data	No data	No data	No data	No data	No data	No data	No data	No data	No data	No data	0.034787151196664985	No data	No data	No data	No data	No data	0	0	0	0	No data	0.42338665195808045	0	0	No data	No data	No data	0.5	0
PLEKHG7	0.03413626132296267	No data	0.056151557804068934	No data	No data	No data	No data	No data	No data	No data	No data	No data	No data	No data	No data	No data	No data	No data	No data	No data	No data	No data	0	0	0	0	0	No data	No data	0.36238279095421944	No data	0	No data	No data	0	0.5	0.5
DNAJB4	0.03408393306097318	No data	0.047062684530220764	No data	No data	No data	No data	No data	No data	No data	No data	No data	No data	No data	No data	No data	No data	No data	0.16686518306776976	0.029679214632039357	No data	No data	1	0	0	0	0	0.7032649999999997	No data	-0.5472697186982901	-0.5442787338286131	0	No data	No data	-0.16914000000000015	-1	-1
DMRTA1	0.0340452250659957	No data	0.056001810074023634	No data	No data	No data	No data	No data	No data	No data	No data	No data	No data	No data	No data	No data	No data	No data	No data	No data	No data	No data	0	0	0	0	0	0	No data	0.48736900165471586	-0.05901705023956677	0	No data	No data	0	0.5	0
SUPT4H1	0.03403451427246467	No data	0.055984191631968855	No data	No data	No data	No data	No data	No data	No data	No data	No data	No data	No data	No data	No data	No data	No data	No data	No data	No data	No data	0	0	0	0	0	1	No data	0.14539437396580257	0	0	No data	No data	No data	-1	-1
SDSL	0.03402931754779311	No data	0.05536771261687595	No data	No data	No data	No data	No data	No data	No data	No data	No data	No data	No data	No data	No data	No data	No data	0.012158615952232422	No data	No data	No data	0	0	0	0	1	0.027355000000000018	No data	0.4510755653612797	0	0	No data	No data	0	0.5	-1
OR9G4	0.03395057335258768	No data	0.05584611519266562	No data	No data	No data	No data	No data	No data	No data	No data	No data	No data	No data	No data	No data	No data	No data	No data	No data	No data	No data	1	0	No data	No data	No data	0.3589750000000002	No data	0.7365692222835081	-0.8208685988533112	0	No data	No data	0	No data	No data
PAX5	0.03394904312054049	No data	0.05213581125554339	No data	No data	No data	No data	No data	No data	No data	No data	No data	No data	No data	No data	No data	No data	No data	0.07415573643199753	No data	No data	No data	0	0	0	0	0	0.9616349999999997	No data	-0.8370656370656371	-0.8623418581260767	0	No data	255	-0.2902825	1	0.5
CEP128	0.033872148512604734	No data	0.055717112285935025	No data	No data	No data	No data	No data	No data	No data	No data	No data	No data	No data	No data	No data	No data	No data	No data	No data	No data	No data	0	0	0	0	0	0	No data	-0.020077220077220126	-0.2788869165908636	0	No data	No data	No data	0.5	0
CCDC107	0.0338089592556289	No data	0.055613170756366063	No data	No data	No data	No data	No data	No data	No data	No data	No data	No data	No data	No data	No data	No data	No data	No data	No data	No data	No data	1	0	0	0	0	0	No data	0.677330391616106	No data	0	No data	No data	No data	-1	-1
UNC5CL	0.033766855577450024	No data	0.05397021698534061	No data	No data	No data	No data	No data	No data	No data	No data	No data	No data	No data	No data	No data	No data	No data	0.03147392834968165	No data	No data	No data	0	0	0	0	0	0.19883999999999985	No data	0.023827909542195158	-0.11836215862585653	0	No data	No data	0	0.75	0
FRRS1L	0.03376478550419591	No data	0.05493257749189714	No data	No data	No data	No data	No data	No data	No data	No data	No data	No data	No data	No data	No data	No data	No data	0.012158615952232422	No data	No data	No data	1	0	0	0	0	0.6416400000000003	No data	0.6144511858797572	-0.8066178554033734	0	No data	No data	0	0.5	0
TRIB3	0.0337163893398099	No data	0.04648724668454533	No data	No data	No data	No data	No data	No data	No data	No data	No data	No data	No data	No data	No data	No data	No data	0.1794730717883864	No data	No data	No data	0	0	0	0	0	0	No data	0.7755102040816326	0	0	No data	No data	0	0.5	0
C1orf52	0.03371245213739813	No data	0.04548966980216526	No data	No data	No data	No data	No data	No data	No data	No data	No data	No data	No data	No data	No data	No data	No data	0.1992950814559204	No data	No data	No data	0	0	0	0	0	0.25823999999999997	No data	-0.5498069498069498	No data	0	No data	No data	No data	-1	-1
TAS2R60	0.03370038898032017	No data	0.04929194679669354	No data	No data	No data	No data	No data	No data	No data	No data	No data	No data	No data	No data	No data	No data	No data	0.12285268201734843	No data	No data	No data	0	0	0	1	0	0	No data	0.3206839492553779	No data	0	No data	No data	0	No data	No data
MTSS2	0.03368598574335964	No data	0.051481975076364574	No data	No data	No data	No data	No data	No data	No data	No data	No data	No data	No data	No data	No data	No data	No data	0.07439373927147067	0.009415198192735836	No data	No data	0	0	0	0	0	0.5448450000000001	No data	-0.4881412024269167	0	0	No data	No data	0	0.5	-1
IAH1	0.03367509099185266	No data	0.05539296762748664	No data	No data	No data	No data	No data	No data	No data	No data	No data	No data	No data	No data	No data	No data	No data	No data	No data	No data	No data	0	0	0	0	0	0.19354999999999975	No data	0.38510755653612794	-0.6007094151533143	0	No data	No data	No data	-1	-1
C12orf43	0.033481532760906825	No data	0.05295166427833818	No data	No data	No data	No data	No data	No data	No data	No data	No data	No data	No data	No data	No data	No data	No data	No data	0.04245829513438824	No data	No data	0	0	0	0	0	0	No data	0.36701599558742415	No data	0	No data	No data	No data	-1	-1
ENO3	0.0334747756453184	No data	0.050259122095211536	No data	No data	No data	No data	No data	No data	No data	No data	No data	No data	No data	No data	No data	No data	No data	0.09608683995583679	No data	No data	No data	1	0	0	0	1	0.8847949999999998	No data	0.36370656370656373	0	0	No data	No data	-0.5852525	0.75	-1
EPM2AIP1	0.033470173509147064	No data	0.05261347836393443	No data	No data	No data	No data	No data	No data	No data	No data	No data	No data	No data	No data	No data	No data	No data	No data	0.048848311290431566	No data	No data	0	0	0	0	0	0.4481050000000003	No data	-0.44787644787644787	-0.7371092962642606	0	No data	No data	0	-1	-1
ITGB1BP1	0.03336027643020066	No data	0.05487512157841525	No data	No data	No data	No data	No data	No data	No data	No data	No data	No data	No data	No data	No data	No data	No data	No data	No data	No data	No data	0	0	0	0	0	0.7	No data	-0.022173193601765062	-0.48963355313148715	0	No data	No data	No data	-1	-1
PSMC6	0.033284608545954074	No data	0.043013824963366594	No data	No data	No data	No data	No data	No data	No data	No data	No data	No data	No data	No data	No data	No data	No data	0.2161699560611408	0.03434427906556312	No data	1	1	0	1	0	0	1	No data	-0.9646993932708219	0	-1	No data	No data	0	-1	-1
PIGN	0.03324816148392961	No data	0.054690701005034995	No data	No data	No data	No data	No data	No data	No data	No data	No data	No data	No data	No data	No data	No data	No data	No data	No data	No data	No data	1	0	0	0	0	0.37164500000000017	No data	0.6563706563706564	-0.8746013546278677	0	No data	No data	No data	-1	-1
NGEF	0.033201543950963676	No data	0.05272267844388376	No data	No data	No data	No data	No data	No data	No data	No data	No data	No data	No data	No data	No data	No data	No data	0.03782680518472309	No data	No data	No data	1	0	0	0	0	0	No data	-0.6889134031991175	No data	0	No data	No data	0	0.5	0
KIF21A	0.033192487378595315	No data	0.046999986359122316	No data	No data	No data	No data	No data	No data	No data	No data	No data	No data	No data	No data	No data	No data	No data	0.15198269940290526	No data	No data	No data	0	0	0	0	0	0.6893650000000001	No data	-0.5591836734693878	-0.7334160241564344	0	No data	No data	0	0.5	0
SLC51A	0.03316907629032757	No data	0.05273681947390883	No data	No data	No data	No data	No data	No data	No data	No data	No data	No data	No data	No data	No data	No data	No data	0.03647584785669726	No data	No data	No data	1	0	0	0	0	0.11764500000000026	No data	-0.07699944842801987	-0.23456588131523348	0	No data	No data	0	0.75	0
BCKDK	0.033090944983739434	No data	0.04862510943362347	No data	No data	No data	No data	No data	No data	No data	No data	No data	No data	No data	No data	No data	No data	No data	0.0961076901901086	0.04507190356633883	No data	No data	0	0	0	0	0	0.7572800000000001	No data	-0.19514616657473804	-0.8511160632490367	0	No data	No data	0	-1	-1
NME5	0.032978044735911566	No data	0.05333448326893039	No data	No data	No data	No data	No data	No data	No data	No data	No data	No data	No data	No data	No data	No data	No data	0.01823792392834863	No data	No data	No data	1	0	0	0	0	0.29245500000000035	No data	0.665857694429123	-0.6607844572693067	0	No data	No data	0	0.5	0
THAP12	0.03283737238687851	No data	0.046415849162730984	No data	No data	No data	No data	No data	No data	No data	No data	No data	No data	No data	No data	No data	No data	No data	0.15198269940290526	No data	No data	No data	0	0	0	0	0	0.7371899999999997	No data	-0.6740209597352455	0	0	No data	No data	0	-1	0
NEU2	0.03276377767615501	No data	0.05222211672857877	No data	No data	No data	No data	No data	No data	No data	No data	No data	No data	No data	No data	No data	No data	No data	0.03343619386863916	No data	No data	No data	0	0	1	1	0	0	No data	0.9097628240485383	-0.8318293047940514	0	No data	No data	0	1	1
POFUT4	0.032577136975947406	No data	0.05297898584476489	No data	No data	No data	No data	No data	No data	No data	No data	No data	No data	No data	No data	No data	No data	No data	0.012158615952232422	No data	No data	No data	0	0	0	0	0	0.3089449999999999	No data	0.6155543298400441	No data	No data	No data	No data	0	-1	-1
PPME1	0.03235964122027715	No data	0.04613207085043559	No data	No data	No data	No data	No data	No data	No data	No data	No data	No data	No data	No data	No data	No data	No data	0.12234195849652418	0.04409927388740246	No data	No data	0	0	1	1	0	0.8963749999999997	1	-0.7382239382239382	-0.551243653830459	0	No data	No data	No data	-1	-1
REC114	0.032346702285524255	No data	0.05320786907425123	No data	No data	No data	No data	No data	No data	No data	No data	No data	No data	No data	No data	No data	No data	No data	No data	No data	No data	No data	0	0	0	0	0	0	No data	0.47777164920022064	-0.11202750436982906	0	No data	No data	No data	1	0.5
RPP25	0.03231318125207769	No data	0.05041704093033538	No data	No data	No data	No data	No data	No data	No data	No data	No data	No data	No data	No data	No data	No data	No data	0.0547137717850459	No data	No data	No data	0	0	0	0	0	0.3969850000000001	No data	0.8043022614451185	No data	0	No data	No data	0	-1	0
FLNB	0.03228207163914589	No data	0.03159354608012644	No data	No data	No data	No data	No data	No data	No data	No data	No data	No data	No data	No data	No data	No data	No data	0.22601585024266332	No data	No data	No data	1	0	0	0	0	0.792465	No data	-0.6830667402095973	-0.9465196626792168	0	No data	No data	-0.27844000000000013	-1	-1
ZNG1F	0.03227609383932652	No data	0.05309172354177428	No data	No data	No data	No data	No data	No data	No data	No data	No data	No data	No data	No data	No data	No data	No data	No data	No data	No data	No data	1	0	0	0	0	0	No data	-0.37021511307225596	-0.2024466188616067	No data	No data	No data	-0.9810125	-1	0
SPMAP1	0.03226475457837888	No data	0.053073071318540666	No data	No data	No data	No data	No data	No data	No data	No data	No data	No data	No data	No data	No data	No data	No data	No data	No data	No data	No data	No data	No data	0	0	0	0	No data	0.7321566464423608	No data	0	No data	No data	No data	1	1
DMAC2L	0.03218423830652923	No data	0.051661440445223805	No data	No data	No data	No data	No data	No data	No data	No data	No data	No data	No data	No data	No data	No data	No data	0.025583754399489053	No data	No data	No data	0	0	0	0	0	0	No data	0.5268615554329841	0	0	No data	No data	No data	-1	-1
ADPRS	0.032145809068382526	No data	0.048165951305008115	No data	No data	No data	No data	No data	No data	No data	No data	No data	No data	No data	No data	No data	No data	No data	0.09422927362980127	No data	No data	No data	0	0	0	0	0	0.5730049999999999	No data	0.32421400992829574	-0.6083071890879188	0	No data	No data	No data	-1	-1
NECAB1	0.032122430158128414	No data	0.05093327902912802	No data	No data	No data	No data	No data	No data	No data	No data	No data	No data	No data	No data	No data	No data	No data	0.028876712886552	0.020782970140847304	No data	No data	0	0	0	0	0	0.8290599999999998	No data	0.33182570325427463	No data	0	No data	No data	0	0.5	0
HNRNPA1L2	0.03208513550822938	No data	0.05277761158717788	No data	No data	No data	No data	No data	No data	No data	No data	No data	No data	No data	No data	No data	No data	No data	No data	No data	No data	No data	0	0	0	0	0	No data	No data	0.11174848317705455	-0.8721674268761117	0	No data	No data	-0.921875	-1	-1
SLC39A12	0.03207964983262723	No data	0.04688071551483594	No data	No data	No data	No data	No data	No data	No data	No data	No data	No data	No data	No data	No data	No data	No data	0.04667219828997217	0.09701425181042775	No data	No data	0	0	0	0	0	0	No data	0.24842801985659135	No data	0	No data	No data	0	1	0.5
NDUFAF5	0.03203435047210948	No data	0.051594033357763226	No data	No data	No data	No data	No data	No data	No data	No data	No data	No data	No data	No data	No data	No data	No data	No data	0.0220008140252546	No data	No data	0	0	0	0	0	0.21739000000000033	No data	0.1793712079426366	-0.6007094151533143	0	No data	No data	No data	0.5	0
SCN3B	0.031996314316857975	No data	0.04670262596258847	No data	No data	No data	No data	No data	No data	No data	No data	No data	No data	No data	No data	No data	No data	No data	0.08256365371270684	0.08103144706274974	No data	No data	1	0	0	0	0	0.8837200000000003	No data	-0.46861555432984003	-0.6929994017330848	0	255	No data	0	0.5	0
CBY3	0.03198409272521002	No data	0.05261140388160296	No data	No data	No data	No data	No data	No data	No data	No data	No data	No data	No data	No data	No data	No data	No data	No data	No data	No data	No data	0	0	0	0	0	0	No data	0.9857694429123001	No data	0	No data	No data	0	1	1
ANKMY2	0.03187969847286277	No data	0.048501591675590275	No data	No data	No data	No data	No data	No data	No data	No data	No data	No data	No data	No data	No data	No data	No data	0.01823792392834863	0.07065608778946178	No data	No data	0	0	0	0	0	0.4444450000000003	No data	-0.09520132377275237	-0.858077229991194	0	No data	No data	No data	-1	-1
CALCRL	0.031826034602894064	No data	0.04648842433827062	No data	No data	No data	No data	No data	No data	No data	No data	No data	No data	No data	No data	No data	No data	No data	0.1172597186793215	No data	No data	1	1	0	1	1	0	0.49024	No data	-0.43386651958080524	-0.9085527834206488	0	255	No data	0	0.5	0
PSMD14	0.031815949698158784	No data	0.04749661369249051	No data	No data	No data	No data	No data	No data	No data	No data	No data	No data	No data	No data	No data	No data	No data	0.07719539042005565	0.044029717030438065	No data	1	0	0	1	1	0	1	0	-0.8229453943739657	-0.3206148264662059	-1	No data	No data	0	-1	-1
NDUFAF2	0.031707276324380695	No data	0.04942037333251435	No data	No data	No data	No data	No data	No data	No data	No data	No data	No data	No data	No data	No data	No data	No data	0.0547137717850459	No data	No data	1	0	0	0	0	0	0.023669999999999903	No data	0.24202978488692772	0	0	No data	No data	No data	-1	-1
SDR42E1	0.03169752900348621	No data	0.052140028319039536	No data	No data	No data	No data	No data	No data	No data	No data	No data	No data	No data	No data	No data	No data	No data	No data	No data	No data	No data	0	0	0	0	0	0	No data	0.8510755653612796	0	0	No data	No data	0	0.5	0
GPR146	0.03157789220136027	No data	0.05194323486393583	No data	No data	No data	No data	No data	No data	No data	No data	No data	No data	No data	No data	No data	No data	No data	No data	No data	No data	No data	1	0	0	0	0	0	No data	No data	-0.26852463600820026	0	No data	No data	0	0.5	-1
KYNU	0.03156053383968058	No data	0.04865971886483475	No data	No data	No data	No data	No data	No data	No data	No data	No data	No data	No data	No data	No data	No data	No data	0.06509925624424441	No data	No data	No data	0	0	1	1	0	0.16129000000000032	No data	0.5739658025372312	-0.6488150030383177	0	No data	No data	No data	0.5	0
SRBD1	0.03147673101420766	No data	0.0517768323925525	No data	No data	No data	No data	No data	No data	No data	No data	No data	No data	No data	No data	No data	No data	No data	No data	No data	No data	No data	0	0	0	0	0	0.09044999999999988	No data	-0.16690568119139548	-0.15086693611469776	-1	No data	No data	No data	-1	-1
PSG6	0.031444991134137665	No data	0.051724622699944905	No data	No data	No data	No data	No data	No data	No data	No data	No data	No data	No data	No data	No data	No data	No data	No data	No data	No data	No data	0	1	0	0	0	No data	No data	0.6736900165471593	-0.8095897995849191	0	No data	No data	-0.711085	1	0.5
NYAP1	0.03133624650529815	No data	0.045074762012277635	No data	No data	No data	No data	No data	No data	No data	No data	No data	No data	No data	No data	No data	No data	No data	0.1294196806108646	No data	No data	No data	0	0	0	0	0	0.57194	No data	-0.4843905129619416	0	0	No data	No data	0	0.5	0
HIKESHI	0.031198929146859858	No data	0.048280215427064725	No data	No data	No data	No data	No data	No data	No data	No data	No data	No data	No data	No data	No data	No data	No data	0.06079307976116211	No data	No data	No data	0	0	0	0	0	0.8477150000000002	No data	-0.08439051296194156	-0.7852714727089496	0	No data	No data	No data	-1	-1
ACMSD	0.03117531942840039	No data	0.04369034173417106	No data	No data	No data	No data	No data	No data	No data	No data	No data	No data	No data	No data	No data	No data	No data	0.15181382973690202	No data	No data	No data	0	0	1	1	0	0.3601199999999999	0	0.17098731384445665	-0.05901705023956677	0	No data	No data	No data	0.75	0.5
TPST1	0.031147906214648524	No data	0.051235940565964685	No data	No data	No data	No data	No data	No data	No data	No data	No data	No data	No data	No data	No data	No data	No data	No data	No data	No data	No data	0	0	0	0	0	0.8243250000000003	No data	-0.23640375068946495	No data	0	No data	No data	-0.114865	-1	-1
RNF121	0.03114088732777248	No data	0.051224395030019444	No data	No data	No data	No data	No data	No data	No data	No data	No data	No data	No data	No data	No data	No data	No data	No data	No data	No data	No data	0	0	0	0	0	0.9082549999999998	No data	-0.5136238279095422	No data	0	No data	No data	-0.21253749999999982	-1	-1
CHST14	0.031065402567054493	No data	0.05049229753281875	No data	No data	No data	No data	No data	No data	No data	No data	No data	No data	No data	No data	No data	No data	No data	0.012158615952232422	No data	No data	No data	0	0	0	0	0	0.6409550000000003	No data	-0.08946497517926089	-0.901251076284765	0	No data	No data	0	-1	-1
YPEL3	0.03096114989480764	No data	0.04803107629722625	No data	No data	No data	No data	No data	No data	No data	No data	No data	No data	No data	No data	No data	No data	No data	0.030396539880581056	0.04444371279147819	No data	No data	0	0	0	0	0	0	No data	-0.6144511858797573	-0.6331665362147062	0	No data	No data	-0.18789750000000005	-1	-1
IQCF5	0.030955224139657938	No data	0.05091899318355278	No data	No data	No data	No data	No data	No data	No data	No data	No data	No data	No data	No data	No data	No data	No data	No data	No data	No data	No data	No data	No data	0	0	0	0	No data	0.6600110314396028	No data	0	No data	No data	0	1	1
TSPAN13	0.03089182836384503	No data	0.05081471194617844	No data	No data	No data	No data	No data	No data	No data	No data	No data	No data	No data	No data	No data	No data	No data	No data	No data	No data	No data	0	0	0	0	0	0.77941	No data	0.3009376723662438	-0.208776039941779	0	No data	No data	0	-1	-1
ZNRF4	0.030864738599589832	No data	0.050770151340988466	No data	No data	No data	No data	No data	No data	No data	No data	No data	No data	No data	No data	No data	No data	No data	No data	No data	No data	No data	0	0	0	0	0	0	No data	0.8948703805846663	No data	0	No data	No data	0	1	1
TMEM9B	0.030823153966556497	No data	0.0507017477772988	No data	No data	No data	No data	No data	No data	No data	No data	No data	No data	No data	No data	No data	No data	No data	No data	No data	No data	No data	0	0	0	0	0	0.747475	No data	-0.40827357970215117	-0.5122418035566692	0	No data	No data	0	-1	-1
UROS	0.03077561695828777	No data	0.04896817808154977	No data	No data	No data	No data	No data	No data	No data	No data	No data	No data	No data	No data	No data	No data	No data	No data	0.033107498535589315	No data	No data	0	0	0	0	0	0	No data	-0.35499172642029786	-0.8911931014292837	0	No data	No data	No data	-1	-1
TNFAIP6	0.030764385544452946	No data	0.032313479773176126	No data	No data	No data	No data	No data	No data	No data	No data	No data	No data	No data	No data	No data	No data	No data	0.21263354121056496	No data	No data	No data	0	1	0	0	0	0.5126350000000002	No data	0.5661334804191946	-0.031001120182822806	0	No data	No data	0	1	0
CAV2	0.030631181813594727	No data	0.04277443060820237	No data	No data	No data	No data	No data	No data	No data	No data	No data	No data	No data	No data	No data	No data	No data	0.15223075109030693	No data	No data	No data	0	0	0	0	0	0.5061750000000004	No data	-0.05250965250965256	-0.6510665169810966	0	No data	No data	0	0.5	0
ADAMTS16	0.030545217038574553	No data	0.049332666438964105	No data	No data	No data	No data	No data	No data	No data	No data	No data	No data	No data	No data	No data	No data	No data	0.01823792392834863	No data	No data	No data	0	1	0	0	0	0.12989999999999996	No data	-0.29575289575289576	-0.2035914972095168	0	No data	No data	0	0.5	0
FHL2	0.03052358661444567	No data	0.04801681051957508	No data	No data	No data	No data	No data	No data	No data	No data	No data	No data	No data	No data	No data	No data	No data	0.03637114866377526	0.016812642482589762	No data	No data	0	0	0	0	0	0.6057349999999999	No data	-0.21522338665195806	-0.5756594462782788	0	No data	No data	0	0.75	-1
NDFIP2	0.030473326586768698	No data	0.047086654312967796	No data	No data	No data	No data	No data	No data	No data	No data	No data	No data	No data	No data	No data	No data	No data	0.06079307976116211	No data	No data	No data	0	0	0	0	0	0.13690500000000014	No data	0.10656370656370662	-0.8314522122909634	0	No data	No data	0	-1	-1
PRMT5	0.030434599471383043	No data	0.042871881453970036	No data	No data	No data	No data	No data	No data	No data	No data	No data	No data	No data	No data	No data	No data	No data	0.1438144736583291	No data	No data	0.2	0	0	1	1	0	0.89011	1	-0.9078874793160507	0	-1	No data	No data	No data	-1	-1
ETFA	0.030394254001846945	No data	0.04778518414956035	No data	No data	No data	No data	No data	No data	No data	No data	No data	No data	No data	No data	No data	No data	No data	0.034787151196664985	0.021226418714819357	No data	No data	0	0	0	0	0	0.78979	No data	0.34230557087699953	-0.3074028175658705	0	No data	No data	No data	0.5	-1
SAFB2	0.030292025569158307	No data	0.04815588236565689	No data	No data	No data	No data	No data	No data	No data	No data	No data	No data	No data	No data	No data	No data	No data	0.01823792392834863	0.025338246594815893	No data	No data	0	0	0	0	0	0	No data	-0.70292333149476	-0.6127728852826233	0	No data	No data	-0.2654775000000001	-1	-1
SAFB	0.030251268782866495	No data	0.04598258129832237	No data	No data	No data	No data	No data	No data	No data	No data	No data	No data	No data	No data	No data	No data	No data	0.07556917553644457	No data	No data	No data	0	0	0	0	0	0.3129750000000001	No data	-0.9453943739658025	-0.871113395707235	0	No data	No data	-0.33478749999999985	-1	-1
TXNL4B	0.030248128423775018	No data	0.04975587442289632	No data	No data	No data	No data	No data	No data	No data	No data	No data	No data	No data	No data	No data	No data	No data	No data	No data	No data	No data	0	0	0	0	0	0.8657699999999998	No data	0.7081081081081082	No data	-1	No data	No data	0	-1	-1
KCNS2	0.030233506141135152	No data	0.0491238910806574	No data	No data	No data	No data	No data	No data	No data	No data	No data	No data	No data	No data	No data	No data	No data	0.012158615952232422	No data	No data	1	1	0	0	0	0	0.9056600000000004	No data	-0.2830667402095973	No data	0	No data	No data	0	0.5	0.5
GRXCR2	0.03022046040677601	No data	0.0497103626358513	No data	No data	No data	No data	No data	No data	No data	No data	No data	No data	No data	No data	No data	No data	No data	No data	No data	No data	No data	0	0	0	0	0	0.05242000000000004	No data	0.565030336458908	-0.25964616602717483	0	No data	No data	0	No data	No data
RAB18	0.030213025728641322	No data	0.04969813315485792	No data	No data	No data	No data	No data	No data	No data	No data	No data	No data	No data	No data	No data	No data	No data	No data	No data	No data	No data	1	0	0	0	0	0.9514549999999999	No data	-0.6479867622724765	-0.7131110906941318	0	No data	No data	0	-1	-1
ATP8B3	0.030199937941539787	No data	0.04967660473887216	No data	No data	No data	No data	No data	No data	No data	No data	No data	No data	No data	No data	No data	No data	No data	No data	No data	No data	No data	0	0	0	0	0	0	No data	0.49001654715940424	0	0	No data	No data	0	0.75	0.5
TASP1	0.03012612373809797	No data	0.04827862106045643	No data	No data	No data	No data	No data	No data	No data	No data	No data	No data	No data	No data	No data	No data	No data	No data	0.02553129837390717	No data	No data	1	0	0	1	1	0.7261899999999997	No data	-0.6685052399338114	-0.7464034443441017	0	No data	No data	0	0.5	-1
RECK	0.030113100787748225	No data	0.044681885405927727	No data	No data	No data	No data	No data	No data	No data	No data	No data	No data	No data	No data	No data	No data	No data	0.09703757617543493	No data	No data	No data	1	0	0	0	0	0.6755899999999997	No data	-0.38863761720904577	-0.7772501911791537	0	No data	No data	No data	-1	-1
GPER1	0.03009274100846254	No data	0.04039220924056418	No data	No data	No data	No data	No data	No data	No data	No data	No data	No data	No data	No data	No data	No data	No data	0.16888462773847615	0.02987249833204768	No data	No data	0	0	1	1	0	0.3466650000000001	0	0.9290678433535577	-0.8342956139705906	0	No data	No data	0	0.5	0
ZNF222	0.029933957451919707	No data	0.04863115623255909	No data	No data	No data	No data	No data	No data	No data	No data	No data	No data	No data	No data	No data	No data	No data	0.012158615952232422	No data	No data	No data	0	0	0	0	0	No data	No data	0.3992277992277993	No data	0	No data	No data	-0.4195525	-1	-1
HROB	0.029726918936350676	No data	0.04889852439313633	No data	No data	No data	No data	No data	No data	No data	No data	No data	No data	No data	No data	No data	No data	No data	No data	No data	No data	No data	0	0	0	0	0	0	No data	-0.11538885824600109	No data	0	No data	No data	No data	0.5	0.5
CHRD	0.02964239671306422	No data	0.0418442789310325	No data	No data	No data	No data	No data	No data	No data	No data	No data	No data	No data	No data	No data	No data	No data	0.1383042564566438	No data	No data	No data	0	1	0	0	0	0.29319500000000004	No data	-0.3468284611141754	-0.9675080785672019	0	No data	No data	0	0.5	0
GPR137	0.029587392056438594	No data	0.04866901327038972	No data	No data	No data	No data	No data	No data	No data	No data	No data	No data	No data	No data	No data	No data	No data	No data	No data	No data	No data	0	0	0	0	0	0.7600999999999999	No data	-0.3574186431329288	0	0	No data	No data	0	0.5	-1
RPL36AL	0.02946538863685212	No data	0.03855536384254471	No data	No data	No data	No data	No data	No data	No data	No data	No data	No data	No data	No data	No data	No data	No data	0.17617819006346067	0.049682410359763556	No data	No data	1	0	0	0	0	0.7169800000000002	No data	0.7794815223386653	No data	-1	No data	No data	-0.976415	-1	-1
IMMP2L	0.02943368577953557	No data	0.045036082881558	No data	No data	No data	No data	No data	No data	No data	No data	No data	No data	No data	No data	No data	No data	No data	0.06760190469441227	No data	No data	No data	0	0	0	0	0	0.5714300000000001	No data	0.8250413678985107	0	0	No data	No data	0	-1	-1
ERCC8	0.029409813959637803	No data	0.04716104918998487	No data	No data	No data	No data	No data	No data	No data	No data	No data	No data	No data	No data	No data	No data	No data	0.024317231904464845	No data	No data	No data	0	0	0	0	0	0.49495000000000006	No data	0.7462768891340319	-0.3195901453432076	0	No data	No data	0	-1	0
LSM5	0.029375561554874453	No data	0.04832056818026374	No data	No data	No data	No data	No data	No data	No data	No data	No data	No data	No data	No data	No data	No data	No data	No data	No data	No data	No data	0	0	0	0	0	1	No data	0.6392719249862107	No data	-1	No data	No data	No data	-1	-1
NEK3	0.029341659422580293	No data	0.04826480174693391	No data	No data	No data	No data	No data	No data	No data	No data	No data	No data	No data	No data	No data	No data	No data	No data	No data	No data	No data	1	0	1	1	0	0	No data	-0.0576944291230006	No data	0	No data	No data	0	-1	-1
ADAMTS15	0.029340707563492295	No data	0.04674340901698271	No data	No data	No data	No data	No data	No data	No data	No data	No data	No data	No data	No data	No data	No data	No data	0.030396539880581056	No data	No data	No data	0	1	0	0	0	0.6526299999999999	No data	-0.570876999448428	0	0	No data	No data	0	0.5	0
SETDB1	0.029339541455949587	No data	0.046521960292816925	No data	No data	No data	No data	No data	No data	No data	No data	No data	No data	No data	No data	No data	No data	No data	0.034787151196664985	No data	No data	No data	0	0	1	1	0	0.6091349999999999	1	-0.8950910093767237	0	0	No data	255	0	-1	-1
IPO11	0.029325586720307825	No data	0.046204858909533256	No data	No data	No data	No data	No data	No data	No data	No data	No data	No data	No data	No data	No data	No data	No data	No data	0.04067008925225151	No data	No data	0	0	0	0	0	0.8410249999999998	No data	-0.5715388858246001	-0.10129547872063965	-1	No data	No data	0	-1	-1
MAB21L2	0.02926834173285934	No data	0.04753626891697091	No data	No data	No data	No data	No data	No data	No data	No data	No data	No data	No data	No data	No data	No data	No data	0.012158615952232422	No data	No data	No data	0	0	0	0	0	0.9860750000000003	No data	-0.39911748483177056	-0.8739213387438979	0	No data	No data	-0.8537600000000001	1	0
CLDN11	0.029253730864835743	No data	0.04039823339231277	No data	No data	No data	No data	No data	No data	No data	No data	No data	No data	No data	No data	No data	No data	No data	0.12502981723160464	0.06616987615076593	No data	No data	0	0	0	0	0	0.710145	No data	-0.8467733039161611	-0.311005303510887	0	No data	No data	0	0.75	0
HNRNPK	0.029212978537433303	No data	0.030456777321573324	No data	No data	No data	No data	No data	No data	No data	No data	No data	No data	No data	No data	No data	No data	No data	0.20219468565806265	No data	No data	No data	0	0	0	0	0	1	No data	-0.9291781577495863	No data	-1	No data	No data	0	-1	-1
DYNLT2	0.029206648421238907	No data	0.04804271890153143	No data	No data	No data	No data	No data	No data	No data	No data	No data	No data	No data	No data	No data	No data	No data	No data	No data	No data	No data	0	0	0	0	0	0	No data	0.5861003861003862	0	0	No data	No data	0	1	1
SH3RF2	0.02918554494967438	No data	0.04800800529325984	No data	No data	No data	No data	No data	No data	No data	No data	No data	No data	No data	No data	No data	No data	No data	No data	No data	No data	No data	0	0	0	0	0	0.0809350000000002	No data	-0.12421400992829568	-0.7763503964239471	0	No data	No data	0	0.5	0
UHRF1	0.028953128136428204	No data	0.04138807399560517	No data	No data	No data	No data	No data	No data	No data	No data	No data	No data	No data	No data	No data	No data	No data	0.12475246575988473	No data	No data	No data	0	0	1	1	1	0	No data	-0.9718698290126861	-0.7601817375631422	No data	No data	No data	0	0.75	0
AXIN1	0.02895229289686825	No data	0.03974465822196442	No data	No data	No data	No data	No data	No data	No data	No data	No data	No data	No data	No data	No data	No data	No data	0.1575933031196238	No data	No data	No data	0	0	0	0	0	0.3677500000000002	0	-0.617650303364589	-0.9091607907710192	0	No data	255	0	-1	-1
TYMP	0.02891421439955658	No data	0.043486825052691504	No data	No data	No data	No data	No data	No data	No data	No data	No data	No data	No data	No data	No data	No data	No data	0.08149724177189645	No data	No data	1	0	0	1	1	1	0	No data	0.695642581356867	0	0	255	No data	No data	-1	0
ZSWIM6	0.028786619396058644	No data	0.04735180304921661	No data	No data	No data	No data	No data	No data	No data	No data	No data	No data	No data	No data	No data	No data	No data	No data	No data	No data	No data	0	0	0	0	0	0.8230449999999998	No data	-0.9812465526751241	-0.7848218948782184	0	No data	No data	-0.2674900000000001	-1	-1
PKD1L3	0.0286984330990433	No data	0.047206743286885434	No data	No data	No data	No data	No data	No data	No data	No data	No data	No data	No data	No data	No data	No data	No data	No data	No data	No data	No data	1	0	0	0	0	0	No data	0.5745173745173746	No data	No data	No data	No data	0	No data	No data
AGAP1	0.028697045292458163	No data	0.04720446045043334	No data	No data	No data	No data	No data	No data	No data	No data	No data	No data	No data	No data	No data	No data	No data	No data	No data	No data	No data	0	0	0	0	0	0.52742	No data	-0.8313292884721456	-0.633717446902517	0	No data	No data	-0.18903250000000008	0.5	0
ARID3A	0.028676664141178188	No data	0.04565110801015276	No data	No data	No data	No data	No data	No data	No data	No data	No data	No data	No data	No data	No data	No data	No data	0.030396539880581056	No data	No data	No data	0	0	0	0	0	0.06407999999999987	No data	-0.7501378929950359	-0.8460544255319471	0	No data	No data	0	0.5	0
ARRDC5	0.028648744666843157	No data	0.047125009588912976	No data	No data	No data	No data	No data	No data	No data	No data	No data	No data	No data	No data	No data	No data	No data	No data	No data	No data	No data	0	0	No data	No data	No data	0	No data	0.5522338665195807	-0.18842871506451864	0	No data	No data	0	1	0.5
NSF	0.028550229959204792	No data	0.030415618323874474	No data	No data	No data	No data	No data	No data	No data	No data	No data	No data	No data	No data	No data	No data	No data	0.18729404501506014	0.08551110561275425	No data	No data	0	0	0	0	0	0.9059150000000002	No data	-0.7667953667953669	-0.8421602216550214	-1	No data	No data	No data	0.5	-1
CCNT2	0.028444059810896323	No data	0.04308442077476026	No data	No data	No data	No data	No data	No data	No data	No data	No data	No data	No data	No data	No data	No data	No data	0.062312906755191154	0.02647135938224748	No data	No data	1	0	1	1	0	0.34246499999999996	No data	-0.763265306122449	-0.6077053086824593	0	No data	No data	0	-1	-1
HRH1	0.02836692891821504	No data	0.03885374053159629	No data	No data	No data	No data	No data	No data	No data	No data	No data	No data	No data	No data	No data	No data	No data	0.15615407099934703	No data	No data	1	1	0	1	1	0	0	0	0.19106453392167677	-0.812605562087891	0	255	No data	0	-1	0
AJUBA	0.028341195691209214	No data	0.04570721868072537	No data	No data	No data	No data	No data	No data	No data	No data	No data	No data	No data	No data	No data	No data	No data	0.01823792392834863	No data	No data	No data	0	0	0	0	0	0.67472	No data	-0.5936017650303365	-0.19928416392769488	0	No data	No data	0	0.5	0
TCF24	0.02832380717961503	No data	0.04598258129832237	No data	No data	No data	No data	No data	No data	No data	No data	No data	No data	No data	No data	No data	No data	No data	0.012158615952232422	No data	No data	No data	0	0	0	0	0	0.13173499999999977	No data	0.6389409817981246	No data	0	No data	No data	0	0.5	0.5
SLC35G2	0.02830396575014827	No data	0.04295827141359479	No data	No data	No data	No data	No data	No data	No data	No data	No data	No data	No data	No data	No data	No data	No data	No data	0.07199206074975335	No data	No data	1	0	0	0	0	0.6116500000000002	No data	0.11318257032542745	No data	0	No data	No data	0	-1	0
GOLGA6L10	0.028226647699707657	No data	0.04643069212910703	No data	No data	No data	No data	No data	No data	No data	No data	No data	No data	No data	No data	No data	No data	No data	No data	No data	No data	No data	No data	No data	0	0	0	No data	No data	-0.7838940981798125	No data	No data	No data	No data	-0.8946349999999998	0.5	0
CARD19	0.028169213434324967	No data	0.04633621712371443	No data	No data	No data	No data	No data	No data	No data	No data	No data	No data	No data	No data	No data	No data	No data	No data	No data	No data	No data	0	0	0	0	0	0.508195	No data	0.7232211803640376	0	0	No data	No data	No data	-1	0
EGFL7	0.02815795271784526	No data	0.040660560289058297	No data	No data	No data	No data	No data	No data	No data	No data	No data	No data	No data	No data	No data	No data	No data	0.1131426762221628	No data	No data	0.2	0	1	0	0	0	0	No data	0.8463320463320463	-0.8204565204115316	0	No data	No data	0	-1	-1
RBP7	0.02814508039199941	No data	0.03563510419388382	No data	No data	No data	No data	No data	No data	No data	No data	No data	No data	No data	No data	No data	No data	No data	0.18693872026557348	No data	No data	No data	0	0	0	0	1	0.47761	No data	0.6122448979591837	No data	0	No data	No data	0	0.5	-1
TMEM120A	0.028079978021617283	No data	0.046189431645731964	No data	No data	No data	No data	No data	No data	No data	No data	No data	No data	No data	No data	No data	No data	No data	No data	No data	No data	No data	1	0	0	0	0	0.7376100000000001	No data	0.4546056260341975	No data	0	No data	No data	-0.2201174999999999	-1	-1
FAM227B	0.028052511016286367	No data	0.046144250507617515	No data	No data	No data	No data	No data	No data	No data	No data	No data	No data	No data	No data	No data	No data	No data	No data	No data	No data	No data	0	0	0	0	0	0	No data	0.9009376723662439	-0.7192932031045121	0	No data	No data	No data	-1	-1
GGTLC2	0.027993383296439668	No data	0.04604698989822086	No data	No data	No data	No data	No data	No data	No data	No data	No data	No data	No data	No data	No data	No data	No data	No data	No data	No data	No data	No data	No data	0	0	0	0	No data	0.44004412575841156	-0.7270951846608492	-1	No data	No data	-0.8050450000000001	1	0.5
TBC1D20	0.027985119789372192	No data	0.04603339705656859	No data	No data	No data	No data	No data	No data	No data	No data	No data	No data	No data	No data	No data	No data	No data	No data	No data	No data	No data	0	0	0	0	0	0.6526049999999998	No data	-0.7214561500275787	-0.7285999310319152	0	No data	No data	No data	-1	-1
PKD1L1	0.02794990695085873	No data	0.04597547461103399	No data	No data	No data	No data	No data	No data	No data	No data	No data	No data	No data	No data	No data	No data	No data	No data	No data	No data	No data	0	0	0	0	0	0	No data	-0.29707666850523995	-0.7641946920105497	0	No data	No data	0	0.5	0.5
SCAMP3	0.02789148139505808	No data	0.045879369008175595	No data	No data	No data	No data	No data	No data	No data	No data	No data	No data	No data	No data	No data	No data	No data	No data	No data	No data	No data	0	0	0	0	0	0.5389049999999997	No data	-0.1488141202426917	No data	0	No data	No data	0	-1	0
FGFRL1	0.027809487424939612	No data	0.040881048772494225	No data	No data	No data	No data	No data	No data	No data	No data	No data	No data	No data	No data	No data	No data	No data	0.09726892761785938	No data	No data	No data	0	0	0	0	0	0.29563500000000004	No data	0.3359073359073359	-0.9495318602968075	0	No data	No data	0	-1	-1
GLIPR2	0.02773447407237988	No data	0.04562110388442297	No data	No data	No data	No data	No data	No data	No data	No data	No data	No data	No data	No data	No data	No data	No data	No data	No data	No data	No data	0	0	0	0	0	0.6753250000000002	No data	0.8869277440706012	No data	0	No data	No data	0	-1	-1
ORAI1	0.02765774504760079	No data	0.03345055426875408	No data	No data	No data	No data	No data	No data	No data	No data	No data	No data	No data	No data	No data	No data	No data	0.18566125948872844	No data	No data	No data	1	0	1	1	0	0.5514949999999998	No data	0.4418091560948705	-0.9148329685750852	No data	No data	No data	0	0.5	0
CCDC92B	0.027651531288637864	No data	0.04548466930327019	No data	No data	No data	No data	No data	No data	No data	No data	No data	No data	No data	No data	No data	No data	No data	No data	No data	No data	No data	No data	No data	No data	No data	No data	0.23529499999999998	No data	0.6136789851075566	No data	No data	No data	No data	0	0.75	0.5
SCAMP2	0.02764737337605143	No data	0.045477829852788705	No data	No data	No data	No data	No data	No data	No data	No data	No data	No data	No data	No data	No data	No data	No data	No data	No data	No data	No data	0	0	0	0	0	0.4376899999999999	No data	-0.27137341423055705	-0.21929867103040152	0	No data	No data	0	-1	-1
ZNF420	0.02760637338407793	No data	0.043890560985219804	No data	No data	No data	No data	No data	No data	No data	No data	No data	No data	No data	No data	No data	No data	No data	0.030396539880581056	No data	No data	No data	0	0	0	0	0	0	No data	-0.13050193050193049	0	0	No data	No data	0	-1	-1
DECR1	0.027530984631108705	No data	0.03119505070667568	No data	No data	No data	No data	No data	No data	No data	No data	No data	No data	No data	No data	No data	No data	No data	0.18389906627751537	0.03185114728249523	No data	No data	0	0	0	0	1	0.11940499999999972	No data	0.7238830667402096	-0.7793877247453337	0	No data	No data	0	0.5	-1
SVOP	0.027522726070343444	No data	0.030455964287559135	No data	No data	No data	No data	No data	No data	No data	No data	No data	No data	No data	No data	No data	No data	No data	0.1821259347844815	0.05551274119362886	No data	No data	0	0	0	0	0	0.7810200000000002	No data	-0.865526751241037	-0.05901705023956677	No data	No data	No data	0	0.75	0.5
MYOZ1	0.02750214150964062	No data	0.044479020963434486	No data	No data	No data	No data	No data	No data	No data	No data	No data	No data	No data	No data	No data	No data	No data	0.015198269940290528	No data	No data	No data	0	0	0	0	0	0.5150500000000001	No data	0.0472145615002757	-0.2423752212853067	0	No data	No data	0	0.75	0
OR13C8	0.027475345938352796	No data	0.045194857780351386	No data	No data	No data	No data	No data	No data	No data	No data	No data	No data	No data	No data	No data	No data	No data	No data	No data	No data	No data	1	0	0	0	0	0	No data	0.8380584666298951	No data	0	No data	No data	-0.15625	No data	No data
PHF10	0.027409383821791172	No data	0.04508635510731562	No data	No data	No data	No data	No data	No data	No data	No data	No data	No data	No data	No data	No data	No data	No data	No data	No data	No data	No data	0	0	0	0	0	0.7991950000000003	No data	-0.06729178157749582	No data	0	No data	No data	0	-1	-1
GBA3	0.0273574621321873	No data	0.03635288413944745	No data	No data	No data	No data	No data	No data	No data	No data	No data	No data	No data	No data	No data	No data	No data	0.17296127462089483	No data	No data	No data	0	0	No data	No data	No data	No data	No data	No data	No data	No data	No data	No data	0	0.75	0.5
CD302	0.02733223433200262	No data	0.044199536557798985	No data	No data	No data	No data	No data	No data	No data	No data	No data	No data	No data	No data	No data	No data	No data	0.015198269940290528	No data	No data	No data	1	0	0	0	0	0	No data	0.4813017098731385	0	0	No data	No data	0	0.5	-1
GAPVD1	0.027326101416444794	No data	0.04251763868396571	No data	No data	No data	No data	No data	No data	No data	No data	No data	No data	No data	No data	No data	No data	No data	0.04863446380892969	No data	No data	No data	1	0	0	0	0	0.8904099999999999	No data	-0.8539437396580254	-0.8897882327560364	0	No data	No data	0	-1	-1
ENTREP2	0.027291921414432138	No data	0.044893138366494945	No data	No data	No data	No data	No data	No data	No data	No data	No data	No data	No data	No data	No data	No data	No data	No data	No data	No data	No data	0	0	0	0	0	0	No data	0.2735797021511308	No data	0	No data	No data	0	1	0.5
THAP1	0.027257141769831322	No data	0.04331610149802384	No data	No data	No data	No data	No data	No data	No data	No data	No data	No data	No data	No data	No data	No data	No data	0.030396539880581056	No data	No data	No data	0	0	0	0	0	0.6244149999999997	No data	-0.607611693325979	-0.8476507265475269	-1	No data	No data	0	-1	-1
DGKH	0.027242681133615616	No data	0.04314033215008706	No data	No data	No data	No data	No data	No data	No data	No data	No data	No data	No data	No data	No data	No data	No data	0.03343619386863916	No data	No data	No data	1	0	0	0	0	0.3155749999999998	No data	-0.45074462217319355	-0.22574289577974915	0	No data	No data	-0.1065574999999999	-1	0
DIP2A	0.02720407339059817	No data	0.03864304016239247	No data	No data	No data	No data	No data	No data	No data	No data	No data	No data	No data	No data	No data	No data	No data	0.1221118975093706	No data	No data	No data	1	0	0	0	0	0.6562699999999999	No data	-0.5469387755102041	-0.09851772125755276	0	No data	No data	-0.3555050000000001	-1	-1
FGF12	0.027150293241454883	No data	0.03635288413944745	No data	No data	No data	No data	No data	No data	No data	No data	No data	No data	No data	No data	No data	No data	No data	0.1472407357919432	0.042536243122614975	No data	No data	0	0	0	0	0	0.8895049999999998	No data	-0.06343077771649197	0	0	No data	No data	-0.3508275000000001	1	0
ZPBP	0.02714894704673316	No data	0.044657956388117336	No data	No data	No data	No data	No data	No data	No data	No data	No data	No data	No data	No data	No data	No data	No data	No data	No data	No data	No data	0	0	0	0	0	0	No data	-0.2217319360176503	0	0	No data	No data	0	1	0.5
ATXN2L	0.027142072957709658	No data	0.04253999995025431	No data	No data	No data	No data	No data	No data	No data	No data	No data	No data	No data	No data	No data	No data	No data	0.0421329816678054	No data	No data	No data	0	0	0	0	0	0.6279049999999998	No data	-0.8890237175951462	No data	0	No data	No data	0	-1	-1
FLAD1	0.02711997772769171	No data	0.0404396415090689	No data	No data	No data	No data	No data	No data	No data	No data	No data	No data	No data	No data	No data	No data	No data	0.08341325097911013	No data	No data	No data	1	0	0	0	0	0	No data	-0.27258687258687264	No data	0	No data	No data	No data	-1	-1
CRELD2	0.026945428867782412	No data	0.043715253639898324	No data	No data	No data	No data	No data	No data	No data	No data	No data	No data	No data	No data	No data	No data	No data	0.012158615952232422	No data	No data	No data	0	0	0	0	0	0	No data	0.2644236072807502	-0.8812597939767702	0	No data	No data	0	-1	-1
KIF22	0.026881526432422545	No data	0.04361013898604147	No data	No data	No data	No data	No data	No data	No data	No data	No data	No data	No data	No data	No data	No data	No data	0.012158615952232422	No data	No data	No data	0	0	0	0	0	0.08270499999999999	No data	0.10435741864313286	-0.5346493706516381	0	No data	No data	0	0.5	-1
TINCR	0.02684785202707323	No data	0.03074732034863303	No data	No data	No data	No data	No data	No data	No data	No data	No data	No data	No data	No data	No data	No data	No data	0.18237923928348632	No data	No data	No data	0	0	No data	No data	No data	0.4827599999999997	No data	No data	-0.539763105719058	No data	No data	No data	No data	0.5	0
ZSWIM8	0.02677915441706741	No data	0.044049675591818556	No data	No data	No data	No data	No data	No data	No data	No data	No data	No data	No data	No data	No data	No data	No data	No data	No data	No data	No data	1	0	0	0	0	0.8555050000000002	No data	-0.9384445670159955	-0.8787686882004028	0	No data	No data	0	-1	-1
SERINC1	0.026738022869216747	No data	0.041398097640582346	No data	No data	No data	No data	No data	No data	No data	No data	No data	No data	No data	No data	No data	No data	No data	No data	0.05167839356535755	No data	No data	0	0	0	0	0	0.7902850000000001	No data	-0.4712630998345284	No data	0	No data	No data	-0.028697499999999997	-1	-1
SCP2	0.026627996839340525	No data	0.035350010080022275	No data	No data	No data	No data	No data	No data	No data	No data	No data	No data	No data	No data	No data	No data	No data	0.15452756526957387	0.03260900298692648	No data	No data	0	0	0	1	0	0.46069499999999974	No data	-0.044236072807501414	-0.9126418345411443	0	No data	No data	0	0.5	-1
C3orf18	0.026596385246256408	No data	0.0437490341840645	No data	No data	No data	No data	No data	No data	No data	No data	No data	No data	No data	No data	No data	No data	No data	No data	No data	No data	No data	0	0	0	0	0	0.1975299999999997	No data	0.6222835079977938	No data	0	No data	No data	0	0.5	0
ATP2A1	0.02655335491772515	No data	0.04030508098264241	No data	No data	No data	No data	No data	No data	No data	No data	No data	No data	No data	No data	No data	No data	No data	0.06746343156828963	No data	No data	0.2	0	0	1	1	0	0.8340049999999998	No data	-0.1519029233314948	-0.6791532164055333	0	255	No data	-0.6101600000000001	0.75	0
HEYL	0.02652225137206266	No data	0.04210726259620174	No data	No data	No data	No data	No data	No data	No data	No data	No data	No data	No data	No data	No data	No data	No data	0.030396539880581056	No data	No data	No data	0	0	0	0	0	0	No data	0.4526199669056812	0	0	No data	No data	0	0.5	0
UPP1	0.02650242166459396	No data	0.0369446098420311	No data	No data	No data	No data	No data	No data	No data	No data	No data	No data	No data	No data	No data	No data	No data	0.1329972277028976	No data	No data	No data	0	0	1	1	1	0	No data	0.23794815223386645	No data	0	No data	No data	-0.056452499999999975	0.5	0
STMN4	0.026465048561595775	No data	0.04066361143133021	No data	No data	No data	No data	No data	No data	No data	No data	No data	No data	No data	No data	No data	No data	No data	No data	0.05738767758538774	No data	No data	0	0	0	0	0	0.35185000000000033	No data	-0.5238830667402097	0	0	No data	No data	0	1	0.5
ZNF778	0.02621933504901065	No data	0.04160898824615717	No data	No data	No data	No data	No data	No data	No data	No data	No data	No data	No data	No data	No data	No data	No data	0.030396539880581056	No data	No data	No data	0	0	0	0	0	0	No data	0.9207942636514066	No data	0	No data	No data	0	-1	-1
C16orf87	0.026151218748227425	No data	0.04301676909767982	No data	No data	No data	No data	No data	No data	No data	No data	No data	No data	No data	No data	No data	No data	No data	No data	No data	No data	No data	0	0	0	0	0	0.9350650000000001	No data	0.6702702702702703	No data	0	No data	No data	No data	0.5	-1
SUPT3H	0.026144824925031594	No data	0.0430062517440255	No data	No data	No data	No data	No data	No data	No data	No data	No data	No data	No data	No data	No data	No data	No data	No data	No data	No data	No data	0	0	0	0	0	0.5899050000000002	No data	0.5523441809156096	No data	0	No data	No data	0	-1	0
CYC1	0.026143355021668348	No data	0.03818754181920032	No data	No data	No data	No data	No data	No data	No data	No data	No data	No data	No data	No data	No data	No data	No data	0.076167482763162	0.04535630582619923	No data	No data	0	0	0	1	0	0.21538499999999985	No data	-0.5906232763375621	-0.022023425318627998	0	No data	No data	No data	0.5	-1
TRIM49B	0.02611958838922711	No data	0.04190086066309523	No data	No data	No data	No data	No data	No data	No data	No data	No data	No data	No data	No data	No data	No data	No data	0.021277577916406734	No data	No data	No data	No data	No data	0	0	0	No data	No data	-0.04225041367898508	No data	0	No data	No data	-0.8783175	No data	No data
MROH1	0.026091950192460602	No data	0.03883038675233633	No data	No data	No data	No data	No data	No data	No data	No data	No data	No data	No data	No data	No data	No data	No data	No data	0.0817778014310469	No data	No data	0	0	0	0	0	0	No data	0.0591285162713735	No data	0	No data	No data	0	0.5	0
CLPTM1	0.026081033790376615	No data	0.035042305014635185	No data	No data	No data	No data	No data	No data	No data	No data	No data	No data	No data	No data	No data	No data	No data	0.157180303134832	No data	No data	No data	0	0	0	0	0	0.7234699999999996	No data	-0.7932708218422504	-0.20044682071092418	0	No data	No data	0	-1	-1
FASTKD1	0.026034216189478945	No data	0.042824308772905766	No data	No data	No data	No data	No data	No data	No data	No data	No data	No data	No data	No data	No data	No data	No data	No data	No data	No data	No data	0	0	0	0	0	0	No data	0.0700496414782128	No data	0	No data	No data	0	-1	-1
ZNF284	0.026015365150030775	No data	0.042793300244431426	No data	No data	No data	No data	No data	No data	No data	No data	No data	No data	No data	No data	No data	No data	No data	No data	No data	No data	No data	0	0	0	0	0	No data	No data	0.6060672917815775	No data	0	No data	No data	-0.4266449999999999	-1	0
PLEKHB1	0.025992421293365365	No data	0.0399050818359732	No data	No data	No data	No data	No data	No data	No data	No data	No data	No data	No data	No data	No data	No data	No data	0.012158615952232422	0.05160572081673327	No data	No data	0	0	0	0	0	0	No data	0.31803640375068953	No data	0	No data	No data	0	0.5	0
MTA1	0.02597996782135619	No data	0.0427350743265907	No data	No data	No data	No data	No data	No data	No data	No data	No data	No data	No data	No data	No data	No data	No data	No data	No data	No data	No data	0	0	0	0	0	0.7412599999999998	No data	-0.9512410369553227	-0.8733476134664083	0	No data	No data	0	-1	-1
GRIFIN	0.025974669924789105	No data	0.04272635968902356	No data	No data	No data	No data	No data	No data	No data	No data	No data	No data	No data	No data	No data	No data	No data	No data	No data	No data	No data	No data	No data	0	0	0	0	No data	0.9218974076116933	No data	No data	No data	No data	0	No data	No data
DDX4	0.025942059223622783	No data	0.042672717561836646	No data	No data	No data	No data	No data	No data	No data	No data	No data	No data	No data	No data	No data	No data	No data	No data	No data	No data	No data	1	0	0	0	0	0.45441999999999966	No data	-0.8531715388858245	0	0	No data	No data	0	1	0.5
CIMAP1B	0.025864804657049923	No data	0.04254563966600316	No data	No data	No data	No data	No data	No data	No data	No data	No data	No data	No data	No data	No data	No data	No data	No data	No data	No data	No data	0	0	0	0	0	0	No data	0.6975179260893547	-0.6496005511938041	0	No data	No data	0	0.5	0
SIX3	0.025863730010122155	No data	0.04193594115579663	No data	No data	No data	No data	No data	No data	No data	No data	No data	No data	No data	No data	No data	No data	No data	0.012158615952232422	No data	No data	No data	0	0	0	0	0	0.8945799999999998	No data	-0.8087148372862658	-0.6723872212278015	0	No data	No data	-0.021085000000000065	0.5	0.5
DHX38	0.025811886270237932	No data	0.04245859293795468	No data	No data	No data	No data	No data	No data	No data	No data	No data	No data	No data	No data	No data	No data	No data	No data	No data	No data	No data	0	0	0	0	0	0.8655250000000002	No data	-0.36403750689464975	-0.6257033003987322	-1	No data	No data	0	-1	-1
GLCCI1	0.025740538781237006	No data	0.038389681551708764	No data	No data	No data	No data	No data	No data	No data	No data	No data	No data	No data	No data	No data	No data	No data	0.07903100368951074	No data	No data	No data	0	0	0	0	0	0.5886650000000003	No data	-0.13601765030336455	No data	0	No data	No data	0	0.5	-1
SLC49A4	0.02573084552498537	No data	0.042325287065689374	No data	No data	No data	No data	No data	No data	No data	No data	No data	No data	No data	No data	No data	No data	No data	No data	No data	No data	No data	0	0	0	0	0	0.7489550000000001	No data	-0.050082735797021494	0	0	No data	No data	0	-1	-1
CEACAM8	0.025689441524621253	No data	0.039693702051158644	No data	No data	No data	No data	No data	No data	No data	No data	No data	No data	No data	No data	No data	No data	No data	0.05126957155731863	No data	No data	No data	1	0	0	0	0	No data	No data	0.41279646993932717	-0.3074028175658705	0	No data	No data	-0.4340975	1	0.5
C8orf88	0.02552759794629005	No data	0.041990960231954644	No data	No data	No data	No data	No data	No data	No data	No data	No data	No data	No data	No data	No data	No data	No data	No data	No data	No data	No data	0	0	0	0	0	0.7435899999999996	No data	0.9378929950358521	No data	0	No data	No data	No data	0.5	0
DORIP1	0.025414734025036544	No data	0.041805307651600246	No data	No data	No data	No data	No data	No data	No data	No data	No data	No data	No data	No data	No data	No data	No data	No data	No data	No data	No data	0	0	0	0	0	0.82258	No data	0.644677330391616	No data	No data	No data	No data	No data	-1	0
PFDN1	0.02540740298144427	No data	0.03989869985866962	No data	No data	No data	No data	No data	No data	No data	No data	No data	No data	No data	No data	No data	No data	No data	0.03789097565780432	No data	No data	No data	1	0	0	0	0	0.8770499999999999	No data	0.8917815774958633	-0.8131697071354868	0	No data	No data	No data	-1	-1
NUPR1	0.02539296327119828	No data	0.03432112572629914	No data	No data	No data	No data	No data	No data	No data	No data	No data	No data	No data	No data	No data	No data	No data	0.14896741376716072	No data	No data	No data	0	0	0	0	0	0	No data	0.8211803640375068	-0.2035914972095168	0	No data	No data	0	0.5	-1
THPO	0.025321390347662592	No data	0.033972429252397185	No data	No data	No data	No data	No data	No data	No data	No data	No data	No data	No data	No data	No data	No data	No data	0.15358670275595737	No data	No data	No data	0	1	0	1	0	0	No data	0.26045228902371753	-0.22108376023293574	0	No data	No data	No data	1	0
BRIP1	0.025311572330601047	No data	0.03804291235342262	No data	No data	No data	No data	No data	No data	No data	No data	No data	No data	No data	No data	No data	No data	No data	0.07185404288437355	No data	No data	No data	0	0	0	0	0	0	No data	-0.20783232211803637	-0.7026276895458378	0	No data	255	0	0.5	0.5
HAVCR1	0.02527963572615124	No data	0.03444386895053608	No data	No data	No data	No data	No data	No data	No data	No data	No data	No data	No data	No data	No data	No data	No data	0.14278424515661445	No data	No data	No data	0	0	0	0	0	0	No data	0.9704357418643133	-0.2107134718819842	0	No data	No data	0	0.75	0.5
GABPB1	0.025263624885852362	No data	0.03988493489839595	No data	No data	No data	No data	No data	No data	No data	No data	No data	No data	No data	No data	No data	No data	No data	0.03343619386863916	No data	No data	No data	0	0	0	0	0	0.9086150000000004	No data	-0.5718698290126862	0	-1	No data	No data	-0.2493475	-1	-1
RAB1A	0.025213977884108996	No data	0.03944543452811811	No data	No data	No data	No data	No data	No data	No data	No data	No data	No data	No data	No data	No data	No data	No data	0.04059289031385596	No data	No data	No data	0	0	0	0	0	1	No data	-0.8781025923883067	No data	0	No data	No data	-0.7682925	-1	-1
CCDC134	0.025134824561294924	No data	0.04020500759261728	No data	No data	No data	No data	No data	No data	No data	No data	No data	No data	No data	No data	No data	No data	No data	0.02279740491043579	No data	No data	No data	0	1	0	0	0	0.475985	No data	0.6065085493656923	-0.9057192620802581	0	No data	No data	No data	-1	-1
CGREF1	0.02508453864461162	No data	0.03840878218924547	No data	No data	No data	No data	No data	No data	No data	No data	No data	No data	No data	No data	No data	No data	No data	No data	0.05706758268630399	No data	No data	0	1	0	0	0	0	No data	0.5748483177054606	-0.5412198434860327	0	No data	No data	0	0.5	0
L2HGDH	0.024913618324814354	No data	0.03946118338197515	No data	No data	No data	No data	No data	No data	No data	No data	No data	No data	No data	No data	No data	No data	No data	0.030396539880581056	No data	No data	No data	0	0	0	0	0	0.12526999999999971	No data	-0.16767788196359623	-0.3114180081003065	0	No data	No data	0	0.5	-1
SH2B1	0.024838562521721792	No data	0.03369769169716208	No data	No data	No data	No data	No data	No data	No data	No data	No data	No data	No data	No data	No data	No data	No data	0.1431971516394959	No data	No data	No data	0	0	0	0	0	0.5833350000000003	No data	-0.8217319360176503	-0.6531012158908902	0	No data	No data	0	-1	-1
GVQW3	0.02478665516980285	No data	0.04077216562671645	No data	No data	No data	No data	No data	No data	No data	No data	No data	No data	No data	No data	No data	No data	No data	No data	No data	No data	No data	0	0	0	0	0	No data	No data	0.09829012686155547	No data	No data	No data	No data	0	0.5	0
OR5L1	0.0247651744571626	No data	0.040736831485520375	No data	No data	No data	No data	No data	No data	No data	No data	No data	No data	No data	No data	No data	No data	No data	No data	No data	No data	No data	1	0	0	0	0	0	No data	0.9266409266409266	No data	No data	No data	No data	-0.807075	No data	No data
STAB2	0.02475839788572206	No data	0.040725684540066774	No data	No data	No data	No data	No data	No data	No data	No data	No data	No data	No data	No data	No data	No data	No data	No data	No data	No data	No data	0	0	0	0	0	0	No data	-0.1078874793160507	-0.39195967452801656	0	No data	No data	0	1	0.5
ESF1	0.024754692442139733	No data	0.03919976237271062	No data	No data	No data	No data	No data	No data	No data	No data	No data	No data	No data	No data	No data	No data	No data	0.030396539880581056	No data	No data	No data	0	0	0	0	0	0.04230500000000035	No data	-0.19779371207942642	No data	-1	No data	No data	No data	-1	-1
PRR14	0.02473646007805575	No data	0.04068959851226148	No data	No data	No data	No data	No data	No data	No data	No data	No data	No data	No data	No data	No data	No data	No data	No data	No data	No data	No data	0	0	0	0	0	0	No data	-0.3359073359073359	No data	0	No data	No data	0	-1	-1
CCDC50	0.02469066236773613	No data	0.03824164594900254	No data	No data	No data	No data	No data	No data	No data	No data	No data	No data	No data	No data	No data	No data	No data	0.04745237614690708	No data	No data	No data	0	0	0	0	0	0	No data	-0.061445118587975744	-0.5939794994359995	0	No data	No data	No data	-1	-1
GPR27	0.024678319022605057	No data	0.03907413389684671	No data	No data	No data	No data	No data	No data	No data	No data	No data	No data	No data	No data	No data	No data	No data	0.030396539880581056	No data	No data	No data	1	0	0	1	0	0.8533349999999998	No data	0.5727523441809157	-0.14230555434728037	0	No data	No data	0	0.5	0
CARD18	0.02462104083039151	No data	0.040499742613995277	No data	No data	No data	No data	No data	No data	No data	No data	No data	No data	No data	No data	No data	No data	No data	No data	No data	No data	No data	No data	No data	0	0	0	No data	No data	0.7129619415333701	No data	0	No data	No data	0	1	0.5
PROCA1	0.024582889917222593	No data	0.040436987258749585	No data	No data	No data	No data	No data	No data	No data	No data	No data	No data	No data	No data	No data	No data	No data	No data	No data	No data	No data	0	0	0	0	0	0	No data	0.3491450634307778	No data	0	No data	No data	0	1	0
NPIPB8	0.024582264853542382	No data	0.04043595907645866	No data	No data	No data	No data	No data	No data	No data	No data	No data	No data	No data	No data	No data	No data	No data	No data	No data	No data	No data	0	0	0	0	0	No data	No data	0.8845008273579702	No data	No data	No data	No data	-0.98264	1	0
RMI1	0.024569719522586225	No data	0.040415322959641675	No data	No data	No data	No data	No data	No data	No data	No data	No data	No data	No data	No data	No data	No data	No data	No data	No data	No data	No data	0	0	0	0	0	0	No data	0.05019305019305009	-0.17385259600726455	-1	No data	No data	No data	-1	-1
CRIP2	0.02454713021682856	No data	0.03847838152441005	No data	No data	No data	No data	No data	No data	No data	No data	No data	No data	No data	No data	No data	No data	No data	0.037995674850726316	No data	No data	No data	1	0	0	0	0	0.6394249999999999	No data	0.717484831770546	No data	0	No data	No data	-0.026442499999999924	0.5	-1
SBNO1	0.024519587510906573	No data	0.03243257227086468	No data	No data	No data	No data	No data	No data	No data	No data	No data	No data	No data	No data	No data	No data	No data	0.15800574672486223	No data	No data	No data	0	0	0	0	0	0.8743699999999996	No data	-0.9669056811913955	0	-1	No data	No data	0	0.5	-1
ZBTB45	0.024517726340164327	No data	0.04032979812256127	No data	No data	No data	No data	No data	No data	No data	No data	No data	No data	No data	No data	No data	No data	No data	No data	No data	No data	No data	0	0	0	0	0	0.38355999999999996	No data	-0.05195808052950912	0	0	No data	No data	0	-1	-1
NDST3	0.024488822095899424	No data	0.038154495043893746	No data	No data	No data	No data	No data	No data	No data	No data	No data	No data	No data	No data	No data	No data	No data	0.04255515583281347	No data	No data	No data	0	0	0	0	0	0.6735399999999998	No data	-0.4360728075013789	-0.16840601274630995	0	No data	No data	-0.538945	0.5	0.5
KLHL6	0.024377848961989135	No data	0.033868419781267145	No data	No data	No data	No data	No data	No data	No data	No data	No data	No data	No data	No data	No data	No data	No data	0.12462581351038234	No data	No data	No data	1	0	0	0	0	0.718195	No data	-0.06762272476558195	-0.784354591846691	0	No data	No data	0	1	0.5
ATP13A5	0.024288985712747367	No data	0.03630595237377598	No data	No data	No data	No data	No data	No data	No data	No data	No data	No data	No data	No data	No data	No data	No data	0.07295169571339452	No data	No data	No data	1	0	0	0	0	0.14613999999999977	No data	0.18808604522890238	-0.13801839227553903	0	No data	No data	0	0.75	0.5
ZNF146	0.02426581700866043	No data	0.035641680936995816	No data	No data	No data	No data	No data	No data	No data	No data	No data	No data	No data	No data	No data	No data	No data	0.08547490926996869	No data	No data	No data	0	0	0	0	0	0.777395	No data	-0.42923331494760064	No data	0	No data	No data	-0.5119875	-1	-1
GPT2	0.024236722615712584	No data	0.03180480583484977	No data	No data	No data	No data	No data	No data	No data	No data	No data	No data	No data	No data	No data	No data	No data	0.15958183437305054	No data	No data	No data	0	0	0	0	0	0.6462699999999998	No data	-0.4693877551020408	-0.6775914387924448	0	No data	No data	-0.08699750000000002	0.5	-1
USP35	0.02422766650311634	No data	0.03985267171576044	No data	No data	No data	No data	No data	No data	No data	No data	No data	No data	No data	No data	No data	No data	No data	No data	No data	No data	No data	0	0	0	0	0	0.44498999999999994	No data	0.2050744622173193	-0.4025292816482848	0	No data	No data	0	-1	-1
GALNT13	0.024216064902666753	No data	0.03922565716635476	No data	No data	No data	No data	No data	No data	No data	No data	No data	No data	No data	No data	No data	No data	No data	0.012158615952232422	No data	No data	No data	0	0	0	0	0	0.9730200000000003	No data	-0.38852730281301706	-0.1608107940099185	0	No data	No data	-0.6133099999999999	0.5	0
CASP5	0.024172878575557902	No data	0.03169545162758188	No data	No data	No data	No data	No data	No data	No data	No data	No data	No data	No data	No data	No data	No data	No data	0.1591934341412431	No data	No data	0.2	No data	No data	1	1	0	No data	No data	0.13943739658025378	-0.6849004779233472	0	255	No data	-0.08986249999999991	0.75	0.5
KNTC1	0.02412320652173952	No data	0.03968084297836597	No data	No data	No data	No data	No data	No data	No data	No data	No data	No data	No data	No data	No data	No data	No data	No data	No data	No data	No data	1	0	0	0	0	0.049345000000000284	No data	-0.22989520132377272	0	0	No data	No data	No data	0.5	-1
C18orf32	0.024121367127297306	No data	0.03967781731417946	No data	No data	No data	No data	No data	No data	No data	No data	No data	No data	No data	No data	No data	No data	No data	No data	No data	No data	No data	0	0	0	0	0	0	No data	0.7206839492553778	-0.43423810300908944	0	No data	No data	No data	-1	-1
ERCC1	0.024082256049973032	No data	0.03480485152339899	No data	No data	No data	No data	No data	No data	No data	No data	No data	No data	No data	No data	No data	No data	No data	0.09617262076814903	No data	No data	No data	0	0	1	1	0	0.3097650000000002	No data	0.5180364037506895	-0.9568968079377382	0	255	No data	No data	-1	-1
FNTA	0.024057963090730914	No data	0.039573522488492906	No data	No data	No data	No data	No data	No data	No data	No data	No data	No data	No data	No data	No data	No data	No data	No data	No data	No data	1	0	0	1	1	0	0.6042200000000001	No data	0.626696083838941	0	-1	No data	No data	0	-1	-1
ULK2	0.02404718625274352	No data	0.034598082705862676	No data	No data	No data	No data	No data	No data	No data	No data	No data	No data	No data	No data	No data	No data	No data	0.09915425404919398	No data	No data	No data	0	0	1	1	0	0.681465	1	-0.34087148372862663	-0.05373224667943238	0	255	No data	0	-1	-1
LURAP1L	0.02396926074995266	No data	0.038515717676939114	No data	No data	No data	No data	No data	No data	No data	No data	No data	No data	No data	No data	No data	No data	No data	0.01823792392834863	No data	No data	No data	0	0	0	0	0	0.4078949999999999	No data	0.6038610038610039	No data	0	No data	No data	0	-1	0
TMX4	0.023967860549313075	No data	0.03792437018237877	No data	No data	No data	No data	No data	No data	No data	No data	No data	No data	No data	No data	No data	No data	No data	No data	0.030018809344944695	No data	No data	0	0	0	0	0	0	No data	0.44931053502482077	No data	0	No data	No data	0	-1	-1
OR4A5	0.023966285248576767	No data	0.03942271939953225	No data	No data	No data	No data	No data	No data	No data	No data	No data	No data	No data	No data	No data	No data	No data	No data	No data	No data	No data	1	0	0	0	0	0	No data	No data	No data	0	No data	No data	-0.3809525000000001	No data	No data
ANKRD18A	0.023927644197367866	No data	0.03935915780442848	No data	No data	No data	No data	No data	No data	No data	No data	No data	No data	No data	No data	No data	No data	No data	No data	No data	No data	No data	No data	No data	0	0	0	No data	No data	-0.16789851075565365	No data	0	No data	No data	-0.8261099999999999	0.5	0.5
C6orf141	0.023886827814408446	No data	0.039292017953774794	No data	No data	No data	No data	No data	No data	No data	No data	No data	No data	No data	No data	No data	No data	No data	No data	No data	No data	No data	0	0	0	0	0	0	No data	0.9002757859900716	No data	0	No data	No data	No data	0.5	0
TEX22	0.023868235611902742	No data	0.03926143519241652	No data	No data	No data	No data	No data	No data	No data	No data	No data	No data	No data	No data	No data	No data	No data	No data	No data	No data	No data	0	0	0	0	0	0	No data	0.9564258135686707	No data	0	No data	No data	No data	1	1
LRRC14B	0.02386401987404193	No data	0.03925450062374953	No data	No data	No data	No data	No data	No data	No data	No data	No data	No data	No data	No data	No data	No data	No data	No data	No data	No data	No data	0	0	0	0	0	0	No data	0.976392719249862	No data	0	No data	No data	0	0.75	0.5
CIAO2A	0.02379690675916168	No data	0.0391441046458785	No data	No data	No data	No data	No data	No data	No data	No data	No data	No data	No data	No data	No data	No data	No data	No data	No data	No data	No data	0	0	0	0	0	0.75	No data	0.15752895752895757	0	0	No data	No data	0	0.5	-1
MCM3AP	0.02375006842712017	No data	0.033449981294922354	No data	No data	No data	No data	No data	No data	No data	No data	No data	No data	No data	No data	No data	No data	No data	0.09574910062383032	0.03733302690612786	No data	No data	0	0	0	0	0	0	No data	-0.33524544953116386	-0.022023425318627998	-1	No data	No data	0	-1	-1
HELQ	0.02369819350862452	No data	0.038981728844348175	No data	No data	No data	No data	No data	No data	No data	No data	No data	No data	No data	No data	No data	No data	No data	No data	No data	No data	No data	0	0	0	0	0	0	No data	-0.37738554881412023	-0.2536756852131161	0	No data	No data	0	-1	-1
CAPZA1	0.023637176829814716	No data	0.038881361040891724	No data	No data	No data	No data	No data	No data	No data	No data	No data	No data	No data	No data	No data	No data	No data	No data	No data	No data	No data	0	0	0	0	0	0.8251750000000001	No data	-0.863099834528406	0	0	No data	No data	-0.6678325	-1	-1
MGAT2	0.023604422446609475	No data	0.03730765557363196	No data	No data	No data	No data	No data	No data	No data	No data	No data	No data	No data	No data	No data	No data	No data	0.030396539880581056	No data	No data	No data	0	0	1	1	0	0.42952999999999975	1	-0.3798124655267512	-0.9016811123504955	0	No data	No data	No data	-1	-1
PRR30	0.023512420177130205	No data	0.03867614582038531	No data	No data	No data	No data	No data	No data	No data	No data	No data	No data	No data	No data	No data	No data	No data	No data	No data	No data	No data	No data	No data	0	0	0	0	No data	0.9043574186431329	0	0	No data	No data	No data	1	1
MGAT5	0.023465393384178586	No data	0.0341237441677846	No data	No data	No data	No data	No data	No data	No data	No data	No data	No data	No data	No data	No data	No data	No data	0.08950092298171088	No data	No data	No data	0	1	0	0	0	0.8582999999999998	No data	-0.7768339768339768	-0.22064431575338495	0	No data	No data	0	-1	-1
PCDHGA4	0.023428256867061077	No data	0.03853770356610278	No data	No data	No data	No data	No data	No data	No data	No data	No data	No data	No data	No data	No data	No data	No data	No data	No data	No data	No data	1	0	0	0	0	0.09043500000000008	No data	-0.12796469939327082	No data	0	No data	No data	-0.35810749999999986	-1	0
HPS6	0.023418079872099814	No data	0.037609066985744864	No data	No data	No data	No data	No data	No data	No data	No data	No data	No data	No data	No data	No data	No data	No data	0.01823792392834863	No data	No data	No data	0	0	0	0	0	0.1161299999999997	No data	0.30910093767236635	-0.7118970105335628	0	No data	No data	No data	-1	-1
KLHL30	0.023372298522967346	No data	0.03844565633915923	No data	No data	No data	No data	No data	No data	No data	No data	No data	No data	No data	No data	No data	No data	No data	No data	No data	No data	No data	0	0	0	0	0	0.3858150000000002	No data	0.7699944842801987	No data	0	No data	No data	0	1	0
COG5	0.02331622511178716	No data	0.03676745901568581	No data	No data	No data	No data	No data	No data	No data	No data	No data	No data	No data	No data	No data	No data	No data	No data	0.031719216398200877	No data	No data	0	0	0	0	0	0.4632100000000001	No data	0.1063430777716492	-0.8137661494046078	0	No data	No data	No data	-1	-1
ATE1	0.02330491193308946	No data	0.03651101812284803	No data	No data	No data	No data	No data	No data	No data	No data	No data	No data	No data	No data	No data	No data	No data	0.03647584785669727	No data	No data	No data	0	0	0	0	0	0.07336000000000027	No data	-0.45361279646993935	-0.9334317736737285	0	No data	No data	No data	-1	0
ZC3H15	0.023292906250341364	No data	0.033782337823385925	No data	No data	No data	No data	No data	No data	No data	No data	No data	No data	No data	No data	No data	No data	No data	0.07176960805137193	0.042490973395641785	No data	No data	0	0	0	0	0	0.7769950000000001	No data	-0.8157749586321015	No data	0	No data	No data	No data	-1	-1
ZMYM5	0.023236708585993204	No data	0.03655081149516928	No data	No data	No data	No data	No data	No data	No data	No data	No data	No data	No data	No data	No data	No data	No data	0.03343619386863916	No data	No data	No data	0	0	0	0	0	0	No data	-0.19029233314947602	No data	0	No data	No data	0	-1	-1
FEM1A	0.02321125013330715	No data	0.0363569515742371	No data	No data	No data	No data	No data	No data	No data	No data	No data	No data	No data	No data	No data	No data	No data	0.03647584785669726	No data	No data	No data	0	0	0	0	0	0.4319899999999997	No data	0.9301709873138444	-0.45422877847860005	0	No data	No data	-0.11808750000000004	0.75	0
ENSG00000289491	0.02318658301674741	No data	0.03814016843338187	No data	No data	No data	No data	No data	No data	No data	No data	No data	No data	No data	No data	No data	No data	No data	No data	No data	No data	No data	No data	No data	No data	No data	No data	0.23913000000000012	No data	No data	No data	No data	No data	No data	No data	0.5	0.5
NT5C3B	0.023090675494730387	No data	0.034859804922714635	No data	No data	No data	No data	No data	No data	No data	No data	No data	No data	No data	No data	No data	No data	No data	No data	0.062452058390097084	No data	No data	0	0	1	0	0	0.4833350000000003	No data	0.593050193050193	No data	0	No data	No data	0	-1	0
SMARCA4	0.023089775485717157	No data	0.03325026934086296	No data	No data	No data	No data	No data	No data	No data	No data	No data	No data	No data	No data	No data	No data	No data	0.09461316109740495	No data	No data	No data	0	0	1	1	0	0.8633899999999997	1	-0.9399889685603972	-0.9319223881807955	0	No data	255	-0.3761375000000001	-1	-1
OR13C3	0.02306494892887947	No data	0.03794008959489268	No data	No data	No data	No data	No data	No data	No data	No data	No data	No data	No data	No data	No data	No data	No data	No data	No data	No data	No data	1	0	No data	No data	No data	0.2744500000000002	No data	0.8561500275785989	No data	0	No data	No data	-0.5977925	No data	No data
CACNG8	0.02296926919223634	No data	0.03702279019635937	No data	No data	No data	No data	No data	No data	No data	No data	No data	No data	No data	No data	No data	No data	No data	0.015198269940290528	No data	No data	1	1	0	1	1	0	0.7176450000000003	No data	-0.7849972421400992	-0.29320286964309744	0	No data	No data	0	1	1
PRB2	0.022964056553654372	No data	0.03274654834233893	No data	No data	No data	No data	No data	No data	No data	No data	No data	No data	No data	No data	No data	No data	No data	0.10055161912758911	No data	No data	No data	0	1	0	0	0	No data	No data	0.9424158852730282	No data	0	No data	No data	-0.07452000000000006	1	0.5
PACS2	0.022919473159609183	No data	0.0327495377710262	No data	No data	No data	No data	No data	No data	No data	No data	No data	No data	No data	No data	No data	No data	No data	0.062232402641285975	0.07136625897851548	No data	No data	0	0	0	0	0	0.64602	No data	-0.6198565912851628	-0.2324989359228255	0	No data	No data	0	0.75	-1
CYP8B1	0.022887922611861157	No data	0.036736998549137465	No data	No data	No data	No data	No data	No data	No data	No data	No data	No data	No data	No data	No data	No data	No data	0.01823792392834863	No data	No data	No data	0	0	1	1	0	0	No data	0.8956425813568671	-0.7362167516629933	0	No data	No data	0	1	0.5
RSRC2	0.022875451582222532	No data	0.03600632782471933	No data	No data	No data	No data	No data	No data	No data	No data	No data	No data	No data	No data	No data	No data	No data	No data	0.032441060480879795	No data	No data	0	0	0	0	0	0.8156700000000001	No data	-0.9855488141202426	No data	0	No data	No data	0	0.5	-1
MAD2L2	0.022856300205212864	No data	0.03425325890094196	No data	No data	No data	No data	No data	No data	No data	No data	No data	No data	No data	No data	No data	No data	No data	0.06687238773727831	No data	No data	No data	0	0	0	0	0	0.9289099999999998	No data	-0.27722007722007724	-0.7731186431852066	-1	No data	No data	0	-1	-1
CCDC93	0.022849290944868216	No data	0.03758534858677381	No data	No data	No data	No data	No data	No data	No data	No data	No data	No data	No data	No data	No data	No data	No data	No data	No data	No data	No data	1	0	0	0	0	0.5879550000000002	No data	0.030557087699944807	No data	0	No data	No data	No data	-1	-1
FGF7	0.022829765538239077	No data	0.03310980695749782	No data	No data	No data	No data	No data	No data	No data	No data	No data	No data	No data	No data	No data	No data	No data	0.0888684763599149	No data	No data	No data	0	1	0	0	0	0.7164949999999998	No data	-0.5146166574738003	-0.31524510017400337	0	No data	No data	0	-1	0
NRG4	0.02282772787802291	No data	0.036637982782746395	No data	No data	No data	No data	No data	No data	No data	No data	No data	No data	No data	No data	No data	No data	No data	0.01823792392834863	No data	No data	No data	1	1	0	0	0	0	No data	No data	No data	0	No data	No data	0	0.5	0
HBP1	0.022774896361294542	No data	0.034423321157748495	No data	No data	No data	No data	No data	No data	No data	No data	No data	No data	No data	No data	No data	No data	No data	0.06079307976116211	No data	No data	No data	0	0	0	0	0	0.7568100000000001	No data	-0.46574738003309435	-0.13173594722701215	0	No data	No data	No data	-1	-1
TAX1BP1	0.02273054762507411	No data	0.03587019784823203	No data	No data	No data	No data	No data	No data	No data	No data	No data	No data	No data	No data	No data	No data	No data	0.030396539880581056	No data	No data	No data	0	0	0	0	0	0.37262500000000004	No data	-0.30744622173193603	-0.7485151242365414	0	No data	No data	0	-1	-1
TRIM64C	0.02271527398752928	No data	0.03736490086827452	No data	No data	No data	No data	No data	No data	No data	No data	No data	No data	No data	No data	No data	No data	No data	No data	No data	No data	No data	No data	No data	0	0	0	No data	No data	0.2714837286265859	No data	No data	No data	No data	-0.7722225000000001	No data	No data
OR13C4	0.022703816322448382	No data	0.03734605387923249	No data	No data	No data	No data	No data	No data	No data	No data	No data	No data	No data	No data	No data	No data	No data	No data	No data	No data	No data	1	0	0	0	0	No data	No data	No data	No data	0	No data	No data	-0.5911950000000001	No data	No data
HAUS4	0.02269943036900847	No data	0.03551504692602801	No data	No data	No data	No data	No data	No data	No data	No data	No data	No data	No data	No data	No data	No data	No data	0.03647584785669726	No data	No data	No data	0	0	0	0	0	0	No data	-0.13634859349145068	0	-1	No data	No data	No data	-1	-1
AGTRAP	0.02269533891693739	No data	0.03581228219685355	No data	No data	No data	No data	No data	No data	No data	No data	No data	No data	No data	No data	No data	No data	No data	0.030396539880581056	No data	No data	No data	0	0	0	0	0	0	No data	-0.22581356867071156	-0.8350805365678182	0	No data	No data	No data	-1	-1
COG3	0.022674736679287065	No data	0.035320050116307185	No data	No data	No data	No data	No data	No data	No data	No data	No data	No data	No data	No data	No data	No data	No data	No data	0.039563399160648806	No data	No data	1	0	0	0	0	0.7886450000000004	No data	-0.875896304467733	-0.39195967452801656	-1	No data	No data	No data	-1	-1
GOLM2	0.022613993019451165	No data	0.037198301366364074	No data	No data	No data	No data	No data	No data	No data	No data	No data	No data	No data	No data	No data	No data	No data	No data	No data	No data	No data	0	0	0	0	0	0.48394499999999996	No data	-0.5180364037506895	No data	0	No data	No data	0	-1	-1
MKRN2	0.022611984158404836	No data	0.03597913534725867	No data	No data	No data	No data	No data	No data	No data	No data	No data	No data	No data	No data	No data	No data	No data	0.024317231904464845	No data	No data	No data	0	0	0	0	0	0.42307500000000003	No data	-0.03320463320463318	-0.1095846153479399	0	No data	No data	0	-1	-1
GLRX3	0.022603192965419207	No data	0.03566070910353405	No data	No data	No data	No data	No data	No data	No data	No data	No data	No data	No data	No data	No data	No data	No data	0.030396539880581056	No data	No data	No data	0	0	0	0	0	0.49253500000000017	No data	0.9044677330391615	-0.9032940966960609	0	No data	No data	0	-1	-1
ENSG00000206356	0.022531641567979308	No data	0.03706283948189401	No data	No data	No data	No data	No data	No data	No data	No data	No data	No data	No data	No data	No data	No data	No data	No data	No data	No data	No data	No data	No data	No data	No data	No data	No data	No data	No data	No data	No data	No data	No data	-0.9164124999999999	No data	No data
ZNF585A	0.02242810679099258	No data	0.0368925326354676	No data	No data	No data	No data	No data	No data	No data	No data	No data	No data	No data	No data	No data	No data	No data	No data	No data	No data	No data	0	0	0	0	0	No data	No data	-0.13281853281853284	No data	0	No data	No data	-0.8634599999999999	-1	-1
ST18	0.02239288013963693	No data	0.03169545162758188	No data	No data	No data	No data	No data	No data	No data	No data	No data	No data	No data	No data	No data	No data	No data	0.08678539536278754	0.035993973291084135	No data	No data	0	0	0	0	0	0.24069000000000002	No data	-0.6270270270270271	0	0	No data	No data	0	0.75	0.5
ADNP2	0.022377149018167702	No data	0.03292150012682412	No data	No data	No data	No data	No data	No data	No data	No data	No data	No data	No data	No data	No data	No data	No data	0.07774421683456613	No data	No data	No data	0	0	0	0	0	0.005304999999999893	No data	-0.12664092664092663	-0.7856303289133232	0	No data	No data	0	0.5	-1
CACNA1H	0.02233530293843018	No data	0.032306964177469095	No data	No data	No data	No data	No data	No data	No data	No data	No data	No data	No data	No data	No data	No data	No data	0.08865826334835478	No data	No data	1	0	0	1	1	0	0.24139499999999997	0	0.16381687810259238	-0.8540274633151709	0	No data	No data	0	0.5	0
MATN2	0.0223127888091517	No data	0.03396715472253911	No data	No data	No data	No data	No data	No data	No data	No data	No data	No data	No data	No data	No data	No data	No data	0.0547137717850459	No data	No data	No data	0	1	0	0	0	0.36715500000000034	No data	-0.2701599558742416	No data	0	No data	No data	0	-1	-1
LHX2	0.022302638849523628	No data	0.03235282699591299	No data	No data	No data	No data	No data	No data	No data	No data	No data	No data	No data	No data	No data	No data	No data	0.0630947733087861	0.05303617819059807	No data	No data	0	0	0	0	0	0.9507399999999997	No data	-0.8290126861555434	-0.8351832668330519	0	No data	No data	-0.22413750000000016	0.75	0.5
MCM4	0.022255895911942568	No data	0.03274214346446261	No data	No data	No data	No data	No data	No data	No data	No data	No data	No data	No data	No data	No data	No data	No data	0.07734230702947845	No data	No data	No data	0	0	0	1	0	0.7450749999999999	No data	-0.2777716492002207	-0.9264918027017227	-1	No data	No data	0	0.5	-1
PIK3R3	0.022223288089826283	No data	0.03454919648795097	No data	No data	No data	No data	No data	No data	No data	No data	No data	No data	No data	No data	No data	No data	No data	0.04012849873234709	No data	No data	0.7	0	0	1	1	0	0.7939250000000001	No data	0.7075565361279648	No data	0	No data	No data	-0.3763549999999999	-1	0
UTS2B	0.0222209573830688	No data	0.03655178758893005	No data	No data	No data	No data	No data	No data	No data	No data	No data	No data	No data	No data	No data	No data	No data	No data	No data	No data	No data	0	1	0	0	0	0	No data	0.7371207942636515	No data	0	No data	No data	No data	0.5	0.5
PIK3R5	0.0221848032041601	No data	0.03345266272186609	No data	No data	No data	No data	No data	No data	No data	No data	No data	No data	No data	No data	No data	No data	No data	0.06079307976116211	No data	No data	0.7	0	0	1	1	0	0.30113500000000004	No data	-0.7499172642029786	0	0	255	No data	0	0.5	0
OR13D1	0.022177111561520406	No data	0.03495983754780312	No data	No data	No data	No data	No data	No data	No data	No data	No data	No data	No data	No data	No data	No data	No data	0.030396539880581056	No data	No data	No data	1	0	No data	No data	No data	0.28344000000000025	No data	0.8872586872586872	No data	0	No data	No data	-0.02866250000000008	No data	No data
CRYBB3	0.022158513598515946	No data	0.03584114150727923	No data	No data	No data	No data	No data	No data	No data	No data	No data	No data	No data	No data	No data	No data	No data	0.012158615952232422	No data	No data	No data	0	0	0	0	1	0.5971550000000001	No data	0.7360176503033646	0	0	No data	No data	0	-1	0.5
EYS	0.02212582161398298	No data	0.033820034066188685	No data	No data	No data	No data	No data	No data	No data	No data	No data	No data	No data	No data	No data	No data	No data	0.05150524813098457	No data	No data	No data	1	1	0	0	0	No data	No data	-0.015774958632101543	No data	0	255	No data	0	1	1
ZNF90	0.022111514790549496	No data	0.03637176283455131	No data	No data	No data	No data	No data	No data	No data	No data	No data	No data	No data	No data	No data	No data	No data	No data	No data	No data	No data	0	0	0	0	0	No data	No data	0.49784886927744076	No data	0	No data	No data	-0.15141500000000008	-1	0.5
RIMBP3C	0.022084330027629242	No data	0.036327045963770864	No data	No data	No data	No data	No data	No data	No data	No data	No data	No data	No data	No data	No data	No data	No data	No data	No data	No data	No data	1	0	0	0	0	0	No data	No data	0	No data	No data	No data	-0.99695	1	1
C21orf58	0.022078251489858015	No data	0.03631704723069942	No data	No data	No data	No data	No data	No data	No data	No data	No data	No data	No data	No data	No data	No data	No data	No data	No data	No data	No data	0	0	0	0	0	0	No data	0.7123000551571981	0	0	No data	No data	No data	0.5	0
ERMARD	0.022063338076236734	No data	0.03629251579771417	No data	No data	No data	No data	No data	No data	No data	No data	No data	No data	No data	No data	No data	No data	No data	No data	No data	No data	No data	0	0	0	0	0	0	No data	0.0469939327082185	No data	0	No data	No data	No data	-1	-1
GPATCH8	0.022045494760774362	No data	0.03558910322759907	No data	No data	No data	No data	No data	No data	No data	No data	No data	No data	No data	No data	No data	No data	No data	No data	0.013481233421555737	No data	No data	0	0	0	0	0	0.5139800000000001	No data	-0.9217870932156647	No data	0	No data	No data	0	-1	-1
ZNF526	0.022016129246873732	No data	0.03621486085812488	No data	No data	No data	No data	No data	No data	No data	No data	No data	No data	No data	No data	No data	No data	No data	No data	No data	No data	No data	0	0	0	0	0	0.3731349999999999	No data	-0.5106453392167678	No data	0	No data	No data	0	-1	-1
RPL21	0.021981279724277727	No data	0.032806486387518735	No data	No data	No data	No data	No data	No data	No data	No data	No data	No data	No data	No data	No data	No data	No data	0.06702099304336115	No data	No data	1	0	0	1	1	0	No data	No data	No data	No data	-1	No data	No data	No data	-1	-1
FOXL3	0.021969833230770598	No data	0.03613870742703532	No data	No data	No data	No data	No data	No data	No data	No data	No data	No data	No data	No data	No data	No data	No data	No data	No data	No data	No data	0	0	No data	No data	No data	0	No data	0.9912851627137342	No data	No data	No data	No data	0	1	1
GOLGA6L9	0.02184946906302843	No data	0.030773305731025272	No data	No data	No data	No data	No data	No data	No data	No data	No data	No data	No data	No data	No data	No data	No data	0.10334823559397559	No data	No data	No data	No data	No data	0	0	0	No data	No data	0.20849420849420852	No data	No data	No data	No data	-0.9652774999999998	-1	0
OSTN	0.02183552730679214	No data	0.035028010110185144	No data	No data	No data	No data	No data	No data	No data	No data	No data	No data	No data	No data	No data	No data	No data	0.017795485403420176	No data	No data	No data	0	1	0	0	0	0	No data	0.65273028130171	-0.1165157129738259	0	No data	No data	No data	0.5	0.5
MRI1	0.021833667100733842	No data	0.03591472448264147	No data	No data	No data	No data	No data	No data	No data	No data	No data	No data	No data	No data	No data	No data	No data	No data	No data	No data	No data	0	0	0	0	0	0.2953949999999999	No data	0.716822945394374	0	0	No data	No data	0	-1	-1
SNW1	0.021826560980301026	No data	0.034383208460090194	No data	No data	No data	No data	No data	No data	No data	No data	No data	No data	No data	No data	No data	No data	No data	0.030396539880581056	No data	No data	No data	0	0	0	0	0	0.9626849999999998	No data	-0.9466078323221181	No data	-1	No data	No data	No data	-1	-1
SGSM1	0.021811309999249413	No data	0.03527001795073202	No data	No data	No data	No data	No data	No data	No data	No data	No data	No data	No data	No data	No data	No data	No data	0.012158615952232422	No data	No data	No data	0	0	0	0	0	0.6980800000000003	No data	-0.4738003309431881	-0.015470268904061446	0	No data	No data	0	0.5	0
ENTPD6	0.021780240229123605	No data	0.03409260202090682	No data	No data	No data	No data	No data	No data	No data	No data	No data	No data	No data	No data	No data	No data	No data	No data	0.03468478629607773	No data	No data	0	1	0	0	0	0.11156999999999968	No data	-0.0349696635410921	0	0	No data	No data	0	-1	-1
CHERP	0.021741815498951628	No data	0.03137301230231646	No data	No data	No data	No data	No data	No data	No data	No data	No data	No data	No data	No data	No data	No data	No data	0.06079307976116211	0.060793318838889325	No data	No data	0	0	0	0	0	0.759825	No data	-0.9795918367346939	0	-1	No data	No data	No data	-1	-1
POU4F1	0.021737390034513523	No data	0.03180480583484977	No data	No data	No data	No data	No data	No data	No data	No data	No data	No data	No data	No data	No data	No data	No data	0.07903100368951074	No data	No data	No data	0	0	0	0	0	0.9642000000000003	No data	-0.4183121897407611	-0.8470639955836079	0	No data	No data	-0.009547500000000042	0.5	1
RAPSN	0.02170382068631702	No data	0.03230601752505146	No data	No data	No data	No data	No data	No data	No data	No data	No data	No data	No data	No data	No data	No data	No data	0.06790238931030658	No data	No data	No data	1	0	0	0	0	0.8058250000000001	No data	0.2204081632653061	-0.7901425183705191	0	No data	No data	0	0.75	0.5
PAH	0.021614579100123352	No data	0.03328304434992524	No data	No data	No data	No data	No data	No data	No data	No data	No data	No data	No data	No data	No data	No data	No data	0.04542594015486835	No data	No data	1	0	0	0	1	1	0.6238950000000003	No data	0.4724765581908439	-0.3502988785816133	0	No data	No data	0	0.75	0.5
RITA1	0.021533485087084702	No data	0.03542094786394002	No data	No data	No data	No data	No data	No data	No data	No data	No data	No data	No data	No data	No data	No data	No data	No data	No data	No data	No data	0	0	0	0	0	0	No data	0.9574186431329288	No data	0	No data	No data	No data	-1	-1
RNF144A	0.021532397845873363	No data	0.03262858820400162	No data	No data	No data	No data	No data	No data	No data	No data	No data	No data	No data	No data	No data	No data	No data	0.05581142461406688	No data	No data	No data	0	0	0	0	0	0.828765	No data	-0.631880860452289	0	0	No data	No data	0	0.5	-1
QNG1	0.021518010374576672	No data	0.03169545162758188	No data	No data	No data	No data	No data	No data	No data	No data	No data	No data	No data	No data	No data	No data	No data	No data	0.07400083018650692	No data	No data	0	0	0	0	0	0	No data	0.2660783232211803	No data	0	No data	No data	No data	-1	-1
FAR1	0.021482349150587582	No data	0.03381700613728347	No data	No data	No data	No data	No data	No data	No data	No data	No data	No data	No data	No data	No data	No data	No data	0.030396539880581056	No data	No data	No data	0	0	0	0	0	0.9029150000000001	No data	-0.5748483177054606	-0.7154714558447123	0	No data	No data	0	-1	-1
ENPP4	0.021413327518567744	No data	0.03276009136017975	No data	No data	No data	No data	No data	No data	No data	No data	No data	No data	No data	No data	No data	No data	No data	0.04103532883878443	0.018514799349638834	No data	No data	1	0	0	0	0	0.11700000000000017	No data	-0.22967457253171542	0	0	No data	No data	0	-1	-1
CNTLN	0.021395911875371345	No data	0.03519465037703223	No data	No data	No data	No data	No data	No data	No data	No data	No data	No data	No data	No data	No data	No data	No data	No data	No data	No data	No data	0	0	0	0	0	0	No data	0.6312189740761169	0	0	No data	No data	No data	-1	-1
KLHL28	0.02137489051569644	No data	0.033640244842555005	No data	No data	No data	No data	No data	No data	No data	No data	No data	No data	No data	No data	No data	No data	No data	0.030396539880581056	No data	No data	No data	0	0	0	0	0	0.8511400000000002	No data	-0.5159404302261446	No data	0	No data	No data	0	0.5	-1
LPXN	0.02132557381740303	No data	0.03355912261863221	No data	No data	No data	No data	No data	No data	No data	No data	No data	No data	No data	No data	No data	No data	No data	0.030396539880581056	No data	No data	No data	0	0	0	0	0	0.26165999999999984	No data	-0.3065637065637066	0	0	No data	No data	0	0.5	-1
DENND6A	0.021282728538316496	No data	0.035008472381938854	No data	No data	No data	No data	No data	No data	No data	No data	No data	No data	No data	No data	No data	No data	No data	No data	No data	No data	No data	0	0	0	0	0	0.7450650000000003	No data	-0.42471042471042475	0	0	No data	No data	0	-1	-1
HEMK1	0.021271321814548744	No data	0.03498970918748882	No data	No data	No data	No data	No data	No data	No data	No data	No data	No data	No data	No data	No data	No data	No data	No data	No data	No data	No data	0	0	0	0	0	0	No data	-0.018532818532818518	No data	0	No data	No data	0	-1	-1
BAZ2A	0.021262221911698284	No data	0.033302930844851704	No data	No data	No data	No data	No data	No data	No data	No data	No data	No data	No data	No data	No data	No data	No data	0.03343619386863916	No data	No data	No data	0	0	1	1	0	0.18812500000000015	1	-0.9396580253723111	-0.23944867098471406	0	No data	No data	0	-1	-1
PDE3B	0.02121313419414853	No data	0.03152504513353257	No data	No data	No data	No data	No data	No data	No data	No data	No data	No data	No data	No data	No data	No data	No data	0.06737899673528801	No data	No data	1	0	0	1	1	1	0.06475000000000009	No data	-0.02327633756205183	-0.31207691052697634	0	255	No data	0	0.5	0
GCNT4	0.021195171633616193	No data	0.0316728112347132	No data	No data	No data	No data	No data	No data	No data	No data	No data	No data	No data	No data	No data	No data	No data	0.06383273374922022	No data	No data	No data	0	0	0	0	0	0.08388500000000007	No data	-0.2860452289023717	-0.08945751874593927	0	No data	No data	0	0.5	0
POC1B	0.021191527672068458	No data	0.03143884314556012	No data	No data	No data	No data	No data	No data	No data	No data	No data	No data	No data	No data	No data	No data	No data	0.06839221473130737	No data	No data	No data	0	0	0	0	0	0.10041999999999973	No data	-0.0014340871483728979	0	0	No data	No data	0	-1	-1
SYCE3	0.021169396507698956	No data	0.03482204979722561	No data	No data	No data	No data	No data	No data	No data	No data	No data	No data	No data	No data	No data	No data	No data	No data	No data	No data	No data	0	0	0	0	0	0.48863500000000004	No data	-0.2841698841698842	0	0	No data	No data	No data	1	0.5
RTN4IP1	0.021087697334175533	No data	0.031160579423305253	No data	No data	No data	No data	No data	No data	No data	No data	No data	No data	No data	No data	No data	No data	No data	0.030396539880581056	0.05703205546266153	No data	No data	0	0	0	0	0	0.5075749999999999	No data	-0.030446773303916208	-0.022023425318627998	0	No data	No data	0	-1	-1
TRAIP	0.021076422013620765	No data	0.03322527816998111	No data	No data	No data	No data	No data	No data	No data	No data	No data	No data	No data	No data	No data	No data	No data	0.028876712886552	No data	No data	No data	1	0	0	0	0	0	No data	-0.38246001103143956	-0.4319004462506418	0	No data	No data	No data	-1	0
MICAL2	0.021046766382233385	No data	0.031884643963268254	No data	No data	No data	No data	No data	No data	No data	No data	No data	No data	No data	No data	No data	No data	No data	0.0547137717850459	No data	No data	No data	1	0	0	0	0	0.3193950000000001	No data	-0.41742967457253166	-0.6147142416924686	0	No data	No data	0	0.5	0
MYOT	0.021029586702487252	No data	0.032920263590412564	No data	No data	No data	No data	No data	No data	No data	No data	No data	No data	No data	No data	No data	No data	No data	0.03343619386863916	No data	No data	No data	1	0	0	0	0	0.45782999999999985	No data	-0.07788196359624933	0	0	No data	No data	0	0.75	0
BBS4	0.02102686546710356	No data	0.0345875970582702	No data	No data	No data	No data	No data	No data	No data	No data	No data	No data	No data	No data	No data	No data	No data	No data	No data	No data	No data	0	0	0	0	0	0.489405	No data	-0.02790954219525643	-0.9454394842642211	0	No data	No data	0	-1	-1
MPP7	0.021013151118371844	No data	0.03334917640075632	No data	No data	No data	No data	No data	No data	No data	No data	No data	No data	No data	No data	No data	No data	No data	0.024317231904464845	No data	No data	No data	0	0	0	0	0	0.626735	No data	0.001875344732487516	No data	0	No data	No data	0	0.5	0
TRIM36	0.020993644674829462	No data	0.03252312251874589	No data	No data	No data	No data	No data	No data	No data	No data	No data	No data	No data	No data	No data	No data	No data	0.024317231904464845	0.02938891855161776	No data	No data	1	0	0	0	0	0.59497	No data	-0.37142857142857144	0	0	No data	No data	0	0.75	0
CCIN	0.020971139800899603	No data	0.03449593256878737	No data	No data	No data	No data	No data	No data	No data	No data	No data	No data	No data	No data	No data	No data	No data	No data	No data	No data	No data	0	0	0	0	0	0.6513599999999997	No data	-0.46001103143960287	0	0	No data	No data	0	1	0.5
ABCC12	0.020905366304875845	No data	0.03438774016221385	No data	No data	No data	No data	No data	No data	No data	No data	No data	No data	No data	No data	No data	No data	No data	No data	No data	No data	No data	0	0	0	0	0	0.26416499999999987	No data	0.09917264202978493	No data	0	No data	No data	0	0.75	0.5
EMP2	0.020856603330395566	No data	0.03339563257550027	No data	No data	No data	No data	No data	No data	No data	No data	No data	No data	No data	No data	No data	No data	No data	0.01823792392834863	No data	No data	No data	0	0	0	0	0	0	No data	0.8857142857142857	No data	0	No data	No data	0	0.5	0
PKIB	0.020832450248323954	No data	0.033054695027873005	No data	No data	No data	No data	No data	No data	No data	No data	No data	No data	No data	No data	No data	No data	No data	No data	0.02426207516110664	No data	No data	No data	No data	0	0	0	0	No data	0.05824600110314404	No data	0	No data	No data	0	0.5	0
SUSD3	0.020818291079203965	No data	0.034244508027875584	No data	No data	No data	No data	No data	No data	No data	No data	No data	No data	No data	No data	No data	No data	No data	No data	No data	No data	No data	1	0	0	0	0	0	No data	0.5453943739658025	No data	0	No data	No data	0	0.5	0
POLR2E	0.02076681397970707	No data	0.03057135170545043	No data	No data	No data	No data	No data	No data	No data	No data	No data	No data	No data	No data	No data	No data	No data	0.07176960805137193	No data	No data	No data	0	0	0	0	0	0.9285699999999999	No data	0.6979591836734693	No data	-1	No data	No data	No data	-1	-1
CPSF3	0.020685269589584027	No data	0.0315191410118752	No data	No data	No data	No data	No data	No data	No data	No data	No data	No data	No data	No data	No data	No data	No data	0.034787151196664985	0.03452396429144889	No data	No data	0	0	0	0	1	0.9195900000000001	No data	0.07468284611141751	-0.6667694596549911	-1	No data	No data	0	-1	-1
CPA6	0.020676871308210113	No data	0.03082024655557155	No data	No data	No data	No data	No data	No data	No data	No data	No data	No data	No data	No data	No data	No data	No data	0.06383273374922022	No data	No data	No data	0	1	0	0	0	0.2219700000000003	No data	0.5491450634307777	0	0	No data	No data	0	0.5	0.5
CARD16	0.0206560962548325	No data	0.030456777321573324	No data	No data	No data	No data	No data	No data	No data	No data	No data	No data	No data	No data	No data	No data	No data	0.0704186507233461	No data	No data	No data	0	0	0	0	0	0	No data	0.33348041919470495	No data	0	No data	No data	-0.793815	-1	0
RNF113B	0.020647932313708893	No data	0.03396428079450567	No data	No data	No data	No data	No data	No data	No data	No data	No data	No data	No data	No data	No data	No data	No data	No data	No data	No data	No data	No data	No data	0	0	0	No data	No data	-0.13149476006618865	No data	0	No data	No data	-0.31677	1	1
CAMTA2	0.020631121680371022	No data	0.0339366285791484	No data	No data	No data	No data	No data	No data	No data	No data	No data	No data	No data	No data	No data	No data	No data	No data	No data	No data	No data	0	0	0	0	0	0.6173050000000003	No data	-0.6757859900717044	No data	0	No data	No data	0	-1	-1
ENSG00000293569	0.020561453239080037	No data	0.03382202928336557	No data	No data	No data	No data	No data	No data	No data	No data	No data	No data	No data	No data	No data	No data	No data	No data	No data	No data	No data	No data	No data	No data	No data	No data	No data	No data	No data	No data	No data	No data	No data	0	No data	No data
H3-3B	0.020556357984303057	No data	0.0329017517797385	No data	No data	No data	No data	No data	No data	No data	No data	No data	No data	No data	No data	No data	No data	No data	0.01823792392834863	No data	No data	No data	0	0	0	0	0	No data	No data	-0.7036955322669609	-0.7640481721934572	0	No data	No data	-1	0.5	-1
ZNF98	0.020555199848693414	No data	0.03381174293101891	No data	No data	No data	No data	No data	No data	No data	No data	No data	No data	No data	No data	No data	No data	No data	No data	No data	No data	No data	0	0	0	0	0	No data	No data	0.66861555432984	No data	0	No data	No data	-0.23950999999999995	0.5	0
UBAP1	0.020510581214100126	No data	0.03171714763275163	No data	No data	No data	No data	No data	No data	No data	No data	No data	No data	No data	No data	No data	No data	No data	0.040424020647852735	No data	No data	No data	1	0	0	0	0	0.5517949999999999	No data	-0.8987313844456701	-0.7510087663880383	-1	No data	No data	0	-1	-1
SLCO1B3	0.020464546967788422	No data	0.033054695027873005	No data	No data	No data	No data	No data	No data	No data	No data	No data	No data	No data	No data	No data	No data	No data	0.012158615952232422	No data	No data	No data	1	0	0	1	0	0	No data	0.31880860452289017	-0.7840220019656646	0	255	No data	-0.4622499999999999	1	0.5
RNF38	0.02045046588565941	No data	0.03363946351460265	No data	No data	No data	No data	No data	No data	No data	No data	No data	No data	No data	No data	No data	No data	No data	No data	No data	No data	No data	0	0	0	0	0	0.39806000000000025	No data	-0.8133480419194705	-0.2968332104456023	0	No data	No data	0	-1	-1
KLHL11	0.02041138288413917	No data	0.03357517494479538	No data	No data	No data	No data	No data	No data	No data	No data	No data	No data	No data	No data	No data	No data	No data	No data	No data	No data	No data	0	0	0	0	0	0.8305100000000003	No data	-0.5085493656922229	No data	0	No data	No data	0	-1	0
FAM124B	0.02040334605214727	No data	0.032042127972401226	No data	No data	No data	No data	No data	No data	No data	No data	No data	No data	No data	No data	No data	No data	No data	0.030396539880581056	No data	No data	No data	0	0	0	0	0	0	No data	0.44434638720353004	No data	0	No data	No data	0	0.5	0
HNRNPUL1	0.020377161589373437	No data	0.032606987317017375	No data	No data	No data	No data	No data	No data	No data	No data	No data	No data	No data	No data	No data	No data	No data	0.01823792392834863	No data	No data	No data	0	0	0	0	0	0.772195	No data	-0.9564258135686707	No data	0	255	No data	0	-1	-1
TBR1	0.020371778323120322	No data	0.0315047011654282	No data	No data	No data	No data	No data	No data	No data	No data	No data	No data	No data	No data	No data	No data	No data	0.04010654567576667	No data	No data	No data	0	0	0	0	0	0.9633450000000003	No data	-0.9267512410369553	-0.8923397978047961	0	No data	No data	0	1	1
ABCC3	0.020303670423829346	No data	0.03187816913249787	No data	No data	No data	No data	No data	No data	No data	No data	No data	No data	No data	No data	No data	No data	No data	0.030396539880581056	No data	No data	No data	1	0	0	1	0	0.03405500000000004	No data	-0.23607280750137893	-0.1250770947412433	0	255	No data	0	0.5	0
TDRD10	0.020233711975019414	No data	0.0332829197903966	No data	No data	No data	No data	No data	No data	No data	No data	No data	No data	No data	No data	No data	No data	No data	No data	No data	No data	No data	0	0	0	0	0	No data	No data	0.16922228350799773	No data	0	No data	No data	0	1	0
TRAF5	0.020228369816521114	No data	0.03250453823707335	No data	No data	No data	No data	No data	No data	No data	No data	No data	No data	No data	No data	No data	No data	No data	No data	0.015391882164804322	No data	No data	0	0	0	0	0	0	No data	-0.05239933811362385	0	0	No data	No data	0	-1	0
MED7	0.020209061534055408	No data	0.032699784165851446	No data	No data	No data	No data	No data	No data	No data	No data	No data	No data	No data	No data	No data	No data	No data	No data	0.01085175041887618	No data	No data	0	0	0	0	0	0.849785	No data	-0.34870380584666294	No data	-1	No data	No data	0	-1	-1
SPP2	0.020195490845445897	No data	0.033220048934497086	No data	No data	No data	No data	No data	No data	No data	No data	No data	No data	No data	No data	No data	No data	No data	No data	No data	No data	No data	0	1	0	0	0	0	No data	0.7714285714285714	No data	0	No data	No data	No data	1	1
GNAT1	0.020130926173015148	No data	0.03311384495094435	No data	No data	No data	No data	No data	No data	No data	No data	No data	No data	No data	No data	No data	No data	No data	No data	No data	No data	No data	0	0	0	0	0	0.9714300000000001	No data	0.29707666850523995	-0.05989725164884496	0	No data	No data	-0.5714275000000001	1	0.5
ZNF143	0.020111461084224746	No data	0.0330818263579287	No data	No data	No data	No data	No data	No data	No data	No data	No data	No data	No data	No data	No data	No data	No data	No data	No data	No data	No data	0	0	0	0	0	0.8510950000000002	No data	-0.27854384997242143	0	-1	No data	No data	0	-1	-1
PITPNC1	0.020111348187260476	No data	0.033081640650995094	No data	No data	No data	No data	No data	No data	No data	No data	No data	No data	No data	No data	No data	No data	No data	No data	No data	No data	No data	0	0	0	0	0	No data	No data	-0.49189189189189186	-0.252974314124329	0	No data	No data	0	0.5	-1
RPH3AL	0.020099855606728192	No data	0.03154290923465772	No data	No data	No data	No data	No data	No data	No data	No data	No data	No data	No data	No data	No data	No data	No data	0.030396539880581056	No data	No data	No data	0	0	0	0	0	0	No data	0.3994484280198567	-0.1528751614675486	0	No data	No data	0	0.5	0
DUS3L	0.02008719925124522	No data	0.033041917484953616	No data	No data	No data	No data	No data	No data	No data	No data	No data	No data	No data	No data	No data	No data	No data	No data	No data	No data	No data	0	0	0	0	0	0.05384499999999974	No data	0.2992829564258135	No data	0	No data	No data	0	-1	-1
CCT3	0.020084879988734875	No data	0.03097308109720833	No data	No data	No data	No data	No data	No data	No data	No data	No data	No data	No data	No data	No data	No data	No data	No data	0.04130042754049128	No data	No data	1	0	0	0	0	0.8623849999999997	No data	-0.9007170435741865	-0.05901705023956677	-1	No data	No data	0	-1	-1
RBM6	0.020081662976571858	No data	0.03168208978723726	No data	No data	No data	No data	No data	No data	No data	No data	No data	No data	No data	No data	No data	No data	No data	No data	0.02701441892530367	No data	No data	0	0	0	0	0	0.44345500000000015	No data	-0.9482625482625483	-0.18907283026045107	0	No data	No data	0	-1	-1
ENSG00000289715	0.020080693907877374	No data	0.03303121668908441	No data	No data	No data	No data	No data	No data	No data	No data	No data	No data	No data	No data	No data	No data	No data	No data	No data	No data	No data	No data	No data	No data	No data	No data	No data	No data	No data	No data	No data	No data	No data	No data	1	1
GARIN3	0.020040883960050628	No data	0.03296573234780223	No data	No data	No data	No data	No data	No data	No data	No data	No data	No data	No data	No data	No data	No data	No data	No data	No data	No data	No data	0	0	0	0	0	0	No data	0.45063430777716484	0	0	No data	No data	0	1	1
OR4A16	0.020000637569081537	No data	0.032899530090691374	No data	No data	No data	No data	No data	No data	No data	No data	No data	No data	No data	No data	No data	No data	No data	No data	No data	No data	No data	1	0	0	0	0	0	No data	No data	No data	0	No data	No data	-0.1692074999999999	No data	No data
ANXA9	0.019997680219334627	No data	0.03289466547491845	No data	No data	No data	No data	No data	No data	No data	No data	No data	No data	No data	No data	No data	No data	No data	No data	No data	No data	No data	0	0	0	0	0	0	No data	0.2175399889685603	No data	0	No data	No data	0	-1	0
SLC5A10	0.019892312931866926	No data	0.032721344287899044	No data	No data	No data	No data	No data	No data	No data	No data	No data	No data	No data	No data	No data	No data	No data	No data	No data	No data	No data	1	0	0	0	0	0.42952999999999975	No data	0.048648648648648596	-0.8226679368976497	0	No data	No data	-0.05620750000000001	1	0.5
OOSP2	0.019813760050204993	No data	0.03259213076232912	No data	No data	No data	No data	No data	No data	No data	No data	No data	No data	No data	No data	No data	No data	No data	No data	No data	No data	No data	0	1	0	0	0	0	No data	No data	No data	0	No data	No data	0	1	1
PAK4	0.019794607493254696	No data	0.032560626260458934	No data	No data	No data	No data	No data	No data	No data	No data	No data	No data	No data	No data	No data	No data	No data	No data	No data	No data	0.1	1	0	1	1	1	0.6531300000000002	0	0.4773303916161058	-0.8848994689044098	0	255	No data	-0.04822249999999997	-1	-1
MYL10	0.019750127466125568	No data	0.03248745999333795	No data	No data	No data	No data	No data	No data	No data	No data	No data	No data	No data	No data	No data	No data	No data	No data	No data	No data	No data	0	0	0	0	0	0	No data	0.2462217319360176	No data	0	No data	No data	0	0.5	1
BTBD18	0.019659969602612293	No data	0.032339157153824835	No data	No data	No data	No data	No data	No data	No data	No data	No data	No data	No data	No data	No data	No data	No data	No data	No data	No data	No data	1	0	0	0	0	0	No data	-0.7527854384997242	-0.8082900443865922	0	No data	No data	0	1	1
CRLF1	0.01965633002477107	No data	0.031193300079118667	No data	No data	No data	No data	No data	No data	No data	No data	No data	No data	No data	No data	No data	No data	No data	0.02279740491043579	No data	No data	No data	0	1	0	0	0	0.7511850000000002	No data	0.14164368450082732	-0.5360234195772728	0	No data	No data	0	0.5	0
GARRE1	0.019630137268200742	No data	0.03229008522897952	No data	No data	No data	No data	No data	No data	No data	No data	No data	No data	No data	No data	No data	No data	No data	No data	No data	No data	No data	0	0	0	0	0	0.6448599999999999	No data	-0.5960286817429674	0	0	No data	No data	No data	-1	-1
HSCB	0.019615726383749678	No data	0.032266380418320674	No data	No data	No data	No data	No data	No data	No data	No data	No data	No data	No data	No data	No data	No data	No data	No data	No data	No data	No data	0	0	0	0	0	0	No data	-0.10347490347490351	No data	-1	No data	No data	No data	-1	0
POTEE	0.019600271890775265	No data	0.03224095895088535	No data	No data	No data	No data	No data	No data	No data	No data	No data	No data	No data	No data	No data	No data	No data	No data	No data	No data	No data	No data	No data	0	0	0	No data	No data	-0.6329840044125759	No data	0	No data	No data	-0.9651174999999999	No data	No data
SPECC1	0.01958716802274028	No data	0.03145949058597062	No data	No data	No data	No data	No data	No data	No data	No data	No data	No data	No data	No data	No data	No data	No data	0.015198269940290528	No data	No data	No data	0	0	0	0	0	0.23688999999999966	No data	-0.3634859349145063	No data	0	No data	No data	0	0.5	-1
CPLX3	0.019571727738261855	No data	0.030674178993417775	No data	No data	No data	No data	No data	No data	No data	No data	No data	No data	No data	No data	No data	No data	No data	0.030396539880581056	No data	No data	No data	1	0	0	0	0	0.7784799999999997	No data	0.37661334804191937	No data	0	No data	No data	-0.03481000000000005	0.75	0.5
PITPNM2	0.01956827936932792	No data	0.032188333682395855	No data	No data	No data	No data	No data	No data	No data	No data	No data	No data	No data	No data	No data	No data	No data	No data	No data	No data	No data	0	0	0	0	0	0.31801499999999977	No data	-0.8387203530060673	No data	0	No data	No data	0	0.5	-1
METTL2A	0.01956363269549374	No data	0.03218069025677499	No data	No data	No data	No data	No data	No data	No data	No data	No data	No data	No data	No data	No data	No data	No data	No data	No data	No data	No data	0	0	0	0	0	0	No data	0.44269167126309994	No data	0	No data	No data	-0.9603175	-1	-1
PLBD1	0.01955996629773954	No data	0.03217465931087028	No data	No data	No data	No data	No data	No data	No data	No data	No data	No data	No data	No data	No data	No data	No data	No data	No data	No data	No data	0	0	0	0	0	0	No data	0.42448979591836733	No data	0	No data	No data	0	0.5	0
ST7	0.019527827836314	No data	0.032121793982198325	No data	No data	No data	No data	No data	No data	No data	No data	No data	No data	No data	No data	No data	No data	No data	No data	No data	No data	No data	0	0	0	0	0	0.76603	No data	-0.666188637617209	-0.061025275592417605	0	No data	No data	-0.2850950000000001	-1	-1
WDR27	0.019520753194859113	No data	0.030438347040772553	No data	No data	No data	No data	No data	No data	No data	No data	No data	No data	No data	No data	No data	No data	No data	0.03343619386863916	No data	No data	No data	0	0	0	0	0	0	No data	0.2872586872586873	-0.7905683169916374	0	No data	No data	0	-1	0
TMEM63A	0.01947755289061656	No data	0.032039095514058605	No data	No data	No data	No data	No data	No data	No data	No data	No data	No data	No data	No data	No data	No data	No data	No data	No data	No data	No data	0	0	0	0	0	0.47955499999999984	No data	-0.2231660231660232	0	0	No data	No data	0	0.5	-1
NODAL	0.01942054293057577	No data	0.031033422262317176	No data	No data	No data	No data	No data	No data	No data	No data	No data	No data	No data	No data	No data	No data	No data	0.01823792392834863	No data	No data	No data	0	1	0	0	0	0.005765000000000242	No data	-0.1974627688913403	-0.9771329879482323	0	No data	No data	0	0.5	0.5
YDJC	0.019417439387520892	No data	0.03194021336607098	No data	No data	No data	No data	No data	No data	No data	No data	No data	No data	No data	No data	No data	No data	No data	No data	No data	No data	No data	0	0	0	0	0	0.2879249999999999	No data	0.9530060672917815	-0.2611325170284626	0	No data	No data	No data	-1	0
ZNF287	0.019390166509896823	No data	0.03189535155329358	No data	No data	No data	No data	No data	No data	No data	No data	No data	No data	No data	No data	No data	No data	No data	No data	No data	No data	No data	0	0	0	0	0	0.13928999999999975	No data	-0.6575841147269719	0	0	No data	No data	0	-1	0
HSD11B1L	0.01933512097906296	No data	0.03180480583484977	No data	No data	No data	No data	No data	No data	No data	No data	No data	No data	No data	No data	No data	No data	No data	No data	No data	No data	No data	0	1	0	0	0	No data	No data	0.6339768339768339	No data	0	No data	No data	0	1	-1
RELCH	0.01933512097906296	No data	0.03180480583484977	No data	No data	No data	No data	No data	No data	No data	No data	No data	No data	No data	No data	No data	No data	No data	No data	No data	No data	No data	0	0	0	0	0	0.7080599999999997	No data	-0.827027027027027	-0.21929867103040152	0	No data	No data	No data	-1	-1
CCNE2	0.0193124955279195	No data	0.030469403128339644	No data	No data	No data	No data	No data	No data	No data	No data	No data	No data	No data	No data	No data	No data	No data	0.025963711147996317	No data	No data	No data	0	0	1	1	0	0.6163350000000001	No data	-0.6476558190843905	0	0	No data	No data	0	0.5	0
PSG9	0.0192822356352649	No data	0.031717813460050155	No data	No data	No data	No data	No data	No data	No data	No data	No data	No data	No data	No data	No data	No data	No data	No data	No data	No data	No data	0	1	0	0	0	No data	No data	0.6664092664092665	-0.8095897995849191	0	No data	No data	-0.7007049999999999	1	1
TRIM41	0.019217094086882592	No data	0.03161066055936108	No data	No data	No data	No data	No data	No data	No data	No data	No data	No data	No data	No data	No data	No data	No data	No data	No data	No data	No data	0	0	0	0	0	0.690475	No data	-0.7084390512961942	-0.8316527857182884	0	No data	No data	0	0.75	-1
NRARP	0.019131109280670466	No data	0.03146922208223517	No data	No data	No data	No data	No data	No data	No data	No data	No data	No data	No data	No data	No data	No data	No data	No data	No data	No data	No data	0	0	0	0	0	1	No data	0.8340871483728627	-0.856157166550624	0	No data	No data	0	0.5	-1
ZNF862	0.019113907638334402	No data	0.0314409266867664	No data	No data	No data	No data	No data	No data	No data	No data	No data	No data	No data	No data	No data	No data	No data	No data	No data	No data	No data	0	0	0	0	0	No data	No data	-0.05945945945945941	No data	0	No data	No data	0	-1	-1
RWDD2B	0.019108718508354838	No data	0.03143239096197675	No data	No data	No data	No data	No data	No data	No data	No data	No data	No data	No data	No data	No data	No data	No data	No data	No data	No data	No data	No data	No data	0	0	0	0	No data	0.6525096525096525	No data	0	No data	No data	0	-1	0.5
BPNT1	0.01906731010472914	No data	0.03136427728228101	No data	No data	No data	No data	No data	No data	No data	No data	No data	No data	No data	No data	No data	No data	No data	No data	No data	No data	No data	0	0	0	0	1	0.594155	No data	0.2749034749034749	-0.8653022807205276	0	No data	No data	0	-1	-1
LRRC61	0.019027728704415423	No data	0.03129916888430344	No data	No data	No data	No data	No data	No data	No data	No data	No data	No data	No data	No data	No data	No data	No data	No data	No data	No data	No data	0	0	0	0	0	0.3822400000000002	No data	0.44313292884721456	No data	0	No data	No data	0	-1	-1
LYG2	0.01900988823047667	No data	0.03126982265935672	No data	No data	No data	No data	No data	No data	No data	No data	No data	No data	No data	No data	No data	No data	No data	No data	No data	No data	No data	0	1	0	0	0	0	No data	0.7403199117484831	No data	0	No data	No data	0	0.75	0.5
MSH6	0.018967751503752222	No data	0.031200510943467357	No data	No data	No data	No data	No data	No data	No data	No data	No data	No data	No data	No data	No data	No data	No data	No data	No data	No data	No data	0	0	0	0	1	0.27205999999999975	No data	-0.21963596249310535	-0.6568011879463272	0	No data	255	0	-1	-1
KLHL26	0.018963367797237254	No data	0.031193300079118667	No data	No data	No data	No data	No data	No data	No data	No data	No data	No data	No data	No data	No data	No data	No data	No data	No data	No data	No data	No data	No data	0	0	0	0.2601649999999999	No data	0.17859900717043575	No data	0	No data	No data	0	0.5	-1
FAM171B	0.018875593161103814	No data	0.031048917467679536	No data	No data	No data	No data	No data	No data	No data	No data	No data	No data	No data	No data	No data	No data	No data	No data	No data	No data	No data	0	0	0	0	0	0.4370449999999998	No data	-0.8297848869277441	No data	0	No data	No data	0	0.5	0
ELL3	0.01880773520161785	No data	0.030937296276990465	No data	No data	No data	No data	No data	No data	No data	No data	No data	No data	No data	No data	No data	No data	No data	No data	No data	No data	No data	0	0	0	0	0	0	No data	0.08990623276337573	No data	0	No data	No data	0	0.5	0
SGPP1	0.018727783499032796	No data	0.03080578179721882	No data	No data	No data	No data	No data	No data	No data	No data	No data	No data	No data	No data	No data	No data	No data	No data	No data	No data	No data	0	0	0	0	0	0	No data	0.28538334252619957	-0.5594989680817993	0	No data	No data	0	-1	0
MRC2	0.018727422779464035	No data	0.030805188440918767	No data	No data	No data	No data	No data	No data	No data	No data	No data	No data	No data	No data	No data	No data	No data	No data	No data	No data	No data	0	0	0	0	0	0.5402299999999997	No data	-0.6730281301709873	No data	0	No data	No data	0	-1	0
MYO18B	0.01869354680622257	No data	0.030749465037244277	No data	No data	No data	No data	No data	No data	No data	No data	No data	No data	No data	No data	No data	No data	No data	No data	No data	No data	No data	0	0	0	0	0	0	No data	-0.09862107004964149	-0.8592118836877682	0	No data	No data	0	0.5	0.5
FRG2C	0.01868668074328596	No data	0.030738170885075015	No data	No data	No data	No data	No data	No data	No data	No data	No data	No data	No data	No data	No data	No data	No data	No data	No data	No data	No data	0	0	0	0	0	0	No data	0.7072255929398787	No data	0	No data	No data	-0.8226949999999998	0.5	1
PYGO2	0.01868388034785523	No data	0.030733564447234175	No data	No data	No data	No data	No data	No data	No data	No data	No data	No data	No data	No data	No data	No data	No data	No data	No data	No data	No data	1	0	0	0	0	0.8275849999999998	No data	-0.4783232211803641	-0.7912285200278143	0	No data	No data	0	-1	-1
KCNK4	0.018676860084186942	No data	0.030722016646570236	No data	No data	No data	No data	No data	No data	No data	No data	No data	No data	No data	No data	No data	No data	No data	No data	No data	No data	No data	1	0	0	0	0	0.17302999999999996	No data	0.3025923883066741	No data	0	No data	No data	0	1	1
RAB34	0.018660746107726136	No data	0.030695510378876422	No data	No data	No data	No data	No data	No data	No data	No data	No data	No data	No data	No data	No data	No data	No data	No data	No data	No data	No data	0	0	0	0	0	0.7490349999999999	No data	0.31969111969111963	-0.6885829314480143	0	No data	No data	0	-1	-1
KIR2DS4	0.018640402625482045	No data	0.030662046895328598	No data	No data	No data	No data	No data	No data	No data	No data	No data	No data	No data	No data	No data	No data	No data	No data	No data	No data	No data	1	0	No data	No data	No data	0	No data	No data	No data	No data	No data	No data	0	No data	No data
LENEP	0.018619399659751557	No data	0.030627498611522284	No data	No data	No data	No data	No data	No data	No data	No data	No data	No data	No data	No data	No data	No data	No data	No data	No data	No data	No data	No data	No data	0	0	0	0.016394999999999983	No data	0.740761169332598	No data	0	No data	No data	No data	No data	No data
DNAAF2	0.018617088025568572	No data	0.030623696148820823	No data	No data	No data	No data	No data	No data	No data	No data	No data	No data	No data	No data	No data	No data	No data	No data	No data	No data	No data	0	0	0	0	0	0	No data	0.8542746828461114	-0.933338284938974	0	No data	No data	0	-1	-1
ASB18	0.018581617726904885	No data	0.03056535020088886	No data	No data	No data	No data	No data	No data	No data	No data	No data	No data	No data	No data	No data	No data	No data	No data	No data	No data	No data	0	0	0	0	0	0	No data	0.8272476558190844	0	0	No data	No data	0	0.75	0.5
RFLNB	0.018549762884682255	No data	0.030512951404269607	No data	No data	No data	No data	No data	No data	No data	No data	No data	No data	No data	No data	No data	No data	No data	No data	No data	No data	No data	1	0	0	0	0	0.13194500000000034	No data	0.4989520132377274	No data	No data	No data	No data	0	0.5	-1
ENSG00000286224	0.018544482886414384	No data	0.030504266208045604	No data	No data	No data	No data	No data	No data	No data	No data	No data	No data	No data	No data	No data	No data	No data	No data	No data	No data	No data	No data	No data	No data	No data	No data	No data	No data	No data	No data	No data	No data	No data	No data	No data	No data
DHX32	0.018534311145292335	No data	0.030487534466271688	No data	No data	No data	No data	No data	No data	No data	No data	No data	No data	No data	No data	No data	No data	No data	No data	No data	No data	No data	0	0	0	0	0	0.39434499999999983	No data	-0.08582460011031434	No data	0	No data	No data	0	-1	-1
SPMIP7	0.0185156129297836	No data	0.030456777321573324	No data	No data	No data	No data	No data	No data	No data	No data	No data	No data	No data	No data	No data	No data	No data	No data	No data	No data	No data	0	0	0	0	0	0	No data	0.5654715940430226	0	0	No data	No data	No data	1	1
PCDH11X	0.018502588497236263	No data	No data	No data	0	No data	No data	No data	No data	No data	No data	No data	No data	No data	No data	No data	No data	No data	0.15217676559509255	No data	No data	No data	1	0	0	0	0	0.13140500000000016	No data	No data	No data	0	No data	No data	-0.7791399999999999	0.5	0.5