symbol	globalScore	clinicalPrecedence	gwasCredibleSets	geneBurden	eva	genomicsEngland	gene2Phenotype	uniprotLiterature	uniprotVariants	orphanet	clingen	cancerGeneCensus	intogen	evaSomatic	cancerBiomarkers	crisprScreen	crispr	reactome	europepmc	expressionAtlas	impc	maxClinicalStage	isInMembrane	isSecreted	hasLigand	hasSmallMoleculeBinder	hasPocket	mouseOrthologMaxIdentityPercentage	hasHighQualityChemicalProbes	geneticConstraint	mouseKoScore	geneEssentiality	hasSafetyEvent	isCancerDriverGene	paralogMaxIdentityPercentage	tissueSpecificity	tissueDistribution
DRD2	0.7265195480676606	0.9989515617643475	0.7654566110663349	No data	No data	No data	No data	No data	No data	No data	No data	No data	No data	No data	No data	No data	No data	No data	0.21391988209191268	No data	No data	1	1	0	1	1	0	0.7855550000000001	1	-0.8243794815223386	-0.955247847655318	0	255	No data	0	0.75	0.5
SCN2A	0.7164684302653471	0.9952750440466358	0.7246749994186954	No data	No data	No data	No data	No data	No data	No data	No data	No data	No data	No data	No data	No data	No data	No data	0.09415665967341989	No data	No data	1	1	0	1	1	0	0.9052349999999997	1	-0.9755102040816327	-0.7879993830187495	0	No data	No data	-0.6920200000000001	1	0.5
HTR1A	0.6127283875543719	0.9910113877694687	0.055078393670274936	No data	No data	No data	No data	No data	No data	No data	No data	No data	No data	No data	No data	No data	No data	No data	0.13998082378060142	No data	No data	1	1	0	1	1	0	0.40758500000000025	1	-0.013017098731384458	-0.29320286964309744	0	255	No data	0	1	0.5
CACNA1C	0.5483470433360489	0.4627028848488449	0.7794177303736566	No data	No data	No data	No data	No data	No data	No data	No data	No data	No data	No data	No data	No data	No data	No data	0.3103108654541557	No data	No data	1	1	0	1	1	0	0.7708150000000004	No data	-0.9643684500827358	-0.9658759542135883	0	255	No data	-0.17212250000000004	0.5	0
LMAN2L	0.5419528811259278	No data	0.8877653709856701	No data	No data	No data	No data	No data	No data	No data	No data	No data	No data	No data	No data	No data	No data	No data	0.07411932606421542	No data	No data	No data	0	0	0	0	0	0.5258600000000001	No data	-0.12675124103695534	-0.49702156930348296	0	No data	No data	0	-1	-1
GRIN2A	0.541452970204993	0.6497061046190898	0.7251097352133744	No data	No data	No data	No data	No data	No data	No data	No data	No data	No data	No data	No data	No data	No data	No data	0.14007421870123432	No data	No data	1	0	0	1	1	0	0.7643450000000002	1	-0.9111969111969112	-0.3220483859011447	0	255	255	0	1	0.5
ANK3	0.5193566042896532	No data	0.8324348413755116	No data	No data	No data	No data	No data	No data	No data	No data	No data	No data	No data	No data	No data	No data	No data	0.4373467264617204	No data	No data	No data	1	0	0	0	0	0	No data	-0.9763927192498622	-0.8577248583633648	0	No data	No data	0	-1	-1
FES	0.5159500149859682	No data	0.8476347180711075	No data	No data	No data	No data	No data	No data	No data	No data	No data	No data	No data	No data	No data	No data	No data	0.021277577916406734	No data	No data	No data	0	0	1	1	0	0.5316299999999998	No data	-0.013789299503585206	-0.934734221644648	0	No data	255	0	0.5	-1
THSD7A	0.49557131777025104	No data	0.8116182592537445	No data	No data	No data	No data	No data	No data	No data	No data	No data	No data	No data	No data	No data	No data	No data	0.07117856422036063	No data	No data	No data	1	1	0	0	0	0.5262500000000003	No data	-0.6888030888030888	0	0	No data	No data	0	0.5	0
BCL11B	0.4665683090002012	No data	0.7674694403264467	No data	No data	No data	No data	No data	No data	No data	No data	No data	No data	No data	No data	No data	No data	No data	No data	No data	No data	No data	0	0	0	0	0	0.6700200000000003	No data	-0.728626585769443	-0.8417979750908335	0	No data	No data	0	0.75	0
ADCY2	0.46504581937813777	No data	0.7596484997627952	No data	No data	No data	No data	No data	No data	No data	No data	No data	No data	No data	No data	No data	No data	No data	0.10633121485433118	No data	No data	No data	0	0	1	1	0	0.7800199999999997	No data	-0.8639823496966355	0	0	No data	No data	0	0.75	0
GSDME	0.46470608768520055	No data	0.7644062276675113	No data	No data	No data	No data	No data	No data	No data	No data	No data	No data	No data	No data	No data	No data	No data	No data	No data	No data	No data	0	0	0	0	0	0	No data	0.3039161610590182	-0.1921876287669136	0	No data	No data	No data	-1	0
NEGR1	0.4620459129067256	No data	0.7548630303725433	No data	No data	No data	No data	No data	No data	No data	No data	No data	No data	No data	No data	No data	No data	No data	0.10334823559397559	No data	No data	No data	0	0	0	0	0	0.7033900000000003	No data	-0.7626034197462769	-0.7723181045531998	0	No data	No data	0	0.5	0
CD40	0.44733623029384867	No data	0.7312009131841354	No data	No data	No data	No data	No data	No data	No data	No data	No data	No data	No data	No data	No data	No data	No data	0.09266436043501737	No data	No data	0.2	1	1	0	1	0	0	No data	-0.4698290126861555	-0.2546557938051766	0	255	No data	0	0.5	0
CNNM4	0.44517499695609675	No data	0.7307592394804062	No data	No data	No data	No data	No data	No data	No data	No data	No data	No data	No data	No data	No data	No data	No data	0.030396539880581056	No data	No data	No data	1	0	0	0	0	0.43870999999999966	No data	-0.29564258135686705	-0.7931579359366905	0	No data	No data	-0.06774249999999996	0.5	-1
MSRA	0.4364515872103171	No data	0.7110989418483572	No data	No data	No data	No data	No data	No data	No data	No data	No data	No data	No data	No data	No data	No data	No data	0.1366155597966115	No data	No data	No data	0	0	0	0	0	0.27659499999999965	No data	0.9964699393270822	No data	0	No data	No data	0	0.5	0
KCNB1	0.43427338507926405	No data	0.7143467427302495	No data	No data	No data	No data	No data	No data	No data	No data	No data	No data	No data	No data	No data	No data	No data	No data	No data	No data	1	1	0	0	1	0	0.6853149999999999	No data	-0.8798676227247656	-0.30525744666473287	0	No data	No data	-0.13752999999999993	1	0
MRPS33	0.42774259859068703	No data	0.7036040948594153	No data	No data	No data	No data	No data	No data	No data	No data	No data	No data	No data	No data	No data	No data	No data	No data	No data	No data	No data	0	0	0	0	0	0.10377500000000026	No data	0.7227799227799228	No data	0	No data	No data	No data	-1	-1
TCF4	0.4269994871171897	No data	0.6954776882822673	No data	No data	No data	No data	No data	No data	No data	No data	No data	No data	No data	No data	No data	No data	No data	0.13808089260008094	No data	No data	No data	0	1	1	1	0	0.8956800000000001	No data	-0.9955874241588527	-0.86345717447604	0	No data	No data	-0.05737749999999995	-1	-1
STARD9	0.4240491031174348	No data	0.697528575264483	No data	No data	No data	No data	No data	No data	No data	No data	No data	No data	No data	No data	No data	No data	No data	No data	No data	No data	No data	0	0	0	0	0	No data	No data	-0.10204081632653061	-0.22574289577974915	0	No data	No data	No data	-1	0
RGS6	0.42333078392029	No data	0.6920798271391488	No data	No data	No data	No data	No data	No data	No data	No data	No data	No data	No data	No data	No data	No data	No data	0.0853433518047114	No data	No data	No data	0	0	0	0	0	0.887755	No data	-0.4864864864864865	-0.5716429955725768	0	No data	No data	-0.27550999999999987	0.5	0
MAD1L1	0.42150038177795307	No data	0.6856671056262712	No data	No data	No data	No data	No data	No data	No data	No data	No data	No data	No data	No data	No data	No data	No data	0.15338033134162388	No data	No data	No data	0	0	0	0	0	0.04596000000000018	No data	0.4257032542746828	-0.7005659674286879	0	No data	No data	No data	-1	-1
GRM3	0.4202579408976836	No data	0.6825972898917485	No data	No data	No data	No data	No data	No data	No data	No data	No data	No data	No data	No data	No data	No data	No data	0.17390222791900797	No data	No data	0.7	1	0	1	1	0	0.83504	0	-0.6976282404853833	-0.2324989359228255	0	255	No data	-0.1837325	1	0.5
TFAP2B	0.41593081910489754	No data	0.6811349605222872	No data	No data	No data	No data	No data	No data	No data	No data	No data	No data	No data	No data	No data	No data	No data	0.06079307976116211	No data	No data	No data	0	0	0	0	0	0.9891300000000001	No data	-0.8431329288472146	-0.9443973986437859	0	255	No data	-0.28260749999999996	0.5	0.5
RBFOX1	0.4087260820484395	No data	0.6686485592806707	No data	No data	No data	No data	No data	No data	No data	No data	No data	No data	No data	No data	No data	No data	No data	0.07349619699666352	No data	No data	No data	0	0	0	0	0	0.9118400000000001	No data	-0.8782129067843354	0	0	No data	No data	-0.1057925000000001	0.5	0.5
ALOX5AP	0.4085985985571833	No data	0.6721136684676042	No data	No data	No data	No data	No data	No data	No data	No data	No data	No data	No data	No data	No data	No data	No data	No data	No data	No data	0.7	0	0	1	1	1	0.596275	1	-0.2952013237727523	-0.2478781510434408	0	No data	No data	0	0.75	-1
SNAP91	0.40758200269772243	No data	0.670441445472068	No data	No data	No data	No data	No data	No data	No data	No data	No data	No data	No data	No data	No data	No data	No data	No data	No data	No data	No data	0	0	0	0	0	0.6471899999999998	No data	-0.775399889685604	-0.8506876496067647	0	No data	No data	0	0.5	0
PAX5	0.40755343370239416	No data	0.6683648071283926	No data	No data	No data	No data	No data	No data	No data	No data	No data	No data	No data	No data	No data	No data	No data	0.04059289031385596	No data	No data	No data	0	0	0	0	0	0.9616349999999997	No data	-0.8370656370656371	-0.8623418581260767	0	No data	255	-0.2902825	1	0.5
TENM4	0.40581625833696977	No data	0.6634547792160461	No data	No data	No data	No data	No data	No data	No data	No data	No data	No data	No data	No data	No data	No data	No data	0.0816430172205975	No data	No data	No data	1	0	0	0	0	0.8031799999999997	No data	-0.77573083287369	-0.8817217747665825	0	No data	No data	-0.1729875	0.5	0
NMUR2	0.4057685918987563	No data	0.6659386954116463	No data	No data	No data	No data	No data	No data	No data	No data	No data	No data	No data	No data	No data	No data	No data	0.030396539880581056	No data	No data	No data	1	0	1	1	0	0	No data	0.538665195808053	-0.28390285524790143	0	No data	No data	0	0.5	0.5
GABRA1	0.4027303366262235	0.5909425092116962	0.2802341181147705	No data	No data	No data	No data	No data	No data	No data	No data	No data	No data	No data	No data	No data	No data	No data	0.06569030007525571	No data	No data	1	1	0	1	1	0	0.923245	No data	-0.9006067291781578	-0.906165811564083	0	255	No data	-0.38596499999999984	0.75	0.5
SLC39A8	0.4019609840045644	No data	0.6611952965432074	No data	No data	No data	No data	No data	No data	No data	No data	No data	No data	No data	No data	No data	No data	No data	No data	No data	No data	No data	1	0	0	0	0	0.4673900000000003	No data	-0.566023166023166	-0.9246505496407387	0	255	No data	0	0.5	0
SPATS2L	0.39866974561621216	No data	0.6557814593083074	No data	No data	No data	No data	No data	No data	No data	No data	No data	No data	No data	No data	No data	No data	No data	No data	No data	No data	No data	0	0	0	0	0	0.4713250000000002	No data	-0.4070601213458356	No data	0	No data	No data	0	-1	-1
CNTN4	0.39825128558959594	No data	0.653130014472204	No data	No data	No data	No data	No data	No data	No data	No data	No data	No data	No data	No data	No data	No data	No data	0.03926219734575053	No data	No data	No data	1	1	0	0	0	0.756335	No data	-0.399669056811914	No data	0	No data	No data	-0.11062249999999985	0.5	0
TSNARE1	0.3951549723229109	No data	0.6480241490362272	No data	No data	No data	No data	No data	No data	No data	No data	No data	No data	No data	No data	No data	No data	No data	0.03951550184475537	No data	No data	No data	0	0	0	0	0	No data	No data	0.11748483177054614	No data	0	No data	No data	0	-1	-1
CTSF	0.3951224718679248	No data	0.6484266363538441	No data	No data	No data	No data	No data	No data	No data	No data	No data	No data	No data	No data	No data	No data	No data	0.030396539880581056	No data	No data	No data	1	0	1	1	1	0	No data	0.5073359073359074	-0.6685046527169747	0	No data	No data	0	0.5	0
ZNF804A	0.3932418765126635	No data	0.6355312018013459	No data	No data	No data	No data	No data	No data	No data	No data	No data	No data	No data	No data	No data	No data	No data	0.2264364997312202	No data	No data	No data	0	0	0	0	0	0	No data	-0.827357970215113	-0.5333810177972056	0	255	No data	0	0.5	0.5
FUBP1	0.3922557248781172	No data	0.6452308822306306	No data	No data	No data	No data	No data	No data	No data	No data	No data	No data	No data	No data	No data	No data	No data	No data	No data	No data	No data	0	0	0	1	0	0.8913049999999998	No data	-0.9044677330391616	-0.9214103499111511	0	No data	255	-0.1537275000000001	-1	-1
OLFM4	0.3872721637489806	No data	0.6370333025904552	No data	No data	No data	No data	No data	No data	No data	No data	No data	No data	No data	No data	No data	No data	No data	No data	No data	No data	No data	1	1	0	0	0	0	No data	0.33800330943188084	-0.1973021442123321	0	No data	No data	0	0.5	0
NGEF	0.38661922522697834	No data	0.6359592683014087	No data	No data	No data	No data	No data	No data	No data	No data	No data	No data	No data	No data	No data	No data	No data	No data	No data	No data	No data	1	0	0	0	0	0	No data	-0.6889134031991175	No data	0	No data	No data	0	0.5	0
SYNE1	0.3858176177239811	No data	0.6292930647744958	No data	No data	No data	No data	No data	No data	No data	No data	No data	No data	No data	No data	No data	No data	No data	0.10695240106053269	No data	No data	No data	0	0	0	0	0	0.2457650000000001	No data	-0.616988416988417	-0.9100222504506494	0	No data	No data	0	-1	-1
SORCS3	0.3842574735445826	No data	0.6304869912585682	No data	No data	No data	No data	No data	No data	No data	No data	No data	No data	No data	No data	No data	No data	No data	0.03174749720860688	No data	No data	No data	1	0	0	0	0	0.6194749999999999	No data	-0.6720353006067292	-0.1250770947412433	0	No data	No data	-0.030277500000000047	0.5	0.5
GRIK3	0.38317129264653954	0.5854542450665914	0.17717221208400305	No data	No data	No data	No data	No data	No data	No data	No data	No data	No data	No data	No data	No data	No data	No data	0.024317231904464845	No data	No data	1	1	0	0	1	0	0.9510350000000003	No data	-0.7998896856039713	-0.26582229596580215	0	255	No data	-0.44505000000000017	0.5	0
SHANK2	0.3784879516553336	No data	0.61851380697093	No data	No data	No data	No data	No data	No data	No data	No data	No data	No data	No data	No data	No data	No data	No data	0.08140267475893465	No data	No data	No data	1	0	0	0	0	0.46728000000000025	No data	-0.7756205184776613	-0.7253781120135219	No data	No data	No data	0	0.5	0
XPNPEP1	0.37739196664602426	No data	0.620781128590104	No data	No data	No data	No data	No data	No data	No data	No data	No data	No data	No data	No data	No data	No data	No data	No data	No data	No data	0.2	0	0	0	1	0	0.4819800000000001	No data	-0.6380584666298952	-0.8432396531674893	0	No data	No data	0	-1	-1
ITIH3	0.37659175673345757	No data	0.6166396597035981	No data	No data	No data	No data	No data	No data	No data	No data	No data	No data	No data	No data	No data	No data	No data	0.056503686855088685	No data	No data	No data	0	1	0	0	0	0.2471899999999998	No data	0.10215113072255932	No data	0	No data	No data	0	1	0
SHISA9	0.3744183694143463	No data	0.615889786938455	No data	No data	No data	No data	No data	No data	No data	No data	No data	No data	No data	No data	No data	No data	No data	No data	No data	No data	No data	0	0	0	0	0	0.6816049999999997	No data	-0.6030888030888031	0	0	No data	No data	0	0.5	0.5
GRIK2	0.3731162389418639	0.5854542450665914	0.10609507775977783	No data	No data	No data	No data	No data	No data	No data	No data	No data	No data	No data	No data	No data	No data	No data	0.07964400057710244	No data	No data	1	1	0	1	1	0	0.9504399999999997	No data	-0.7120794263651407	-0.3007180760118758	0	No data	No data	-0.46861250000000004	0.75	0.5
DOCK2	0.37294390886142204	No data	0.6134644112892578	No data	No data	No data	No data	No data	No data	No data	No data	No data	No data	No data	No data	No data	No data	No data	No data	No data	No data	No data	0	0	0	1	1	0.7540999999999997	No data	-0.7714285714285715	-0.6665512940060799	0	No data	No data	-0.009562500000000007	0.75	0
ZSWIM6	0.3723362478352138	No data	0.6124648550427317	No data	No data	No data	No data	No data	No data	No data	No data	No data	No data	No data	No data	No data	No data	No data	No data	No data	No data	No data	0	0	0	0	0	0.8230449999999998	No data	-0.9812465526751241	-0.7848218948782184	0	No data	No data	-0.2674900000000001	-1	-1
FLRT3	0.37094952891594785	No data	0.6101838077184081	No data	No data	No data	No data	No data	No data	No data	No data	No data	No data	No data	No data	No data	No data	No data	No data	No data	No data	No data	1	0	0	0	0	0.8151000000000004	No data	-0.5885273028130171	-0.8635081458720173	0	No data	No data	0	0.5	0
PMFBP1	0.3687584081119384	No data	0.6065795803744115	No data	No data	No data	No data	No data	No data	No data	No data	No data	No data	No data	No data	No data	No data	No data	No data	No data	No data	No data	0	0	0	0	0	0	No data	0.11428571428571432	0	0	No data	No data	No data	0.5	0
GABRG2	0.36738348085715006	0.5909425092116962	0.05052957480266155	No data	No data	No data	No data	No data	No data	No data	No data	No data	No data	No data	No data	No data	No data	No data	0.03343619386863916	No data	No data	1	1	0	1	1	0	0.94737	No data	-0.763596249310535	-0.9310584442714309	0	255	No data	-0.3105274999999999	0.75	0.5
LRFN5	0.36697141713623904	No data	0.6036401159111536	No data	No data	No data	No data	No data	No data	No data	No data	No data	No data	No data	No data	No data	No data	No data	No data	No data	No data	No data	0	0	0	0	0	0.8400550000000002	No data	-0.5333701047986763	-0.655929141168683	0	No data	No data	0	0.5	0
SRPK2	0.36580745310608775	No data	0.6017254834649539	No data	No data	No data	No data	No data	No data	No data	No data	No data	No data	No data	No data	No data	No data	No data	No data	No data	No data	No data	0	0	1	1	1	0.5493549999999999	1	-0.8478764478764479	No data	0	No data	No data	0	0.5	-1
GABRB2	0.3656301321056298	0.5909425092116962	0.031287525965454	No data	No data	No data	No data	No data	No data	No data	No data	No data	No data	No data	No data	No data	No data	No data	0.12012359313034908	No data	No data	1	1	0	1	1	0	0.6191400000000001	No data	-0.7652509652509653	-0.2859359608929937	0	No data	No data	-0.3359375	1	0.5
DCLK3	0.36502240895524923	No data	0.5992942752021402	No data	No data	No data	No data	No data	No data	No data	No data	No data	No data	No data	No data	No data	No data	No data	0.02279740491043579	No data	No data	No data	0	0	1	1	0	0	No data	-0.038610038610038644	-0.25767191728889277	0	No data	No data	0	0.5	0.5
CHRNA3	0.36360912047582017	No data	0.5962180529551429	No data	No data	No data	No data	No data	No data	No data	No data	No data	No data	No data	No data	No data	No data	No data	0.03782680518472309	No data	No data	1	1	0	1	1	0	0.5148499999999998	No data	0.17562051847766136	-0.8059590831228897	0	255	No data	-0.06930750000000004	0.75	0.5
CNR1	0.36312850940723007	0.5210363262298743	0.28812177100051173	No data	No data	No data	No data	No data	No data	No data	No data	No data	No data	No data	No data	No data	No data	No data	0.19134249843758833	No data	No data	1	1	0	1	1	0	0.8516950000000001	1	-0.44280198565912854	-0.9182577600398064	0	255	No data	0	0.5	0
SP4	0.36055240126331534	No data	0.5732841434837463	No data	No data	No data	No data	No data	No data	No data	No data	No data	No data	No data	No data	No data	No data	No data	0.3959435746446667	No data	No data	No data	0	0	0	0	0	0.87245	No data	-0.8554881412024269	-0.9458456700205975	0	No data	No data	0	-1	0
GCKR	0.358653937556263	No data	0.5899584935741164	No data	No data	No data	No data	No data	No data	No data	No data	No data	No data	No data	No data	No data	No data	No data	No data	No data	No data	No data	0	0	No data	No data	No data	0.3920000000000002	No data	0.29718698290126855	-0.6669541841444173	0	255	No data	No data	1	0.5
NPAS3	0.3568475286811241	No data	0.5828901041259006	No data	No data	No data	No data	No data	No data	No data	No data	No data	No data	No data	No data	No data	No data	No data	0.0819396802968249	No data	No data	No data	0	0	0	0	0	0.6731000000000001	No data	-0.8986210700496415	-0.8253735171852902	0	No data	No data	0	0.5	0.5
WFDC12	0.3558088351953914	No data	0.5852785162279297	No data	No data	No data	No data	No data	No data	No data	No data	No data	No data	No data	No data	No data	No data	No data	No data	No data	No data	No data	0	1	0	0	0	0	No data	0.24379481522338664	No data	0	No data	No data	0	1	0.5
ZNF608	0.35472703093663577	No data	0.5834990303670295	No data	No data	No data	No data	No data	No data	No data	No data	No data	No data	No data	No data	No data	No data	No data	No data	No data	No data	No data	0	0	0	0	0	0.6527799999999999	No data	-0.9758411472697187	No data	0	No data	No data	0	-1	-1
CDK5RAP2	0.35226732488914203	No data	0.5794530006920119	No data	No data	No data	No data	No data	No data	No data	No data	No data	No data	No data	No data	No data	No data	No data	No data	No data	No data	No data	0	0	0	0	0	0	No data	-0.44622173193601766	-0.8156682095309172	0	No data	No data	0	-1	-1
ENOX1	0.35024442668096767	No data	0.5761254867445006	No data	No data	No data	No data	No data	No data	No data	No data	No data	No data	No data	No data	No data	No data	No data	No data	No data	No data	No data	1	0	0	0	0	0.8833599999999997	No data	-0.5356867071152785	-0.2968332104456023	0	No data	No data	-0.047434999999999936	-1	0
KIZ	0.34827202309334276	No data	0.5728810326135799	No data	No data	No data	No data	No data	No data	No data	No data	No data	No data	No data	No data	No data	No data	No data	No data	No data	No data	No data	0	0	0	0	0	0	No data	0.42437948152233873	0	No data	No data	No data	No data	-1	-1
PJA1	0.3473078862787428	No data	0.5694713083706271	No data	No data	No data	No data	No data	No data	No data	No data	No data	No data	No data	No data	No data	No data	No data	0.03647584785669726	No data	No data	No data	0	0	0	0	0	0	No data	No data	-0.5467128407809471	0	No data	No data	0	0.5	-1
RSRC1	0.3438235908212493	No data	0.5655636993092465	No data	No data	No data	No data	No data	No data	No data	No data	No data	No data	No data	No data	No data	No data	No data	No data	No data	No data	No data	0	0	0	0	0	0.5958100000000002	No data	0.4691671263099835	No data	0	No data	No data	No data	-1	-1
SETBP1	0.3344549766743251	No data	0.5501530404254876	No data	No data	No data	No data	No data	No data	No data	No data	No data	No data	No data	No data	No data	No data	No data	No data	No data	No data	No data	0	0	0	0	0	0.4768149999999999	No data	-0.983011583011583	-0.43423810300908944	0	No data	255	0	-1	0
PAX6	0.3320103436112859	No data	0.5455238738677477	No data	No data	No data	No data	No data	No data	No data	No data	No data	No data	No data	No data	No data	No data	No data	0.012158615952232422	No data	No data	No data	0	0	0	0	0	0.83945	No data	-0.9398786541643684	-0.973786924279282	0	255	No data	0	0.75	0.5
IFI44	0.3294696449903586	No data	0.5419525483570607	No data	No data	No data	No data	No data	No data	No data	No data	No data	No data	No data	No data	No data	No data	No data	No data	No data	No data	No data	0	0	0	0	0	0	No data	0.3756205184776613	-0.06618660464602966	0	No data	No data	0	0.5	-1
ANKS1B	0.3280265031520136	No data	0.5389707588176077	No data	No data	No data	No data	No data	No data	No data	No data	No data	No data	No data	No data	No data	No data	No data	0.012158615952232422	No data	No data	No data	1	0	0	0	0	0.6264600000000001	No data	-0.8884721456150028	-0.551243653830459	0	255	No data	0	1	0
IGSF9B	0.32800460586732055	No data	0.539542670244628	No data	No data	No data	No data	No data	No data	No data	No data	No data	No data	No data	No data	No data	No data	No data	No data	No data	No data	No data	0	0	0	0	0	0.7981900000000003	No data	-0.7054605626034198	-0.10129547872063965	0	No data	No data	0	0.5	0
NMB	0.326406793638404	No data	0.5306155519129785	No data	No data	No data	No data	No data	No data	No data	No data	No data	No data	No data	No data	No data	No data	No data	0.12597677083840814	No data	No data	No data	1	1	0	0	0	0	No data	0.705350248207391	0	0	No data	No data	0	0.5	-1
SLC30A9	0.32624917372351064	No data	0.5366551176634683	No data	No data	No data	No data	No data	No data	No data	No data	No data	No data	No data	No data	No data	No data	No data	No data	No data	No data	No data	0	0	0	0	0	0.44542000000000004	No data	-0.5846662989520133	-0.8678760829210088	0	255	No data	No data	-1	-1
AQP9	0.3247473356972903	No data	0.5341847081495555	No data	No data	No data	No data	No data	No data	No data	No data	No data	No data	No data	No data	No data	No data	No data	No data	No data	No data	No data	1	0	0	0	0	0	No data	0.3327082184225041	-0.1665859911120801	0	No data	No data	0	1	0
SNTB1	0.3239429365661314	No data	0.5328615326593201	No data	No data	No data	No data	No data	No data	No data	No data	No data	No data	No data	No data	No data	No data	No data	No data	No data	No data	No data	1	0	0	0	0	0.6561349999999997	No data	0.032763375620518564	No data	0	No data	No data	0	0.5	-1
ATP2B2	0.3236383460637068	No data	0.5323605044113333	No data	No data	No data	No data	No data	No data	No data	No data	No data	No data	No data	No data	No data	No data	No data	No data	No data	No data	No data	1	0	0	0	0	0.9155250000000003	No data	-0.9619415333701048	-0.36206993243951907	0	No data	No data	-0.5494775000000001	0.5	0
PPP1R16B	0.32341680366963116	No data	0.53199608399548	No data	No data	No data	No data	No data	No data	No data	No data	No data	No data	No data	No data	No data	No data	No data	No data	No data	No data	No data	1	0	0	0	0	0.8236350000000001	No data	-0.8127964699393271	No data	0	No data	No data	0	0.5	0
THOC7	0.32314199593709725	No data	0.5315440461424653	No data	No data	No data	No data	No data	No data	No data	No data	No data	No data	No data	No data	No data	No data	No data	No data	No data	No data	No data	0	0	0	0	0	0.8774500000000003	No data	-0.1749586321014892	0	-1	No data	No data	No data	-1	-1
CADM2	0.3226063025952327	No data	0.5306628712719552	No data	No data	No data	No data	No data	No data	No data	No data	No data	No data	No data	No data	No data	No data	No data	No data	No data	No data	No data	1	0	0	0	0	0.8391100000000001	No data	-0.6709321566464423	No data	0	255	No data	0	0.75	0
HLF	0.3208863256053718	No data	0.5278336397268217	No data	No data	No data	No data	No data	No data	No data	No data	No data	No data	No data	No data	No data	No data	No data	No data	No data	No data	No data	0	0	0	0	0	0.8813549999999999	No data	-0.7638168781025924	No data	0	No data	No data	0	0.5	0
FADS2	0.3207506677709879	No data	0.5183395482266031	No data	No data	No data	No data	No data	No data	No data	No data	No data	No data	No data	No data	No data	No data	No data	0.18541889327154443	No data	No data	No data	1	0	0	0	0	0.38063	No data	-0.7777164920022063	-0.8842619598320001	0	No data	No data	-0.06531500000000001	0.5	-1
EDARADD	0.3201804415327524	No data	0.5256086351315096	No data	No data	No data	No data	No data	No data	No data	No data	No data	No data	No data	No data	No data	No data	No data	0.021277577916406734	No data	No data	No data	0	0	0	0	0	0	No data	0.03982349696635401	-0.8609752726030406	0	No data	No data	No data	0.5	0
ERI1	0.3179840475483503	No data	0.5230596127019964	No data	No data	No data	No data	No data	No data	No data	No data	No data	No data	No data	No data	No data	No data	No data	No data	No data	No data	No data	0	0	0	0	0	0.16905500000000018	No data	0.701599558742416	-0.5260879888842207	0	No data	No data	0	-1	-1
SEMA6A	0.3172849675169304	No data	0.5219096791336258	No data	No data	No data	No data	No data	No data	No data	No data	No data	No data	No data	No data	No data	No data	No data	No data	No data	No data	No data	0	0	0	0	0	0.7572800000000001	No data	-0.8573634859349145	No data	0	No data	No data	0	0.5	-1
VRK2	0.3167384409696749	No data	0.515020033061382	No data	No data	No data	No data	No data	No data	No data	No data	No data	No data	No data	No data	No data	No data	No data	0.11981302802929032	No data	No data	No data	0	0	1	1	0	0	No data	0.29685603971318253	No data	0	No data	No data	0	-1	-1
KCNG2	0.315459363025867	No data	0.5189066983696382	No data	No data	No data	No data	No data	No data	No data	No data	No data	No data	No data	No data	No data	No data	No data	No data	No data	No data	1	1	0	0	0	0	0.38840999999999964	No data	0.9652509652509653	-0.7069835791535952	0	No data	No data	0	0.5	1
GLB1L3	0.3152018478039575	No data	0.5184831053835266	No data	No data	No data	No data	No data	No data	No data	No data	No data	No data	No data	No data	No data	No data	No data	No data	No data	No data	No data	No data	No data	0	0	0	0	No data	0.5079977937120794	No data	0	No data	No data	0	0.5	0.5
CARMIL1	0.3148455119417155	No data	0.5178969599478258	No data	No data	No data	No data	No data	No data	No data	No data	No data	No data	No data	No data	No data	No data	No data	No data	No data	No data	No data	1	0	0	0	0	0.47483500000000023	No data	-0.5601765030336459	No data	0	No data	No data	0	-1	0
MACROD2	0.31464601399612646	No data	0.516960870178218	No data	No data	No data	No data	No data	No data	No data	No data	No data	No data	No data	No data	No data	No data	No data	0.012158615952232422	No data	No data	No data	0	0	0	1	0	0	No data	-0.4038610038610039	-0.22986827815066974	0	No data	No data	0	-1	0
ETV5	0.31441764174324316	No data	0.5068583224014526	No data	No data	No data	No data	No data	No data	No data	No data	No data	No data	No data	No data	No data	No data	No data	0.20669647118795118	No data	No data	No data	0	0	0	0	0	0.77451	No data	-0.9357970215113072	-0.7737540131360043	0	No data	No data	0	-1	-1
SOX6	0.3116942657890549	No data	0.5127133993105939	No data	No data	No data	No data	No data	No data	No data	No data	No data	No data	No data	No data	No data	No data	No data	No data	No data	No data	No data	0	0	0	0	0	0.8429949999999998	No data	-0.9745173745173745	-0.7175531862738634	0	No data	No data	0	0.5	0
SOX5	0.3111435929475413	No data	0.5118075843006009	No data	No data	No data	No data	No data	No data	No data	No data	No data	No data	No data	No data	No data	No data	No data	No data	No data	No data	No data	0	0	0	0	0	0.8492800000000003	No data	-0.9541092112520684	-0.6383141674664496	0	No data	No data	-0.03014500000000009	0.5	0
RIC1	0.3102157230876566	No data	0.5102813088371271	No data	No data	No data	No data	No data	No data	No data	No data	No data	No data	No data	No data	No data	No data	No data	No data	No data	No data	No data	0	0	0	0	0	0.6451149999999999	No data	-0.5980143408714838	-0.6348283916685007	0	No data	No data	No data	-1	-1
PARP14	0.3089573129450729	No data	0.5082113197075623	No data	No data	No data	No data	No data	No data	No data	No data	No data	No data	No data	No data	No data	No data	No data	No data	No data	No data	No data	0	0	1	1	1	0	No data	-0.7577495863210149	-0.08884538371378592	0	No data	No data	0	-1	0
GGACT	0.3078214923841766	No data	0.5063429811312661	No data	No data	No data	No data	No data	No data	No data	No data	No data	No data	No data	No data	No data	No data	No data	No data	No data	No data	No data	No data	No data	0	0	0	0	No data	0.1156094870380584	No data	0	No data	No data	No data	1	0
RPGRIP1L	0.3077799050636449	No data	0.5052106942510253	No data	No data	No data	No data	No data	No data	No data	No data	No data	No data	No data	No data	No data	No data	No data	0.021277577916406734	No data	No data	No data	1	0	0	0	0	0.09885999999999981	No data	-0.10546056260341974	-0.9886553046093466	0	No data	No data	0	0.5	0
CCDC63	0.30734545269679725	No data	0.5055599319926971	No data	No data	No data	No data	No data	No data	No data	No data	No data	No data	No data	No data	No data	No data	No data	No data	No data	No data	No data	0	0	0	0	0	No data	No data	0.15124103695532276	0	0	No data	No data	0	1	0.5
ASCC3	0.30672435417825666	No data	0.5045382720916348	No data	No data	No data	No data	No data	No data	No data	No data	No data	No data	No data	No data	No data	No data	No data	No data	No data	No data	No data	0	0	0	0	0	0.6049050000000001	No data	-0.46883618312189745	-0.49424381184039606	0	No data	No data	0	-1	-1
PCLO	0.3066898142961858	No data	0.49410204972012095	No data	No data	No data	No data	No data	No data	No data	No data	No data	No data	No data	No data	No data	No data	No data	0.2075881377645535	No data	No data	No data	1	0	0	0	0	0.14138499999999965	No data	-0.9617209045780475	-0.7179636273666856	0	No data	No data	0	0.5	0
RAMACL	0.3066678065670812	No data	0.5044452555650867	No data	No data	No data	No data	No data	No data	No data	No data	No data	No data	No data	No data	No data	No data	No data	No data	No data	No data	No data	0	0	No data	No data	No data	0.4067799999999998	No data	0.6330943188086045	No data	No data	No data	No data	-0.9788125000000001	No data	No data
ATP1B3	0.30657061781106343	No data	0.5012457334532231	No data	No data	No data	No data	No data	No data	No data	No data	No data	No data	No data	No data	No data	No data	No data	0.06079307976116211	No data	No data	1	1	0	1	0	0	0	No data	-0.5450634307777165	-0.6573620473024616	0	255	No data	0	-1	-1
MVB12B	0.30639802137266486	No data	0.5040014794058985	No data	No data	No data	No data	No data	No data	No data	No data	No data	No data	No data	No data	No data	No data	No data	No data	No data	No data	No data	0	0	0	0	0	0.8119100000000004	No data	-0.6795366795366795	No data	0	No data	No data	No data	1	-1
PLEKHO1	0.3051597229712661	No data	0.5013566417658244	No data	No data	No data	No data	No data	No data	No data	No data	No data	No data	No data	No data	No data	No data	No data	0.012158615952232422	No data	No data	No data	0	0	0	0	0	0.49877499999999986	No data	-0.3970215113072256	0	0	No data	No data	0	0.5	-1
TRIM24	0.3045554548011165	No data	0.5009705973074964	No data	No data	No data	No data	No data	No data	No data	No data	No data	No data	No data	No data	No data	No data	No data	No data	No data	No data	No data	0	0	1	1	0	0.6857149999999997	1	-0.8891340319911748	-0.7779963593998698	0	No data	No data	0	-1	-1
LRATD2	0.30389173079460374	No data	0.4998788217154054	No data	No data	No data	No data	No data	No data	No data	No data	No data	No data	No data	No data	No data	No data	No data	No data	No data	No data	No data	0	0	0	0	0	0.6290300000000002	No data	0.748372862658577	-0.04289192819312476	0	No data	No data	0	0.5	-1
COA8	0.3034651223546327	No data	0.4991770832253551	No data	No data	No data	No data	No data	No data	No data	No data	No data	No data	No data	No data	No data	No data	No data	No data	No data	No data	No data	0	0	0	0	0	0	No data	0.5163816878102592	-0.7132660242021222	0	No data	No data	No data	0.5	-1
SSBP2	0.3029675397236035	No data	0.49835859758030465	No data	No data	No data	No data	No data	No data	No data	No data	No data	No data	No data	No data	No data	No data	No data	No data	No data	No data	No data	0	0	0	0	0	0.8780500000000003	No data	-0.614561500275786	-0.8969738762549458	0	No data	No data	-0.5460699999999999	-1	-1
RUNX3	0.30187077600517476	No data	0.49655450454416045	No data	No data	No data	No data	No data	No data	No data	No data	No data	No data	No data	No data	No data	No data	No data	No data	No data	No data	No data	0	0	0	0	0	0.5421700000000002	No data	-0.4377275234418092	-0.8994571556033687	0	No data	No data	-0.12650499999999987	0.5	0
KCNQ5	0.3008003890708753	No data	0.4916021626275768	No data	No data	No data	No data	No data	No data	No data	No data	No data	No data	No data	No data	No data	No data	No data	0.06383273374922022	No data	No data	1	0	0	1	1	0	0.7800449999999998	No data	-0.7749586321014892	-0.3074028175658705	0	255	No data	0	0.75	0.5
PCDH18	0.30073621107880794	No data	0.49468823139132095	No data	No data	No data	No data	No data	No data	No data	No data	No data	No data	No data	No data	No data	No data	No data	No data	No data	No data	No data	0	0	0	0	0	0.6299550000000004	No data	-0.4745725317153888	-0.7139183346135558	0	No data	No data	0	-1	0
DLG5	0.30028418264821904	No data	0.4939446789469231	No data	No data	No data	No data	No data	No data	No data	No data	No data	No data	No data	No data	No data	No data	No data	No data	No data	No data	No data	0	0	0	0	0	0.6013550000000002	No data	-0.8597904026475455	-0.8105312785309593	0	No data	No data	0	-1	0
SACS	0.30015306796893715	No data	0.49372900525544866	No data	No data	No data	No data	No data	No data	No data	No data	No data	No data	No data	No data	No data	No data	No data	No data	No data	No data	No data	0	0	0	0	0	0.6767850000000003	No data	-0.5130722559293988	-0.7035174878278208	0	No data	No data	No data	-1	0
ASTN1	0.29993612881916104	No data	0.49276422602931785	No data	No data	No data	No data	No data	No data	No data	No data	No data	No data	No data	No data	No data	No data	No data	0.012158615952232422	No data	No data	No data	0	0	0	0	0	0.8956699999999997	No data	-0.8041919470490899	-0.28066124953610133	0	No data	No data	0	0.5	0.5
GRM5	0.2998341808946604	No data	0.4774390466882653	No data	No data	No data	No data	No data	No data	No data	No data	No data	No data	No data	No data	No data	No data	No data	0.3153082708816559	No data	No data	0.5	1	0	1	1	1	0.7689749999999996	1	-0.7615002757859901	-0.31591212550149406	0	No data	No data	0	1	0.5
CACNA1I	0.2997174517830815	No data	0.4914926227133753	No data	No data	No data	No data	No data	No data	No data	No data	No data	No data	No data	No data	No data	No data	No data	0.030396539880581056	No data	No data	1	1	0	1	1	0	0.5816450000000003	No data	-0.6603419746276888	-0.8050163827246487	0	No data	No data	0	0.5	0.5
ADSL	0.2997105559263607	No data	0.49300110654672236	No data	No data	No data	No data	No data	No data	No data	No data	No data	No data	No data	No data	No data	No data	No data	No data	No data	No data	No data	0	0	0	0	1	0.7004150000000002	No data	-0.09200220628792055	-0.7703862422732768	0	No data	No data	0	0.75	-1
MYH15	0.2991588036797253	No data	0.4920935159972666	No data	No data	No data	No data	No data	No data	No data	No data	No data	No data	No data	No data	No data	No data	No data	No data	No data	No data	No data	0	0	0	0	0	0	No data	0.09464975179260904	0	0	No data	No data	-0.07061250000000001	0.5	0.5
ESAM	0.29878982335748533	No data	0.49148657138500224	No data	No data	No data	No data	No data	No data	No data	No data	No data	No data	No data	No data	No data	No data	No data	No data	No data	No data	No data	0	0	0	0	0	0	No data	0.07104247104247108	-0.626850977580034	0	No data	No data	0	-1	-1
TMEM106B	0.29769821434923005	No data	0.48969095745568014	No data	No data	No data	No data	No data	No data	No data	No data	No data	No data	No data	No data	No data	No data	No data	No data	No data	No data	No data	0	0	0	0	0	0.7992699999999999	No data	-0.26530612244897955	-0.30023325974224163	0	No data	No data	No data	-1	-1
KCNJ16	0.29765922359279035	No data	0.4896268206220259	No data	No data	No data	No data	No data	No data	No data	No data	No data	No data	No data	No data	No data	No data	No data	No data	No data	No data	No data	0	0	0	0	0	0.6172249999999998	No data	0.3281853281853282	-0.228693877359529	0	No data	No data	0	0.75	0
TRIM42	0.29756906022210805	No data	0.48947850872363796	No data	No data	No data	No data	No data	No data	No data	No data	No data	No data	No data	No data	No data	No data	No data	No data	No data	No data	No data	No data	No data	0	0	0	0.3499299999999998	No data	0.2023166023166023	No data	0	No data	No data	0	1	1
C7orf33	0.2972262499669022	No data	0.4889146118844704	No data	No data	No data	No data	No data	No data	No data	No data	No data	No data	No data	No data	No data	No data	No data	No data	No data	No data	No data	0	0	0	0	0	No data	No data	0.7854384997242141	No data	0	No data	No data	No data	1	1
ARHGAP5	0.2966020233763761	No data	0.4878878065425161	No data	No data	No data	No data	No data	No data	No data	No data	No data	No data	No data	No data	No data	No data	No data	No data	No data	No data	No data	0	0	0	0	0	0.8701749999999997	No data	-0.8905681191395477	-0.6563409125686805	0	No data	No data	0	-1	-1
HS3ST1	0.29629434885931794	No data	0.4873817053246358	No data	No data	No data	No data	No data	No data	No data	No data	No data	No data	No data	No data	No data	No data	No data	No data	No data	No data	No data	0	0	0	0	0	0.4136800000000001	No data	-0.42327633756205185	No data	0	No data	No data	0	0.5	0
TBX20	0.29629434885931794	No data	0.4873817053246358	No data	No data	No data	No data	No data	No data	No data	No data	No data	No data	No data	No data	No data	No data	No data	No data	No data	No data	No data	0	0	0	0	0	0.8657699999999998	No data	-0.8170987313844457	-0.9561255255537882	0	No data	No data	0	1	0.5
TRIQK	0.29629434885931794	No data	0.4873817053246358	No data	No data	No data	No data	No data	No data	No data	No data	No data	No data	No data	No data	No data	No data	No data	No data	No data	No data	No data	0	0	0	0	0	0.41860500000000017	No data	0.8563706563706563	No data	0	No data	No data	No data	-1	-1
RNF180	0.29539346412747763	No data	0.4858998183477306	No data	No data	No data	No data	No data	No data	No data	No data	No data	No data	No data	No data	No data	No data	No data	No data	No data	No data	No data	0	0	0	0	0	0.10472999999999999	No data	-0.08328736900165468	-0.30240921315111857	0	No data	No data	0	0.5	0
NOM1	0.29370454757071274	No data	0.48312167885652507	No data	No data	No data	No data	No data	No data	No data	No data	No data	No data	No data	No data	No data	No data	No data	No data	No data	No data	No data	0	0	0	0	0	0	No data	-0.014009928295642626	0	-1	No data	No data	0	-1	-1
FURIN	0.29348137999852447	No data	0.4816231583838597	No data	No data	No data	No data	No data	No data	No data	No data	No data	No data	No data	No data	No data	No data	No data	0.02262853524443256	No data	No data	No data	0	0	1	1	0	0.6914349999999999	No data	-0.8861555432984004	-0.88992592781379	0	No data	No data	0	0.5	-1
MDH1	0.2921543225003817	No data	0.47859590123699075	No data	No data	No data	No data	No data	No data	No data	No data	No data	No data	No data	No data	No data	No data	No data	0.03951550184475537	No data	No data	No data	0	0	0	1	0	0.8203600000000002	No data	-0.4725868725868726	-0.7715606430644179	0	No data	No data	0	0.5	-1
CD47	0.2912998312174783	No data	0.47916610305302604	No data	No data	No data	No data	No data	No data	No data	No data	No data	No data	No data	No data	No data	No data	No data	No data	No data	No data	0.7	1	0	0	1	0	0	No data	-0.40341974627688915	-0.9289684299859663	0	No data	No data	No data	-1	-1
LRRFIP2	0.2910263892628536	No data	0.47871631180096413	No data	No data	No data	No data	No data	No data	No data	No data	No data	No data	No data	No data	No data	No data	No data	No data	No data	No data	No data	1	0	0	0	0	0.5145650000000004	No data	0.3065637065637066	No data	0	No data	No data	0	-1	-1
TRANK1	0.28980824614827283	No data	0.4704421809574433	No data	No data	No data	No data	No data	No data	No data	No data	No data	No data	No data	No data	No data	No data	No data	0.12540755834841075	No data	No data	No data	0	0	0	0	0	0.048499999999999946	No data	-0.2980694980694981	-0.20283063593662803	0	No data	No data	0	-1	0
ESR1	0.2890294243647383	0.4559480982087158	0.05826390226898722	No data	No data	No data	No data	No data	No data	No data	No data	No data	No data	No data	No data	No data	No data	No data	0.22128220815032704	No data	No data	1	0	0	1	1	1	0.4789900000000003	1	-0.734142305570877	-0.9363843084471015	0	255	255	0	0.5	0
ATP1B1	0.2889046753096082	No data	0.47522625345619696	No data	No data	No data	No data	No data	No data	No data	No data	No data	No data	No data	No data	No data	No data	No data	No data	No data	No data	1	1	0	1	0	0	0.7029699999999999	No data	-0.9596249310535024	-0.8840161895432547	0	255	No data	0	0.5	-1
CSF3R	0.28852300647001844	No data	0.4745984371963706	No data	No data	No data	No data	No data	No data	No data	No data	No data	No data	No data	No data	No data	No data	No data	No data	No data	No data	1	1	1	0	0	0	0	No data	-0.40165471594043023	-0.48612637707390327	0	No data	255	0	0.5	0
C4orf54	0.28697198942472946	No data	0.4720471319304054	No data	No data	No data	No data	No data	No data	No data	No data	No data	No data	No data	No data	No data	No data	No data	No data	No data	No data	No data	0	0	0	0	0	0.09091000000000023	No data	0.1047986762272477	No data	No data	No data	No data	No data	1	0.5
AS3MT	0.28648075581913585	No data	0.4712390899500953	No data	No data	No data	No data	No data	No data	No data	No data	No data	No data	No data	No data	No data	No data	No data	No data	No data	No data	No data	0	0	1	1	0	0	No data	0.4664092664092665	-0.3074028175658705	0	No data	No data	0	1	0
RASGRP1	0.28586118032164115	No data	0.46799085571176313	No data	No data	No data	No data	No data	No data	No data	No data	No data	No data	No data	No data	No data	No data	No data	0.044581591824852204	No data	No data	No data	1	0	1	1	0	0.491845	No data	-0.6466629895201323	-0.6663236260226635	0	No data	No data	0	0.5	0
SDCCAG8	0.28458194505082784	No data	0.4665958634247908	No data	No data	No data	No data	No data	No data	No data	No data	No data	No data	No data	No data	No data	No data	No data	0.030396539880581056	No data	No data	No data	0	0	0	0	0	0	No data	-0.21610590182018752	-0.873174866558736	0	No data	No data	No data	-1	-1
MDM4	0.2844421903723777	No data	0.4669739083883582	No data	No data	No data	No data	No data	No data	No data	No data	No data	No data	No data	No data	No data	No data	No data	0.01823792392834863	No data	No data	No data	0	0	1	1	0	0.20407999999999973	No data	-0.9813568670711528	-0.911465487004264	0	No data	No data	0	-1	-1
ERCC4	0.2831412620312642	No data	0.465745876247168	No data	No data	No data	No data	No data	No data	No data	No data	No data	No data	No data	No data	No data	No data	No data	No data	No data	No data	No data	1	0	1	1	0	0.30131000000000013	No data	0.026034197462768915	-0.7997492352401688	0	No data	255	No data	0.5	-1
INSYN2B	0.2820240864737742	No data	0.4629963110892848	No data	No data	No data	No data	No data	No data	No data	No data	No data	No data	No data	No data	No data	No data	No data	0.01823792392834863	No data	No data	No data	No data	No data	0	0	0	0	No data	-0.6158852730281301	-0.17665677748815223	0	No data	No data	0	0.5	0.5
ZCCHC2	0.2811928764314141	No data	0.4625409298823766	No data	No data	No data	No data	No data	No data	No data	No data	No data	No data	No data	No data	No data	No data	No data	No data	No data	No data	No data	0	0	0	0	0	0.2996600000000001	No data	-0.6234969663541092	0	0	No data	No data	0	-1	-1
NRXN3	0.2807318476125184	No data	0.45707110880115137	No data	No data	No data	No data	No data	No data	No data	No data	No data	No data	No data	No data	No data	No data	No data	0.09422927362980127	No data	No data	No data	0	0	0	0	0	0.9076999999999998	No data	-0.8721456150027579	No data	0	No data	No data	-0.15499749999999998	0.5	0
PPP1R13B	0.280323018340681	No data	0.46050214857653193	No data	No data	No data	No data	No data	No data	No data	No data	No data	No data	No data	No data	No data	No data	No data	0.012158615952232422	No data	No data	No data	0	0	0	0	0	0.5871549999999999	No data	-0.7239933811362382	No data	0	No data	No data	0	-1	0
PIK3C2A	0.279415475245723	No data	0.45776389531111444	No data	No data	No data	No data	No data	No data	No data	No data	No data	No data	No data	No data	No data	No data	No data	0.03706689168770857	No data	No data	No data	0	0	1	1	0	0.5106749999999998	No data	-0.5271924986210701	-0.8974082535267427	0	No data	No data	0	-1	-1
CTNNA2	0.27924839514024236	No data	0.45707110880115137	No data	No data	No data	No data	No data	No data	No data	No data	No data	No data	No data	No data	No data	No data	No data	0.04542594015486835	No data	No data	No data	1	0	0	0	0	0.742915	No data	-0.7000551571980144	-0.7092208263505081	0	No data	No data	-0.44123750000000006	0.75	0.5
BAG5	0.27845710318325545	No data	0.45804079062490405	No data	No data	No data	No data	No data	No data	No data	No data	No data	No data	No data	No data	No data	No data	No data	No data	No data	No data	No data	1	0	0	0	0	0.5637599999999999	No data	0.133480419194705	-0.9013590299092541	0	No data	No data	0	1	-1
CNKSR2	0.27833061196631426	No data	0.45661686058268297	No data	No data	No data	No data	No data	No data	No data	No data	No data	No data	No data	No data	No data	No data	No data	0.024317231904464845	No data	No data	No data	1	0	0	0	0	0.9274650000000001	No data	No data	-0.011453818198359778	0	No data	No data	0	0.75	0.5
CACNA1E	0.2776548872462486	No data	0.4558937449598563	No data	No data	No data	No data	No data	No data	No data	No data	No data	No data	No data	No data	No data	No data	No data	0.01654922726831635	No data	No data	1	1	0	1	0	0	0.7449199999999998	No data	-0.9439602868174297	-0.31692853243525915	0	No data	No data	0	1	0.5
TMEM65	0.277416610655893	No data	0.4563292594252178	No data	No data	No data	No data	No data	No data	No data	No data	No data	No data	No data	No data	No data	No data	No data	No data	No data	No data	No data	1	0	0	0	0	0.5416649999999997	No data	0.9062327633756204	No data	0	No data	No data	No data	-1	-1
TRAK1	0.27726542785281644	No data	0.456080575193936	No data	No data	No data	No data	No data	No data	No data	No data	No data	No data	No data	No data	No data	No data	No data	No data	No data	No data	No data	0	0	0	0	0	0.5960099999999997	No data	-0.7302813017098732	-0.836054078991327	0	No data	No data	0	0.5	-1
MTUS2	0.2768353840408303	No data	0.45537318577777935	No data	No data	No data	No data	No data	No data	No data	No data	No data	No data	No data	No data	No data	No data	No data	No data	No data	No data	No data	0	0	0	0	0	0	No data	-0.6860452289023717	No data	0	No data	No data	0	0.75	0
CCDC60	0.27657535754986196	No data	0.4549454619447544	No data	No data	No data	No data	No data	No data	No data	No data	No data	No data	No data	No data	No data	No data	No data	No data	No data	No data	No data	No data	No data	0	0	0	0	No data	0.1717595146166575	No data	0	No data	No data	No data	0.5	0
KIF21A	0.27631889970439827	No data	0.4545236082626063	No data	No data	No data	No data	No data	No data	No data	No data	No data	No data	No data	No data	No data	No data	No data	No data	No data	No data	No data	0	0	0	0	0	0.6893650000000001	No data	-0.5591836734693878	-0.7334160241564344	0	No data	No data	0	0.5	0
TUSC1	0.27573824583491036	No data	0.45356847673814804	No data	No data	No data	No data	No data	No data	No data	No data	No data	No data	No data	No data	No data	No data	No data	No data	No data	No data	No data	0	0	0	0	0	0	No data	0.9958080529509101	No data	0	No data	No data	No data	-1	-1
GPR35	0.27491466523416386	No data	0.4522137491869497	No data	No data	No data	No data	No data	No data	No data	No data	No data	No data	No data	No data	No data	No data	No data	No data	No data	No data	No data	1	0	1	1	0	0	1	0.9273028130170988	-0.5916336710420869	0	No data	No data	0	0.5	0
NDUFA6	0.27416884388766477	0.42555155832813474	0.09903957084935673	No data	No data	No data	No data	No data	No data	No data	No data	No data	No data	No data	No data	No data	No data	No data	0.030396539880581056	No data	No data	1	0	0	0	0	0	0.375	No data	0.6993932708218422	-0.7276503966677363	0	No data	No data	No data	-1	-1
ZMYND8	0.2734454792128773	No data	0.44979704974178497	No data	No data	No data	No data	No data	No data	No data	No data	No data	No data	No data	No data	No data	No data	No data	No data	No data	No data	No data	0	0	0	0	0	0.4854149999999997	No data	-0.857915057915058	-0.4882984078352451	0	No data	No data	0	-1	-1
MYO18A	0.2731484004889533	No data	0.44930837779903887	No data	No data	No data	No data	No data	No data	No data	No data	No data	No data	No data	No data	No data	No data	No data	No data	No data	No data	No data	0	0	0	0	0	0	No data	-0.7783783783783784	-0.614229623049598	0	No data	No data	0	0.5	-1
XPNPEP3	0.2730680593631288	No data	0.44484471581462565	No data	No data	No data	No data	No data	No data	No data	No data	No data	No data	No data	No data	No data	No data	No data	0.086630138659656	No data	No data	0.2	0	0	0	0	0	0.5266249999999999	No data	-0.2371759514616657	0	0	No data	No data	0	-1	-1
LIN28B	0.2727925933149342	No data	0.4487231020153199	No data	No data	No data	No data	No data	No data	No data	No data	No data	No data	No data	No data	No data	No data	No data	No data	No data	No data	No data	0	0	0	0	0	0.2799999999999997	No data	-0.7820187534473249	0	0	No data	No data	0	1	0.5
DCC	0.2727560861203743	No data	0.44790313695535877	No data	No data	No data	No data	No data	No data	No data	No data	No data	No data	No data	No data	No data	No data	No data	0.015198269940290528	No data	No data	No data	0	0	0	0	0	0.8237749999999998	No data	-0.7792608935466079	-0.8189250094948058	0	No data	No data	0	0.5	0.5
TUBGCP3	0.2726758193036988	No data	0.44853101763385045	No data	No data	No data	No data	No data	No data	No data	No data	No data	No data	No data	No data	No data	No data	No data	No data	No data	No data	No data	0	0	0	0	0	0.6747500000000002	No data	-0.6755653612796471	No data	-1	No data	No data	0	-1	-1
NDUFA13	0.2714488898152055	0.42555155832813474	0.08384501384682395	No data	No data	No data	No data	No data	No data	No data	No data	No data	No data	No data	No data	No data	No data	No data	No data	No data	No data	1	0	0	0	1	0	0.1666649999999997	No data	0.5127413127413127	-0.5786753726513527	-1	No data	No data	No data	-1	-1
FADS1	0.2708055159346777	No data	0.4389505428105286	No data	No data	No data	No data	No data	No data	No data	No data	No data	No data	No data	No data	No data	No data	No data	0.13007935598436512	No data	No data	No data	0	0	1	1	0	0	No data	-0.7642581356867071	-0.8501091180381628	0	No data	No data	0	-1	-1
PTPRF	0.2703485256203111	No data	0.44288744733377106	No data	No data	No data	No data	No data	No data	No data	No data	No data	No data	No data	No data	No data	No data	No data	0.03630697819069404	No data	No data	No data	0	0	1	1	0	0.7692700000000002	No data	-0.8468836183121897	-0.301214923318707	0	255	No data	-0.23702250000000014	-1	-1
ACSM2B	0.26921145755101916	No data	0.44283240561042597	No data	No data	No data	No data	No data	No data	No data	No data	No data	No data	No data	No data	No data	No data	No data	No data	No data	No data	No data	0	0	0	0	0	0	No data	-0.02261445118587979	0	0	No data	No data	-0.9306750000000001	0.75	0.5
MOCS2	0.2690896389729901	No data	0.44263202329963064	No data	No data	No data	No data	No data	No data	No data	No data	No data	No data	No data	No data	No data	No data	No data	No data	No data	No data	No data	0	0	0	0	0	0.12233999999999981	No data	0.1762824048538334	-0.8211705041636116	0	No data	No data	0	-1	-1
SLC24A3	0.2687963271526543	No data	0.44214954762725456	No data	No data	No data	No data	No data	No data	No data	No data	No data	No data	No data	No data	No data	No data	No data	No data	No data	No data	No data	0	0	0	0	0	0.829195	No data	-0.7627137341423056	-0.29444707767663836	0	No data	No data	0	-1	0
NUF2	0.2686631986852456	No data	0.44193056140722464	No data	No data	No data	No data	No data	No data	No data	No data	No data	No data	No data	No data	No data	No data	No data	No data	No data	No data	No data	0	0	0	0	0	0	No data	0.03463872035300608	No data	-1	No data	No data	0	0.75	0
TBC1D9	0.2683436577757099	No data	0.4374533906902953	No data	No data	No data	No data	No data	No data	No data	No data	No data	No data	No data	No data	No data	No data	No data	0.07903100368951074	No data	No data	No data	0	0	0	0	0	0.7946300000000001	No data	-0.5745173745173745	No data	0	No data	No data	-0.06990499999999997	-1	-1
MEF2C	0.26719956631957303	No data	0.4377076483943039	No data	No data	No data	No data	No data	No data	No data	No data	No data	No data	No data	No data	No data	No data	No data	0.03630697819069404	No data	No data	No data	0	0	0	0	0	0.6828749999999999	No data	-0.9488141202426916	-0.9435314113849566	0	No data	No data	-0.06976750000000002	0.5	-1
COXFA4L2	0.26695646625323005	0.42555155832813474	0.0542862313036471	No data	No data	No data	No data	No data	No data	No data	No data	No data	No data	No data	No data	No data	No data	No data	No data	No data	No data	1	0	0	0	0	0	0.7126449999999999	No data	0.8619966905681191	No data	No data	No data	No data	0	0.5	0
FKBP2	0.2667895329248172	No data	0.43793662730815547	No data	No data	No data	No data	No data	No data	No data	No data	No data	No data	No data	No data	No data	No data	No data	0.01823792392834863	No data	No data	No data	1	0	0	1	0	0.7535200000000003	No data	0.4132377275234418	No data	0	No data	No data	0	-1	-1
GALNT18	0.26663815574070404	No data	0.4385995195312458	No data	No data	No data	No data	No data	No data	No data	No data	No data	No data	No data	No data	No data	No data	No data	No data	No data	No data	No data	0	0	0	0	0	0.9258650000000003	No data	-0.19271924986210698	-0.11836215862585653	0	No data	No data	0	-1	0
GPD2	0.2663412769270143	0.42555155832813474	0.050238472390082334	No data	No data	No data	No data	No data	No data	No data	No data	No data	No data	No data	No data	No data	No data	No data	No data	No data	No data	1	0	0	0	0	0	0.6630000000000003	No data	-0.29420849420849415	-0.7888429076592104	0	No data	No data	No data	-1	-1
SNX19	0.2654443336760192	No data	0.43663577288545163	No data	No data	No data	No data	No data	No data	No data	No data	No data	No data	No data	No data	No data	No data	No data	No data	No data	No data	No data	0	0	0	0	0	0.09273999999999986	No data	-0.14837286265857696	No data	0	No data	No data	0	-1	-1
DIP2B	0.26517461456763086	No data	0.4361921054327612	No data	No data	No data	No data	No data	No data	No data	No data	No data	No data	No data	No data	No data	No data	No data	No data	No data	No data	No data	0	0	0	0	0	0.8953049999999998	No data	-0.7427468284611142	-0.5305768363163179	0	No data	No data	-0.3099625	-1	-1
HOMER1	0.2639024705703157	No data	0.42278928273849636	No data	No data	No data	No data	No data	No data	No data	No data	No data	No data	No data	No data	No data	No data	No data	0.22620484833042037	No data	No data	No data	0	0	0	0	0	0.9293799999999998	No data	-0.9651406508549366	-0.1555175632476158	0	255	No data	0	0.5	0
TENM2	0.2636690545763212	No data	0.4321957465748679	No data	No data	No data	No data	No data	No data	No data	No data	No data	No data	No data	No data	No data	No data	No data	0.030396539880581056	No data	No data	No data	0	0	0	0	0	0.9152850000000001	No data	-0.9184776613348042	-0.20407843677721527	No data	No data	No data	-0.2105274999999999	1	0.5
VSIG10L2	0.2621218365964874	No data	0.4311705174771306	No data	No data	No data	No data	No data	No data	No data	No data	No data	No data	No data	No data	No data	No data	No data	No data	No data	No data	No data	0	0	0	0	0	0	No data	0.35565361279647	No data	No data	No data	No data	No data	0.75	0.5
UTS2	0.2613333248988857	No data	0.42926554481110313	No data	No data	No data	No data	No data	No data	No data	No data	No data	No data	No data	No data	No data	No data	No data	0.012158615952232422	No data	No data	No data	0	1	0	0	0	0	No data	0.5098731384445669	-0.5829524751912637	0	No data	No data	No data	0.5	0.5
ALMS1	0.2606863599565804	No data	0.42880926740467734	No data	No data	No data	No data	No data	No data	No data	No data	No data	No data	No data	No data	No data	No data	No data	No data	No data	No data	No data	0	0	0	0	0	0	No data	-0.24578047435190298	-0.9307805832106544	0	No data	No data	0	0.5	-1
DPYD	0.26049570652438714	No data	0.4278877261880143	No data	No data	No data	No data	No data	No data	No data	No data	No data	No data	No data	No data	No data	No data	No data	0.012158615952232422	No data	No data	1	0	0	0	1	0	0.47805000000000036	No data	0.21632653061224483	-0.05901705023956677	0	255	No data	0	0.5	-1
SCAMP1	0.2599841518531749	No data	0.4276541883954147	No data	No data	No data	No data	No data	No data	No data	No data	No data	No data	No data	No data	No data	No data	No data	No data	No data	No data	No data	0	0	0	0	0	0.9112450000000003	No data	-0.19051296194153333	No data	No data	No data	No data	0	-1	-1
FSTL4	0.2596435224368886	No data	0.4270938788706718	No data	No data	No data	No data	No data	No data	No data	No data	No data	No data	No data	No data	No data	No data	No data	No data	No data	No data	No data	0	1	0	0	0	0.1864600000000003	No data	-0.7502482073910646	No data	0	No data	No data	0	-1	0
NTRK3	0.2594672474978386	No data	0.42160796922778415	No data	No data	No data	No data	No data	No data	No data	No data	No data	No data	No data	No data	No data	No data	No data	0.1039190150650665	No data	No data	1	0	0	1	1	0	0.7795000000000002	1	-0.8477661334804192	-0.9583856307353796	0	No data	255	0	0.75	0
MEIS2	0.2594279011306228	No data	0.42521937120063014	No data	No data	No data	No data	No data	No data	No data	No data	No data	No data	No data	No data	No data	No data	No data	0.030396539880581056	No data	No data	No data	0	0	0	0	0	0.9790349999999997	No data	-0.9207942636514065	-0.8853408922291508	0	No data	No data	-0.2243175000000001	0.5	0
LDLRAD4	0.25794507891834684	No data	0.42354015475374057	No data	No data	No data	No data	No data	No data	No data	No data	No data	No data	No data	No data	No data	No data	No data	0.015198269940290528	No data	No data	No data	0	0	0	0	0	0.5098050000000001	No data	-0.4830667402095974	0	0	No data	No data	0	0.5	0
PLCL1	0.2579162760604511	No data	0.42425268973660696	No data	No data	No data	No data	No data	No data	No data	No data	No data	No data	No data	No data	No data	No data	No data	No data	No data	No data	No data	0	0	0	0	0	0.7260249999999999	No data	-0.48747931605074457	No data	0	No data	No data	-0.09360750000000007	0.5	0
ATP8B4	0.2571270325818604	No data	0.4229544441440307	No data	No data	No data	No data	No data	No data	No data	No data	No data	No data	No data	No data	No data	No data	No data	No data	No data	No data	No data	0	0	0	0	0	0.32047000000000025	No data	0.0792057363485934	No data	0	No data	No data	-0.25755000000000017	1	0
ITIH1	0.257018281422404	No data	0.42095699931134906	No data	No data	No data	No data	No data	No data	No data	No data	No data	No data	No data	No data	No data	No data	No data	0.03637114866377526	No data	No data	No data	0	1	0	0	0	0.0998899999999999	No data	0.18179812465526757	No data	0	No data	No data	0	1	0.5
MALRD1	0.25699717353710794	No data	0.4227408358760129	No data	No data	No data	No data	No data	No data	No data	No data	No data	No data	No data	No data	No data	No data	No data	No data	No data	No data	No data	0	0	0	0	0	0	No data	0.29233314947600664	-0.780955849393545	No data	No data	No data	0	1	0.5
RBKS	0.2561588600355015	No data	0.4213618738216147	No data	No data	No data	No data	No data	No data	No data	No data	No data	No data	No data	No data	No data	No data	No data	No data	No data	No data	No data	0	0	0	0	1	0.31677000000000033	No data	0.48869277440706016	0	0	No data	No data	0	0.5	-1
HDAC9	0.2551306886907606	No data	0.4164566547877975	No data	No data	No data	No data	No data	No data	No data	No data	No data	No data	No data	No data	No data	No data	No data	0.06427910487915649	No data	No data	1	0	0	1	1	0	0.6024299999999997	No data	-0.8177606177606178	-0.48380956040314754	0	No data	No data	0	-1	-1
ESR2	0.2547846436356838	No data	0.4124141534187005	No data	No data	No data	No data	No data	No data	No data	No data	No data	No data	No data	No data	No data	No data	No data	0.13374477547455663	No data	No data	1	0	0	1	1	1	0.43395999999999973	0	0.05802537231108662	-0.9721646958413429	0	255	No data	0	0.5	0
INAVA	0.2528463982416823	No data	0.41591312569628064	No data	No data	No data	No data	No data	No data	No data	No data	No data	No data	No data	No data	No data	No data	No data	No data	No data	No data	No data	0	0	0	0	0	0.3771650000000001	No data	-0.21952564809707664	-0.031001120182822806	0	No data	No data	0	0.5	0
SPAG16	0.2521290784665719	No data	0.41473318913453955	No data	No data	No data	No data	No data	No data	No data	No data	No data	No data	No data	No data	No data	No data	No data	No data	No data	No data	No data	1	0	0	0	0	0	No data	0.46707115278543854	0	0	No data	No data	No data	-1	-1
ETS1	0.25063936810761167	No data	0.41076290171834917	No data	No data	No data	No data	No data	No data	No data	No data	No data	No data	No data	No data	No data	No data	No data	0.030396539880581056	No data	No data	No data	0	0	0	0	1	0.6804099999999998	No data	-0.8036403750689465	-0.9201767171548597	0	255	No data	0	0.5	-1
TBC1D22A	0.25055602217156386	No data	0.4113857174792805	No data	No data	No data	No data	No data	No data	No data	No data	No data	No data	No data	No data	No data	No data	No data	0.015198269940290528	No data	No data	No data	0	0	0	0	0	0.49709999999999965	No data	-0.15234418091560953	-0.2668737842481067	0	No data	No data	-0.018374999999999985	-1	-1
FNDC3B	0.250094047353208	No data	0.4113857174792805	No data	No data	No data	No data	No data	No data	No data	No data	No data	No data	No data	No data	No data	No data	No data	No data	No data	No data	No data	0	0	0	0	0	0.6511650000000003	No data	-0.9748483177054605	-0.727691119891661	0	No data	No data	0	-1	-1
CHD2	0.2500196344858333	No data	0.41126331396284893	No data	No data	No data	No data	No data	No data	No data	No data	No data	No data	No data	No data	No data	No data	No data	No data	No data	No data	No data	0	0	0	0	0	0.8222099999999998	No data	-0.9704357418643133	-0.9715898153107058	0	No data	No data	0	-1	-1
ZCCHC7	0.2497294099691348	No data	0.4107859166705277	No data	No data	No data	No data	No data	No data	No data	No data	No data	No data	No data	No data	No data	No data	No data	No data	No data	No data	No data	0	0	0	0	0	0	No data	0.11009376723662445	No data	0	No data	No data	0	-1	-1
ITIH4	0.2497086635954351	No data	0.4078102497490179	No data	No data	No data	No data	No data	No data	No data	No data	No data	No data	No data	No data	No data	No data	No data	0.05883081424220459	No data	No data	No data	0	1	0	0	0	0	No data	-0.2323221180364038	No data	0	No data	No data	0	1	0
AKR1C2	0.24944772600069937	No data	0.41032256793158883	No data	No data	No data	No data	No data	No data	No data	No data	No data	No data	No data	No data	No data	No data	No data	No data	No data	No data	No data	0	0	1	1	1	No data	No data	0.1246552675124104	-0.3061711049046639	0	No data	No data	-0.9458200000000001	0.5	0
PAK5	0.24916721372224024	No data	0.4083413195396619	No data	No data	No data	No data	No data	No data	No data	No data	No data	No data	No data	No data	No data	No data	No data	0.030396539880581056	No data	No data	No data	0	0	1	1	1	0.6940199999999997	0	-0.863761720904578	-0.13173594722701215	0	No data	No data	0	0.75	0.5
EXOC6	0.24910297722200953	No data	0.40975548236848813	No data	No data	No data	No data	No data	No data	No data	No data	No data	No data	No data	No data	No data	No data	No data	No data	No data	No data	No data	0	0	0	0	0	0.5460200000000001	No data	-0.30336458907887476	-0.7014151656623127	0	No data	No data	-0.284825	1	-1
MSR1	0.24821526013122117	No data	0.4082952551612535	No data	No data	No data	No data	No data	No data	No data	No data	No data	No data	No data	No data	No data	No data	No data	No data	No data	No data	No data	0	0	0	1	0	0	No data	0.5760617760617761	-0.6136507126876101	0	No data	No data	0	1	-1
HTR6	0.2467624926216902	0.12158615952232422	0.37471908826966643	No data	No data	No data	No data	No data	No data	No data	No data	No data	No data	No data	No data	No data	No data	No data	0.03554706469367951	No data	No data	1	1	0	1	1	0	0.3977249999999998	No data	0.6153337010479867	0	0	255	No data	0	1	1
NFIA	0.24665359680307275	No data	0.4016229046845113	No data	No data	No data	No data	No data	No data	No data	No data	No data	No data	No data	No data	No data	No data	No data	0.08207065767756885	No data	No data	No data	0	0	0	0	0	0.9607050000000001	No data	-0.9696635410921125	-0.8153266503919987	0	255	No data	-0.26817250000000004	-1	-1
CDK14	0.24501811172504012	No data	0.40303618880248093	No data	No data	No data	No data	No data	No data	No data	No data	No data	No data	No data	No data	No data	No data	No data	No data	No data	No data	0.2	0	0	1	1	0	0.9253749999999996	1	-0.12840595697738555	0	0	No data	No data	0	-1	-1
CACNA1B	0.2445435658429711	0.13745990812662767	0.3671869962202144	No data	No data	No data	No data	No data	No data	No data	No data	No data	No data	No data	No data	No data	No data	No data	0.03166306237560527	No data	No data	1	0	0	1	1	0	0.5981200000000001	No data	-0.7665747380033094	-0.8993272933927249	0	No data	No data	-0.10431750000000015	0.5	0.5
CSMD1	0.2445383587358479	No data	0.3966091345378416	No data	No data	No data	No data	No data	No data	No data	No data	No data	No data	No data	No data	No data	No data	No data	0.11275794053101307	No data	No data	No data	0	0	0	0	0	0.6745249999999998	No data	-0.5865416436845008	-0.2684267109140778	0	No data	No data	-0.13440000000000013	0.75	0.5
SGK1	0.24330989417109197	No data	0.39931440444007615	No data	No data	No data	No data	No data	No data	No data	No data	No data	No data	No data	No data	No data	No data	No data	0.01823792392834863	No data	No data	No data	0	0	1	1	1	0.7053249999999999	1	-0.41566464423607286	-0.7371092962642606	0	255	No data	0	0.5	-1
HTT	0.2431671021592202	No data	0.3973781605382049	No data	No data	No data	No data	No data	No data	No data	No data	No data	No data	No data	No data	No data	No data	No data	0.052265161627999095	No data	No data	0.7	0	0	1	1	1	0.5257800000000004	0	-0.8437948152233866	-0.9682657558611069	0	No data	No data	No data	-1	-1
C8orf34	0.2428145392119474	No data	0.39941147934253923	No data	No data	No data	No data	No data	No data	No data	No data	No data	No data	No data	No data	No data	No data	No data	No data	No data	No data	No data	0	0	0	0	0	0	No data	0.23805846662989527	0	0	255	No data	No data	0.5	0
PTBP2	0.24280106316943215	No data	0.39938931227587937	No data	No data	No data	No data	No data	No data	No data	No data	No data	No data	No data	No data	No data	No data	No data	No data	No data	No data	No data	0	0	0	0	0	0.9811700000000002	No data	-0.7727523441809157	-0.7606240328195215	0	No data	No data	-0.38323999999999997	-1	-1
RCOR2	0.24245912304692652	No data	0.3988268467389317	No data	No data	No data	No data	No data	No data	No data	No data	No data	No data	No data	No data	No data	No data	No data	No data	No data	No data	No data	0	0	0	0	0	0.8757150000000002	No data	-0.6455598455598456	0	0	No data	No data	0	0.5	0
C10orf90	0.2416344630410583	No data	0.3974703436482706	No data	No data	No data	No data	No data	No data	No data	No data	No data	No data	No data	No data	No data	No data	No data	No data	No data	No data	No data	No data	No data	0	0	0	0	No data	0.11814671814671818	-0.05373224667943238	0	No data	No data	0	0.75	0.5
PIPOX	0.23975149587780906	No data	0.39437300564426286	No data	No data	No data	No data	No data	No data	No data	No data	No data	No data	No data	No data	No data	No data	No data	No data	No data	No data	No data	0	0	0	0	0	0.05127999999999986	No data	0.24390512961941524	-0.3074028175658705	0	No data	No data	No data	0.75	0
ELAVL2	0.2393121429847847	No data	0.3897578576952913	No data	No data	No data	No data	No data	No data	No data	No data	No data	No data	No data	No data	No data	No data	No data	0.07784891602748814	No data	No data	No data	0	0	0	0	0	0.9860750000000003	No data	-0.924765581908439	-0.6537934215464283	0	No data	No data	-0.7562674999999999	0.75	0.5
STAG1	0.23771340841782845	No data	0.3888927487392566	No data	No data	No data	No data	No data	No data	No data	No data	No data	No data	No data	No data	No data	No data	No data	0.04255515583281348	No data	No data	No data	0	0	0	0	0	0.9682049999999996	No data	-0.9767236624379482	-0.9161317207743386	0	No data	No data	-0.28656499999999985	-1	-1
PDPN	0.23753534499074622	No data	0.3907276057142553	No data	No data	No data	No data	No data	No data	No data	No data	No data	No data	No data	No data	No data	No data	No data	No data	No data	No data	No data	1	0	0	0	0	0	No data	-0.450965250965251	-0.9461228798472532	0	No data	No data	No data	0.5	0
NRGN	0.2354920118094602	No data	0.3802100346469484	No data	No data	No data	No data	No data	No data	No data	No data	No data	No data	No data	No data	No data	No data	No data	0.14312886281435602	No data	No data	No data	No data	No data	0	0	0	0.8076900000000002	No data	0.7104247104247103	-0.17073779750080204	0	No data	No data	No data	1	0
ASXL3	0.23530212187981855	No data	0.387054123272337	No data	No data	No data	No data	No data	No data	No data	No data	No data	No data	No data	No data	No data	No data	No data	No data	No data	No data	No data	0	0	0	0	0	0.10809500000000014	No data	-0.9375620518477661	-0.8590387007190133	0	No data	No data	0	-1	0.5
PKLR	0.2339196682629343	No data	0.3847800920465536	No data	No data	No data	No data	No data	No data	No data	No data	No data	No data	No data	No data	No data	No data	No data	No data	No data	No data	1	0	0	1	1	1	0.41637500000000005	No data	-0.11638168781025926	-0.8348675164340075	0	No data	No data	-0.13763000000000006	0.5	0.5
ENPP7	0.2338677907310612	No data	0.38469475744584425	No data	No data	No data	No data	No data	No data	No data	No data	No data	No data	No data	No data	No data	No data	No data	No data	No data	No data	No data	1	0	1	0	0	0	No data	0.6642029784886927	-0.031001120182822806	0	No data	No data	0	1	0.5
USO1	0.23378846546894858	No data	0.3845642734130822	No data	No data	No data	No data	No data	No data	No data	No data	No data	No data	No data	No data	No data	No data	No data	No data	No data	No data	No data	0	0	0	0	0	0.6153849999999998	No data	-0.5060121345835631	0	No data	No data	No data	No data	0.5	-1
MUC1	0.23326706931297186	No data	0.3821867893336988	No data	No data	No data	No data	No data	No data	No data	No data	No data	No data	No data	No data	No data	No data	No data	0.030396539880581056	No data	No data	0.7	1	1	0	0	0	0	No data	-0.007060121345835668	-0.6797107571892865	0	No data	No data	No data	0.5	0
MRPL33	0.23269212947397797	No data	0.3827608839495482	No data	No data	No data	No data	No data	No data	No data	No data	No data	No data	No data	No data	No data	No data	No data	No data	No data	No data	No data	0	0	0	0	0	0	No data	0.29277440706012126	No data	0	No data	No data	No data	-1	-1
NAA11	0.23243458304477754	No data	0.3823372396298127	No data	No data	No data	No data	No data	No data	No data	No data	No data	No data	No data	No data	No data	No data	No data	No data	No data	No data	No data	0	0	0	0	0	No data	No data	0.601765030336459	0	0	No data	No data	-0.5851524999999999	0.75	0.5
NLK	0.2322130406507019	No data	0.3819728192139594	No data	No data	No data	No data	No data	No data	No data	No data	No data	No data	No data	No data	No data	No data	No data	No data	No data	No data	No data	0	0	1	1	0	0.9905099999999998	No data	-0.8803088803088803	-0.7718641284023925	0	No data	No data	0	0.5	-1
CNNM2	0.22975936219966614	No data	0.3779367044774211	No data	No data	No data	No data	No data	No data	No data	No data	No data	No data	No data	No data	No data	No data	No data	No data	No data	No data	No data	0	0	0	0	0	0.8914299999999997	No data	-0.8771097628240485	-0.854373277582873	0	No data	No data	0	0.5	-1
ELF2	0.22920202904916842	No data	0.3770199337648872	No data	No data	No data	No data	No data	No data	No data	No data	No data	No data	No data	No data	No data	No data	No data	No data	No data	No data	No data	0	0	0	0	0	0.5952800000000004	No data	-0.9093215664644236	No data	0	No data	No data	0	-1	-1
TWF2	0.226529555210544	No data	0.37262391722957794	No data	No data	No data	No data	No data	No data	No data	No data	No data	No data	No data	No data	No data	No data	No data	No data	No data	No data	No data	1	0	0	0	0	0.8280799999999999	No data	-0.6600110314396028	No data	0	No data	No data	-0.11890999999999999	-1	0
IGF2BP2	0.22536630787724576	No data	0.3707104636952805	No data	No data	No data	No data	No data	No data	No data	No data	No data	No data	No data	No data	No data	No data	No data	No data	No data	No data	No data	0	0	0	0	0	0.7328899999999997	No data	-0.8671814671814672	-0.8672730249871188	0	No data	No data	-0.13188749999999985	-1	0
MAIP1	0.2243528826173532	No data	0.3690434560952806	No data	No data	No data	No data	No data	No data	No data	No data	No data	No data	No data	No data	No data	No data	No data	No data	No data	No data	No data	0	0	0	0	0	0	No data	0.6052950910093766	No data	0	No data	No data	No data	-1	-1
NDRG1	0.2238745699989507	No data	0.3682566681577692	No data	No data	No data	No data	No data	No data	No data	No data	No data	No data	No data	No data	No data	No data	No data	No data	No data	No data	No data	0	0	0	0	0	0.6827399999999997	No data	-0.40474351902923333	-0.8088945602281528	0	No data	255	-0.06091250000000006	-1	-1
SOX9	0.2230676816274088	No data	0.3669293980561196	No data	No data	No data	No data	No data	No data	No data	No data	No data	No data	No data	No data	No data	No data	No data	No data	No data	No data	No data	0	0	0	0	0	0.8526499999999999	No data	-0.9790402647545504	-0.9213346512415579	0	No data	No data	0	0.5	0
MPPED2	0.22033271136426272	No data	0.3624305796480196	No data	No data	No data	No data	No data	No data	No data	No data	No data	No data	No data	No data	No data	No data	No data	No data	No data	No data	No data	0	0	0	0	0	0.9829949999999996	No data	-0.8496414782129068	0	0	No data	No data	-0.4812925	0.5	0
PIEZO2	0.218255826647732	No data	0.35749443499959604	No data	No data	No data	No data	No data	No data	No data	No data	No data	No data	No data	No data	No data	No data	No data	0.030396539880581056	No data	No data	No data	1	0	0	0	0	0.49388999999999966	No data	-0.6179812465526751	-0.49702156930348296	No data	No data	No data	0	-1	0
XBP1	0.21791558366797673	No data	No data	No data	0.19453785523571876	No data	No data	0.3039653988058105	No data	No data	No data	No data	No data	No data	No data	No data	No data	No data	0.2634626480801526	No data	No data	No data	0	0	1	1	0	0.228725	No data	-0.31969111969111974	-0.9384004064150139	0	255	No data	No data	0.5	-1
TMEM161B	0.21564359928585802	No data	0.3547173463378685	No data	No data	No data	No data	No data	No data	No data	No data	No data	No data	No data	No data	No data	No data	No data	No data	No data	No data	No data	1	0	0	0	0	0.753595	No data	-0.30137892995035853	-0.2599910535311714	0	No data	No data	0	-1	-1
TYW5	0.215243029399278	No data	0.3534505084933467	No data	No data	No data	No data	No data	No data	No data	No data	No data	No data	No data	No data	No data	No data	No data	0.012158615952232422	No data	No data	No data	0	0	0	0	1	0.4603200000000001	No data	0.3399889685603972	No data	0	No data	No data	0	-1	0
COP1	0.21421926915598405	No data	0.3523744314280305	No data	No data	No data	No data	No data	No data	No data	No data	No data	No data	No data	No data	No data	No data	No data	No data	No data	No data	No data	0	0	0	0	0	0.8837200000000003	No data	-0.6232763375620518	-0.5653895084993599	0	No data	No data	0	-1	-1
RMP24	0.2091308129791205	No data	0.3440043073993506	No data	No data	No data	No data	No data	No data	No data	No data	No data	No data	No data	No data	No data	No data	No data	No data	No data	No data	No data	1	0	0	0	0	0	No data	0.318587975730833	No data	No data	No data	No data	No data	-1	-1
SF3B1	0.20848170521097664	No data	0.34141674741549116	No data	No data	No data	No data	No data	No data	No data	No data	No data	No data	No data	No data	No data	No data	No data	0.030396539880581056	No data	No data	No data	0	0	0	0	0	1	No data	-0.9942636514065085	-0.5588717436019691	-1	No data	255	No data	-1	-1
IL2	0.2084119826253167	No data	0.33414883545064444	No data	No data	No data	No data	No data	No data	No data	No data	No data	No data	No data	No data	No data	No data	No data	0.17346101199434663	No data	No data	No data	0	1	1	1	0	0	0	-0.5113072255929398	-0.9038721574953418	0	No data	No data	No data	No data	No data
FRMPD1	0.2082586619014786	No data	0.3425696851017662	No data	No data	No data	No data	No data	No data	No data	No data	No data	No data	No data	No data	No data	No data	No data	No data	No data	No data	No data	1	0	0	0	0	0	No data	-0.3631549917264203	0	0	No data	No data	0	1	0
LINGO2	0.20788459295509315	No data	0.3419543700891775	No data	No data	No data	No data	No data	No data	No data	No data	No data	No data	No data	No data	No data	No data	No data	No data	No data	No data	No data	0	0	0	0	0	0.8844900000000002	No data	-0.4178709321566464	-0.41438455804281377	0	No data	No data	-0.00990000000000002	0.5	0.5
EIF2AK3	0.2063374309280962	No data	0.3394094060355792	No data	No data	No data	No data	No data	No data	No data	No data	No data	No data	No data	No data	No data	No data	No data	No data	No data	No data	No data	0	0	1	1	0	0.36828000000000005	1	-0.5607280750137893	-0.8923531817777838	0	No data	No data	0	0.5	0
ATXN7L3B	0.20567057884959788	No data	0.3383124850025962	No data	No data	No data	No data	No data	No data	No data	No data	No data	No data	No data	No data	No data	No data	No data	No data	No data	No data	No data	0	0	0	0	0	0.6907200000000003	No data	0.7748483177054606	No data	0	No data	No data	0	-1	-1
ARHGAP42	0.20489155675313864	No data	0.33703105280748485	No data	No data	No data	No data	No data	No data	No data	No data	No data	No data	No data	No data	No data	No data	No data	No data	No data	No data	No data	0	0	0	0	0	0.6224249999999998	No data	-0.48383894098179814	-0.7671246436679215	No data	No data	No data	0	0.5	-1
IKBIP	0.20458123565893907	No data	0.33652059817116975	No data	No data	No data	No data	No data	No data	No data	No data	No data	No data	No data	No data	No data	No data	No data	No data	No data	No data	No data	0	0	0	0	0	0	No data	0.5056811913954771	No data	0	No data	No data	No data	-1	-1
CACNB2	0.20452869443816857	No data	0.3302130834345273	No data	No data	No data	No data	No data	No data	No data	No data	No data	No data	No data	No data	No data	No data	No data	0.12442176836185605	No data	No data	1	1	0	1	1	0	0.2878799999999998	No data	-0.3331494760066188	-0.6463701179128734	0	No data	No data	-0.015152499999999947	0.5	0
SRRM3	0.20303788772890907	No data	0.33398190801746586	No data	No data	No data	No data	No data	No data	No data	No data	No data	No data	No data	No data	No data	No data	No data	No data	No data	No data	No data	1	0	No data	No data	No data	0.45635499999999996	No data	-0.07710976282404858	-0.5966633048357952	No data	No data	No data	No data	0.75	0.5
DUSP10	0.20267174910586733	No data	0.3333796377846035	No data	No data	No data	No data	No data	No data	No data	No data	No data	No data	No data	No data	No data	No data	No data	No data	No data	No data	No data	0	0	0	1	0	0.8340249999999998	No data	-0.43088803088803085	0	0	No data	No data	0	0.5	0
CCNH	0.20229356079707836	No data	0.332757546733657	No data	No data	No data	No data	No data	No data	No data	No data	No data	No data	No data	No data	No data	No data	No data	No data	No data	No data	No data	0	0	1	0	0	0.7523200000000003	No data	0.14881412024269158	No data	-1	No data	No data	0	-1	-1
RGPD4	0.20174169840706316	No data	0.331849775006705	No data	No data	No data	No data	No data	No data	No data	No data	No data	No data	No data	No data	No data	No data	No data	No data	No data	No data	No data	0	0	0	0	0	No data	No data	0.4193050193050194	-0.8849519057575169	0	No data	No data	-0.9573374999999998	0.5	0.5
ASTN2	0.2015558382526266	No data	0.3279101428228714	No data	No data	No data	No data	No data	No data	No data	No data	No data	No data	No data	No data	No data	No data	No data	0.0726781268544693	No data	No data	No data	0	0	0	0	0	0.8655700000000003	No data	-0.716492002206288	No data	0	No data	No data	0	-1	-1
TMIGD3	0.20148574722114643	No data	0.3314287547410394	No data	No data	No data	No data	No data	No data	No data	No data	No data	No data	No data	No data	No data	No data	No data	No data	No data	No data	No data	0	0	1	1	0	0	No data	-0.055488141202426955	0	0	No data	No data	0	1	0.5
PALS2	0.20146461202828853	No data	0.32911424846260534	No data	No data	No data	No data	No data	No data	No data	No data	No data	No data	No data	No data	No data	No data	No data	0.045594809820871586	No data	No data	No data	0	0	0	0	0	0.907405	No data	-0.5216767788196359	0	0	No data	No data	-0.2407399999999999	0.5	0
CCDC68	0.19798094081941414	No data	0.32566361434101093	No data	No data	No data	No data	No data	No data	No data	No data	No data	No data	No data	No data	No data	No data	No data	No data	No data	No data	No data	0	0	0	0	0	0	No data	-0.07876447876447878	No data	0	No data	No data	0	0.5	0
RORA	0.19756702473611906	No data	0.3192818182149219	No data	No data	No data	No data	No data	No data	No data	No data	No data	No data	No data	No data	No data	No data	No data	0.11401871198001397	No data	No data	No data	0	0	1	1	0	0.3499049999999997	1	-0.9520132377275234	-0.9563156107616835	0	255	No data	0	0.5	-1
IMMP2L	0.19702737450902844	No data	0.32409507016767414	No data	No data	No data	No data	No data	No data	No data	No data	No data	No data	No data	No data	No data	No data	No data	No data	No data	No data	No data	0	0	0	0	0	0.5714300000000001	No data	0.8250413678985107	0	0	No data	No data	0	-1	-1
MPRIP	0.19561896009753169	No data	0.3217783354060368	No data	No data	No data	No data	No data	No data	No data	No data	No data	No data	No data	No data	No data	No data	No data	No data	No data	No data	No data	0	0	0	0	0	0	No data	-0.8976282404853834	-0.15086693611469776	0	No data	No data	0	-1	-1
GNL3	0.1935957833134423	No data	0.3139554826416768	No data	No data	No data	No data	No data	No data	No data	No data	No data	No data	No data	No data	No data	No data	No data	0.08989761161243132	No data	No data	No data	0	0	0	0	0	0	No data	0.5881963596249311	-0.6792238176215878	-1	No data	No data	0	-1	-1
SLC48A1	0.19343406790164844	No data	0.3181843536494503	No data	No data	No data	No data	No data	No data	No data	No data	No data	No data	No data	No data	No data	No data	No data	No data	No data	No data	No data	0	0	0	0	0	0.6232900000000001	No data	0.10016547159404299	-0.842143126534517	0	No data	No data	No data	0.5	-1
TRPM3	0.19267214481592398	No data	0.31632311723100515	No data	No data	No data	No data	No data	No data	No data	No data	No data	No data	No data	No data	No data	No data	No data	0.012158615952232422	No data	No data	No data	0	0	0	0	0	0.8720199999999998	No data	-0.7088803088803088	-0.6627763863797128	0	No data	No data	0	1	0.5
TMEFF2	0.19230256496123926	No data	0.31632311723100515	No data	No data	No data	No data	No data	No data	No data	No data	No data	No data	No data	No data	No data	No data	No data	No data	No data	No data	No data	0	1	0	0	0	0.9465249999999997	No data	-0.45934914506343083	-0.6891059635184138	0	No data	No data	0	0.5	0.5
STK4	0.19126242320076742	No data	0.3146121630162191	No data	No data	No data	No data	No data	No data	No data	No data	No data	No data	No data	No data	No data	No data	No data	No data	No data	No data	No data	0	0	1	1	0	0.8665300000000002	No data	-0.568119139547711	0	0	255	No data	-0.46098500000000014	0.5	-1
TLE4	0.19073031227233	No data	0.31373688094377283	No data	No data	No data	No data	No data	No data	No data	No data	No data	No data	No data	No data	No data	No data	No data	No data	No data	No data	No data	0	0	0	0	0	0.9805950000000003	No data	-0.9742967457253171	-0.8751405379068952	0	No data	No data	-0.65718	0.5	-1
CUL4A	0.19052602062250917	No data	0.31134907025037695	No data	No data	No data	No data	No data	No data	No data	No data	No data	No data	No data	No data	No data	No data	No data	0.04103532883878443	No data	No data	1	0	0	1	1	1	0.7562600000000004	No data	-0.8680639823496966	-0.3021956304470119	0	No data	No data	-0.5520425	0.5	-1
CBLN2	0.1902772044366194	No data	0.31299155295991227	No data	No data	No data	No data	No data	No data	No data	No data	No data	No data	No data	No data	No data	No data	No data	No data	No data	No data	No data	0	1	0	0	0	0.7098199999999999	No data	0.26210700496414785	No data	0	No data	No data	-0.140625	1	0.5
ADD3	0.19027023436528928	No data	0.3123721569242217	No data	No data	No data	No data	No data	No data	No data	No data	No data	No data	No data	No data	No data	No data	No data	0.012158615952232422	No data	No data	No data	1	0	0	0	0	0.6104799999999997	No data	-0.8012134583563155	0	0	No data	No data	0	-1	-1
HDAC7	0.18976867245220697	No data	0.3121550564599647	No data	No data	No data	No data	No data	No data	No data	No data	No data	No data	No data	No data	No data	No data	No data	No data	No data	No data	1	0	0	1	1	0	0.3138249999999999	No data	-0.8501930501930501	-0.8877072543201336	0	No data	No data	0	-1	-1
PTTG2	0.18919870249055706	No data	0.31121749915263774	No data	No data	No data	No data	No data	No data	No data	No data	No data	No data	No data	No data	No data	No data	No data	No data	No data	No data	No data	0	0	0	0	0	0	No data	0.9758411472697186	-0.703452544048005	0	No data	No data	-0.6335075	-1	0.5
HSPD1	0.18910814923586883	No data	0.3104606151270535	No data	No data	No data	No data	No data	No data	No data	No data	No data	No data	No data	No data	No data	No data	No data	0.012158615952232422	No data	No data	No data	0	0	1	1	0	0.8778350000000004	No data	-0.9650303364589079	-0.8477009589267376	-1	No data	No data	0	0.5	-1
ME1	0.18884767553922013	No data	0.3106400864722537	No data	No data	No data	No data	No data	No data	No data	No data	No data	No data	No data	No data	No data	No data	No data	No data	No data	No data	No data	1	0	1	1	1	0.5017499999999998	No data	0.4411472697186982	-0.1996424373807193	0	No data	No data	-0.27447499999999997	-1	0
CREB1	0.18881398727132917	No data	0.30448780599834874	No data	No data	No data	No data	No data	No data	No data	No data	No data	No data	No data	No data	No data	No data	No data	0.12193731662557987	No data	No data	No data	0	0	0	1	0	0.9847099999999998	No data	-0.962934362934363	-0.8724805630781415	0	No data	No data	0	-1	-1
PACS1	0.18796753622484552	No data	0.30744452308868214	No data	No data	No data	No data	No data	No data	No data	No data	No data	No data	No data	No data	No data	No data	No data	0.03495602086266821	No data	No data	No data	1	0	0	0	0	0.8701949999999996	No data	-0.8867071152785438	-0.2968332104456023	0	No data	No data	0	-1	-1
OSBPL2	0.1865272491609416	No data	0.3068231612771578	No data	No data	No data	No data	No data	No data	No data	No data	No data	No data	No data	No data	No data	No data	No data	No data	No data	No data	No data	0	0	0	0	0	0.48958500000000027	No data	-0.7234418091560948	-0.25448875956619516	0	No data	No data	-0.171875	-1	-1
BLTP1	0.18570744561839106	No data	0.305474646699888	No data	No data	No data	No data	No data	No data	No data	No data	No data	No data	No data	No data	No data	No data	No data	No data	No data	No data	No data	0	0	0	0	0	0.749655	No data	-0.5956977385548814	-0.8674807846340066	0	No data	No data	No data	-1	-1
SUGP1	0.18551055535653682	No data	0.3013512096845534	No data	No data	No data	No data	No data	No data	No data	No data	No data	No data	No data	No data	No data	No data	No data	0.07599134970145263	No data	No data	No data	0	0	0	0	0	0.4573650000000001	No data	-0.5658025372311086	-0.7703818078651009	-1	No data	No data	0	-1	-1
TNFRSF10B	0.18470121786428165	No data	0.30381947845037244	No data	No data	No data	No data	No data	No data	No data	No data	No data	No data	No data	No data	No data	No data	No data	No data	No data	No data	0.2	0	0	0	0	0	0	No data	0.1945945945945946	-0.6644126366930394	0	No data	No data	0	-1	-1
AK5	0.18461012928920925	No data	0.3036696446610164	No data	No data	No data	No data	No data	No data	No data	No data	No data	No data	No data	No data	No data	No data	No data	No data	No data	No data	No data	0	0	0	0	0	0.5729550000000003	No data	-0.6882515168229454	No data	0	No data	No data	0	1	0
BRINP3	0.1841442489518217	No data	0.30290330688175293	No data	No data	No data	No data	No data	No data	No data	No data	No data	No data	No data	No data	No data	No data	No data	No data	No data	No data	No data	0	1	0	0	0	0.8890349999999998	No data	-0.8338665195808053	-0.7112759328334889	0	No data	No data	-0.2754574999999999	0.5	0
HPCAL1	0.18402206277026265	No data	0.30270231989106405	No data	No data	No data	No data	No data	No data	No data	No data	No data	No data	No data	No data	No data	No data	No data	No data	No data	No data	No data	0	0	0	0	0	0.92228	No data	-0.04544953116381689	-0.7101982017273047	0	No data	No data	-0.8575125	1	-1
AREL1	0.18351126183222688	No data	0.3018620911346948	No data	No data	No data	No data	No data	No data	No data	No data	No data	No data	No data	No data	No data	No data	No data	No data	No data	No data	No data	0	0	0	0	0	0.8602649999999997	No data	-0.3814671814671815	0	0	No data	No data	0	-1	-1
NDC80	0.18171946034441588	No data	0.29891471374429046	No data	No data	No data	No data	No data	No data	No data	No data	No data	No data	No data	No data	No data	No data	No data	No data	No data	No data	No data	0	0	0	0	0	0.1978200000000001	No data	-0.16083838940981798	No data	-1	No data	No data	No data	0.5	0
FGFR1	0.18125978996232267	No data	0.293786138212436	No data	No data	No data	No data	No data	No data	No data	No data	No data	No data	No data	No data	No data	No data	No data	0.08744905315018023	No data	No data	1	0	0	1	1	1	0.9209249999999998	1	-0.906784335355764	-0.9744123884163269	0	255	No data	-0.2791975000000001	-1	-1
MAP1LC3A	0.18115215585255648	No data	0.29798154093237145	No data	No data	No data	No data	No data	No data	No data	No data	No data	No data	No data	No data	No data	No data	No data	No data	No data	No data	No data	0	0	0	1	0	1	No data	0.5039161610590182	No data	0	No data	No data	-0.5454550000000001	-1	-1
SERTAD2	0.18110081802324424	No data	0.2978970941013934	No data	No data	No data	No data	No data	No data	No data	No data	No data	No data	No data	No data	No data	No data	No data	No data	No data	No data	No data	0	0	0	0	0	0.2993650000000002	No data	-0.7717595146166575	-0.851066375028301	0	No data	No data	0	0.5	-1
PRPF40A	0.18048753968466755	No data	0.29688829780256126	No data	No data	No data	No data	No data	No data	No data	No data	No data	No data	No data	No data	No data	No data	No data	No data	No data	No data	No data	0	0	0	0	0	0.609055	No data	-0.7517926089354661	-0.12612758426523707	-1	No data	No data	0	-1	-1
CHD1L	0.1803746647490761	No data	0.2967026271044573	No data	No data	No data	No data	No data	No data	No data	No data	No data	No data	No data	No data	No data	No data	No data	No data	No data	No data	No data	0	0	0	0	0	0.3088050000000003	No data	0.3209045780474351	No data	0	No data	No data	0	-1	-1
LPAR2	0.17957130385085526	No data	0.2884755019440893	No data	No data	No data	No data	No data	No data	No data	No data	No data	No data	No data	No data	No data	No data	No data	0.13811314968959187	No data	No data	No data	1	0	1	1	0	0.6120699999999999	No data	0.015113072255929394	-0.2035914972095168	No data	No data	No data	0	0.5	-1
CD180	0.1790621521783478	No data	0.29454364358875984	No data	No data	No data	No data	No data	No data	No data	No data	No data	No data	No data	No data	No data	No data	No data	No data	No data	No data	No data	1	0	0	0	0	0	No data	0.9171538885824599	0	0	No data	No data	0	0.5	0
TRAM1L1	0.17824411729677292	No data	0.29319803832449504	No data	No data	No data	No data	No data	No data	No data	No data	No data	No data	No data	No data	No data	No data	No data	No data	No data	No data	No data	0	0	0	0	0	0	No data	0.7591836734693878	No data	0	No data	No data	-0.3021674999999998	-1	0
C2orf69	0.1776509896895257	No data	0.29222238844859233	No data	No data	No data	No data	No data	No data	No data	No data	No data	No data	No data	No data	No data	No data	No data	No data	No data	No data	No data	0	0	0	0	0	0	No data	-0.09332597904026474	No data	0	No data	No data	No data	-1	-1
EGLN3	0.17729902101229175	No data	0.2916434267006159	No data	No data	No data	No data	No data	No data	No data	No data	No data	No data	No data	No data	No data	No data	No data	No data	No data	No data	1	0	0	1	1	0	0.8326349999999998	No data	-0.28670711527854387	-0.8805178606526406	0	No data	No data	-0.01673749999999998	0.5	0
FTCDNL1	0.17673963032226905	No data	0.2907232714917987	No data	No data	No data	No data	No data	No data	No data	No data	No data	No data	No data	No data	No data	No data	No data	No data	No data	No data	No data	0	0	0	0	0	No data	No data	No data	No data	No data	No data	No data	0	-1	0
CNTN6	0.17608204769032568	No data	0.28812177100051173	No data	No data	No data	No data	No data	No data	No data	No data	No data	No data	No data	No data	No data	No data	No data	0.030396539880581056	No data	No data	No data	1	0	0	0	0	0.45525499999999963	No data	0.5281853281853282	0	0	No data	No data	-0.005349999999999966	0.5	0.5
NT5C2	0.17527931951011438	No data	0.28740927489531637	No data	No data	No data	No data	No data	No data	No data	No data	No data	No data	No data	No data	No data	No data	No data	0.01823792392834863	No data	No data	No data	0	0	0	0	0	0.9643500000000003	No data	0.2813017098731385	-0.43423810300908944	0	255	255	0	-1	-1
SFRP2	0.17436794046145962	No data	0.28682202176053473	No data	No data	No data	No data	No data	No data	No data	No data	No data	No data	No data	No data	No data	No data	No data	No data	No data	No data	No data	0	1	0	0	0	0.8983049999999999	No data	-0.1474903474903475	-0.7368689464106617	0	No data	No data	0	0.5	0
ZFHX3	0.17297981446051708	No data	0.28453865989369714	No data	No data	No data	No data	No data	No data	No data	No data	No data	No data	No data	No data	No data	No data	No data	No data	No data	No data	No data	0	0	0	0	0	0.7380499999999998	No data	-0.9627137341423055	-0.8181738194964627	0	No data	255	0	-1	0
PRICKLE1	0.17005246777025923	No data	0.2797233968707371	No data	No data	No data	No data	No data	No data	No data	No data	No data	No data	No data	No data	No data	No data	No data	No data	No data	No data	No data	0	0	0	0	0	0.663055	No data	-0.9027027027027027	-0.9536212462524774	0	No data	No data	0	-1	0
SLC26A7	0.1697672404739988	No data	0.279254219626582	No data	No data	No data	No data	No data	No data	No data	No data	No data	No data	No data	No data	No data	No data	No data	No data	No data	No data	No data	0	0	0	0	0	0.38262	No data	0.10810810810810811	-0.30842261884744315	0	No data	No data	0	1	0.5
ARL5B	0.16861228311277462	No data	0.27735440246686305	No data	No data	No data	No data	No data	No data	No data	No data	No data	No data	No data	No data	No data	No data	No data	No data	No data	No data	No data	No data	No data	0	0	0	1	No data	-0.6057363485934915	No data	0	No data	No data	-0.4972075	-1	-1
MDFIC2	0.166676286807426	No data	0.274169835550769	No data	No data	No data	No data	No data	No data	No data	No data	No data	No data	No data	No data	No data	No data	No data	No data	No data	No data	No data	No data	No data	No data	No data	No data	0.07407499999999985	No data	No data	No data	No data	No data	No data	0	No data	No data
KCNV1	0.16666038210338677	No data	0.274143673520318	No data	No data	No data	No data	No data	No data	No data	No data	No data	No data	No data	No data	No data	No data	No data	No data	No data	No data	1	1	0	0	0	0	0.7799999999999997	No data	-0.9682294539437397	-0.1165157129738259	0	No data	No data	0	1	1
DDHD2	0.1666293120070449	No data	0.26922911919019143	No data	No data	No data	No data	No data	No data	No data	No data	No data	No data	No data	No data	No data	No data	No data	0.09726892761785938	No data	No data	No data	0	0	0	0	0	0.4444450000000003	No data	-0.35466078323221184	-0.2785211224745593	0	No data	No data	0	-1	-1
PSAT1	0.16607501389164359	No data	0.2706857379456268	No data	No data	No data	No data	No data	No data	No data	No data	No data	No data	No data	No data	No data	No data	No data	0.0499009863039539	No data	No data	No data	0	0	0	0	1	0.6216200000000001	No data	0.517484831770546	-0.580148293710376	0	No data	No data	0	0.5	0
MUSTN1	0.1659339341956777	No data	0.2729487218735795	No data	No data	No data	No data	No data	No data	No data	No data	No data	No data	No data	No data	No data	No data	No data	No data	No data	No data	No data	0	1	0	0	0	0.20731499999999983	No data	0.8378378378378379	No data	0	No data	No data	0	0.75	0
MED13L	0.1655530996921897	No data	0.27232227803328685	No data	No data	No data	No data	No data	No data	No data	No data	No data	No data	No data	No data	No data	No data	No data	No data	No data	No data	No data	0	0	0	0	0	0.61312	No data	-0.9998896856039713	-0.5048134189606642	0	No data	No data	0	-1	-1
ALAS1	0.16403941524982957	No data	0.2683125550703302	No data	No data	No data	No data	No data	No data	No data	No data	No data	No data	No data	No data	No data	No data	No data	0.030396539880581056	No data	No data	1	0	0	0	0	0	0.5859400000000001	No data	-0.5049089906232763	-0.4365980494152055	0	No data	No data	0	0.5	-1
NEK4	0.16375737677405894	No data	0.26312728580627204	No data	No data	No data	No data	No data	No data	No data	No data	No data	No data	No data	No data	No data	No data	No data	0.12482328763001467	No data	No data	No data	0	0	1	1	0	0	No data	0.3296194153337011	No data	0	255	No data	0	0.5	-1
PLXDC2	0.1636836911789906	No data	0.26924724297906116	No data	No data	No data	No data	No data	No data	No data	No data	No data	No data	No data	No data	No data	No data	No data	No data	No data	No data	No data	0	0	0	0	0	0.5935749999999999	No data	-0.35620518477661334	No data	0	No data	No data	0	-1	-1
ATXN7	0.16363443505955605	No data	0.2691662204027613	No data	No data	No data	No data	No data	No data	No data	No data	No data	No data	No data	No data	No data	No data	No data	No data	No data	No data	No data	0	0	0	0	0	0.2152450000000002	No data	-0.9191395477109763	-0.7159828126741646	0	No data	No data	0	-1	-1
ZFP42	0.16307233794017348	No data	0.2682416133231547	No data	No data	No data	No data	No data	No data	No data	No data	No data	No data	No data	No data	No data	No data	No data	No data	No data	No data	No data	0	0	0	0	0	0	No data	0.9693325979040264	-0.6232406509644028	0	No data	No data	0	0.5	1
CPEB2	0.16294535604701949	No data	0.2680327377510454	No data	No data	No data	No data	No data	No data	No data	No data	No data	No data	No data	No data	No data	No data	No data	No data	No data	No data	No data	0	0	0	0	0	0.5454549999999998	No data	0.5395477109762825	-0.7620806482268316	0	No data	No data	0	-1	-1
HES1	0.16228039843465328	No data	0.266938932970997	No data	No data	No data	No data	No data	No data	No data	No data	No data	No data	No data	No data	No data	No data	No data	No data	No data	No data	No data	0	0	0	0	0	0.8928550000000002	No data	-0.5584114726971869	-0.938364962007889	0	No data	No data	0	-1	0
CHRNA2	0.16201815795405575	No data	0.26226049519316597	No data	No data	No data	No data	No data	No data	No data	No data	No data	No data	No data	No data	No data	No data	No data	0.08494144199962372	No data	No data	No data	1	0	1	1	0	0.09262999999999977	No data	0.38201875344732494	-0.28221171810865864	0	255	No data	-0.11625750000000004	1	0.5
MPHOSPH9	0.1592599365311353	No data	0.261970502492751	No data	No data	No data	No data	No data	No data	No data	No data	No data	No data	No data	No data	No data	No data	No data	No data	No data	No data	No data	1	0	0	0	0	0	No data	-0.4389409817981247	0	0	No data	No data	No data	0.5	-1
TSHZ3	0.15885264834141025	No data	0.26130054434730887	No data	No data	No data	No data	No data	No data	No data	No data	No data	No data	No data	No data	No data	No data	No data	No data	No data	No data	No data	1	0	0	0	0	0.7548549999999998	No data	-0.9148372862658577	-0.6756500823825995	0	No data	No data	0	0.5	0
CXCL14	0.15872620374143073	No data	0.26109255258167324	No data	No data	No data	No data	No data	No data	No data	No data	No data	No data	No data	No data	No data	No data	No data	No data	No data	No data	No data	0	1	0	0	0	0.747475	No data	0.03298400441257576	-0.8576696327081831	0	No data	No data	No data	0.5	0
HAPSTR1	0.15740015454932832	No data	0.258911302351693	No data	No data	No data	No data	No data	No data	No data	No data	No data	No data	No data	No data	No data	No data	No data	No data	No data	No data	No data	0	0	0	0	0	0.9272750000000002	No data	-0.7267512410369553	No data	0	No data	No data	-0.20909000000000014	0.5	-1
SHOX2	0.15615849446122357	No data	0.2568688657898625	No data	No data	No data	No data	No data	No data	No data	No data	No data	No data	No data	No data	No data	No data	No data	No data	No data	No data	No data	0	0	0	0	0	0.9059550000000002	No data	-0.3355763927192499	-0.9058614336711587	0	No data	No data	-0.11442000000000015	0.5	0.5
SKOR1	0.1552728783554044	No data	0.2554120945433679	No data	No data	No data	No data	No data	No data	No data	No data	No data	No data	No data	No data	No data	No data	No data	No data	No data	No data	No data	0	0	0	0	0	0.6321249999999999	No data	-0.2795366795366795	-0.05373224667943238	0	No data	No data	0	1	0.5
FAM241A	0.15470048523939947	No data	0.2544705513311245	No data	No data	No data	No data	No data	No data	No data	No data	No data	No data	No data	No data	No data	No data	No data	No data	No data	No data	No data	0	0	0	0	0	0	No data	0.3784886927744071	No data	0	No data	No data	0	-1	0
INPP5A	0.15451602812129345	No data	0.2541671333782412	No data	No data	No data	No data	No data	No data	No data	No data	No data	No data	No data	No data	No data	No data	No data	No data	No data	No data	No data	1	0	0	1	0	0.8543700000000001	No data	-0.8410369553226696	-0.8072589861830567	0	No data	No data	No data	-1	-1
DOC2A	0.1545136352563679	No data	0.2541631972971363	No data	No data	No data	No data	No data	No data	No data	No data	No data	No data	No data	No data	No data	No data	No data	No data	No data	No data	No data	0	0	0	0	0	0.7375	No data	0.009487038058466624	No data	0	No data	No data	-0.0875	0.75	0
NR4A2	0.15329373247180497	No data	0.24279909702602984	No data	No data	No data	No data	No data	No data	No data	No data	No data	No data	No data	No data	No data	No data	No data	0.18714905643005528	No data	No data	No data	0	0	1	1	0	0.974915	No data	-0.9959183673469387	-0.7145930894369426	0	255	No data	-0.00919749999999997	0.5	-1
MST1	0.1509748231018974	No data	0.245006944112452	No data	No data	No data	No data	No data	No data	No data	No data	No data	No data	No data	No data	No data	No data	No data	0.0667035180712751	No data	No data	No data	0	1	No data	No data	No data	0	No data	-0.03132928847214567	-0.37483691099318206	0	No data	No data	0	1	-1
GRINA	0.14840266263093838	No data	0.24411111135341096	No data	No data	No data	No data	No data	No data	No data	No data	No data	No data	No data	No data	No data	No data	No data	No data	No data	No data	No data	0	0	0	0	0	0.36657500000000026	No data	-0.18753447324875894	No data	0	No data	No data	0	-1	-1
CYP2D6	0.14785252637910165	No data	0.2387408388765604	No data	No data	No data	No data	No data	No data	No data	No data	No data	No data	No data	No data	No data	No data	No data	0.0893068023226228	No data	No data	No data	0	0	1	1	1	0	0	0.7953667953667953	0	0	255	No data	0	1	0.5
TRPT1	0.14594413060478909	No data	0.24006701285435791	No data	No data	No data	No data	No data	No data	No data	No data	No data	No data	No data	No data	No data	No data	No data	No data	No data	No data	No data	0	0	0	0	0	0.11066999999999964	No data	0.42471042471042475	No data	0	No data	No data	No data	0.5	-1
CNNM3	0.14430326960461917	No data	0.2373679211047437	No data	No data	No data	No data	No data	No data	No data	No data	No data	No data	No data	No data	No data	No data	No data	No data	No data	No data	No data	0	0	0	0	0	0.37058000000000035	No data	0.42647545504688367	No data	0	No data	No data	0	-1	-1
KCTD13	0.14396316399720405	No data	0.23620054240820787	No data	No data	No data	No data	No data	No data	No data	No data	No data	No data	No data	No data	No data	No data	No data	0.012158615952232422	No data	No data	No data	0	0	0	0	0	0.7112450000000002	No data	-0.41886376172090456	-0.32749161471432336	0	No data	No data	-0.14893500000000018	0.5	-1
NOX4	0.1434599926139848	No data	0.23598079448778767	No data	No data	No data	No data	No data	No data	No data	No data	No data	No data	No data	No data	No data	No data	No data	No data	No data	No data	0.2	1	0	1	1	0	0.5328699999999997	No data	0.0897959183673469	-0.880895018160367	0	No data	No data	0	0.75	0
DNAJB7	0.14336288745679232	No data	0.23582106387770183	No data	No data	No data	No data	No data	No data	No data	No data	No data	No data	No data	No data	No data	No data	No data	No data	No data	No data	No data	0	0	0	0	0	0	No data	0.8815223386651958	0	0	No data	No data	0	1	1
ZFAT	0.14247014232071734	No data	0.23435256591776574	No data	No data	No data	No data	No data	No data	No data	No data	No data	No data	No data	No data	No data	No data	No data	No data	No data	No data	No data	0	0	0	0	0	0.40466499999999994	No data	-0.4665195808052951	-0.8603429586233796	0	No data	No data	0	0.5	0
MAP2K5	0.1396231892833559	No data	0.22966954434928086	No data	No data	No data	No data	No data	No data	No data	No data	No data	No data	No data	No data	No data	No data	No data	No data	No data	No data	No data	0	0	1	1	0	0.8883949999999998	1	0.38952013237727523	-0.8201428861722517	0	No data	No data	0	-1	-1
TRABD	0.13608149586373758	No data	0.22384372760577556	No data	No data	No data	No data	No data	No data	No data	No data	No data	No data	No data	No data	No data	No data	No data	No data	No data	No data	No data	0	0	0	0	0	0.6409550000000003	No data	-0.06850523993381141	0	0	No data	No data	No data	-1	-1
SLC12A5	0.13547743121958464	No data	0.21997085932929103	No data	No data	No data	No data	No data	No data	No data	No data	No data	No data	No data	No data	No data	No data	No data	0.057584556107100775	No data	No data	No data	1	0	0	1	0	0.8655900000000003	0	-0.9400992829564259	-0.9098772315328496	0	No data	No data	-0.2607524999999999	0.5	0
GIPC2	0.13473305452252732	No data	0.22162564399081824	No data	No data	No data	No data	No data	No data	No data	No data	No data	No data	No data	No data	No data	No data	No data	No data	No data	No data	No data	0	0	0	0	0	0.14285500000000012	No data	0.9452840595697738	No data	0	No data	No data	-0.07936499999999995	0.5	0
HGF	0.13426981074474068	No data	0.20692767396497977	No data	No data	No data	No data	No data	No data	No data	No data	No data	No data	No data	No data	No data	No data	No data	0.27871938373832794	No data	No data	0.7	No data	No data	0	1	1	0.5329650000000001	No data	-0.7185879757308329	-0.9199640400830769	0	255	No data	0	1	0
MREG	0.13392325836575944	No data	0.22029359080326907	No data	No data	No data	No data	No data	No data	No data	No data	No data	No data	No data	No data	No data	No data	No data	No data	No data	No data	No data	0	0	0	0	0	0.29906500000000025	No data	0.7409817981246554	0	0	No data	No data	No data	0.5	0
GMIP	0.13367469154448147	No data	0.21927678645910495	No data	No data	No data	No data	No data	No data	No data	No data	No data	No data	No data	No data	No data	No data	No data	0.012158615952232422	No data	No data	No data	1	0	0	0	0	0.09278499999999994	No data	-0.4483177054605626	No data	0	No data	No data	0	0.5	0
TMEM258	0.13269358810491128	No data	0.21626977105471265	No data	No data	No data	No data	No data	No data	No data	No data	No data	No data	No data	No data	No data	No data	No data	0.04002211084276505	No data	No data	No data	1	0	0	0	0	1	No data	0.7904026475455046	-0.4584216488312237	-1	No data	No data	No data	-1	-1
BRINP2	0.1319736159075646	No data	0.21708657700193773	No data	No data	No data	No data	No data	No data	No data	No data	No data	No data	No data	No data	No data	No data	No data	No data	No data	No data	No data	0	1	0	0	0	0.738185	No data	-0.7825703254274683	-0.5055829510709	0	No data	No data	-0.23690999999999995	0.75	0.5
TRIB1	0.12820669579781724	No data	0.21089027945533134	No data	No data	No data	No data	No data	No data	No data	No data	No data	No data	No data	No data	No data	No data	No data	No data	No data	No data	No data	1	0	0	1	0	0.69086	No data	-0.21334804191947054	-0.7726696943403083	0	No data	No data	0	0.5	-1
POLR1F	0.1281445308742733	No data	0.21078802287647702	No data	No data	No data	No data	No data	No data	No data	No data	No data	No data	No data	No data	No data	No data	No data	No data	No data	No data	No data	0	0	0	0	0	0	No data	0.5704357418643133	No data	-1	No data	No data	0	-1	-1
CPNE7	0.12782754924162426	No data	0.21026661216016793	No data	No data	No data	No data	No data	No data	No data	No data	No data	No data	No data	No data	No data	No data	No data	No data	No data	No data	No data	1	0	0	0	0	0.4623649999999998	No data	0.6982901268615553	0	0	No data	No data	-0.22043	0.5	0
MCHR1	0.12752977122139617	No data	0.20562411597141603	No data	No data	No data	No data	No data	No data	No data	No data	No data	No data	No data	No data	No data	No data	No data	0.08305347913370763	No data	No data	No data	1	0	1	1	0	0.8017000000000003	0	-0.03519029233314952	-0.7201148555137965	0	No data	No data	0	0.5	0.5
ADAM12	0.12667232855450297	No data	0.20745446565292597	No data	No data	No data	No data	No data	No data	No data	No data	No data	No data	No data	No data	No data	No data	No data	0.01823792392834863	No data	No data	No data	1	1	0	1	0	0.06180999999999983	No data	-0.2569222283507998	No data	0	No data	No data	0	1	0.5
ZSCAN2	0.12606880515277658	No data	0.2067656808832957	No data	No data	No data	No data	No data	No data	No data	No data	No data	No data	No data	No data	No data	No data	No data	0.012158615952232422	No data	No data	No data	0	0	0	0	0	0.4706850000000003	No data	-0.3827909542195257	0	0	No data	No data	0	-1	-1
CHRM4	0.12497083750081493	No data	0.20556753826551988	No data	No data	No data	No data	No data	No data	No data	No data	No data	No data	No data	No data	No data	No data	No data	No data	No data	No data	1	1	0	1	1	0	0.80167	1	-0.7973524544953117	-0.6917897689182095	0	255	No data	0	0.5	0.5
TLCD4	0.12481270791071872	No data	0.203483634704247	No data	No data	No data	No data	No data	No data	No data	No data	No data	No data	No data	No data	No data	No data	No data	0.03647584785669727	No data	No data	No data	0	0	0	0	0	0	No data	-0.6579150579150579	No data	0	No data	No data	0	1	-1
HNRNPD	0.12179505140314087	No data	0.20034361128213496	No data	No data	No data	No data	No data	No data	No data	No data	No data	No data	No data	No data	No data	No data	No data	No data	No data	No data	No data	0	0	0	0	0	0.8309849999999998	No data	-0.9421952564809708	-0.6874669446935263	0	No data	No data	0	-1	-1
ENSG00000286264	0.12152812993659871	No data	0.199904545737848	No data	No data	No data	No data	No data	No data	No data	No data	No data	No data	No data	No data	No data	No data	No data	No data	No data	No data	No data	No data	No data	No data	No data	No data	0	No data	No data	No data	No data	No data	No data	No data	-1	0
SELENOO	0.11957821762712344	No data	0.19669708805165098	No data	No data	No data	No data	No data	No data	No data	No data	No data	No data	No data	No data	No data	No data	No data	No data	No data	No data	No data	0	0	0	0	0	0.05082000000000022	No data	0.7969111969111968	No data	0	No data	No data	No data	0.5	-1
PBX4	0.11933852360406119	No data	0.19630280958442423	No data	No data	No data	No data	No data	No data	No data	No data	No data	No data	No data	No data	No data	No data	No data	No data	No data	No data	No data	0	0	0	0	0	0	No data	0.19988968560397136	-0.6702161870005524	0	No data	No data	-0.2513375	0.5	0.5
ARL6IP6	0.11845362067662603	No data	0.19484721146221742	No data	No data	No data	No data	No data	No data	No data	No data	No data	No data	No data	No data	No data	No data	No data	No data	No data	No data	No data	0	0	0	0	0	0.09292000000000016	No data	0.6298952013237729	0	0	No data	No data	No data	0.5	0
METTL4	0.11845362067662603	No data	0.19484721146221742	No data	No data	No data	No data	No data	No data	No data	No data	No data	No data	No data	No data	No data	No data	No data	No data	No data	No data	No data	0	0	0	0	0	0	No data	0.2796469939327082	-0.4365980494152055	0	No data	No data	No data	-1	-1
APAF1	0.11844229086200297	No data	0.19482857477747045	No data	No data	No data	No data	No data	No data	No data	No data	No data	No data	No data	No data	No data	No data	No data	No data	No data	No data	No data	0	0	0	1	1	0.3709949999999999	No data	-0.48571428571428577	-0.9515121451599523	0	No data	No data	No data	0.5	-1
GATA3	0.11831399191408766	No data	0.19461753275028684	No data	No data	No data	No data	No data	No data	No data	No data	No data	No data	No data	No data	No data	No data	No data	No data	No data	No data	No data	0	0	0	0	0	0.81982	No data	-0.819746276889134	-0.9690534016613139	0	255	255	-0.16103500000000004	0.5	0
CLCN2	0.11826555349910459	No data	No data	No data	0.19453785523571876	No data	No data	No data	No data	No data	No data	No data	No data	No data	No data	No data	No data	No data	No data	No data	No data	1	0	0	0	0	0	0.7160350000000001	0	-0.30921125206839495	-0.8733391720772878	0	No data	No data	0	0.5	0
PLEC	0.1170911979367169	No data	0.18956647551999334	No data	No data	No data	No data	No data	No data	No data	No data	No data	No data	No data	No data	No data	No data	No data	0.06079307976116211	No data	No data	No data	0	0	1	1	0	0.6635150000000003	No data	-0.4015444015444015	-0.8852735409353213	0	No data	No data	0	0.5	-1
RAB6B	0.11703197804521855	No data	0.1925087172832867	No data	No data	No data	No data	No data	No data	No data	No data	No data	No data	No data	No data	No data	No data	No data	No data	No data	No data	No data	0	0	0	0	0	1	No data	-0.7917264202978489	-0.21028544455043374	0	No data	No data	-0.7596150000000002	1	0
TRIML2	0.11624732762205289	No data	0.19121802691811962	No data	No data	No data	No data	No data	No data	No data	No data	No data	No data	No data	No data	No data	No data	No data	No data	No data	No data	No data	1	0	0	0	0	0	No data	0.3499172642029784	No data	0	No data	No data	0	0.75	0.5
ANKRD30B	0.11533660708639892	No data	0.18971996079080394	No data	No data	No data	No data	No data	No data	No data	No data	No data	No data	No data	No data	No data	No data	No data	No data	No data	No data	No data	0	0	0	0	0	No data	No data	0.019966905681191305	No data	0	No data	No data	-0.0950825	1	0.5
ATP2A1	0.11432258783304977	No data	0.18744404531906012	No data	No data	No data	No data	No data	No data	No data	No data	No data	No data	No data	No data	No data	No data	No data	0.012158615952232422	No data	No data	0.2	0	0	1	1	0	0.8340049999999998	No data	-0.1519029233314948	-0.6791532164055333	0	255	No data	-0.6101600000000001	0.75	0
LETM2	0.11398081673412712	No data	0.1874897886106836	No data	No data	No data	No data	No data	No data	No data	No data	No data	No data	No data	No data	No data	No data	No data	No data	No data	No data	No data	0	0	0	0	0	0	No data	0.44908990623276335	No data	0	No data	No data	0	0.5	0
TUSC3	0.11266242770813409	No data	0.18532113877229314	No data	No data	No data	No data	No data	No data	No data	No data	No data	No data	No data	No data	No data	No data	No data	No data	No data	No data	No data	0	0	0	0	0	0.9137949999999997	No data	0.522338665195808	-0.3358350607193922	0	No data	No data	-0.10919500000000007	-1	0
IFI44L	0.11206735056306491	No data	0.18434228205470776	No data	No data	No data	No data	No data	No data	No data	No data	No data	No data	No data	No data	No data	No data	No data	No data	No data	No data	No data	0	0	0	0	0	0	No data	0.47357970215113077	No data	0	No data	No data	0	0.5	0
NUDT1	0.11127917108737667	No data	0.18304578666611293	No data	No data	No data	No data	No data	No data	No data	No data	No data	No data	No data	No data	No data	No data	No data	No data	No data	No data	No data	0	0	1	1	0	0.13461500000000015	1	0.8136789851075565	-0.5608026770862686	0	No data	No data	0	0.5	-1
GLYCTK	0.11121512467615373	No data	0.18202853898647642	No data	No data	No data	No data	No data	No data	No data	No data	No data	No data	No data	No data	No data	No data	No data	0.01823792392834863	No data	No data	No data	0	0	0	0	0	0.21606000000000022	No data	0.5113072255929398	0	0	No data	No data	No data	1	0
MINPP1	0.11099666053621297	No data	0.1825810782613511	No data	No data	No data	No data	No data	No data	No data	No data	No data	No data	No data	No data	No data	No data	No data	No data	No data	No data	No data	1	0	0	0	0	0.09650999999999996	No data	-0.3420849420849421	-0.05373224667943238	0	No data	No data	No data	-1	-1
TRIM77	0.11074651390641026	No data	0.18216960604973512	No data	No data	No data	No data	No data	No data	No data	No data	No data	No data	No data	No data	No data	No data	No data	No data	No data	No data	No data	No data	No data	0	0	0	No data	No data	0.29696635410921135	No data	0	No data	No data	0	No data	No data
HDAC5	0.11020592716954089	No data	0.17938059817347637	No data	No data	No data	No data	No data	No data	No data	No data	No data	No data	No data	No data	No data	No data	No data	0.037995674850726316	No data	No data	1	0	0	1	1	0	0.7459899999999997	0	-0.9084390512961942	-0.11714988940104198	0	No data	No data	0	-1	-1
MBD2	0.10984579438963969	No data	0.18068799083907425	No data	No data	No data	No data	No data	No data	No data	No data	No data	No data	No data	No data	No data	No data	No data	No data	No data	No data	No data	0	0	1	1	0	0.8540149999999997	No data	-0.6450082735797021	-0.2689534347950162	0	No data	No data	0	-1	-1
TRIML1	0.10979518350663395	No data	0.18060473977957114	No data	No data	No data	No data	No data	No data	No data	No data	No data	No data	No data	No data	No data	No data	No data	No data	No data	No data	No data	No data	No data	0	0	0	0.006410000000000337	No data	0.6323221180364038	No data	0	No data	No data	0	1	1
SH2B1	0.10970916152703114	No data	0.18046324015504026	No data	No data	No data	No data	No data	No data	No data	No data	No data	No data	No data	No data	No data	No data	No data	No data	No data	No data	No data	0	0	0	0	0	0.5833350000000003	No data	-0.8217319360176503	-0.6531012158908902	0	No data	No data	0	-1	-1
BORCS7	0.10969466528146075	No data	0.18043939493182184	No data	No data	No data	No data	No data	No data	No data	No data	No data	No data	No data	No data	No data	No data	No data	No data	No data	No data	No data	0	0	0	0	0	0.7641500000000001	No data	0.6733590733590733	-0.7881043613553964	0	No data	No data	No data	-1	-1
SUCLG1	0.10939691513392052	No data	0.17586609671975337	No data	No data	No data	No data	No data	No data	No data	No data	No data	No data	No data	No data	No data	No data	No data	0.08167043656914118	No data	No data	No data	1	0	0	0	0	0.6098250000000001	No data	-0.019084390512961957	-0.4025292816482848	0	No data	No data	No data	0.5	-1
PCID2	0.10930178522260232	No data	0.17979313706760122	No data	No data	No data	No data	No data	No data	No data	No data	No data	No data	No data	No data	No data	No data	No data	No data	No data	No data	No data	0	0	0	0	0	0.8621549999999999	No data	0.3522338665195808	No data	-1	No data	No data	No data	-1	-1
MRPS15	0.10885866050747589	No data	0.17906423055905232	No data	No data	No data	No data	No data	No data	No data	No data	No data	No data	No data	No data	No data	No data	No data	No data	No data	No data	No data	0	0	0	0	0	0	No data	0.32432432432432434	No data	0	No data	No data	No data	-1	-1
SYNE2	0.10813510292726713	No data	0.17711411978456576	No data	No data	No data	No data	No data	No data	No data	No data	No data	No data	No data	No data	No data	No data	No data	0.015198269940290528	No data	No data	No data	0	0	0	0	0	0	No data	-0.6708218422504137	-0.7002339387307379	0	No data	No data	0	0.5	-1
PDZRN4	0.10769152293448041	No data	0.1756245508818218	No data	No data	No data	No data	No data	No data	No data	No data	No data	No data	No data	No data	No data	No data	No data	0.030396539880581056	No data	No data	No data	0	0	0	0	0	0	No data	-0.129288472145615	No data	0	No data	No data	0	0.5	0
SLC39A11	0.10632827744188159	No data	0.17490194255598449	No data	No data	No data	No data	No data	No data	No data	No data	No data	No data	No data	No data	No data	No data	No data	No data	No data	No data	No data	0	0	0	0	0	0.52239	No data	0.4497517926089354	No data	0	No data	No data	No data	-1	-1
PSMG2	0.10627897726509514	No data	0.17482084750868612	No data	No data	No data	No data	No data	No data	No data	No data	No data	No data	No data	No data	No data	No data	No data	No data	No data	No data	No data	0	0	0	1	0	0.3939399999999999	No data	-0.30446773303916164	No data	-1	No data	No data	No data	-1	-1
HSPE1	0.10525783518179757	No data	0.1716213193261183	No data	No data	No data	No data	No data	No data	No data	No data	No data	No data	No data	No data	No data	No data	No data	0.030396539880581056	No data	No data	No data	0	0	1	1	0	0.8039200000000001	No data	-0.5285162713734142	No data	-1	No data	No data	No data	0.5	-1
CEP76	0.10504249666942422	No data	0.17278693081861438	No data	No data	No data	No data	No data	No data	No data	No data	No data	No data	No data	No data	No data	No data	No data	No data	No data	No data	No data	1	0	0	0	0	0.8861899999999998	No data	-0.41577495863210145	0	0	No data	No data	0	-1	-1
WBP2NL	0.10449806345037473	No data	0.17189137951378097	No data	No data	No data	No data	No data	No data	No data	No data	No data	No data	No data	No data	No data	No data	No data	No data	No data	No data	No data	0	0	0	0	0	0	No data	0.666188637617209	No data	0	255	No data	0	1	0.5
FZD1	0.10281899921893049	No data	0.16912944634961036	No data	No data	No data	No data	No data	No data	No data	No data	No data	No data	No data	No data	No data	No data	No data	No data	No data	No data	0.1	1	0	0	1	0	0.6908799999999999	No data	-0.45846662989520137	-0.3016899697016781	0	No data	No data	-0.23492999999999994	-1	-1
CERK	0.1026138021024132	No data	0.16879191267419294	No data	No data	No data	No data	No data	No data	No data	No data	No data	No data	No data	No data	No data	No data	No data	No data	No data	No data	No data	0	0	0	0	0	0.18063500000000018	No data	-0.2400441257584115	-0.5867397553192407	0	No data	No data	0	-1	-1
TNS1	0.10196629120140303	No data	0.16772680640954235	No data	No data	No data	No data	No data	No data	No data	No data	No data	No data	No data	No data	No data	No data	No data	No data	No data	No data	No data	0	0	0	0	0	0.4100050000000003	No data	-0.7446221731936018	-0.8514690189986853	0	No data	No data	0	0.5	-1
ELFN1	0.10158741543017698	No data	0.16710358453508797	No data	No data	No data	No data	No data	No data	No data	No data	No data	No data	No data	No data	No data	No data	No data	No data	No data	No data	No data	0	0	0	0	0	0.3961350000000003	No data	0.8738003309431881	-0.3291532466904634	0	No data	No data	0	0.5	0.5
CTNND1	0.10128198139721067	No data	0.1666011687434119	No data	No data	No data	No data	No data	No data	No data	No data	No data	No data	No data	No data	No data	No data	No data	No data	No data	No data	No data	1	0	0	0	0	0.87087	No data	-0.9638168781025924	0	0	No data	No data	0	-1	-1
DNAJB4	0.10125605226881983	No data	0.16655851729608812	No data	No data	No data	No data	No data	No data	No data	No data	No data	No data	No data	No data	No data	No data	No data	No data	No data	No data	No data	1	0	0	0	0	0.7032649999999997	No data	-0.5472697186982901	-0.5442787338286131	0	No data	No data	-0.16914000000000015	-1	-1
ARL3	0.10121852779612338	No data	0.16649679238785206	No data	No data	No data	No data	No data	No data	No data	No data	No data	No data	No data	No data	No data	No data	No data	No data	No data	No data	No data	0	0	0	0	0	0.9175800000000003	No data	-0.6238279095421952	-0.8918008571324082	0	No data	No data	0	0.5	-1
MCC	0.10099563063847655	No data	0.16613014348879557	No data	No data	No data	No data	No data	No data	No data	No data	No data	No data	No data	No data	No data	No data	No data	No data	No data	No data	No data	0	0	0	0	0	0.6712449999999996	No data	-0.08747931605074466	0	0	No data	No data	0	0.5	0
BOLL	0.1009938077655413	No data	0.1661271450012335	No data	No data	No data	No data	No data	No data	No data	No data	No data	No data	No data	No data	No data	No data	No data	No data	No data	No data	No data	0	0	0	0	0	0.5759700000000002	No data	-0.26971869829012685	0	0	No data	No data	0	1	0.5
YTHDC2	0.10059916954298323	No data	0.16547799509122976	No data	No data	No data	No data	No data	No data	No data	No data	No data	No data	No data	No data	No data	No data	No data	No data	No data	No data	No data	0	0	0	0	0	0.8496499999999998	No data	-0.8654164368450082	-0.49107965451817975	0	No data	No data	0	-1	-1
CEP170	0.09978088133163486	No data	0.1641319731187237	No data	No data	No data	No data	No data	No data	No data	No data	No data	No data	No data	No data	No data	No data	No data	No data	No data	No data	No data	0	0	0	0	0	0.4570700000000002	No data	-0.9161610590182019	No data	0	No data	No data	0	0.75	-1
NSD3	0.0979272196502973	No data	0.1610828404072045	No data	No data	No data	No data	No data	No data	No data	No data	No data	No data	No data	No data	No data	No data	No data	No data	No data	No data	No data	0	0	1	1	0	0.5894199999999998	1	-0.968781025923883	-0.6305241344346393	0	No data	No data	0	-1	-1
NSUN6	0.09752008749702698	No data	0.16041313892988204	No data	No data	No data	No data	No data	No data	No data	No data	No data	No data	No data	No data	No data	No data	No data	No data	No data	No data	No data	0	0	0	0	0	0.06183499999999995	No data	0.7131825703254275	0	0	No data	No data	0	0.5	-1
POU5F2	0.09745506068133192	No data	0.16030617475575148	No data	No data	No data	No data	No data	No data	No data	No data	No data	No data	No data	No data	No data	No data	No data	No data	No data	No data	No data	0	0	0	0	0	0	No data	0.9222283507997793	0	0	No data	No data	0	0.5	1
SPATA31H1	0.09696444902480855	No data	0.15949915583443539	No data	No data	No data	No data	No data	No data	No data	No data	No data	No data	No data	No data	No data	No data	No data	No data	No data	No data	No data	0	0	No data	No data	No data	0	No data	0.841257584114727	No data	No data	No data	No data	No data	1	0.5
RFTN2	0.09507332319033754	No data	0.156388397435781	No data	No data	No data	No data	No data	No data	No data	No data	No data	No data	No data	No data	No data	No data	No data	No data	No data	No data	No data	1	0	0	0	0	0	No data	0.008052950910093726	0	0	No data	No data	0	0.5	0
GASK1B	0.09487589924321285	No data	0.15606365003377357	No data	No data	No data	No data	No data	No data	No data	No data	No data	No data	No data	No data	No data	No data	No data	No data	No data	No data	No data	0	0	0	0	0	0.16184999999999974	No data	0.004302261445118694	No data	0	No data	No data	0	0.5	0
VWC2L	0.0948212130551555	No data	0.1559736954069111	No data	No data	No data	No data	No data	No data	No data	No data	No data	No data	No data	No data	No data	No data	No data	No data	No data	No data	No data	0	1	0	0	0	0.9324350000000002	No data	-0.3782680639823497	0	0	No data	No data	0	0.75	0.5
RNF175	0.0942948378432198	No data	0.15510784815257941	No data	No data	No data	No data	No data	No data	No data	No data	No data	No data	No data	No data	No data	No data	No data	No data	No data	No data	No data	0	0	0	0	0	No data	No data	0.03386651958080522	No data	0	No data	No data	-0.2073174999999999	1	0
ADAD1	0.09428543591865529	No data	0.1550923827005881	No data	No data	No data	No data	No data	No data	No data	No data	No data	No data	No data	No data	No data	No data	No data	No data	No data	No data	No data	0	0	0	0	0	0.453125	No data	-0.3193601765030336	-0.16131306872844392	0	No data	No data	0	1	1
PARP10	0.09419773505716954	No data	0.15494812144284245	No data	No data	No data	No data	No data	No data	No data	No data	No data	No data	No data	No data	No data	No data	No data	No data	No data	No data	No data	0	0	1	1	1	0	No data	-0.10060672917815772	0	0	No data	No data	0	-1	-1
PTS	0.09391183626873477	No data	0.15447783964504905	No data	No data	No data	No data	No data	No data	No data	No data	No data	No data	No data	No data	No data	No data	No data	No data	No data	No data	No data	0	0	0	0	0	0.06896500000000003	No data	0.7901820187534474	-0.9010730393742689	0	No data	No data	No data	-1	-1
MDK	0.09373044113658642	No data	0.15417945842656006	No data	No data	No data	No data	No data	No data	No data	No data	No data	No data	No data	No data	No data	No data	No data	No data	No data	No data	No data	0	1	0	1	0	0.3006999999999998	No data	0.7916161059018201	-0.8766988445834284	0	No data	No data	0	0.5	-1
PPP1R14B	0.09253569386751155	No data	0.15221418988979785	No data	No data	No data	No data	No data	No data	No data	No data	No data	No data	No data	No data	No data	No data	No data	No data	No data	No data	No data	0	0	0	0	0	0	No data	-0.49773855488141205	No data	-1	No data	No data	0	-1	-1
SLC18A3	0.09239496367117545	No data	No data	0.15198269940290526	No data	No data	No data	No data	No data	No data	No data	No data	No data	No data	No data	No data	No data	No data	No data	No data	No data	No data	0	0	1	1	0	0.708645	No data	0.4059569773855489	-0.7046318649647673	0	No data	No data	0	1	0.5
PRR14L	0.09226234553475962	No data	0.1517645526386077	No data	No data	No data	No data	No data	No data	No data	No data	No data	No data	No data	No data	No data	No data	No data	No data	No data	No data	No data	0	0	0	0	0	0	No data	-0.5206839492553779	No data	0	No data	No data	0	-1	-1
SLC13A5	0.09167977817737798	No data	0.14989437737544387	No data	No data	No data	No data	No data	No data	No data	No data	No data	No data	No data	No data	No data	No data	No data	0.01823792392834863	No data	No data	No data	1	0	1	1	0	0	1	-0.6327633756205184	-0.8910013777738629	0	No data	No data	0	1	0.5
SEC61A1	0.09089141842256866	No data	0.14950948163780148	No data	No data	No data	No data	No data	No data	No data	No data	No data	No data	No data	No data	No data	No data	No data	No data	No data	No data	No data	0	0	0	0	0	1	0	-0.7898510755653613	-0.888152177717367	-1	No data	No data	-0.8371849999999998	-1	-1
CTTN	0.09082127559986007	No data	0.14939410202060793	No data	No data	No data	No data	No data	No data	No data	No data	No data	No data	No data	No data	No data	No data	No data	No data	No data	No data	No data	1	0	0	0	0	0.6090899999999998	No data	-0.7087699944842802	-0.796081284146757	0	No data	No data	0	-1	-1
MYRF	0.09081461197729492	No data	0.14938314086747778	No data	No data	No data	No data	No data	No data	No data	No data	No data	No data	No data	No data	No data	No data	No data	No data	No data	No data	No data	0	0	0	0	0	0.43962	No data	-0.9469387755102041	-0.5999398830430785	0	No data	No data	0	0.5	0
HOMER2	0.08980712844189925	No data	0.14772590695310173	No data	No data	No data	No data	No data	No data	No data	No data	No data	No data	No data	No data	No data	No data	No data	No data	No data	No data	No data	0	0	0	0	0	0.72303	No data	-0.08108108108108103	-0.6103741344803267	0	No data	No data	0	0.5	0
FTO	0.08890276546534522	No data	0.13643752528709394	No data	No data	No data	No data	No data	No data	No data	No data	No data	No data	No data	No data	No data	No data	No data	0.196015464813247	No data	No data	0.2	0	0	1	1	0	0.27723000000000014	0	-0.07545504688361826	-0.8262947941699844	0	255	No data	No data	-1	-1
TAOK2	0.08788297998516628	No data	0.14395289805072492	No data	No data	No data	No data	No data	No data	No data	No data	No data	No data	No data	No data	No data	No data	No data	0.012158615952232422	No data	No data	No data	0	0	1	1	0	0	1	-0.7320463320463321	-0.22574289577974915	0	No data	No data	0	-1	-1
LRRTM1	0.0873305765763768	No data	0.1436521671865821	No data	No data	No data	No data	No data	No data	No data	No data	No data	No data	No data	No data	No data	No data	No data	No data	No data	No data	No data	0	0	0	0	0	0.8563200000000002	No data	-0.8055157198014341	-0.3287149700208511	0	No data	No data	0	0.75	0.5
CDK1	0.08624397756213197	No data	0.14186479431698287	No data	No data	No data	No data	No data	No data	No data	No data	No data	No data	No data	No data	No data	No data	No data	No data	No data	No data	0.7	0	0	1	1	0	0.8484850000000002	1	-0.6135686707115279	No data	-1	255	No data	-0.1329975000000001	0.5	0
KIF18A	0.08595383389373382	No data	0.1413875300139766	No data	No data	No data	No data	No data	No data	No data	No data	No data	No data	No data	No data	No data	No data	No data	No data	No data	No data	No data	0	0	1	1	0	0	No data	-0.39746276889134036	-0.6880096857361747	-1	No data	No data	0	0.75	0.5
GOLGA6L4	0.08592404118034361	No data	0.14133852326270285	No data	No data	No data	No data	No data	No data	No data	No data	No data	No data	No data	No data	No data	No data	No data	No data	No data	No data	No data	No data	No data	0	0	0	No data	No data	No data	No data	No data	No data	No data	-0.6777000000000001	-1	-1
LRRN3	0.08586167692787766	No data	0.1412359388029075	No data	No data	No data	No data	No data	No data	No data	No data	No data	No data	No data	No data	No data	No data	No data	No data	No data	No data	No data	0	0	0	0	0	0.39265499999999987	No data	-0.6214009928295643	-0.018611491428325022	0	No data	No data	0	0.5	0
PLPP5	0.08571191237379258	No data	0.14098958748352466	No data	No data	No data	No data	No data	No data	No data	No data	No data	No data	No data	No data	No data	No data	No data	No data	No data	No data	No data	0	0	0	0	0	0.26136499999999996	No data	0.8626585769442912	No data	0	No data	No data	0	-1	-1
BAK1	0.0855031051550263	No data	0.1406461154640339	No data	No data	No data	No data	No data	No data	No data	No data	No data	No data	No data	No data	No data	No data	No data	No data	No data	No data	No data	0	0	1	1	0	0	No data	0.3842250413678985	0	0	No data	No data	0	-1	-1
WDR73	0.0851668456513264	No data	0.1400929941136747	No data	No data	No data	No data	No data	No data	No data	No data	No data	No data	No data	No data	No data	No data	No data	No data	No data	No data	No data	0	0	0	0	0	0	No data	0.009266409266409203	-0.3074028175658705	0	No data	No data	0	-1	-1
ZDHHC5	0.08440328771139335	No data	0.1388369992818076	No data	No data	No data	No data	No data	No data	No data	No data	No data	No data	No data	No data	No data	No data	No data	No data	No data	No data	No data	1	0	0	0	0	0.8951050000000003	No data	-0.7488141202426917	-0.6929110220817103	0	No data	No data	0	-1	-1
METTL15	0.08436127076559441	No data	0.13876788459644535	No data	No data	No data	No data	No data	No data	No data	No data	No data	No data	No data	No data	No data	No data	No data	No data	No data	No data	No data	0	0	0	0	0	0	No data	0.407280750137893	-0.13173594722701215	0	No data	No data	No data	-1	-1
DCAF4L1	0.08346864128006819	No data	0.13729957687288027	No data	No data	No data	No data	No data	No data	No data	No data	No data	No data	No data	No data	No data	No data	No data	No data	No data	No data	No data	0	0	0	0	0	No data	No data	-0.8906784335355764	No data	0	No data	No data	-0.41919250000000013	1	0.5
SEC11A	0.08275203118078238	No data	0.1355128768763711	No data	No data	No data	No data	No data	No data	No data	No data	No data	No data	No data	No data	No data	No data	No data	0.012158615952232422	No data	No data	No data	0	0	0	0	0	0.6368699999999997	No data	-0.05736348593491447	No data	0	No data	No data	-0.48324	-1	-1
EPPK1	0.08263523588984595	No data	0.135928688289021	No data	No data	No data	No data	No data	No data	No data	No data	No data	No data	No data	No data	No data	No data	No data	No data	No data	No data	No data	0	0	0	0	0	0	No data	0.9568670711527854	0	No data	No data	No data	0	1	0
ST13	0.08257486079622332	No data	0.1358293758444799	No data	No data	No data	No data	No data	No data	No data	No data	No data	No data	No data	No data	No data	No data	No data	No data	No data	No data	No data	0	0	0	0	0	0.7154449999999997	No data	-0.5650303364589079	No data	0	No data	No data	0	-1	-1
SERPING1	0.08214382494484425	No data	0.13451242380123887	No data	No data	No data	No data	No data	No data	No data	No data	No data	No data	No data	No data	No data	No data	No data	0.012158615952232422	No data	No data	1	0	1	0	0	0	0	No data	-0.9033645890788748	-0.6103741344803267	0	No data	No data	0	0.5	-1
VPS45	0.0819682422587474	No data	0.13483153441275914	No data	No data	No data	No data	No data	No data	No data	No data	No data	No data	No data	No data	No data	No data	No data	No data	No data	No data	No data	0	0	0	0	0	0.8508749999999999	No data	-0.5337010479867623	-0.21227635348345625	0	No data	No data	0	-1	-1
INO80E	0.08171533266757729	No data	0.12924810555979524	No data	No data	No data	No data	No data	No data	No data	No data	No data	No data	No data	No data	No data	No data	No data	0.10334823559397559	No data	No data	No data	0	0	0	0	0	0.6926250000000003	No data	0.49134031991174854	No data	0	No data	No data	No data	-1	-1
SRD5A1	0.08152073908727375	No data	0.13409542567598884	No data	No data	No data	No data	No data	No data	No data	No data	No data	No data	No data	No data	No data	No data	No data	No data	No data	No data	1	0	0	1	1	0	0	0	0.48141202426916707	0	0	No data	No data	0	0.5	0
CDIN1	0.08142104280707212	No data	0.13393143286530496	No data	No data	No data	No data	No data	No data	No data	No data	No data	No data	No data	No data	No data	No data	No data	No data	No data	No data	No data	0	0	0	0	0	0.7508899999999997	No data	-0.0653061224489796	-0.6007094151533143	0	No data	No data	No data	0.75	0
UQCC5	0.08071847725515019	No data	0.13277576588037493	No data	No data	No data	No data	No data	No data	No data	No data	No data	No data	No data	No data	No data	No data	No data	No data	No data	No data	No data	0	0	0	0	0	0.7142850000000003	No data	0.7266409266409266	No data	0	No data	No data	No data	0.5	-1
PITPNM2	0.08015822618032248	No data	0.1312462646062736	No data	No data	No data	No data	No data	No data	No data	No data	No data	No data	No data	No data	No data	No data	No data	0.012158615952232422	No data	No data	No data	0	0	0	0	0	0.31801499999999977	No data	-0.8387203530060673	No data	0	No data	No data	0	0.5	-1
ALPK3	0.08011254304328816	No data	0.13117111931471442	No data	No data	No data	No data	No data	No data	No data	No data	No data	No data	No data	No data	No data	No data	No data	0.012158615952232422	No data	No data	No data	0	0	0	0	0	0	No data	-0.16447876447876453	-0.93587689475246	0	No data	No data	0	0.5	0
BRD1	0.07908454004032585	No data	0.1224679431492215	No data	No data	No data	No data	No data	No data	No data	No data	No data	No data	No data	No data	No data	No data	No data	0.1524024016537638	No data	No data	No data	0	0	1	1	0	0.2388550000000002	1	-0.8574738003309432	-0.8149528822104681	0	No data	No data	0	-1	-1
FAM53C	0.0785564406698943	No data	0.12921937986777302	No data	No data	No data	No data	No data	No data	No data	No data	No data	No data	No data	No data	No data	No data	No data	No data	No data	No data	No data	No data	No data	0	0	0	0.7321449999999998	No data	-0.7273028130170986	0	0	No data	No data	0	-1	-1
NFIX	0.07850363563163441	No data	0.12502898670560741	No data	No data	No data	No data	No data	No data	No data	No data	No data	No data	No data	No data	No data	No data	No data	0.08207065767756885	No data	No data	No data	0	0	0	0	0	0.8705199999999997	No data	-0.9960286817429674	-0.7329482316158189	0	No data	No data	-0.29283000000000003	0.5	-1
ZNF592	0.07816514316549626	No data	0.12796779438785985	No data	No data	No data	No data	No data	No data	No data	No data	No data	No data	No data	No data	No data	No data	No data	0.012158615952232422	No data	No data	No data	0	0	0	0	0	0.3883200000000002	No data	-0.9492553778268064	-0.3596166767399958	0	No data	No data	0	-1	-1
UNC5D	0.0777065597135098	No data	0.1259975978357828	No data	No data	No data	No data	No data	No data	No data	No data	No data	No data	No data	No data	No data	No data	No data	0.03647584785669726	No data	No data	No data	1	0	0	0	0	0.8163699999999998	No data	-0.7163816878102592	-0.05901705023956677	0	No data	No data	0	0.5	0.5
NT5DC2	0.07752224709615661	No data	0.12585906550001866	No data	No data	No data	No data	No data	No data	No data	No data	No data	No data	No data	No data	No data	No data	No data	0.033182889369634316	No data	No data	No data	0	0	0	0	0	0.7845599999999997	No data	-0.3039161610590182	-0.05373224667943238	0	No data	No data	0	-1	-1
NAA40	0.07739845650740318	No data	0.12731458384980437	No data	No data	No data	No data	No data	No data	No data	No data	No data	No data	No data	No data	No data	No data	No data	No data	No data	No data	No data	0	0	0	1	0	0.93671	No data	-0.02415885273028129	-0.702503158923666	0	No data	No data	No data	-1	-1
SARAF	0.07668410647316995	No data	0.12613953228630453	No data	No data	No data	No data	No data	No data	No data	No data	No data	No data	No data	No data	No data	No data	No data	No data	No data	No data	No data	0	0	0	0	0	0	No data	-0.2099282956425813	No data	0	No data	No data	No data	-1	-1
VSIG2	0.07659345847161668	No data	0.12599042320693335	No data	No data	No data	No data	No data	No data	No data	No data	No data	No data	No data	No data	No data	No data	No data	No data	No data	No data	No data	0	0	0	0	0	0.09786000000000002	No data	0.4868174296745724	No data	0	No data	No data	0	1	0
NSUN2	0.0765595177891396	No data	0.12593459336147983	No data	No data	No data	No data	No data	No data	No data	No data	No data	No data	No data	No data	No data	No data	No data	No data	No data	No data	No data	0	0	0	0	0	0.3481099999999998	No data	-0.0041919470490898725	-0.8625371146011043	0	No data	No data	0	-1	-1
STIMATE	0.07635335848759243	No data	0.12407564997072093	No data	No data	No data	No data	No data	No data	No data	No data	No data	No data	No data	No data	No data	No data	No data	0.030396539880581056	No data	No data	No data	0	0	0	0	0	0.7789099999999998	No data	-0.49619415333701045	0	0	No data	No data	0	-1	-1
APEH	0.07618565811517573	No data	0.12531962258613394	No data	No data	No data	No data	No data	No data	No data	No data	No data	No data	No data	No data	No data	No data	No data	No data	No data	No data	No data	0	0	0	0	0	0.56967	No data	-0.17087699944842805	No data	0	No data	No data	0	-1	-1
BRAF	0.07594282544758728	No data	0.12378875452476698	No data	No data	No data	No data	No data	No data	No data	No data	No data	No data	No data	No data	No data	No data	No data	0.02262853524443256	No data	No data	1	1	0	1	1	1	0.6083550000000002	1	-0.932377275234418	-0.9693088027055469	0	255	255	0	-1	-1
ASB16	0.07587555256851086	No data	0.12176986852108815	No data	No data	No data	No data	No data	No data	No data	No data	No data	No data	No data	No data	No data	No data	No data	0.06079307976116211	No data	No data	No data	0	0	0	0	0	0.2604849999999999	No data	0.7803640375068948	-0.6136507126876101	0	No data	No data	0	1	0
HPR	0.07575511315081163	No data	0.12461140881236958	No data	No data	No data	No data	No data	No data	No data	No data	No data	No data	No data	No data	No data	No data	No data	No data	No data	No data	No data	0	1	0	0	0	0	No data	0.7252068394925537	-0.7707765464650137	0	No data	No data	-0.7773	1	0
TMEM178B	0.07567648010924552	No data	0.12448206342984408	No data	No data	No data	No data	No data	No data	No data	No data	No data	No data	No data	No data	No data	No data	No data	No data	No data	No data	No data	0	0	0	0	0	0.9829949999999996	No data	-0.7605074462217319	0	0	No data	No data	0	0.5	0
PISD	0.07499540469599558	No data	0.1233617460912166	No data	No data	No data	No data	No data	No data	No data	No data	No data	No data	No data	No data	No data	No data	No data	No data	No data	No data	No data	0	0	0	0	0	0	No data	0.01753998896856035	-0.5125788446000451	-1	No data	No data	No data	-1	-1
WDPCP	0.07453862357856952	No data	0.1226103758378578	No data	No data	No data	No data	No data	No data	No data	No data	No data	No data	No data	No data	No data	No data	No data	No data	No data	No data	No data	0	0	0	0	0	0	No data	-0.05151682294539439	-0.907412154849313	0	No data	No data	No data	-1	-1
RPL13	0.07386678200496748	No data	0.12150524746429701	No data	No data	No data	No data	No data	No data	No data	No data	No data	No data	No data	No data	No data	No data	No data	No data	No data	No data	1	0	0	1	1	0	0.9052149999999998	No data	-0.9232211803640376	No data	-1	No data	No data	No data	-1	-1
ACTN3	0.07345711334144713	No data	0.12083137362021834	No data	No data	No data	No data	No data	No data	No data	No data	No data	No data	No data	No data	No data	No data	No data	No data	No data	No data	No data	0	0	0	0	0	0.855715	No data	-0.043022614451185826	No data	No data	No data	No data	-0.47558250000000013	1	0.5
DCDC1	0.07334356790803127	No data	0.12064460000410622	No data	No data	No data	No data	No data	No data	No data	No data	No data	No data	No data	No data	No data	No data	No data	No data	No data	No data	No data	0	0	0	0	0	No data	No data	0.22118036403750696	No data	0	No data	No data	No data	0.5	0.5
ADAMTSL3	0.07291496829053355	No data	0.11933165538060922	No data	No data	No data	No data	No data	No data	No data	No data	No data	No data	No data	No data	No data	No data	No data	0.012158615952232422	No data	No data	No data	0	1	0	0	0	0.26375000000000026	No data	-0.4448979591836735	-0.7767274016331749	0	No data	No data	0	0.5	0
LIPH	0.07088765691187832	No data	0.11660481290037418	No data	No data	No data	No data	No data	No data	No data	No data	No data	No data	No data	No data	No data	No data	No data	No data	No data	No data	No data	1	1	0	0	0	0	No data	-0.2678433535576392	0	0	No data	No data	0	0.5	0
ACADS	0.07081126697083667	No data	0.11647915724788585	No data	No data	No data	No data	No data	No data	No data	No data	No data	No data	No data	No data	No data	No data	No data	No data	No data	No data	No data	0	0	0	0	0	0.5267000000000003	No data	-0.20077220077220082	-0.6951013525704943	0	No data	No data	0	0.5	0
SELENOH	0.07042868256440253	No data	0.11584983495012234	No data	No data	No data	No data	No data	No data	No data	No data	No data	No data	No data	No data	No data	No data	No data	No data	No data	No data	No data	0	0	0	0	0	No data	No data	0.9087699944842802	No data	0	No data	No data	No data	-1	-1
RPS6KA2	0.0702355729954192	No data	0.11553218437255332	No data	No data	No data	No data	No data	No data	No data	No data	No data	No data	No data	No data	No data	No data	No data	No data	No data	No data	0.1	0	0	1	1	0	0.78172	1	-0.5391064533921677	-0.6582080778875737	0	No data	No data	-0.5225100000000001	-1	-1
MAU2	0.06907628353747533	No data	0.11301731044506841	No data	No data	No data	No data	No data	No data	No data	No data	No data	No data	No data	No data	No data	No data	No data	0.012158615952232422	No data	No data	No data	0	0	0	0	0	0.8042400000000001	No data	-0.9697738554881412	0	0	No data	No data	No data	-1	-1
SLC25A17	0.06779309440511609	No data	0.11151449255648004	No data	No data	No data	No data	No data	No data	No data	No data	No data	No data	No data	No data	No data	No data	No data	No data	No data	No data	No data	0	0	0	0	0	0.7719850000000001	No data	-0.12035300606729182	-0.8175004843921848	0	No data	No data	0	-1	-1
TRIM32	0.0675960715718798	No data	0.11119040495636119	No data	No data	No data	No data	No data	No data	No data	No data	No data	No data	No data	No data	No data	No data	No data	No data	No data	No data	No data	0	0	0	0	0	0.8085749999999997	No data	-0.39602868174296746	-0.23950969306056447	0	No data	No data	0	-1	0
SLC7A1	0.06729045122885435	No data	0.11068768269878494	No data	No data	No data	No data	No data	No data	No data	No data	No data	No data	No data	No data	No data	No data	No data	No data	No data	No data	No data	1	0	0	0	0	0.33227499999999993	No data	-0.8433535576392719	-0.4461901862571613	0	No data	No data	-0.006359999999999921	0.5	-1
CAPN10	0.0670512294455329	No data	0.11029418103007316	No data	No data	No data	No data	No data	No data	No data	No data	No data	No data	No data	No data	No data	No data	No data	No data	No data	No data	No data	0	0	0	0	0	0.05506000000000029	No data	0.2675124103695532	-0.18442220312753277	0	255	No data	0	-1	-1
LRFN4	0.06677417616484387	No data	0.10983844942085465	No data	No data	No data	No data	No data	No data	No data	No data	No data	No data	No data	No data	No data	No data	No data	No data	No data	No data	No data	0	0	0	0	0	0.8425199999999997	No data	-0.2793160507446222	No data	0	No data	No data	0	0.5	0
CYP17A1	0.06650041272922942	No data	0.10938812935697571	No data	No data	No data	No data	No data	No data	No data	No data	No data	No data	No data	No data	No data	No data	No data	No data	No data	No data	1	0	0	1	1	0	0	No data	0.45239933811362376	-0.8501091180381628	0	No data	No data	No data	1	0
DYNLRB1	0.06624364304032174	No data	0.10896576271604147	No data	No data	No data	No data	No data	No data	No data	No data	No data	No data	No data	No data	No data	No data	No data	No data	No data	No data	No data	0	0	0	0	0	0.84375	No data	-0.20242691671263102	0	-1	No data	No data	-0.42708249999999987	-1	-1
OSCP1	0.0659277345566505	No data	0.10783818645070171	No data	No data	No data	No data	No data	No data	No data	No data	No data	No data	No data	No data	No data	No data	No data	0.012158615952232422	No data	No data	No data	1	0	0	0	0	0.34037000000000006	No data	0.003199117484831815	0	0	No data	No data	No data	0.5	-1
TCF25	0.06539848535147771	No data	0.10757554249333784	No data	No data	No data	No data	No data	No data	No data	No data	No data	No data	No data	No data	No data	No data	No data	No data	No data	No data	No data	0	0	0	0	0	0.5192300000000003	No data	-0.475565361279647	-0.18499442392117538	0	No data	No data	No data	-1	-1
CYLD	0.06527301552040918	No data	0.10736915414854355	No data	No data	No data	No data	No data	No data	No data	No data	No data	No data	No data	No data	No data	No data	No data	No data	No data	No data	No data	0	0	0	0	1	0.7384950000000003	No data	-0.8668505239933811	-0.8658660149137531	0	No data	255	No data	0.5	-1
KDM3B	0.06479926406174456	No data	0.106589868972458	No data	No data	No data	No data	No data	No data	No data	No data	No data	No data	No data	No data	No data	No data	No data	No data	No data	No data	No data	0	0	0	0	0	0.67348	No data	-0.9900717043574186	-0.8513939143818358	0	No data	No data	0	-1	-1
SENP2	0.06460382840225966	No data	0.10626839215264114	No data	No data	No data	No data	No data	No data	No data	No data	No data	No data	No data	No data	No data	No data	No data	No data	No data	No data	No data	0	0	0	1	0	0.38879499999999967	No data	-0.9213458356315499	-0.9136543444763245	0	No data	No data	0	-1	-1
POLI	0.0643529768548264	No data	0.1058557604050495	No data	No data	No data	No data	No data	No data	No data	No data	No data	No data	No data	No data	No data	No data	No data	No data	No data	No data	No data	0	0	1	1	0	0	No data	0.802757859900717	-0.022023425318627998	0	No data	No data	0	-1	-1
MLF1	0.06435272352505292	No data	0.10585534369680824	No data	No data	No data	No data	No data	No data	No data	No data	No data	No data	No data	No data	No data	No data	No data	No data	No data	No data	No data	1	0	0	0	0	0	No data	0.46309983452840586	0	0	No data	No data	0	0.5	-1
FMO5	0.06425944485901715	No data	0.10266225338605973	No data	No data	No data	No data	No data	No data	No data	No data	No data	No data	No data	No data	No data	No data	No data	0.06079307976116211	No data	No data	No data	0	0	0	0	0	0.20262499999999975	No data	0.6098179812465527	-0.8146686129983483	0	No data	No data	0	1	0
SPCS1	0.06382853878422827	No data	0.1034732726070959	No data	No data	No data	No data	No data	No data	No data	No data	No data	No data	No data	No data	No data	No data	No data	0.030396539880581056	No data	No data	No data	0	0	0	0	0	0	No data	0.03993381136238283	No data	0	No data	No data	No data	-1	-1
L3MBTL2	0.06380981992219002	No data	0.1049623084944533	No data	No data	No data	No data	No data	No data	No data	No data	No data	No data	No data	No data	No data	No data	No data	No data	No data	No data	No data	0	0	0	0	1	0.5531900000000001	No data	-0.505019305019305	0	0	No data	No data	0	-1	-1
MYCBP	0.06368624042687683	No data	0.1047590296084375	No data	No data	No data	No data	No data	No data	No data	No data	No data	No data	No data	No data	No data	No data	No data	No data	No data	No data	No data	0	0	0	0	0	0.2718449999999997	No data	-0.36977385548814123	No data	0	No data	No data	No data	-1	-1
TFAP2D	0.06352647158081426	No data	0.10388829119079698	No data	No data	No data	No data	No data	No data	No data	No data	No data	No data	No data	No data	No data	No data	No data	0.012158615952232422	No data	No data	No data	0	0	0	0	0	0.9778750000000003	No data	-0.807611693325979	0	0	255	No data	0	No data	No data
EP300	0.06275200772162193	No data	0.10322228774748025	No data	No data	No data	No data	No data	No data	No data	No data	No data	No data	No data	No data	No data	No data	No data	No data	No data	No data	No data	0	0	1	1	1	0.695525	1	-0.9749586321014893	-0.96779428623433	0	No data	255	0	-1	-1
ZFYVE21	0.06204979066906684	No data	0.10206719401754603	No data	No data	No data	No data	No data	No data	No data	No data	No data	No data	No data	No data	No data	No data	No data	No data	No data	No data	No data	0	0	0	0	0	0.2307699999999997	No data	0.19779371207942642	No data	0	No data	No data	No data	-1	-1
EPM2AIP1	0.06202928747892207	No data	0.10203346782662871	No data	No data	No data	No data	No data	No data	No data	No data	No data	No data	No data	No data	No data	No data	No data	No data	No data	No data	No data	0	0	0	0	0	0.4481050000000003	No data	-0.44787644787644787	-0.7371092962642606	0	No data	No data	0	-1	-1
DUSP26	0.06165338464526342	No data	0.10141513620872834	No data	No data	No data	No data	No data	No data	No data	No data	No data	No data	No data	No data	No data	No data	No data	No data	No data	No data	No data	0	0	0	1	0	0.8341250000000002	No data	0.015002757859900795	-0.14230555434728037	0	No data	No data	0	0.5	0
DEPDC5	0.061604921558163245	No data	0.10133541811040109	No data	No data	No data	No data	No data	No data	No data	No data	No data	No data	No data	No data	No data	No data	No data	No data	No data	No data	No data	0	0	0	0	0	0.7099200000000003	No data	-0.792719249862107	-0.4818013350502967	0	No data	No data	No data	-1	-1
SLCO2A1	0.06146910375656502	No data	0.10111200813983896	No data	No data	No data	No data	No data	No data	No data	No data	No data	No data	No data	No data	No data	No data	No data	No data	No data	No data	No data	1	0	0	1	0	0.16018499999999988	No data	0.12653061224489792	-0.8174970304178564	0	255	No data	0	0.5	0
DNAH11	0.061289218277115705	No data	0.10081611018540725	No data	No data	No data	No data	No data	No data	No data	No data	No data	No data	No data	No data	No data	No data	No data	No data	No data	No data	No data	0	0	0	0	0	0.2260849999999998	No data	-0.0972972972972973	-0.977460490538293	0	No data	No data	0	1	0.5
CACNA2D2	0.06121902321279017	No data	0.10070064463472071	No data	No data	No data	No data	No data	No data	No data	No data	No data	No data	No data	No data	No data	No data	No data	No data	No data	No data	1	1	0	1	1	0	0.8425199999999997	No data	-0.7991174848317706	-0.9480056135795591	0	No data	No data	0	0.5	0
FERD3L	0.06093968032659411	No data	0.10024114679829998	No data	No data	No data	No data	No data	No data	No data	No data	No data	No data	No data	No data	No data	No data	No data	No data	No data	No data	No data	0	0	0	0	0	0	No data	0.5517926089354661	No data	0	No data	No data	0	No data	No data
VPS13C	0.060828620003184376	No data	0.10005846099944582	No data	No data	No data	No data	No data	No data	No data	No data	No data	No data	No data	No data	No data	No data	No data	No data	No data	No data	No data	0	0	0	0	0	0.3205449999999999	No data	-0.19117484831770548	-0.27157138741267045	0	No data	No data	0	-1	-1
CNTN5	0.05996964555674176	No data	0.0967541730004056	No data	No data	No data	No data	No data	No data	No data	No data	No data	No data	No data	No data	No data	No data	No data	0.03782680518472309	No data	No data	No data	1	0	0	0	0	0.5227249999999998	No data	-0.39591836734693875	-0.13173594722701215	0	No data	No data	0	0.5	0.5
NCAN	0.05991614934565888	No data	0.09382809228831196	No data	No data	No data	No data	No data	No data	No data	No data	No data	No data	No data	No data	No data	No data	No data	0.09458847532463409	No data	No data	No data	0	1	0	0	0	0	No data	-0.6548262548262549	No data	0	No data	No data	0	1	0.5
RIMS1	0.059393485688901716	No data	0.09617794703262171	No data	No data	No data	No data	No data	No data	No data	No data	No data	No data	No data	No data	No data	No data	No data	0.030396539880581056	No data	No data	No data	1	0	0	0	0	0.5094549999999998	No data	-0.6940981798124655	-0.7841917237062962	0	No data	No data	0	1	0.5
DPEP2	0.05934379912913903	No data	0.09761604340869574	No data	No data	No data	No data	No data	No data	No data	No data	No data	No data	No data	No data	No data	No data	No data	No data	No data	No data	No data	0	0	0	0	0	0	No data	0.2143408714837287	No data	0	No data	No data	-0.2592600000000001	0.5	0
CNTN1	0.0592527931616015	No data	0.0974663455024619	No data	No data	No data	No data	No data	No data	No data	No data	No data	No data	No data	No data	No data	No data	No data	No data	No data	No data	No data	1	0	0	0	0	0.7691549999999999	No data	-0.7606177606177607	-0.8954590397255241	0	No data	No data	0	0.5	0
NAPG	0.059070811097411025	No data	0.09123967354861787	No data	No data	No data	No data	No data	No data	No data	No data	No data	No data	No data	No data	No data	No data	No data	0.11854650553426611	No data	No data	No data	1	0	0	0	0	0.9038449999999998	No data	-0.21500275785990075	No data	-1	No data	No data	0	-1	-1
MACROD1	0.05906253148738143	No data	0.09715337949552895	No data	No data	No data	No data	No data	No data	No data	No data	No data	No data	No data	No data	No data	No data	No data	No data	No data	No data	No data	0	0	0	1	0	0.2923099999999998	No data	0.5369001654715941	0	0	No data	No data	0	0.5	0
ARB2A	0.058725525788289636	No data	0.096599030710411	No data	No data	No data	No data	No data	No data	No data	No data	No data	No data	No data	No data	No data	No data	No data	No data	No data	No data	No data	0	0	0	0	0	0.6634599999999999	No data	0.030998345284059647	-0.9112940036501906	0	No data	No data	No data	-1	-1
DCP1B	0.05863154988581103	No data	0.09553255129029802	No data	No data	No data	No data	No data	No data	No data	No data	No data	No data	No data	No data	No data	No data	No data	0.01823792392834863	No data	No data	No data	0	0	0	0	0	0	No data	-0.04533921676778818	No data	0	No data	No data	0	-1	-1
SGSM3	0.05858218519385291	No data	0.09636324631685853	No data	No data	No data	No data	No data	No data	No data	No data	No data	No data	No data	No data	No data	No data	No data	No data	No data	No data	No data	0	0	0	0	0	0.6996000000000002	No data	0.35488141202426915	0	0	No data	No data	0	-1	-1
RASL10B	0.05809938270295546	No data	0.09556907288002289	No data	No data	No data	No data	No data	No data	No data	No data	No data	No data	No data	No data	No data	No data	No data	No data	No data	No data	No data	0	0	0	0	0	0.9507399999999997	No data	-0.30038610038610036	No data	0	No data	No data	0	0.5	0
XRCC3	0.057835360072489704	No data	0.09513477570096399	No data	No data	No data	No data	No data	No data	No data	No data	No data	No data	No data	No data	No data	No data	No data	No data	No data	No data	No data	0	0	0	0	0	0	No data	0.8465526751241037	-0.6922621656446051	0	No data	No data	0	-1	-1
ATXN2L	0.05755549632375786	No data	0.09376252488880518	No data	No data	No data	No data	No data	No data	No data	No data	No data	No data	No data	No data	No data	No data	No data	0.01823792392834863	No data	No data	No data	0	0	0	0	0	0.6279049999999998	No data	-0.8890237175951462	No data	0	No data	No data	0	-1	-1
NBL1	0.05748083400365663	No data	0.09455160723799765	No data	No data	No data	No data	No data	No data	No data	No data	No data	No data	No data	No data	No data	No data	No data	No data	No data	No data	No data	0	1	0	0	0	0.6408850000000001	No data	0.01709873138444573	0	0	No data	No data	0	-1	-1
MTRFR	0.05748045951616541	No data	0.09455099123451058	No data	No data	No data	No data	No data	No data	No data	No data	No data	No data	No data	No data	No data	No data	No data	No data	No data	No data	No data	0	0	0	0	0	0	No data	0.4206287920573635	No data	0	No data	No data	No data	0.5	-1
ZZZ3	0.05741532622853658	No data	0.09444385192213371	No data	No data	No data	No data	No data	No data	No data	No data	No data	No data	No data	No data	No data	No data	No data	No data	No data	No data	No data	0	0	0	0	0	0.36876999999999993	No data	-0.8955322669608384	0	0	No data	No data	No data	-1	-1
SHMT2	0.057021054519089044	No data	0.09235146925403875	No data	No data	No data	No data	No data	No data	No data	No data	No data	No data	No data	No data	No data	No data	No data	0.028876712886552	No data	No data	No data	0	0	1	1	0	0.6924599999999999	No data	-0.2966354109211252	-0.7300286553745952	0	No data	No data	-0.012897500000000051	0.5	-1
MED19	0.05648566722712675	No data	0.0929146334567061	No data	No data	No data	No data	No data	No data	No data	No data	No data	No data	No data	No data	No data	No data	No data	No data	No data	No data	No data	0	0	0	0	0	0.7336050000000001	No data	-0.6905681191395476	No data	0	No data	No data	No data	-1	-1
NAGA	0.05504028751333682	No data	0.08901726658565749	No data	No data	No data	No data	No data	No data	No data	No data	No data	No data	No data	No data	No data	No data	No data	0.030396539880581056	No data	No data	No data	0	0	0	0	0	0.12409000000000034	No data	0.26817429674572524	0	0	No data	No data	0	-1	-1
THBS3	0.054968518582721865	No data	0.09041903913846246	No data	No data	No data	No data	No data	No data	No data	No data	No data	No data	No data	No data	No data	No data	No data	No data	No data	No data	No data	0	1	0	0	0	0.8587850000000004	No data	-0.37186982901268617	0	0	No data	No data	-0.035042499999999956	-1	-1
PBRM1	0.05473682007944306	No data	0.08661188491028136	No data	No data	No data	No data	No data	No data	No data	No data	No data	No data	No data	No data	No data	No data	No data	0.06852055567746983	No data	No data	No data	0	0	1	1	1	0.909035	1	-0.9366795366795366	-0.8459595894082841	0	No data	255	No data	-1	-1
BSN	0.05402844866934798	No data	0.08416123183189675	No data	No data	No data	No data	No data	No data	No data	No data	No data	No data	No data	No data	No data	No data	No data	0.09422927362980127	No data	No data	No data	0	0	0	0	0	0.45236999999999983	No data	-0.9087699944842802	-0.7167653823736649	0	No data	No data	0	1	0.5
CLU	0.053519963297613854	No data	0.08651644869372659	No data	No data	No data	No data	No data	No data	No data	No data	No data	No data	No data	No data	No data	No data	No data	0.030396539880581056	No data	No data	0.7	0	1	0	0	0	0	No data	-0.41588527302813016	-0.9205909862207323	0	No data	No data	0	0.5	-1
KCNC2	0.05324136480688327	No data	0.08572465774096595	No data	No data	No data	No data	No data	No data	No data	No data	No data	No data	No data	No data	No data	No data	No data	0.03706689168770857	No data	No data	1	1	0	0	0	0	0.8746099999999999	No data	-0.4835079977937121	-0.30987603255488133	0	No data	No data	-0.12617499999999993	1	0.5
FEN1	0.05300951049526569	No data	0.0871966195881575	No data	No data	No data	No data	No data	No data	No data	No data	No data	No data	No data	No data	No data	No data	No data	No data	No data	No data	No data	0	0	1	1	1	0.8289450000000003	No data	0.18422504136789852	-0.9214437258041641	-1	No data	No data	0	0.5	-1
NEUROG1	0.05295418891758628	No data	0.08710561979361385	No data	No data	No data	No data	No data	No data	No data	No data	No data	No data	No data	No data	No data	No data	No data	No data	No data	No data	No data	0	0	0	0	0	0.45147499999999996	No data	0.8414782129067844	-0.6381777736185498	0	No data	No data	0	No data	No data
PPM1M	0.05281994704746585	No data	0.08536497511663828	No data	No data	No data	No data	No data	No data	No data	No data	No data	No data	No data	No data	No data	No data	No data	0.030396539880581056	No data	No data	No data	0	0	0	0	0	0.4662300000000002	No data	0.249200220628792	0	0	No data	No data	0	-1	-1
RHOBTB1	0.052444297239156605	No data	0.08626688670025374	No data	No data	No data	No data	No data	No data	No data	No data	No data	No data	No data	No data	No data	No data	No data	No data	No data	No data	No data	0	0	0	0	0	0.4396549999999998	No data	-0.46431329288472145	-0.20407843677721527	0	No data	No data	-0.2456900000000001	0.5	0
STAB1	0.05219450769954531	No data	0.08195089084856304	No data	No data	No data	No data	No data	No data	No data	No data	No data	No data	No data	No data	No data	No data	No data	0.07810222052649297	No data	No data	No data	1	0	0	0	0	0.09144000000000005	No data	-0.21753998896856042	0	0	No data	No data	0	0.5	0
KIAA0753	0.051995013555585626	No data	0.08552784915628314	No data	No data	No data	No data	No data	No data	No data	No data	No data	No data	No data	No data	No data	No data	No data	No data	No data	No data	No data	0	0	0	0	0	0	No data	0.185438499724214	-0.8623532657580876	0	No data	No data	No data	-1	-1
GLT8D1	0.051621928894499194	No data	0.08369829162304826	No data	No data	No data	No data	No data	No data	No data	No data	No data	No data	No data	No data	No data	No data	No data	0.024317231904464845	No data	No data	No data	0	0	0	0	0	0.5148249999999998	No data	0.4744622173193602	0	0	No data	No data	0	-1	-1
TWIST1	0.05144637561301329	No data	0.08462538140053237	No data	No data	No data	No data	No data	No data	No data	No data	No data	No data	No data	No data	No data	No data	No data	No data	No data	No data	No data	0	0	0	0	0	0.826735	No data	0.6486486486486487	-0.876805810548858	0	No data	No data	-0.09653500000000008	0.5	0
PGM3	0.05137466125844302	No data	0.08450741673275766	No data	No data	No data	No data	No data	No data	No data	No data	No data	No data	No data	No data	No data	No data	No data	No data	No data	No data	No data	0	0	0	0	0	0.3819200000000002	No data	-0.012575841147269728	-0.7932961669783373	0	No data	No data	0	-1	-1
CHRNA5	0.050653637264789476	No data	0.08143004675354971	No data	No data	No data	No data	No data	No data	No data	No data	No data	No data	No data	No data	No data	No data	No data	0.03782680518472309	No data	No data	0.2	1	0	1	1	0	0.45512999999999976	No data	-0.027688913403199122	0	0	255	No data	-0.08119750000000003	-1	0
TMEM144	0.05039018871569298	No data	0.08288803415398761	No data	No data	No data	No data	No data	No data	No data	No data	No data	No data	No data	No data	No data	No data	No data	No data	No data	No data	No data	0	0	0	0	0	0.3188400000000001	No data	0.5733039161610589	No data	0	No data	No data	No data	1	0
CKB	0.049489611177410374	No data	0.08079872168954697	No data	No data	No data	No data	No data	No data	No data	No data	No data	No data	No data	No data	No data	No data	No data	0.012158615952232422	No data	No data	No data	0	0	0	0	1	0.8293950000000002	No data	-0.4052950910093768	-0.21306917112227514	0	No data	No data	-0.514435	0.5	-1
CDK2AP1	0.049258393895327414	No data	0.08102631761517752	No data	No data	No data	No data	No data	No data	No data	No data	No data	No data	No data	No data	No data	No data	No data	No data	No data	No data	No data	0	0	0	1	0	0.869565	No data	0.6980694980694981	-0.37018628386026403	0	No data	No data	-0.08695749999999994	0.5	-1
SULT1A1	0.04917928891997436	No data	0.08089619593740789	No data	No data	No data	No data	No data	No data	No data	No data	No data	No data	No data	No data	No data	No data	No data	No data	No data	No data	No data	0	0	1	1	1	0	No data	0.541753998896856	-0.8482057158259265	0	255	No data	-0.8898299999999999	0.5	-1
ZNF778	0.04800784248289048	No data	0.07896925549996642	No data	No data	No data	No data	No data	No data	No data	No data	No data	No data	No data	No data	No data	No data	No data	No data	No data	No data	No data	0	0	0	0	0	0	No data	0.9207942636514066	No data	0	No data	No data	0	-1	-1
PSMA4	0.04777560952280955	No data	0.07653548347286306	No data	No data	No data	No data	No data	No data	No data	No data	No data	No data	No data	No data	No data	No data	No data	0.04103532883878443	No data	No data	1	0	0	1	1	0	0.94253	No data	-0.7852178709321567	No data	-1	No data	No data	0	-1	-1
UBE2QL1	0.047616123059896404	No data	0.07832490679361197	No data	No data	No data	No data	No data	No data	No data	No data	No data	No data	No data	No data	No data	No data	No data	No data	No data	No data	No data	1	0	0	0	0	0.9378900000000001	No data	-0.14142305570877	No data	0	No data	No data	0	0.75	0
LCAT	0.047590337745716534	No data	0.07767456111213335	No data	No data	No data	No data	No data	No data	No data	No data	No data	No data	No data	No data	No data	No data	No data	0.012158615952232422	No data	No data	No data	0	1	1	1	0	0.29545499999999975	No data	-0.6101489244346388	-0.7076607523395564	0	No data	No data	0	1	-1
CRYBA1	0.04720766184317681	No data	0.07765301910783537	No data	No data	No data	No data	No data	No data	No data	No data	No data	No data	No data	No data	No data	No data	No data	No data	No data	No data	No data	No data	No data	0	0	0	0.7674399999999999	No data	0.03243243243243232	-0.6328865502098152	0	No data	No data	-0.01162749999999999	No data	No data
TMEM219	0.04702101837898228	No data	0.07734600478165253	No data	No data	No data	No data	No data	No data	No data	No data	No data	No data	No data	No data	No data	No data	No data	No data	No data	No data	No data	1	0	0	0	0	0.1875	No data	0.626365140650855	-0.6328870352586558	0	No data	No data	0	-1	-1
MRM2	0.04675451899472182	No data	0.07690763353066894	No data	No data	No data	No data	No data	No data	No data	No data	No data	No data	No data	No data	No data	No data	No data	No data	No data	No data	No data	0	0	0	0	0	0	No data	0.8035300606729179	-0.7183491424019001	0	No data	No data	0	-1	-1
FANCL	0.046700492312079296	No data	0.07681876374013558	No data	No data	No data	No data	No data	No data	No data	No data	No data	No data	No data	No data	No data	No data	No data	No data	No data	No data	No data	0	0	0	0	0	0	No data	0.6423607280750139	-0.7308146592159648	0	No data	No data	No data	-1	-1
C3orf49	0.04602639337020165	No data	0.0757099221671704	No data	No data	No data	No data	No data	No data	No data	No data	No data	No data	No data	No data	No data	No data	No data	No data	No data	No data	No data	0	0	0	0	0	0	No data	No data	No data	No data	No data	No data	No data	-1	0.5
SPPL3	0.04531874693741987	No data	0.07454589751903296	No data	No data	No data	No data	No data	No data	No data	No data	No data	No data	No data	No data	No data	No data	No data	No data	No data	No data	No data	1	0	0	0	0	1	No data	-0.9246552675124103	-0.791342919461119	0	No data	No data	0	-1	-1
ENSG00000282936	0.0452307058919866	No data	0.07440107668452489	No data	No data	No data	No data	No data	No data	No data	No data	No data	No data	No data	No data	No data	No data	No data	No data	No data	No data	No data	No data	No data	No data	No data	No data	0	No data	No data	No data	No data	No data	No data	No data	-1	1
TNR	0.04520168544462032	No data	0.07056643799209755	No data	No data	No data	No data	No data	No data	No data	No data	No data	No data	No data	No data	No data	No data	No data	0.0757380452024478	No data	No data	No data	0	1	0	0	0	0.6612650000000002	No data	-0.8236072807501379	-0.2695161860281739	0	No data	No data	0	0.75	0.5
KLC1	0.044989561591920774	No data	0.07400441262175128	No data	No data	No data	No data	No data	No data	No data	No data	No data	No data	No data	No data	No data	No data	No data	No data	No data	No data	No data	1	0	0	0	0	0.6791849999999997	No data	-0.6820739106453393	-0.22574289577974915	0	No data	No data	-0.15884250000000008	0.5	-1
CCS	0.04467458783713542	No data	0.07348630471206355	No data	No data	No data	No data	No data	No data	No data	No data	No data	No data	No data	No data	No data	No data	No data	No data	No data	No data	No data	0	0	0	0	1	0.343065	No data	0.3789299503585217	-0.2088763007696509	0	No data	No data	0	-1	-1
MED31	0.04463400895083865	No data	0.07341955552538605	No data	No data	No data	No data	No data	No data	No data	No data	No data	No data	No data	No data	No data	No data	No data	No data	No data	No data	No data	0	0	0	0	0	0.8854950000000003	No data	-0.28769994484280204	-0.6340498118375512	-1	No data	No data	No data	-1	-1
SNORC	0.04444585483959514	No data	0.07311005629951577	No data	No data	No data	No data	No data	No data	No data	No data	No data	No data	No data	No data	No data	No data	No data	No data	No data	No data	No data	0	0	0	0	0	0.049584999999999727	No data	0.9950358521787093	No data	0	No data	No data	No data	0.75	0
THYN1	0.04432065791934538	No data	0.0729041168722954	No data	No data	No data	No data	No data	No data	No data	No data	No data	No data	No data	No data	No data	No data	No data	No data	No data	No data	No data	0	0	0	0	0	0.11111000000000004	No data	0.5629343629343628	No data	0	No data	No data	No data	-1	-1
WDR82	0.044190403459859494	No data	0.07079007443452992	No data	No data	No data	No data	No data	No data	No data	No data	No data	No data	No data	No data	No data	No data	No data	0.037995674850726316	No data	No data	No data	0	0	0	0	0	1	No data	-0.752895752895753	No data	-1	No data	No data	No data	-1	-1
HAPLN4	0.044118875981522226	No data	0.0705204344645655	No data	No data	No data	No data	No data	No data	No data	No data	No data	No data	No data	No data	No data	No data	No data	0.04103532883878443	No data	No data	No data	0	1	0	0	0	0.5398000000000003	No data	0.20783232211803648	No data	0	No data	No data	0	0.75	0.5
WDR55	0.044090298547718905	No data	0.07252519319787144	No data	No data	No data	No data	No data	No data	No data	No data	No data	No data	No data	No data	No data	No data	No data	No data	No data	No data	No data	0	0	0	0	0	0.4255850000000002	No data	0.48097076668505245	No data	-1	No data	No data	0	-1	-1
TRMT61A	0.0438835143721829	No data	0.07218504893087857	No data	No data	No data	No data	No data	No data	No data	No data	No data	No data	No data	No data	No data	No data	No data	No data	No data	No data	No data	0	0	0	0	0	0.5674750000000003	No data	0.36668505239933813	No data	0	No data	No data	0	-1	-1
TMX2	0.04386465055916223	No data	0.0721540193908474	No data	No data	No data	No data	No data	No data	No data	No data	No data	No data	No data	No data	No data	No data	No data	No data	No data	No data	No data	0	0	0	0	0	0.6283799999999999	No data	-0.17760617760617758	-0.4025292816482848	0	255	No data	No data	-1	-1
RUFY4	0.04376453298053297	No data	0.07198933357624054	No data	No data	No data	No data	No data	No data	No data	No data	No data	No data	No data	No data	No data	No data	No data	No data	No data	No data	No data	0	0	0	0	0	0	No data	0.6189740761169333	-0.05373224667943238	No data	No data	No data	0	0.5	0.5
IL21	0.043110525925478316	No data	0.07091354163145991	No data	No data	No data	No data	No data	No data	No data	No data	No data	No data	No data	No data	No data	No data	No data	No data	No data	No data	0.2	0	1	0	0	0	0	No data	-0.7394373965802536	-0.10737097838956267	0	No data	No data	No data	1	1
NR2F1	0.04301228949328105	No data	0.0707519501598924	No data	No data	No data	No data	No data	No data	No data	No data	No data	No data	No data	No data	No data	No data	No data	No data	No data	No data	No data	0	0	0	0	0	0.9408999999999998	No data	-0.9858797573083288	-0.8686191120754583	0	No data	No data	-0.63948	-1	0
LRRC57	0.04284687946739155	No data	0.06657897394272594	No data	No data	No data	No data	No data	No data	No data	No data	No data	No data	No data	No data	No data	No data	No data	0.07801778569349137	No data	No data	No data	0	0	0	0	0	0.7698749999999996	No data	-0.0424710424710425	No data	0	No data	No data	No data	-1	-1
TUFM	0.042727758853897665	No data	0.07028391886340073	No data	No data	No data	No data	No data	No data	No data	No data	No data	No data	No data	No data	No data	No data	No data	No data	No data	No data	No data	0	0	0	1	0	0.64835	No data	-0.43232211803640375	0	0	No data	No data	0	-1	-1
MAPK12	0.042584041018385206	No data	0.07004751393692377	No data	No data	No data	No data	No data	No data	No data	No data	No data	No data	No data	No data	No data	No data	No data	No data	No data	No data	No data	0	0	1	1	0	0.6321550000000002	1	0.5937120794263651	No data	0	No data	No data	-0.12125249999999994	0.75	-1
MRTFB	0.04251837152754245	No data	0.06993949261097557	No data	No data	No data	No data	No data	No data	No data	No data	No data	No data	No data	No data	No data	No data	No data	No data	No data	No data	No data	0	0	0	0	0	0.19017499999999998	No data	-0.8448979591836735	-0.9712906387802467	0	No data	No data	0	-1	-1
NEU2	0.04248560312629749	No data	0.06988559107913395	No data	No data	No data	No data	No data	No data	No data	No data	No data	No data	No data	No data	No data	No data	No data	No data	No data	No data	No data	0	0	1	1	0	0	No data	0.9097628240485383	-0.8318293047940514	0	No data	No data	0	1	1
AMBRA1	0.0424638029978559	No data	0.0698497315231989	No data	No data	No data	No data	No data	No data	No data	No data	No data	No data	No data	No data	No data	No data	No data	No data	No data	No data	No data	0	0	0	0	0	0.7919899999999999	No data	-0.6998345284059571	-0.842668165033997	0	No data	No data	No data	-1	-1
TXNDC17	0.042461814909850994	No data	0.06984646126939252	No data	No data	No data	No data	No data	No data	No data	No data	No data	No data	No data	No data	No data	No data	No data	No data	No data	No data	No data	0	0	0	0	0	0.024389999999999645	No data	0.5891891891891892	No data	0	No data	No data	No data	0.5	-1
TMEM169	0.04205389064210779	No data	0.06917545682390988	No data	No data	No data	No data	No data	No data	No data	No data	No data	No data	No data	No data	No data	No data	No data	No data	No data	No data	No data	0	0	0	0	0	0.3939399999999999	No data	-0.07832322118036406	No data	0	No data	No data	No data	0.5	0.5
CHADL	0.041894135930500384	No data	0.06891267245398647	No data	No data	No data	No data	No data	No data	No data	No data	No data	No data	No data	No data	No data	No data	No data	No data	No data	No data	No data	0	1	0	0	0	0.03543499999999966	No data	0.6186431329288473	No data	0	No data	No data	0	1	0
ANKRD44	0.041635134308383115	No data	0.0684866344524001	No data	No data	No data	No data	No data	No data	No data	No data	No data	No data	No data	No data	No data	No data	No data	No data	No data	No data	No data	0	0	0	0	0	0.7885199999999998	No data	-0.8324324324324324	0	0	No data	No data	-0.20946500000000015	0.5	-1
C17orf100	0.041459137731612826	No data	0.06819713344757894	No data	No data	No data	No data	No data	No data	No data	No data	No data	No data	No data	No data	No data	No data	No data	No data	No data	No data	No data	0	0	0	0	0	0	No data	0.9384445670159955	0	No data	No data	No data	No data	-1	0
DNAJC24	0.04127367762035474	No data	0.06789206564712089	No data	No data	No data	No data	No data	No data	No data	No data	No data	No data	No data	No data	No data	No data	No data	No data	No data	No data	No data	0	0	0	0	0	0.1610750000000003	No data	0.69288472145615	-0.11714988940104198	0	No data	No data	0	-1	-1
ESRRA	0.041226639513230384	No data	0.0678146915326507	No data	No data	No data	No data	No data	No data	No data	No data	No data	No data	No data	No data	No data	No data	No data	No data	No data	No data	No data	0	0	1	1	0	0.905435	No data	-0.7322669608383894	-0.7036362242346994	0	255	No data	-0.00709250000000008	0.5	-1
MLH1	0.04117758916365794	No data	0.0671260766345376	No data	No data	No data	No data	No data	No data	No data	No data	No data	No data	No data	No data	No data	No data	No data	0.012158615952232422	No data	No data	No data	0	0	0	0	0	0.4378300000000003	No data	-0.5200220628792057	-0.7833923999764403	0	No data	255	0	-1	-1
FNDC4	0.04095926157947944	No data	0.06676694433685462	No data	No data	No data	No data	No data	No data	No data	No data	No data	No data	No data	No data	No data	No data	No data	0.012158615952232422	No data	No data	No data	0	0	0	0	0	0.7222200000000001	No data	-0.4396028681742967	-0.19813303277206457	0	No data	No data	0	0.5	0
STK40	0.040819553023569585	No data	0.06714506516849852	No data	No data	No data	No data	No data	No data	No data	No data	No data	No data	No data	No data	No data	No data	No data	No data	No data	No data	No data	0	0	0	0	0	0.8620699999999999	No data	-0.7763927192498621	-0.6792825759316878	0	No data	No data	0	-1	-1
RRAGC	0.040628918927046655	No data	0.06683148655515656	No data	No data	No data	No data	No data	No data	No data	No data	No data	No data	No data	No data	No data	No data	No data	No data	No data	No data	No data	0	0	0	0	0	0.9373449999999999	No data	-0.6373965802537231	-0.7565781964699633	0	No data	No data	-0.4360900000000001	-1	-1
TLR9	0.040601570325849	No data	0.06678650018285053	No data	No data	No data	No data	No data	No data	No data	No data	No data	No data	No data	No data	No data	No data	No data	No data	No data	No data	1	0	0	1	1	0	0	0	0.2581356867071152	-0.4901107228622764	0	No data	No data	0	0.5	0.5
SUFU	0.04043397615918622	No data	0.06651082050463518	No data	No data	No data	No data	No data	No data	No data	No data	No data	No data	No data	No data	No data	No data	No data	No data	No data	No data	No data	0	0	0	0	1	0.886365	No data	-0.9476006618863761	-0.9622784136077955	0	No data	255	No data	-1	-1
FAM98B	0.04041634761564297	No data	0.06648182288909651	No data	No data	No data	No data	No data	No data	No data	No data	No data	No data	No data	No data	No data	No data	No data	No data	No data	No data	No data	0	0	0	0	0	0.45727499999999993	No data	0.491891891891892	No data	0	No data	No data	0	-1	-1
RUNX1T1	0.04030357741187284	No data	0.066296324466886	No data	No data	No data	No data	No data	No data	No data	No data	No data	No data	No data	No data	No data	No data	No data	No data	No data	No data	No data	0	0	0	0	1	0.9503300000000003	No data	-0.9644787644787645	-0.814194381975033	0	No data	255	-0.2798024999999999	0.5	0
RPS13	0.04020988394586884	No data	0.06614220582974492	No data	No data	No data	No data	No data	No data	No data	No data	No data	No data	No data	No data	No data	No data	No data	No data	No data	No data	1	0	0	1	1	0	1	No data	-0.9324875896304468	No data	-1	No data	No data	No data	-1	-1
ANKRD23	0.039928434567534615	No data	0.0656792429737094	No data	No data	No data	No data	No data	No data	No data	No data	No data	No data	No data	No data	No data	No data	No data	No data	No data	No data	No data	0	0	0	0	0	0.11475500000000025	No data	0.778157749586321	No data	0	No data	No data	No data	0.75	0
COL2A1	0.03979767785423697	No data	0.06546415810909759	No data	No data	No data	No data	No data	No data	No data	No data	No data	No data	No data	No data	No data	No data	No data	No data	No data	No data	1	0	1	0	1	0	0.7612650000000002	No data	-0.9663541092112521	-0.9534344772656885	0	No data	No data	-0.26361750000000017	0.75	0.5
ADIPOR2	0.03945920981055755	No data	0.06490740387817334	No data	No data	No data	No data	No data	No data	No data	No data	No data	No data	No data	No data	No data	No data	No data	No data	No data	No data	No data	1	0	0	1	0	0.6373049999999999	No data	-0.5243243243243243	-0.7285250717151526	0	No data	No data	-0.18393750000000003	0.5	-1
MARK2	0.03927481727503368	No data	0.060838903852916196	No data	No data	No data	No data	No data	No data	No data	No data	No data	No data	No data	No data	No data	No data	No data	0.07530376611635121	No data	No data	No data	1	0	1	1	0	0.8413699999999998	No data	-0.8977385548814121	-0.9004318810833447	0	No data	No data	-0.11484750000000013	-1	-1
C1orf162	0.03913192720953638	No data	0.06436904885107657	No data	No data	No data	No data	No data	No data	No data	No data	No data	No data	No data	No data	No data	No data	No data	No data	No data	No data	No data	0	0	0	0	0	0	No data	0.6350799779371208	No data	0	No data	No data	No data	0.5	-1
DCTN5	0.039013465317091926	No data	0.06311030913736404	No data	No data	No data	No data	No data	No data	No data	No data	No data	No data	No data	No data	No data	No data	No data	0.021277577916406734	No data	No data	No data	0	0	0	0	0	0.9725250000000003	No data	-0.12101489244346386	-0.8210724840475869	-1	No data	No data	No data	-1	-1
ATP11A	0.03898373204563615	No data	0.06412527905937915	No data	No data	No data	No data	No data	No data	No data	No data	No data	No data	No data	No data	No data	No data	No data	No data	No data	No data	No data	0	0	0	0	0	0.5987650000000002	No data	-0.573303916161059	-0.9662352540183994	0	No data	No data	-0.07407500000000003	-1	-1
TXNL4B	0.03876350311136431	No data	0.06376301918516805	No data	No data	No data	No data	No data	No data	No data	No data	No data	No data	No data	No data	No data	No data	No data	No data	No data	No data	No data	0	0	0	0	0	0.8657699999999998	No data	0.7081081081081082	No data	-1	No data	No data	0	-1	-1
DNAH6	0.03868173817338974	No data	0.06362852207086524	No data	No data	No data	No data	No data	No data	No data	No data	No data	No data	No data	No data	No data	No data	No data	No data	No data	No data	No data	1	0	0	0	0	0.41799000000000036	No data	-0.36723662437948157	0	0	No data	No data	0	0.5	0.5
SPIRE1	0.03860649096991325	No data	0.06350474613489997	No data	No data	No data	No data	No data	No data	No data	No data	No data	No data	No data	No data	No data	No data	No data	No data	No data	No data	No data	1	0	0	0	0	0.4444450000000003	No data	-0.5507997793712079	0	0	No data	No data	0	-1	-1
SMCHD1	0.03851058086839132	No data	0.06334698130064789	No data	No data	No data	No data	No data	No data	No data	No data	No data	No data	No data	No data	No data	No data	No data	No data	No data	No data	No data	0	0	0	0	0	0.33416500000000016	No data	-0.8518477661334805	-0.7940735438427465	0	No data	No data	No data	-1	-1
THRAP3	0.0384463789807177	No data	0.06324137407047326	No data	No data	No data	No data	No data	No data	No data	No data	No data	No data	No data	No data	No data	No data	No data	No data	No data	No data	No data	0	0	0	1	0	0.65445	No data	-0.9277440706012134	No data	0	No data	No data	0	-1	-1
TSSK1B	0.03831354812989969	No data	0.06302287740713615	No data	No data	No data	No data	No data	No data	No data	No data	No data	No data	No data	No data	No data	No data	No data	No data	No data	No data	No data	0	0	1	1	0	0.2234349999999999	No data	0.6578047435190293	No data	0	No data	No data	-0.162125	1	1
TENT2	0.03831147468077547	No data	0.06301946674077022	No data	No data	No data	No data	No data	No data	No data	No data	No data	No data	No data	No data	No data	No data	No data	No data	No data	No data	No data	0	0	0	0	0	0.6384300000000003	No data	-0.15079977937120792	-0.23854192428212156	0	No data	No data	0	-1	-1
ANP32E	0.03818516776002066	No data	0.06281170144700482	No data	No data	No data	No data	No data	No data	No data	No data	No data	No data	No data	No data	No data	No data	No data	No data	No data	No data	No data	0	0	0	0	0	0.5335799999999999	No data	-0.3482625482625482	No data	0	No data	No data	-0.020522500000000044	-1	-1
CILP2	0.03802259475468329	No data	0.06254428119789741	No data	No data	No data	No data	No data	No data	No data	No data	No data	No data	No data	No data	No data	No data	No data	No data	No data	No data	No data	0	1	0	0	0	0	No data	0.54142305570877	No data	0	No data	No data	0	0.5	0.5
SIPA1L1	0.037873769708329987	No data	0.062299475297393624	No data	No data	No data	No data	No data	No data	No data	No data	No data	No data	No data	No data	No data	No data	No data	No data	No data	No data	No data	1	0	0	0	0	0.7896799999999999	No data	-0.939327082184225	-0.30855940329422515	0	No data	No data	0	-1	-1
PALB2	0.03771331043950564	No data	0.058168416632873636	No data	No data	No data	No data	No data	No data	No data	No data	No data	No data	No data	No data	No data	No data	No data	0.07734230702947845	No data	No data	No data	0	0	0	0	1	0	No data	-0.11902923331494764	-0.888002481402976	0	No data	No data	No data	-1	-1
DCHS2	0.03766594360701672	No data	0.0619576171416138	No data	No data	No data	No data	No data	No data	No data	No data	No data	No data	No data	No data	No data	No data	No data	No data	No data	No data	No data	1	0	0	0	0	0	No data	-0.10159955874241589	No data	0	No data	No data	0	0.5	0.5
TLR2	0.037540825959159446	No data	0.05407298086118429	No data	No data	No data	No data	No data	No data	No data	No data	No data	No data	No data	No data	No data	No data	No data	0.1535765450055075	No data	No data	0.2	1	0	1	1	1	0	No data	0.6321014892443464	-0.9713824686539504	0	No data	No data	0	0.5	-1
PECR	0.03735549898395722	No data	0.06144695930970407	No data	No data	No data	No data	No data	No data	No data	No data	No data	No data	No data	No data	No data	No data	No data	No data	No data	No data	No data	0	0	0	0	1	0	No data	0.8143408714837286	No data	0	No data	No data	No data	1	0
LEPROTL1	0.03731987035418512	No data	0.06138835291912133	No data	No data	No data	No data	No data	No data	No data	No data	No data	No data	No data	No data	No data	No data	No data	No data	No data	No data	No data	0	0	0	0	0	0.9236649999999997	No data	0.826365140650855	-0.8303922066712873	0	No data	No data	-0.1984725000000001	-1	-1
CCK	0.037278928454545474	No data	0.05763403813727414	No data	No data	No data	No data	No data	No data	No data	No data	No data	No data	No data	No data	No data	No data	No data	0.07373936931570817	No data	No data	No data	0	1	0	0	0	0.043480000000000275	No data	0.7667953667953669	0	0	255	No data	No data	0.75	0.5
KCNS1	0.03725923229324328	No data	0.061288607913308056	No data	No data	No data	No data	No data	No data	No data	No data	No data	No data	No data	No data	No data	No data	No data	No data	No data	No data	1	1	0	0	0	0	0.23004000000000033	No data	0.5248758963044677	No data	0	No data	No data	0	1	0.5
CUL1	0.03700664185720185	No data	0.06087311582599519	No data	No data	No data	No data	No data	No data	No data	No data	No data	No data	No data	No data	No data	No data	No data	No data	No data	No data	No data	0	0	0	0	1	0.993555	No data	-0.8914506343077772	No data	-1	No data	No data	0	-1	-1
PLET1	0.03662370086157569	No data	0.06024320696608774	No data	No data	No data	No data	No data	No data	No data	No data	No data	No data	No data	No data	No data	No data	No data	No data	No data	No data	No data	1	0	0	0	0	0	No data	0.641919470490899	-0.15502371573125923	No data	No data	No data	No data	No data	No data
TRMT112	0.03625681877072044	No data	0.059639713785126	No data	No data	No data	No data	No data	No data	No data	No data	No data	No data	No data	No data	No data	No data	No data	No data	No data	No data	No data	0	0	0	0	0	0.039999999999999855	No data	0.27170435741864307	No data	-1	No data	No data	No data	-1	-1
WFDC5	0.036226937636672576	No data	0.05959056158858446	No data	No data	No data	No data	No data	No data	No data	No data	No data	No data	No data	No data	No data	No data	No data	No data	No data	No data	No data	0	1	0	0	0	0	No data	0.6576944291230005	No data	0	No data	No data	0	1	0.5
ADGRB1	0.036211376400842266	No data	0.05895703373964487	No data	No data	No data	No data	No data	No data	No data	No data	No data	No data	No data	No data	No data	No data	No data	0.012158615952232422	No data	No data	No data	1	1	0	0	0	0.7032850000000004	No data	-0.82426916712631	-0.17665677748815223	0	No data	No data	0	1	0
LRRC69	0.03615050562697894	No data	0.059464836736357995	No data	No data	No data	No data	No data	No data	No data	No data	No data	No data	No data	No data	No data	No data	No data	No data	No data	No data	No data	1	0	0	0	0	0	No data	0.6847214561500277	No data	No data	No data	No data	0	0.5	0.5
LRTM2	0.03614208250915114	No data	0.05945098134712472	No data	No data	No data	No data	No data	No data	No data	No data	No data	No data	No data	No data	No data	No data	No data	No data	No data	No data	No data	0	0	0	0	0	0.6081099999999999	No data	0.11770546056260334	-0.26147697585218926	0	No data	No data	0	1	1
CPPED1	0.03600517900972568	No data	0.059225785486077195	No data	No data	No data	No data	No data	No data	No data	No data	No data	No data	No data	No data	No data	No data	No data	No data	No data	No data	No data	1	0	0	0	0	0	No data	0.49795918367346936	No data	0	No data	No data	No data	-1	-1
MAFK	0.03586291435969044	No data	0.058991770939365376	No data	No data	No data	No data	No data	No data	No data	No data	No data	No data	No data	No data	No data	No data	No data	No data	No data	No data	No data	0	0	1	1	0	0.9038449999999998	No data	0.008825151682294585	No data	0	255	No data	-0.4070525	-1	-1
PI3	0.03562943037679871	No data	0.0586077075166715	No data	No data	No data	No data	No data	No data	No data	No data	No data	No data	No data	No data	No data	No data	No data	No data	No data	No data	No data	1	1	0	0	0	No data	No data	0.6428019856591285	No data	0	No data	No data	0	0.5	0
BEND4	0.035369275155755234	No data	0.05817977193244786	No data	No data	No data	No data	No data	No data	No data	No data	No data	No data	No data	No data	No data	No data	No data	No data	No data	No data	No data	0	0	0	0	0	0.4943800000000003	No data	-0.35774958632101495	No data	0	No data	No data	No data	0.5	0.5
SLC39A12	0.03536218666438225	No data	0.05816811190239044	No data	No data	No data	No data	No data	No data	No data	No data	No data	No data	No data	No data	No data	No data	No data	No data	No data	No data	No data	0	0	0	0	0	0	No data	0.24842801985659135	No data	0	No data	No data	0	1	0.5
LSM10	0.03535230412612057	No data	0.05815185587736176	No data	No data	No data	No data	No data	No data	No data	No data	No data	No data	No data	No data	No data	No data	No data	No data	No data	No data	No data	0	0	0	0	0	0.4308950000000003	No data	0.7364589078874793	No data	-1	No data	No data	No data	-1	-1
ALG14	0.03522291112554374	No data	0.05793901421662475	No data	No data	No data	No data	No data	No data	No data	No data	No data	No data	No data	No data	No data	No data	No data	No data	No data	No data	No data	0	0	0	0	0	0	No data	0.157749586321015	-0.4870861386104308	-1	No data	No data	No data	-1	0
ZDHHC24	0.03516560903221678	No data	0.05784475662422758	No data	No data	No data	No data	No data	No data	No data	No data	No data	No data	No data	No data	No data	No data	No data	No data	No data	No data	No data	0	0	0	0	0	0.3661949999999997	No data	0.6872586872586872	No data	0	No data	No data	No data	-1	-1
SNX29	0.03501967500175991	No data	0.0568447927283351	No data	No data	No data	No data	No data	No data	No data	No data	No data	No data	No data	No data	No data	No data	No data	0.015198269940290528	No data	No data	No data	0	0	0	0	0	0.3726950000000002	No data	-0.03883066740209595	-0.39195967452801656	0	No data	No data	0	-1	-1
OTUD7B	0.034940494397678955	No data	0.05747446014406532	No data	No data	No data	No data	No data	No data	No data	No data	No data	No data	No data	No data	No data	No data	No data	No data	No data	No data	No data	0	0	0	0	0	0.5373649999999998	No data	-0.6587975730832873	-0.4680346107827865	0	No data	No data	-0.003557499999999969	-1	-1
STAC	0.03484944267321597	No data	0.05732468697116357	No data	No data	No data	No data	No data	No data	No data	No data	No data	No data	No data	No data	No data	No data	No data	No data	No data	No data	No data	1	0	0	0	0	0.15422999999999973	No data	0.36216216216216224	No data	0	No data	No data	0	0.5	0
CCDC87	0.03441681578633625	No data	0.05661304859294785	No data	No data	No data	No data	No data	No data	No data	No data	No data	No data	No data	No data	No data	No data	No data	No data	No data	No data	No data	0	0	0	0	0	0	No data	No data	0	0	No data	No data	No data	1	0.5
CFAP58	0.03425536173065354	No data	0.05634746893105704	No data	No data	No data	No data	No data	No data	No data	No data	No data	No data	No data	No data	No data	No data	No data	No data	No data	No data	No data	0	0	0	0	0	0.3348649999999999	No data	-0.11770546056260345	0	0	No data	No data	0	0.5	0.5
HP	0.03419019041625822	No data	0.046440285477530735	No data	No data	No data	No data	No data	No data	No data	No data	No data	No data	No data	No data	No data	No data	No data	0.1959996318001207	No data	No data	No data	0	1	0	0	0	0	No data	0.0806398234969663	-0.7707765464650137	0	No data	No data	-0.45197000000000004	1	0
NKX6-2	0.03382065097539182	No data	0.05563240274758751	No data	No data	No data	No data	No data	No data	No data	No data	No data	No data	No data	No data	No data	No data	No data	No data	No data	No data	No data	0	0	0	0	0	0.8375450000000001	No data	0.7822393822393823	-0.19187701174133848	0	No data	No data	-0.17869999999999991	1	0.5
GJA9	0.03354391848729637	No data	0.05517719881782668	No data	No data	No data	No data	No data	No data	No data	No data	No data	No data	No data	No data	No data	No data	No data	No data	No data	No data	No data	1	0	0	0	0	No data	No data	0.8914506343077773	No data	0	No data	No data	0	No data	No data
GK2	0.03350216588560888	No data	0.05510851895845531	No data	No data	No data	No data	No data	No data	No data	No data	No data	No data	No data	No data	No data	No data	No data	No data	No data	No data	No data	0	0	0	0	0	0.23146500000000003	No data	0.6180915609487039	0	0	No data	No data	-0.71067	1	1
ACAD8	0.03348385730230609	No data	0.055078402729149746	No data	No data	No data	No data	No data	No data	No data	No data	No data	No data	No data	No data	No data	No data	No data	No data	No data	No data	No data	0	0	0	0	1	0.44578500000000004	No data	0.2493105350248208	-0.8103400134129798	0	No data	No data	0	-1	-1
DGKZ	0.03325068101374192	No data	0.054694845440260535	No data	No data	No data	No data	No data	No data	No data	No data	No data	No data	No data	No data	No data	No data	No data	No data	No data	No data	No data	0	0	0	1	0	0.6012949999999997	No data	-0.7387755102040816	-0.2447758709530498	0	No data	No data	-0.07058250000000008	0.5	-1
TMEM131L	0.03324816148392961	No data	0.054690701005034995	No data	No data	No data	No data	No data	No data	No data	No data	No data	No data	No data	No data	No data	No data	No data	No data	No data	No data	No data	0	0	0	0	0	0	No data	-0.7908439051296194	-0.21227635348345625	0	No data	No data	0	0.5	0
G3BP2	0.033144308172288584	No data	0.053000043199260535	No data	No data	No data	No data	No data	No data	No data	No data	No data	No data	No data	No data	No data	No data	No data	0.030396539880581056	No data	No data	No data	0	0	0	0	0	0.9170099999999998	No data	0.11571980143408722	No data	0	No data	No data	-0.11825749999999999	-1	-1
BCO2	0.03298405418074066	No data	0.054256264545775895	No data	No data	No data	No data	No data	No data	No data	No data	No data	No data	No data	No data	No data	No data	No data	No data	No data	No data	No data	0	0	0	0	0	0	No data	0.14373965802537225	-0.8315504812046454	0	No data	No data	0	0.5	0
RWDD2A	0.032981903631250586	No data	0.054252727055162625	No data	No data	No data	No data	No data	No data	No data	No data	No data	No data	No data	No data	No data	No data	No data	No data	No data	No data	No data	0	0	0	0	0	0.657535	No data	0.03585217870932156	-0.11836215862585653	0	No data	No data	0	-1	0
MAPK3	0.03292046571331774	No data	0.05220143795955955	No data	No data	No data	No data	No data	No data	No data	No data	No data	No data	No data	No data	No data	No data	No data	0.039004567715504174	No data	No data	0.2	0	0	1	1	0	0.85488	1	-0.0578047435190292	-0.7405244628711832	0	255	No data	-0.5580475	-1	-1
PHF7	0.032902317659758075	No data	0.052601987181238055	No data	No data	No data	No data	No data	No data	No data	No data	No data	No data	No data	No data	No data	No data	No data	0.030396539880581056	No data	No data	No data	0	0	0	0	0	0	No data	-0.46155543298400437	0	0	No data	No data	0	1	0
DTD1	0.03271618823471695	No data	0.05381564540445903	No data	No data	No data	No data	No data	No data	No data	No data	No data	No data	No data	No data	No data	No data	No data	No data	No data	No data	No data	0	0	0	0	0	0.7607649999999999	No data	-0.2722559293987865	No data	0	No data	No data	0	-1	-1
DCTN6	0.032607798888266724	No data	0.053637353159887685	No data	No data	No data	No data	No data	No data	No data	No data	No data	No data	No data	No data	No data	No data	No data	No data	No data	No data	No data	0	0	0	0	0	0.8157899999999998	No data	-0.6023166023166023	No data	-1	No data	No data	No data	-1	-1
PRDX5	0.032427727481285175	No data	0.052733218571171886	No data	No data	No data	No data	No data	No data	No data	No data	No data	No data	No data	No data	No data	No data	No data	0.012158615952232422	No data	No data	No data	0	0	0	0	1	0	No data	0.43673469387755093	-0.8380953812208477	0	No data	No data	No data	0.5	-1
HARS1	0.03240716095869704	No data	0.05269938820319426	No data	No data	No data	No data	No data	No data	No data	No data	No data	No data	No data	No data	No data	No data	No data	0.012158615952232422	No data	No data	No data	0	0	0	1	0	0.7445950000000003	No data	-0.020628792057363454	0	-1	No data	No data	-0.2976424999999999	-1	-1
AKTIP	0.03240121396516427	No data	0.053297536648018146	No data	No data	No data	No data	No data	No data	No data	No data	No data	No data	No data	No data	No data	No data	No data	No data	No data	No data	No data	1	0	0	0	0	0.8116450000000001	No data	-0.5534473248758963	-0.8413597165822486	0	No data	No data	0	-1	-1
ADRM1	0.03235080650321305	No data	0.05321462020070332	No data	No data	No data	No data	No data	No data	No data	No data	No data	No data	No data	No data	No data	No data	No data	No data	No data	No data	1	1	0	1	0	0	0.10319500000000019	No data	-0.963265306122449	-0.6556649175699183	0	No data	No data	No data	0.5	-1
USP47	0.03234101234736479	No data	0.05319850955803356	No data	No data	No data	No data	No data	No data	No data	No data	No data	No data	No data	No data	No data	No data	No data	No data	No data	No data	No data	0	0	1	1	0	0.7527700000000003	No data	-0.8731384445670161	-0.1250770947412433	0	No data	No data	0	-1	-1
RPS19BP1	0.0321743048349092	No data	0.05292428835866262	No data	No data	No data	No data	No data	No data	No data	No data	No data	No data	No data	No data	No data	No data	No data	No data	No data	No data	No data	0	0	0	0	0	0	No data	0.4743519029233314	0	-1	No data	No data	No data	-1	-1
IQCH	0.03188106736135475	No data	0.05244193498109647	No data	No data	No data	No data	No data	No data	No data	No data	No data	No data	No data	No data	No data	No data	No data	No data	No data	No data	No data	0	0	0	0	0	0	No data	-0.18599007170435744	-0.2373462466867854	0	No data	No data	No data	0.5	0
PSMG3	0.031813037250060856	No data	0.05233003061375538	No data	No data	No data	No data	No data	No data	No data	No data	No data	No data	No data	No data	No data	No data	No data	No data	No data	No data	No data	No data	No data	0	1	0	0.5901649999999996	No data	0.17076668505239945	No data	-1	No data	No data	No data	-1	-1
TMEM243	0.031726961551848995	No data	0.052188442626191614	No data	No data	No data	No data	No data	No data	No data	No data	No data	No data	No data	No data	No data	No data	No data	No data	No data	No data	No data	0	0	0	0	0	0.87288	No data	0.9313844456701599	No data	0	No data	No data	No data	-1	-1
APOBR	0.03168310115771955	No data	0.052116295608304455	No data	No data	No data	No data	No data	No data	No data	No data	No data	No data	No data	No data	No data	No data	No data	No data	No data	No data	No data	1	0	0	0	0	0	No data	0.037617209045780475	No data	0	No data	No data	No data	0.75	0
ENOPH1	0.03151466990137051	No data	0.05183923898111801	No data	No data	No data	No data	No data	No data	No data	No data	No data	No data	No data	No data	No data	No data	No data	No data	No data	No data	No data	0	0	0	0	0	0.6551699999999997	No data	-0.39260893546607833	No data	0	No data	No data	No data	0.5	-1
SNX8	0.031510336777437815	No data	0.05183211132127627	No data	No data	No data	No data	No data	No data	No data	No data	No data	No data	No data	No data	No data	No data	No data	No data	No data	No data	No data	0	0	0	0	0	0.032260000000000136	No data	-0.37749586321014894	-0.6921758714131812	0	No data	No data	0	-1	-1
RNGTT	0.031453377864111266	No data	0.05173841823392106	No data	No data	No data	No data	No data	No data	No data	No data	No data	No data	No data	No data	No data	No data	No data	No data	No data	No data	No data	0	0	0	0	1	0.7487450000000002	No data	-0.6187534473248759	No data	-1	No data	No data	0	-1	-1
MICAL2	0.03136560185118558	No data	0.051594033357763226	No data	No data	No data	No data	No data	No data	No data	No data	No data	No data	No data	No data	No data	No data	No data	No data	No data	No data	No data	1	0	0	0	0	0.3193950000000001	No data	-0.41742967457253166	-0.6147142416924686	0	No data	No data	0	0.5	0
TCF7	0.03136560185118558	No data	0.051594033357763226	No data	No data	No data	No data	No data	No data	No data	No data	No data	No data	No data	No data	No data	No data	No data	No data	No data	No data	No data	0	0	0	1	0	0.6744799999999997	No data	-0.5392167677881964	0	0	255	No data	0	1	0
VEGFB	0.030831133854421055	No data	0.050714874086898364	No data	No data	No data	No data	No data	No data	No data	No data	No data	No data	No data	No data	No data	No data	No data	No data	No data	No data	1	0	1	0	0	0	0	No data	0.7135135135135136	-0.924331315711149	0	255	No data	0	-1	-1
BTBD18	0.030797276123676862	No data	0.05065918069074668	No data	No data	No data	No data	No data	No data	No data	No data	No data	No data	No data	No data	No data	No data	No data	No data	No data	No data	No data	1	0	0	0	0	0	No data	-0.7527854384997242	-0.8082900443865922	0	No data	No data	0	1	1
RFXANK	0.03077274196945161	No data	0.05001089307238894	No data	No data	No data	No data	No data	No data	No data	No data	No data	No data	No data	No data	No data	No data	No data	0.012158615952232422	No data	No data	No data	0	0	0	0	0	0.25	No data	-0.2689464975179261	-0.05373224667943238	0	No data	No data	0	-1	-1
CXCR2	0.03063950347719227	No data	0.04954445840258252	No data	No data	No data	No data	No data	No data	No data	No data	No data	No data	No data	No data	No data	No data	No data	0.012158615952232422	0.011127036026331234	No data	0.7	1	0	1	1	0	0	No data	0.3233314947600663	-0.9000153174724181	0	No data	No data	-0.368055	0.5	0
PPFIA1	0.030452612094198687	No data	0.050092234533663904	No data	No data	No data	No data	No data	No data	No data	No data	No data	No data	No data	No data	No data	No data	No data	No data	No data	No data	No data	0	0	0	0	0	0.7920149999999999	No data	-0.9409817981246553	0	0	No data	No data	-0.24084749999999994	-1	-1
CHST12	0.03037858374845359	No data	0.04997046352611513	No data	No data	No data	No data	No data	No data	No data	No data	No data	No data	No data	No data	No data	No data	No data	No data	No data	No data	No data	0	0	0	0	0	0.19082000000000007	No data	0.2702702702702702	-0.036946524187973784	0	No data	No data	0	-1	0
HNRNPDL	0.03037123017217843	No data	0.04995836745152235	No data	No data	No data	No data	No data	No data	No data	No data	No data	No data	No data	No data	No data	No data	No data	No data	No data	No data	No data	0	0	0	0	0	No data	No data	-0.6018753447324876	0	0	No data	No data	0	-1	-1
TMEM184A	0.030358856622443624	No data	0.049938013901770606	No data	No data	No data	No data	No data	No data	No data	No data	No data	No data	No data	No data	No data	No data	No data	No data	No data	No data	No data	0	0	0	0	0	0.16465000000000032	No data	0.5573083287369001	No data	0	No data	No data	-0.031477499999999915	0.5	0
GAS2L2	0.03024492325142362	No data	0.04975060215775695	No data	No data	No data	No data	No data	No data	No data	No data	No data	No data	No data	No data	No data	No data	No data	No data	No data	No data	No data	1	0	0	0	0	0	No data	-0.1471594043022615	-0.7606707663267472	0	No data	No data	0	0.75	0.5
FLRT1	0.030203104563708262	No data	0.049681813591887856	No data	No data	No data	No data	No data	No data	No data	No data	No data	No data	No data	No data	No data	No data	No data	No data	No data	No data	No data	1	1	0	0	0	0.8071199999999997	No data	-0.46122448979591835	0	0	No data	No data	0	0.5	0.5
SH3D21	0.030155808308037567	No data	0.04960401484266096	No data	No data	No data	No data	No data	No data	No data	No data	No data	No data	No data	No data	No data	No data	No data	No data	No data	No data	No data	1	0	0	0	0	0	No data	0.41588527302813016	No data	0	No data	No data	0	0.5	0
SPTBN2	0.030133857420844908	No data	0.04956790730002798	No data	No data	No data	No data	No data	No data	No data	No data	No data	No data	No data	No data	No data	No data	No data	No data	No data	No data	No data	1	0	0	0	0	0.7447699999999997	No data	-0.7378929950358522	-0.3134210954496966	0	No data	No data	-0.05125499999999992	0.5	0
HRH3	0.030050006895945662	No data	0.04851808335718173	No data	No data	No data	No data	No data	No data	No data	No data	No data	No data	No data	No data	No data	No data	No data	0.01823792392834863	No data	No data	1	1	0	1	1	0	0.7078650000000003	0	0.26199669056811925	-0.712041508402021	0	No data	No data	0	1	0.5
LMBR1	0.030030928432446938	No data	0.049398596929830674	No data	No data	No data	No data	No data	No data	No data	No data	No data	No data	No data	No data	No data	No data	No data	No data	No data	No data	No data	0	0	0	0	0	0.8061250000000001	No data	0.5904026475455046	0	0	No data	No data	0	-1	-1
TMEM196	0.030010188434035658	No data	0.04936448120729653	No data	No data	No data	No data	No data	No data	No data	No data	No data	No data	No data	No data	No data	No data	No data	No data	No data	No data	No data	0	0	0	0	0	No data	No data	0.5690016547159404	No data	0	No data	No data	No data	0.5	0.5
RARRES1	0.029910885916416715	No data	0.049201136106161544	No data	No data	No data	No data	No data	No data	No data	No data	No data	No data	No data	No data	No data	No data	No data	No data	No data	No data	No data	0	0	0	0	0	0	No data	0.6649751792608936	-0.4757106365934097	0	No data	No data	0	0.5	0
TMCO4	0.029681270012603712	No data	0.048823435379836945	No data	No data	No data	No data	No data	No data	No data	No data	No data	No data	No data	No data	No data	No data	No data	No data	No data	No data	No data	0	0	0	0	0	0.1009450000000001	No data	0.1553226696083838	No data	0	No data	No data	No data	-1	0
GFM1	0.029600299423176896	No data	0.048082314110966216	No data	No data	No data	No data	No data	No data	No data	No data	No data	No data	No data	No data	No data	No data	No data	0.012158615952232422	No data	No data	No data	0	0	0	0	0	0.5472700000000004	No data	-0.23960286817429677	0	0	No data	No data	0	-1	-1
FMNL2	0.02929104853957455	No data	0.04818155068743079	No data	No data	No data	No data	No data	No data	No data	No data	No data	No data	No data	No data	No data	No data	No data	No data	No data	No data	No data	1	0	0	0	0	0.8122700000000002	No data	-0.6414782129067844	-0.035235434218963135	0	No data	No data	-0.15979750000000018	1	0
GRIFIN	0.029168719679887597	No data	0.047980329002055504	No data	No data	No data	No data	No data	No data	No data	No data	No data	No data	No data	No data	No data	No data	No data	No data	No data	No data	No data	No data	No data	0	0	0	0	No data	0.9218974076116933	No data	No data	No data	No data	0	No data	No data
ST6GAL2	0.028979819144934162	No data	0.04766960196586065	No data	No data	No data	No data	No data	No data	No data	No data	No data	No data	No data	No data	No data	No data	No data	No data	No data	No data	No data	0	0	0	0	0	0	No data	0.015664644236072833	0	0	No data	No data	0	0.75	0
TBC1D1	0.02867058885263666	No data	0.047160941615846504	No data	No data	No data	No data	No data	No data	No data	No data	No data	No data	No data	No data	No data	No data	No data	No data	No data	No data	No data	0	0	0	0	0	0.49682999999999994	No data	-0.18797573083287367	-0.14230555434728037	0	255	No data	0	-1	-1
HACE1	0.028446210266531866	No data	0.04679185587946613	No data	No data	No data	No data	No data	No data	No data	No data	No data	No data	No data	No data	No data	No data	No data	No data	No data	No data	No data	0	0	0	0	0	0.8569850000000002	No data	0.019746276889134107	-0.6653243474978104	0	No data	No data	0	0.5	-1
ZBED4	0.028399283679579536	No data	0.04671466520721085	No data	No data	No data	No data	No data	No data	No data	No data	No data	No data	No data	No data	No data	No data	No data	No data	No data	No data	No data	0	0	0	0	0	0.13748999999999967	No data	-0.3969111969111969	-0.6647051506725221	0	No data	No data	0	-1	-1
RGMA	0.02835930989347538	No data	0.04664891136440308	No data	No data	No data	No data	No data	No data	No data	No data	No data	No data	No data	No data	No data	No data	No data	No data	No data	No data	0.2	0	1	0	0	0	0.61111	No data	-0.17716492002206286	-0.5845842931068723	0	No data	No data	0	0.5	0
OSBPL3	0.028154861407742468	No data	0.046312609129780115	No data	No data	No data	No data	No data	No data	No data	No data	No data	No data	No data	No data	No data	No data	No data	No data	No data	No data	No data	0	0	0	0	0	0.5715899999999998	No data	-0.3891891891891892	0	0	No data	No data	0	-1	0
NUCB2	0.028069532725949604	No data	0.041319357900734564	No data	No data	No data	No data	No data	No data	No data	No data	No data	No data	No data	No data	No data	No data	No data	0.09705784053535532	No data	No data	No data	0	1	0	0	0	0.2976199999999999	No data	0.4586872586872588	-0.5879137193497569	0	No data	No data	-0.017857500000000037	0.5	-1
WFDC3	0.027981639258571358	No data	0.04602767184768872	No data	No data	No data	No data	No data	No data	No data	No data	No data	No data	No data	No data	No data	No data	No data	No data	No data	No data	No data	0	1	0	0	0	0	No data	-0.07148372862658581	No data	0	No data	No data	0	0.75	0.5
BMP2K	0.027941450692876645	No data	0.045961564708763364	No data	No data	No data	No data	No data	No data	No data	No data	No data	No data	No data	No data	No data	No data	No data	No data	No data	No data	No data	0	0	1	1	0	0.11713999999999984	1	-0.33667953667953665	-0.011453818198359778	0	No data	No data	0	-1	-1
SLC27A2	0.02791345775290731	No data	0.04591551844810456	No data	No data	No data	No data	No data	No data	No data	No data	No data	No data	No data	No data	No data	No data	No data	No data	No data	No data	No data	1	0	0	1	0	0.1209699999999998	No data	0.2388306674020959	No data	0	No data	No data	0	0.5	0
MYCT1	0.027909131871666718	No data	0.045908402701941374	No data	No data	No data	No data	No data	No data	No data	No data	No data	No data	No data	No data	No data	No data	No data	No data	No data	No data	No data	0	0	0	0	0	0	No data	0.6468836183121898	-0.707290728598487	0	No data	No data	No data	0.5	0
NOD2	0.027815716938689124	No data	0.04249555767661654	No data	No data	No data	No data	No data	No data	No data	No data	No data	No data	No data	No data	No data	No data	No data	0.06518369107724604	No data	No data	1	0	0	1	1	0	0	No data	0.11947049089906225	-0.8143087360547074	0	No data	No data	0	0.5	0
TMUB2	0.027814430937935862	No data	0.04575262685688975	No data	No data	No data	No data	No data	No data	No data	No data	No data	No data	No data	No data	No data	No data	No data	No data	No data	No data	No data	0	0	0	0	0	0.28348999999999974	No data	0.4768891340319912	-0.015470268904061446	0	No data	No data	0	-1	-1
BARD1	0.027786120991551616	No data	0.045706059144749706	No data	No data	No data	No data	No data	No data	No data	No data	No data	No data	No data	No data	No data	No data	No data	No data	No data	No data	No data	0	0	0	0	0	0	No data	0.212796469939327	-0.6992493381680317	-1	No data	255	No data	-1	0
PLK1	0.027647606307270974	No data	0.044566316810540234	No data	No data	No data	No data	No data	No data	No data	No data	No data	No data	No data	No data	No data	No data	No data	0.01823792392834863	No data	No data	0.7	0	0	1	1	1	0.7512450000000002	1	-0.9533370104798676	-0.5418189250581007	-1	255	No data	0	0.5	0
CLN6	0.02750360185665568	No data	0.04189771723353619	No data	No data	No data	No data	No data	No data	No data	No data	No data	No data	No data	No data	No data	No data	No data	0.06687238773727831	No data	No data	No data	0	0	0	0	0	0.5016100000000001	No data	0.08251516822945404	-0.7828805384683735	0	No data	No data	No data	-1	-1
EVA1B	0.027217114440276677	No data	0.04477008657433479	No data	No data	No data	No data	No data	No data	No data	No data	No data	No data	No data	No data	No data	No data	No data	No data	No data	No data	No data	1	0	0	0	0	0.4848500000000001	No data	0.9509100937672366	No data	0	No data	No data	0	-1	0
PLCB4	0.027064218502867714	No data	0.043910653569548194	No data	No data	No data	No data	No data	No data	No data	No data	No data	No data	No data	No data	No data	No data	No data	0.012158615952232422	No data	No data	No data	1	0	0	0	0	0.697345	No data	-0.6788747931605075	-0.8778867180832733	0	No data	No data	0	0.5	0
MOB4	0.026932724577900566	No data	0.04430228684533045	No data	No data	No data	No data	No data	No data	No data	No data	No data	No data	No data	No data	No data	No data	No data	No data	No data	No data	No data	0	0	0	0	0	1	No data	-0.8985107556536128	No data	-1	No data	No data	0	-1	-1
MANBA	0.026912373523299112	No data	0.04426881090582976	No data	No data	No data	No data	No data	No data	No data	No data	No data	No data	No data	No data	No data	No data	No data	No data	No data	No data	No data	0	0	0	1	0	0	No data	-0.2445670159955874	-0.8712871693919078	0	No data	No data	0	-1	0
MEGF9	0.026912312256044114	No data	0.044268710125847495	No data	No data	No data	No data	No data	No data	No data	No data	No data	No data	No data	No data	No data	No data	No data	No data	No data	No data	No data	0	0	0	0	0	0	No data	-0.9011583011583012	No data	0	No data	No data	0	0.5	-1
KLC2	0.026883304559609758	No data	0.04361306387024572	No data	No data	No data	No data	No data	No data	No data	No data	No data	No data	No data	No data	No data	No data	No data	0.012158615952232422	No data	No data	No data	1	0	0	0	0	0.7749200000000002	No data	-0.5489244346387203	-0.2629507860492669	0	No data	No data	-0.23231499999999983	0.5	-1
ZNF512	0.02669031276694242	No data	0.043903537823385005	No data	No data	No data	No data	No data	No data	No data	No data	No data	No data	No data	No data	No data	No data	No data	No data	No data	No data	No data	0	0	0	0	0	0.32980500000000035	No data	-0.7011583011583011	-0.18907283026045107	0	No data	No data	0	-1	-1
NOCT	0.02661940245904449	No data	0.04378689575133254	No data	No data	No data	No data	No data	No data	No data	No data	No data	No data	No data	No data	No data	No data	No data	No data	No data	No data	No data	0	0	0	0	0	0	No data	-0.3598455598455599	-0.5618132609507273	0	No data	No data	0	0.5	0
RPRD1A	0.026453176823875404	No data	0.04351346720350746	No data	No data	No data	No data	No data	No data	No data	No data	No data	No data	No data	No data	No data	No data	No data	No data	No data	No data	No data	0	0	0	0	0	0.935895	No data	-0.7509100937672366	No data	0	No data	No data	-0.21474249999999984	-1	-1
AP2A1	0.026230403577530807	No data	0.04314702212913418	No data	No data	No data	No data	No data	No data	No data	No data	No data	No data	No data	No data	No data	No data	No data	No data	No data	No data	No data	0	0	0	0	0	0.9214649999999999	No data	-0.8614451185879757	-0.21805087018981428	0	No data	No data	-0.541885	-1	-1
BBS1	0.02612953943330552	No data	0.04298110827081091	No data	No data	No data	No data	No data	No data	No data	No data	No data	No data	No data	No data	No data	No data	No data	No data	No data	No data	No data	0	0	0	0	0	0.6121400000000001	No data	0.05956977385548812	-0.911472858374531	0	No data	No data	No data	-1	-1
SLC39A6	0.025975008615681906	No data	0.042726916809824364	No data	No data	No data	No data	No data	No data	No data	No data	No data	No data	No data	No data	No data	No data	No data	No data	No data	No data	0.2	1	0	0	0	0	0.36424000000000023	No data	0.013458356315499076	No data	0	No data	No data	0	-1	-1
COQ10B	0.0257974165279183	No data	0.042434791310571304	No data	No data	No data	No data	No data	No data	No data	No data	No data	No data	No data	No data	No data	No data	No data	No data	No data	No data	No data	0	0	0	0	0	0.2436950000000003	No data	0.31218974076116934	No data	0	No data	No data	-0.07562999999999995	-1	-1
MTHFD1	0.025735579828892498	No data	0.03746962825523325	No data	No data	No data	No data	No data	No data	No data	No data	No data	No data	No data	No data	No data	No data	No data	0.09726892761785938	No data	No data	No data	0	0	1	1	1	0.6577550000000002	1	-0.6778819635962493	-0.885210085929985	0	255	No data	-0.03743250000000007	1	-1
YJEFN3	0.025704566347165694	No data	0.04228205981363549	No data	No data	No data	No data	No data	No data	No data	No data	No data	No data	No data	No data	No data	No data	No data	No data	No data	No data	No data	0	0	0	0	0	0	No data	0.6448979591836734	No data	0	No data	No data	0	1	0.5
CACNA2D4	0.02568654953336997	No data	0.038841256269748874	No data	No data	No data	No data	No data	No data	No data	No data	No data	No data	No data	No data	No data	No data	No data	0.06822334506530414	No data	No data	1	0	0	1	0	0	0.1556750000000001	No data	0.3541092112520683	-0.5471037286182351	0	No data	No data	0	1	1
PSMB10	0.02553477654106676	No data	0.04200276847526937	No data	No data	No data	No data	No data	No data	No data	No data	No data	No data	No data	No data	No data	No data	No data	No data	No data	No data	1	0	0	1	1	0	0.43223500000000004	No data	0.5103143960286818	-0.7687881735651022	0	No data	No data	0	0.5	0
LHFPL2	0.025471142084549887	No data	0.04037826763223172	No data	No data	No data	No data	No data	No data	No data	No data	No data	No data	No data	No data	No data	No data	No data	0.030396539880581056	No data	No data	No data	1	0	0	0	0	0.18859500000000012	No data	-0.3742967457253171	-0.10248017375358659	0	No data	No data	0	-1	-1
ELP2	0.02542603198221677	No data	0.04182389193327279	No data	No data	No data	No data	No data	No data	No data	No data	No data	No data	No data	No data	No data	No data	No data	No data	No data	No data	No data	0	0	0	0	0	0	No data	-0.1730832873690017	-0.9191547900048797	-1	No data	No data	No data	-1	-1
SMIM45	0.02539747145964354	No data	0.04177691204232889	No data	No data	No data	No data	No data	No data	No data	No data	No data	No data	No data	No data	No data	No data	No data	No data	No data	No data	No data	0	0	No data	No data	No data	0.9264699999999998	No data	No data	No data	No data	No data	No data	No data	1	0.5
EIF3C	0.025142189738956967	No data	0.04135699299613235	No data	No data	No data	No data	No data	No data	No data	No data	No data	No data	No data	No data	No data	No data	No data	No data	No data	No data	No data	0	0	0	0	0	0.8357050000000001	No data	-0.37286265857694434	-0.37859810784333564	No data	No data	No data	-1	-1	-1
CPO	0.024831731347974995	No data	0.040846312517035605	No data	No data	No data	No data	No data	No data	No data	No data	No data	No data	No data	No data	No data	No data	No data	No data	No data	No data	No data	1	0	0	0	0	No data	No data	0.7520132377275235	No data	0	No data	No data	0	1	0.5
YIF1A	0.0247431419950293	No data	0.04070058975830428	No data	No data	No data	No data	No data	No data	No data	No data	No data	No data	No data	No data	No data	No data	No data	No data	No data	No data	No data	0	0	0	0	0	0.6245750000000001	No data	0.36999448428019854	0	0	No data	No data	0	-1	-1
EIF2B4	0.024728050491495127	No data	0.03711683716991721	No data	No data	No data	No data	No data	No data	No data	No data	No data	No data	No data	No data	No data	No data	No data	0.07117856422036063	No data	No data	No data	0	0	0	0	0	0.30210500000000023	No data	-0.45328185328185333	-0.8266840773211983	-1	No data	No data	0	-1	-1
TRIM46	0.02464061158798688	No data	0.04053193502417134	No data	No data	No data	No data	No data	No data	No data	No data	No data	No data	No data	No data	No data	No data	No data	No data	No data	No data	No data	0	0	0	0	0	0.8945999999999998	No data	-0.8424710424710424	-0.1528751614675486	0	No data	No data	0	1	0.5
SMNDC1	0.02457028572839787	No data	0.04041625432520807	No data	No data	No data	No data	No data	No data	No data	No data	No data	No data	No data	No data	No data	No data	No data	No data	No data	No data	No data	0	0	0	0	0	0.9789900000000002	No data	-0.8240485383342526	No data	-1	No data	No data	0	-1	-1
TRIM8	0.02446334029281686	No data	0.04024033720437595	No data	No data	No data	No data	No data	No data	No data	No data	No data	No data	No data	No data	No data	No data	No data	No data	No data	No data	No data	0	0	0	0	0	0.8820349999999998	No data	-0.8937672366243795	-0.8251668960432442	0	No data	No data	0	-1	-1
CEMIP2	0.024329874052376795	No data	0.040020795373357655	No data	No data	No data	No data	No data	No data	No data	No data	No data	No data	No data	No data	No data	No data	No data	No data	No data	No data	No data	1	0	0	0	0	0.3383949999999999	No data	-0.5835631549917264	No data	0	No data	No data	0	0.5	-1
TM6SF1	0.02422487712202358	No data	0.03984808339566922	No data	No data	No data	No data	No data	No data	No data	No data	No data	No data	No data	No data	No data	No data	No data	No data	No data	No data	No data	0	0	0	0	0	0.7162149999999997	No data	0.47821290678433526	No data	0	No data	No data	0	0.5	-1
C15orf40	0.024217910553252932	No data	0.039836623919034676	No data	No data	No data	No data	No data	No data	No data	No data	No data	No data	No data	No data	No data	No data	No data	No data	No data	No data	No data	0	0	0	0	0	0	No data	0.18312189740761164	No data	0	No data	No data	No data	-1	-1
SPACA1	0.02412854572207402	No data	0.03968962555749418	No data	No data	No data	No data	No data	No data	No data	No data	No data	No data	No data	No data	No data	No data	No data	No data	No data	No data	No data	0	0	0	0	0	0	No data	0.06398234969663541	0	0	No data	No data	No data	1	1
RASGRF2	0.024115868219062135	No data	0.03966877202768176	No data	No data	No data	No data	No data	No data	No data	No data	No data	No data	No data	No data	No data	No data	No data	No data	No data	No data	No data	0	0	0	0	0	0.5796300000000002	No data	-0.5505791505791506	0	0	No data	No data	-0.21180249999999995	0.5	0
PRSS35	0.023989982596734953	No data	0.03946169973783931	No data	No data	No data	No data	No data	No data	No data	No data	No data	No data	No data	No data	No data	No data	No data	No data	No data	No data	No data	0	1	0	0	0	0	No data	0.6559293987865416	-0.7343918961896878	0	No data	No data	0	0.5	0
SFMBT1	0.023793402173046704	No data	0.036934590726491336	No data	No data	No data	No data	No data	No data	No data	No data	No data	No data	No data	No data	No data	No data	No data	0.044074982826842524	No data	No data	No data	0	0	0	0	0	0.43995499999999976	No data	-0.7931605074462218	No data	0	No data	No data	0	0.5	-1
EPHX2	0.023667334092728236	No data	0.03735727103096587	No data	No data	No data	No data	No data	No data	No data	No data	No data	No data	No data	No data	No data	No data	No data	0.03147392834968165	No data	No data	0.2	0	0	1	1	1	0	1	0.2219525648097076	-0.7097877606344829	0	No data	No data	0	0.5	-1
SPATC1	0.023653345877965404	No data	0.03890795789733363	No data	No data	No data	No data	No data	No data	No data	No data	No data	No data	No data	No data	No data	No data	No data	No data	No data	No data	No data	0	0	0	0	0	0	No data	0.4908990623276337	0	0	No data	No data	0	1	0.5
DNTTIP1	0.023606187989915546	No data	0.03883038675233633	No data	No data	No data	No data	No data	No data	No data	No data	No data	No data	No data	No data	No data	No data	No data	No data	No data	No data	No data	0	0	0	0	0	0.8176299999999997	No data	-0.47369001654715936	-0.7398253976858123	0	No data	No data	No data	-1	-1
SULT1A2	0.023532711341268907	No data	0.03870952324462244	No data	No data	No data	No data	No data	No data	No data	No data	No data	No data	No data	No data	No data	No data	No data	No data	No data	No data	No data	0	0	0	0	1	0	No data	0.4375068946497518	-0.8482057158259265	0	No data	No data	-0.8898299999999999	0.75	0
CCN4	0.023464777658209347	No data	0.03859777749440473	No data	No data	No data	No data	No data	No data	No data	No data	No data	No data	No data	No data	No data	No data	No data	No data	No data	No data	No data	0	1	0	0	0	0.18256000000000014	No data	0.3190292333149476	0	0	No data	No data	0	0.5	0
RRM2	0.023456010245179404	No data	0.038583355765707344	No data	No data	No data	No data	No data	No data	No data	No data	No data	No data	No data	No data	No data	No data	No data	No data	No data	No data	1	0	0	0	1	0	0.575835	No data	-0.8932156646442361	0	-1	No data	No data	-0.26092499999999996	0.5	0
CRELD2	0.02344254797058664	No data	0.03856121134623451	No data	No data	No data	No data	No data	No data	No data	No data	No data	No data	No data	No data	No data	No data	No data	No data	No data	No data	No data	0	0	0	0	0	0	No data	0.2644236072807502	-0.8812597939767702	0	No data	No data	0	-1	-1
COL14A1	0.02341489096792561	No data	0.038515717676939114	No data	No data	No data	No data	No data	No data	No data	No data	No data	No data	No data	No data	No data	No data	No data	No data	No data	No data	No data	0	1	0	0	0	0.49053499999999983	No data	-0.47468284611141753	0	0	No data	No data	0	0.5	0
NCEH1	0.02341489096792561	No data	0.038515717676939114	No data	No data	No data	No data	No data	No data	No data	No data	No data	No data	No data	No data	No data	No data	No data	No data	No data	No data	No data	0	0	1	1	0	0.375	No data	-0.656150027578599	No data	0	No data	No data	0	-1	-1
PREX2	0.02341489096792561	No data	0.038515717676939114	No data	No data	No data	No data	No data	No data	No data	No data	No data	No data	No data	No data	No data	No data	No data	No data	No data	No data	No data	0	0	0	0	0	0.6668750000000003	No data	-0.5010479867622725	-0.26147697585218926	0	No data	255	0	-1	0
CAPS2	0.0234138776488317	No data	0.03851405084397409	No data	No data	No data	No data	No data	No data	No data	No data	No data	No data	No data	No data	No data	No data	No data	No data	No data	No data	No data	0	0	0	0	0	0	No data	0.6539437396580254	No data	0	No data	No data	0	0.5	0
SPTSSA	0.0234138776488317	No data	0.03851405084397409	No data	No data	No data	No data	No data	No data	No data	No data	No data	No data	No data	No data	No data	No data	No data	No data	No data	No data	No data	0	0	0	0	0	0.92958	No data	0.9815774958632102	-0.6886485463939465	0	No data	No data	0	-1	-1
GALNT1	0.023324443978040427	No data	0.03836693924649848	No data	No data	No data	No data	No data	No data	No data	No data	No data	No data	No data	No data	No data	No data	No data	No data	No data	No data	No data	0	1	0	1	0	0.9195	No data	-0.838830667402096	-0.9507274964057566	0	No data	No data	-0.6019675	-1	-1
RASA1	0.02326952417587458	No data	0.03751668684515205	No data	No data	No data	No data	No data	No data	No data	No data	No data	No data	No data	No data	No data	No data	No data	0.015198269940290528	No data	No data	No data	0	0	0	0	0	0.756445	No data	-0.8858246001103144	-0.9242734005357747	0	No data	No data	0	0.5	-1
SNX17	0.023069645167234545	No data	0.03794781455038683	No data	No data	No data	No data	No data	No data	No data	No data	No data	No data	No data	No data	No data	No data	No data	No data	No data	No data	No data	0	0	0	0	0	0.9255299999999999	No data	-0.42956425813568666	-0.6972099281613636	0	No data	No data	0	-1	-1
PAPSS2	0.02305656151050975	No data	0.037926292928557176	No data	No data	No data	No data	No data	No data	No data	No data	No data	No data	No data	No data	No data	No data	No data	No data	No data	No data	No data	0	0	0	0	1	0.6284350000000003	No data	0.3022614451185879	-0.7245317479552738	0	No data	No data	-0.4264949999999999	0.5	-1
KCNJ2	0.02304288720991092	No data	0.03790379974240416	No data	No data	No data	No data	No data	No data	No data	No data	No data	No data	No data	No data	No data	No data	No data	No data	No data	No data	1	1	0	0	0	0	0.9297400000000003	0	-0.5024820739106454	-0.7600087283801384	0	No data	No data	-0.28571500000000005	0.5	0
ARL6IP4	0.02299827776431056	No data	0.037830420591725145	No data	No data	No data	No data	No data	No data	No data	No data	No data	No data	No data	No data	No data	No data	No data	No data	No data	No data	No data	0	0	0	0	0	0.07173000000000015	No data	0.48549365692222834	No data	No data	No data	No data	No data	-1	-1
SLC12A4	0.022967407328544652	No data	0.037779641068978166	No data	No data	No data	No data	No data	No data	No data	No data	No data	No data	No data	No data	No data	No data	No data	No data	No data	No data	No data	0	0	0	0	0	0.8110599999999998	No data	-0.23794815223386656	0	0	No data	No data	-0.40092250000000007	-1	-1
KBTBD12	0.022936609862767843	No data	0.037728981576322415	No data	No data	No data	No data	No data	No data	No data	No data	No data	No data	No data	No data	No data	No data	No data	No data	No data	No data	No data	No data	No data	0	0	0	0.59069	No data	0.3481522338665195	0	0	No data	No data	0	0.5	0.5
TNKS	0.022707992573907553	No data	0.03659300999875257	No data	No data	No data	No data	No data	No data	No data	No data	No data	No data	No data	No data	No data	No data	No data	0.015198269940290528	No data	No data	0.2	0	0	1	1	0	0.8605899999999999	1	-0.5186982901268615	-0.7184948047334369	0	No data	No data	-0.28221500000000005	-1	-1
MITF	0.022698054446894003	No data	0.03733657603146262	No data	No data	No data	No data	No data	No data	No data	No data	No data	No data	No data	No data	No data	No data	No data	No data	No data	No data	No data	0	0	0	1	0	0.724335	No data	-0.7072255929398786	-0.900863007354471	0	No data	No data	0	-1	-1
MTX1	0.022691773520662442	No data	0.03732624438474191	No data	No data	No data	No data	No data	No data	No data	No data	No data	No data	No data	No data	No data	No data	No data	No data	No data	No data	No data	0	0	0	0	0	0	No data	-0.12090457804743515	No data	0	No data	No data	0	-1	-1
SLC68A1	0.022638432458630574	No data	0.03723850238805178	No data	No data	No data	No data	No data	No data	No data	No data	No data	No data	No data	No data	No data	No data	No data	No data	No data	No data	No data	0	0	0	0	0	0.45841500000000013	No data	-0.21356867071152785	No data	No data	No data	No data	No data	0.5	0
PHF19	0.02252966311752013	No data	0.03705958508111855	No data	No data	No data	No data	No data	No data	No data	No data	No data	No data	No data	No data	No data	No data	No data	No data	No data	No data	No data	0	0	0	0	0	0.4482750000000003	No data	-0.7169332597904026	-0.09224821813908574	0	No data	No data	0	-1	-1
CLSTN2	0.022504533905424895	No data	0.0370182494353609	No data	No data	No data	No data	No data	No data	No data	No data	No data	No data	No data	No data	No data	No data	No data	No data	No data	No data	No data	0	0	0	0	0	0.7382199999999998	No data	-0.5971318257032543	-0.17073779750080204	0	No data	No data	0	0.5	0
RBX1	0.02247980596769085	No data	0.03636964305784579	No data	No data	No data	No data	No data	No data	No data	No data	No data	No data	No data	No data	No data	No data	No data	0.012158615952232422	No data	No data	1	0	0	0	0	1	1	No data	0.4632101489244347	0	-1	255	No data	0	-1	-1
PSMD5	0.022476689659018254	No data	0.03697244776432197	No data	No data	No data	No data	No data	No data	No data	No data	No data	No data	No data	No data	No data	No data	No data	No data	No data	No data	No data	0	0	0	0	0	0.49405	No data	-0.08141202426916716	0	0	No data	No data	No data	-1	-1
TRMT10B	0.022256540578696745	No data	0.03661031924379561	No data	No data	No data	No data	No data	No data	No data	No data	No data	No data	No data	No data	No data	No data	No data	No data	No data	No data	No data	1	0	0	0	0	0	No data	0.007391064533921687	0	0	No data	No data	0	-1	-1
ABHD14A	0.0222185287215448	No data	0.03654779262513888	No data	No data	No data	No data	No data	No data	No data	No data	No data	No data	No data	No data	No data	No data	No data	No data	No data	No data	No data	0	0	0	0	0	0	No data	0.20253723110865973	0	0	No data	No data	0	-1	-1
LTBP2	0.022083450257383303	No data	0.03632559880851998	No data	No data	No data	No data	No data	No data	No data	No data	No data	No data	No data	No data	No data	No data	No data	No data	No data	No data	No data	0	1	0	0	0	0.00878500000000031	No data	-0.5752895752895753	-0.4699633750755963	0	No data	No data	0	1	0
CCDC6	0.022055704391043474	No data	0.03567202816760903	No data	No data	No data	No data	No data	No data	No data	No data	No data	No data	No data	No data	No data	No data	No data	0.012158615952232422	No data	No data	1	0	0	1	1	0	0.7679349999999999	No data	-0.6185328185328185	-0.616809850815779	0	No data	255	No data	-1	-1
ARL14EP	0.02185942688367828	No data	0.03595709736956485	No data	No data	No data	No data	No data	No data	No data	No data	No data	No data	No data	No data	No data	No data	No data	No data	No data	No data	No data	1	0	0	0	0	0.6346150000000002	No data	-0.24964147821290683	No data	0	No data	No data	0	-1	-1
HSPB1	0.021854628267051708	No data	0.034429377015558926	No data	No data	No data	No data	No data	No data	No data	No data	No data	No data	No data	No data	No data	No data	No data	0.030396539880581056	No data	No data	0.2	1	0	1	1	0	0.21950999999999965	No data	0.9192498621070049	-0.6416383733581196	0	No data	No data	0	0.5	-1
PIM3	0.021818102464379655	No data	0.035889121837709946	No data	No data	No data	No data	No data	No data	No data	No data	No data	No data	No data	No data	No data	No data	No data	No data	No data	No data	0.15	0	0	1	1	0	0.7852750000000001	1	0.05747380033094318	No data	0	No data	No data	-0.1487725000000001	-1	-1
DOCK4	0.02168009810252525	No data	0.03207363473899011	No data	No data	No data	No data	No data	No data	No data	No data	No data	No data	No data	No data	No data	No data	No data	0.07176960805137193	No data	No data	No data	1	0	0	0	0	0.9164549999999998	No data	-0.7457253171538886	-0.011453818198359778	0	No data	No data	0	0.5	0
CKMT2	0.02167708727204839	No data	0.03565716255404596	No data	No data	No data	No data	No data	No data	No data	No data	No data	No data	No data	No data	No data	No data	No data	No data	No data	No data	No data	0	0	0	0	1	0.7971350000000001	No data	0.17870932156646435	-0.7836396547933407	0	No data	No data	-0.47494000000000014	0.75	0
SCARA3	0.021656856686768564	No data	0.03562388477743174	No data	No data	No data	No data	No data	No data	No data	No data	No data	No data	No data	No data	No data	No data	No data	No data	No data	No data	No data	0	0	0	0	0	0.5379550000000002	No data	0.2884721456150028	No data	0	No data	No data	0	-1	0
F10	0.021597158292042586	No data	0.033853875757759826	No data	No data	No data	No data	No data	No data	No data	No data	No data	No data	No data	No data	No data	No data	No data	0.03343619386863916	No data	No data	1	0	1	1	1	0	0	No data	-0.0005515719801434393	-0.8799697555337649	0	No data	No data	0	0.5	0
TUBGCP6	0.02139248779305265	No data	0.03518901802161917	No data	No data	No data	No data	No data	No data	No data	No data	No data	No data	No data	No data	No data	No data	No data	No data	No data	No data	No data	0	0	0	0	0	0	No data	0.18466629895201314	No data	-1	No data	No data	0	-1	-1
ZNF513	0.02134450933682348	No data	0.035110097104275186	No data	No data	No data	No data	No data	No data	No data	No data	No data	No data	No data	No data	No data	No data	No data	No data	No data	No data	No data	0	0	0	0	0	0.7597050000000003	No data	-0.5493656922228352	-0.1528751614675486	0	No data	No data	0	-1	-1
RAPGEF3	0.021262968815985203	No data	0.034975969139120884	No data	No data	No data	No data	No data	No data	No data	No data	No data	No data	No data	No data	No data	No data	No data	No data	No data	No data	No data	0	0	1	1	0	0.5341299999999997	No data	-0.025813568670711495	-0.3309271925009971	0	No data	No data	0	-1	0
OTUB1	0.021243254527798062	No data	0.03494354063202009	No data	No data	No data	No data	No data	No data	No data	No data	No data	No data	No data	No data	No data	No data	No data	No data	No data	No data	No data	0	0	0	0	0	0.98155	No data	-0.6316602316602317	-0.5845842931068723	0	No data	No data	0	-1	-1
WBP1L	0.021149488091804967	No data	0.03478930196478777	No data	No data	No data	No data	No data	No data	No data	No data	No data	No data	No data	No data	No data	No data	No data	No data	No data	No data	No data	0	0	0	0	0	0.42148499999999983	No data	-0.31527854384997245	-0.8331735555051756	0	No data	No data	0	-1	-1
VIP	0.021046387511672027	No data	0.030597402764685044	No data	No data	No data	No data	No data	No data	No data	No data	No data	No data	No data	No data	No data	No data	No data	0.08044613149061779	No data	No data	No data	0	1	0	0	0	0	No data	0.6615554329840043	-0.8815644142980213	0	No data	No data	0	0.5	0
CBX2	0.021008410943822577	No data	0.03455724076878217	No data	No data	No data	No data	No data	No data	No data	No data	No data	No data	No data	No data	No data	No data	No data	No data	No data	No data	No data	0	0	0	1	0	0.13534000000000007	No data	-0.0394925537782681	-0.8269829780334789	0	No data	No data	0	0.5	0
CARMIL2	0.020996574660873707	No data	0.03453777098209696	No data	No data	No data	No data	No data	No data	No data	No data	No data	No data	No data	No data	No data	No data	No data	No data	No data	No data	No data	1	0	0	0	0	0.25435500000000033	No data	-0.43408714837286266	-0.17079074264120225	0	No data	No data	0	0.5	0
TSSK6	0.020928099898461013	No data	0.03442513519742918	No data	No data	No data	No data	No data	No data	No data	No data	No data	No data	No data	No data	No data	No data	No data	No data	No data	No data	No data	0	0	1	1	0	0.8534799999999997	No data	0.9381136238279095	0	0	No data	No data	0	1	0.5
GRK4	0.020873585809434558	No data	0.03433546366040453	No data	No data	No data	No data	No data	No data	No data	No data	No data	No data	No data	No data	No data	No data	No data	No data	No data	No data	No data	1	0	1	1	0	0	No data	0.467953667953668	No data	0	255	No data	-0.13927249999999985	0.5	-1
HROB	0.020856247864666024	No data	0.03430694405778422	No data	No data	No data	No data	No data	No data	No data	No data	No data	No data	No data	No data	No data	No data	No data	No data	No data	No data	No data	0	0	0	0	0	0	No data	-0.11538885824600109	No data	0	No data	No data	No data	0.5	0.5
SPINT4	0.020744506029093956	No data	0.03412313722317234	No data	No data	No data	No data	No data	No data	No data	No data	No data	No data	No data	No data	No data	No data	No data	No data	No data	No data	No data	0	1	0	0	0	0	No data	0.6447876447876448	No data	0	No data	No data	0	1	0.5
MRPL11	0.020742896558957023	No data	0.03412048976700914	No data	No data	No data	No data	No data	No data	No data	No data	No data	No data	No data	No data	No data	No data	No data	No data	No data	No data	No data	0	0	0	0	0	0.375	No data	0.7078874793160508	No data	0	No data	No data	0	-1	-1
ANKRD11	0.020692515104611345	No data	0.032517789106201546	No data	No data	No data	No data	No data	No data	No data	No data	No data	No data	No data	No data	No data	No data	No data	0.030396539880581056	No data	No data	No data	0	0	0	0	0	0	No data	-0.9864313292884721	-0.8507450862038248	0	No data	No data	No data	-1	-1
LXN	0.020677698562092575	No data	0.03401324401285326	No data	No data	No data	No data	No data	No data	No data	No data	No data	No data	No data	No data	No data	No data	No data	No data	No data	No data	No data	0	0	0	0	0	0.25675499999999973	No data	0.47655819084390516	No data	0	No data	No data	0	-1	-1
CATSPERZ	0.020606934194172845	No data	0.03389684200098325	No data	No data	No data	No data	No data	No data	No data	No data	No data	No data	No data	No data	No data	No data	No data	No data	No data	No data	No data	0	0	0	0	0	0	No data	0.7527854384997241	-0.6264181391049334	No data	No data	No data	No data	1	0.5
UNC119B	0.020346281262732024	No data	0.03346808772094867	No data	No data	No data	No data	No data	No data	No data	No data	No data	No data	No data	No data	No data	No data	No data	No data	No data	No data	No data	0	0	0	0	0	0.5219099999999998	No data	0.3496966354109212	No data	0	No data	No data	0	-1	-1
CCDC178	0.02028908931278484	No data	0.0333740113060477	No data	No data	No data	No data	No data	No data	No data	No data	No data	No data	No data	No data	No data	No data	No data	No data	No data	No data	No data	0	0	0	0	0	0	No data	0.5579702151130723	0	0	No data	No data	No data	0.5	0
HDGFL3	0.020286028703619393	No data	0.03336897683637209	No data	No data	No data	No data	No data	No data	No data	No data	No data	No data	No data	No data	No data	No data	No data	No data	No data	No data	No data	0	0	0	0	0	0.8275849999999998	No data	-0.9132928847214561	-0.08480689161302124	0	No data	No data	0	-1	0
CPNE8	0.02023378769859301	No data	0.03328304434992524	No data	No data	No data	No data	No data	No data	No data	No data	No data	No data	No data	No data	No data	No data	No data	No data	No data	No data	No data	No data	No data	0	0	0	0.9379449999999998	No data	-0.007391064533921687	No data	0	No data	No data	-0.5124124999999999	-1	-1
PLD1	0.02023378769859301	No data	0.03328304434992524	No data	No data	No data	No data	No data	No data	No data	No data	No data	No data	No data	No data	No data	No data	No data	No data	No data	No data	No data	1	0	1	1	0	0.5577300000000001	1	-0.2508549365692223	-0.856637397995609	0	No data	No data	0	0.5	0
SMPX	0.020165038954523127	No data	0.03316995788623566	No data	No data	No data	No data	No data	No data	No data	No data	No data	No data	No data	No data	No data	No data	No data	No data	No data	No data	No data	1	0	0	0	0	0.1477249999999998	No data	No data	-0.1973021442123321	0	No data	No data	No data	0.75	0
ALDH1A2	0.020149244393863664	No data	0.03314397703328083	No data	No data	No data	No data	No data	No data	No data	No data	No data	No data	No data	No data	No data	No data	No data	No data	No data	No data	No data	0	0	1	1	0	0.8648650000000003	No data	-0.5937120794263651	-0.9770517935283124	0	No data	No data	-0.2615825000000001	0.5	0
C2CD4A	0.020111903287865857	No data	0.032170657552923004	No data	No data	No data	No data	No data	No data	No data	No data	No data	No data	No data	No data	No data	No data	No data	0.01823792392834863	No data	No data	No data	0	0	0	0	0	No data	No data	0.9904026475455048	-0.022023425318627998	0	No data	No data	-0.4986450000000001	0.5	0.5
CELSR1	0.02009336452692802	No data	0.03305205889530332	No data	No data	No data	No data	No data	No data	No data	No data	No data	No data	No data	No data	No data	No data	No data	No data	No data	No data	No data	1	0	0	0	0	0.06260499999999994	No data	-0.6157749586321015	-0.9161920466445755	0	No data	No data	0	0.5	0
SRPRB	0.02009105013916054	No data	0.033048251903164454	No data	No data	No data	No data	No data	No data	No data	No data	No data	No data	No data	No data	No data	No data	No data	No data	No data	No data	No data	1	0	0	0	0	0.5202950000000002	No data	0.1489244346387204	0	-1	No data	No data	0	-1	-1
NXPH4	0.020077313882910588	No data	0.033025656804669824	No data	No data	No data	No data	No data	No data	No data	No data	No data	No data	No data	No data	No data	No data	No data	No data	No data	No data	No data	0	1	0	0	0	0.4642850000000003	No data	0.13634859349145056	-0.05373224667943238	0	No data	No data	0	0.5	0
RANGAP1	0.020066716712984167	No data	0.033008225264816844	No data	No data	No data	No data	No data	No data	No data	No data	No data	No data	No data	No data	No data	No data	No data	No data	No data	No data	No data	0	0	0	0	0	0.4207850000000001	No data	-0.2750137892995036	No data	-1	No data	No data	No data	0.5	-1
STARD8	0.020064842898735773	No data	0.033005142982662765	No data	No data	No data	No data	No data	No data	No data	No data	No data	No data	No data	No data	No data	No data	No data	No data	No data	No data	No data	0	0	0	0	0	0	No data	No data	No data	0	No data	No data	0	-1	0
CALML4	0.020049561881584504	No data	0.03298000686978396	No data	No data	No data	No data	No data	No data	No data	No data	No data	No data	No data	No data	No data	No data	No data	No data	No data	No data	No data	0	0	0	0	0	0.31372500000000014	No data	0.5843353557639273	No data	0	No data	No data	0	0.5	0
UBE2L6	0.019994324976628286	No data	0.032889146355440504	No data	No data	No data	No data	No data	No data	No data	No data	No data	No data	No data	No data	No data	No data	No data	No data	No data	No data	No data	0	0	0	0	0	0	No data	0.23044677330391616	No data	0	No data	No data	0	-1	-1
DHX38	0.019986075237483282	No data	0.03287557616097526	No data	No data	No data	No data	No data	No data	No data	No data	No data	No data	No data	No data	No data	No data	No data	No data	No data	No data	No data	0	0	0	0	0	0.8655250000000002	No data	-0.36403750689464975	-0.6257033003987322	-1	No data	No data	0	-1	-1
NPIPB8	0.019956814271854306	No data	0.03282744409439147	No data	No data	No data	No data	No data	No data	No data	No data	No data	No data	No data	No data	No data	No data	No data	No data	No data	No data	No data	0	0	0	0	0	No data	No data	0.8845008273579702	No data	No data	No data	No data	-0.98264	1	0
DPP3	0.019883345883961148	No data	0.0327065941749898	No data	No data	No data	No data	No data	No data	No data	No data	No data	No data	No data	No data	No data	No data	No data	No data	No data	No data	No data	0	0	0	0	0	0.6472200000000001	No data	-0.2433535576392719	-0.09843589226456811	0	No data	No data	No data	-1	-1
TSNAXIP1	0.0198494616499662	No data	0.0326508571830031	No data	No data	No data	No data	No data	No data	No data	No data	No data	No data	No data	No data	No data	No data	No data	No data	No data	No data	No data	0	0	0	0	0	0	No data	0.4238279095421953	0	0	No data	No data	No data	0.5	0
CACNA2D1	0.019796422358766233	No data	0.03165171537999961	No data	No data	No data	No data	No data	No data	No data	No data	No data	No data	No data	No data	No data	No data	No data	0.01823792392834863	No data	No data	1	1	0	1	1	0	0.7891849999999998	No data	-0.7554329840044126	-0.7040638983698507	0	No data	No data	0	0.5	0
PCCB	0.019744693267126013	No data	0.032478521148619266	No data	No data	No data	No data	No data	No data	No data	No data	No data	No data	No data	No data	No data	No data	No data	No data	No data	No data	No data	0	0	0	0	0	0.62894	No data	-0.21654715940430225	-0.7187008634551647	0	No data	No data	0	0.5	-1
ACOT12	0.019725381002275045	No data	0.0324467539393796	No data	No data	No data	No data	No data	No data	No data	No data	No data	No data	No data	No data	No data	No data	No data	No data	No data	No data	No data	0	0	0	0	1	0.07207000000000008	No data	-0.08405956977385554	-0.8766717807533497	0	No data	No data	0	1	0.5
PROZ	0.019667745725224277	No data	0.032351948285056435	No data	No data	No data	No data	No data	No data	No data	No data	No data	No data	No data	No data	No data	No data	No data	No data	No data	No data	No data	0	1	0	0	0	0	No data	0.888030888030888	-0.3074028175658705	0	No data	No data	0	1	0.5
MBOAT4	0.019642495355411287	No data	0.03231041334405297	No data	No data	No data	No data	No data	No data	No data	No data	No data	No data	No data	No data	No data	No data	No data	No data	No data	No data	No data	0	0	1	1	0	0	No data	0.8307777164920023	-0.6852630443341623	0	No data	No data	0	0.5	0.5
ERO1B	0.019551453591275327	No data	0.03216065655513286	No data	No data	No data	No data	No data	No data	No data	No data	No data	No data	No data	No data	No data	No data	No data	No data	No data	No data	No data	0	0	0	0	0	0.700215	No data	-0.23000551571980143	-0.17665677748815223	0	No data	No data	-0.036402499999999983	1	-1
PRPF3	0.0195297631105683	No data	0.030605150367366222	No data	No data	No data	No data	No data	No data	No data	No data	No data	No data	No data	No data	No data	No data	No data	0.030396539880581056	No data	No data	No data	0	0	0	0	0	0.97804	No data	-0.9969111969111969	-0.7589710665833871	-1	No data	No data	No data	-1	-1
NRBP2	0.019528609854310385	No data	0.03212308034242133	No data	No data	No data	No data	No data	No data	No data	No data	No data	No data	No data	No data	No data	No data	No data	No data	No data	No data	No data	0	0	0	0	0	0.7505000000000003	No data	-0.0927744070601213	No data	0	No data	No data	-0.01197499999999998	0.5	-1
NPIPB9	0.01950969961279559	No data	0.03209197443104279	No data	No data	No data	No data	No data	No data	No data	No data	No data	No data	No data	No data	No data	No data	No data	No data	No data	No data	No data	0	0	0	0	0	No data	No data	No data	No data	No data	No data	No data	-0.98264	0.5	0.5
BABAM2	0.019488702154234094	No data	0.03205743520611128	No data	No data	No data	No data	No data	No data	No data	No data	No data	No data	No data	No data	No data	No data	No data	No data	No data	No data	No data	0	0	0	0	0	0.9608350000000001	No data	-0.3615002757859901	-0.13801839227553903	0	No data	No data	No data	1	-1
POFUT3	0.019476152692901195	No data	0.032036792295138186	No data	No data	No data	No data	No data	No data	No data	No data	No data	No data	No data	No data	No data	No data	No data	No data	No data	No data	No data	0	0	0	0	0	0.10229500000000016	No data	0.05383342526199675	No data	No data	No data	No data	0	-1	0
HIRIP3	0.019470031474570305	No data	0.03202672335578697	No data	No data	No data	No data	No data	No data	No data	No data	No data	No data	No data	No data	No data	No data	No data	No data	No data	No data	No data	0	0	0	0	0	0	No data	0.08185328185328178	-0.6257416055930306	0	No data	No data	No data	-1	-1
ATP13A4	0.019460948776115764	No data	0.032011783006506714	No data	No data	No data	No data	No data	No data	No data	No data	No data	No data	No data	No data	No data	No data	No data	No data	No data	No data	No data	0	0	0	0	0	0.3645499999999998	No data	-0.12653061224489792	0	0	No data	No data	0	0.5	0
BANK1	0.01945637782585518	No data	0.03200426414041448	No data	No data	No data	No data	No data	No data	No data	No data	No data	No data	No data	No data	No data	No data	No data	No data	No data	No data	No data	1	0	0	0	0	0	No data	0.32586872586872584	0	0	No data	No data	0	1	0
ZMAT2	0.019248341763724225	No data	0.03166206061503254	No data	No data	No data	No data	No data	No data	No data	No data	No data	No data	No data	No data	No data	No data	No data	No data	No data	No data	No data	0	0	0	0	0	1	No data	-0.8254826254826255	No data	-1	No data	No data	0	-1	-1
ANKRD39	0.01922882848720517	No data	0.0316299627568623	No data	No data	No data	No data	No data	No data	No data	No data	No data	No data	No data	No data	No data	No data	No data	No data	No data	No data	No data	0	0	0	0	0	0.508195	No data	0.5851075565361279	No data	0	No data	No data	0	-1	-1
LYRM9	0.019071929242718375	No data	0.031371875413527824	No data	No data	No data	No data	No data	No data	No data	No data	No data	No data	No data	No data	No data	No data	No data	No data	No data	No data	No data	No data	No data	0	0	0	0.5512799999999999	No data	0.9474903474903476	No data	0	No data	No data	No data	-1	-1
RNF122	0.01905994013583007	No data	0.031352154243066636	No data	No data	No data	No data	No data	No data	No data	No data	No data	No data	No data	No data	No data	No data	No data	No data	No data	No data	No data	0	0	0	0	0	0.8387099999999996	No data	0.0011031439602868787	-0.6131637731199115	0	No data	No data	0	-1	-1
LACC1	0.019059074133506604	No data	0.031350729735002775	No data	No data	No data	No data	No data	No data	No data	No data	No data	No data	No data	No data	No data	No data	No data	No data	No data	No data	No data	0	0	0	0	0	0	No data	0.33072255929398797	-0.2500318922978764	0	No data	No data	No data	-1	0
LGALS8	0.018929009946709277	No data	0.031136784023898308	No data	No data	No data	No data	No data	No data	No data	No data	No data	No data	No data	No data	No data	No data	No data	No data	No data	No data	No data	1	0	1	1	0	0	No data	0.566023166023166	0	0	No data	No data	0	-1	-1
XRCC5	0.018807684260304703	No data	0.03093721248239847	No data	No data	No data	No data	No data	No data	No data	No data	No data	No data	No data	No data	No data	No data	No data	No data	No data	No data	No data	0	0	0	1	0	0	No data	-0.9599558742415886	-0.9494014892212171	-1	No data	No data	0	-1	-1
LMX1B	0.0187932926509451	No data	0.03091353937780146	No data	No data	No data	No data	No data	No data	No data	No data	No data	No data	No data	No data	No data	No data	No data	No data	No data	No data	No data	0	0	0	0	0	0.9129350000000003	No data	-0.785438499724214	-0.9346133131984369	0	No data	No data	-0.11691499999999984	1	0.5
MPP2	0.01877982486918334	No data	0.030891385899453814	No data	No data	No data	No data	No data	No data	No data	No data	No data	No data	No data	No data	No data	No data	No data	No data	No data	No data	No data	0	0	0	0	0	0.8188400000000001	No data	-0.1517926089354661	0	0	No data	No data	-0.2028974999999999	0.5	0
PIK3C2B	0.018762664530614693	No data	0.03086315844554612	No data	No data	No data	No data	No data	No data	No data	No data	No data	No data	No data	No data	No data	No data	No data	No data	No data	No data	No data	0	0	1	1	0	0.6817650000000001	No data	-0.6237175951461666	No data	0	No data	No data	0	-1	0
CMYA5	0.018709764042101912	No data	0.030776141158840777	No data	No data	No data	No data	No data	No data	No data	No data	No data	No data	No data	No data	No data	No data	No data	No data	No data	No data	No data	1	0	0	0	0	0	No data	-0.27600661886376177	-0.9198721246406968	0	No data	No data	0	0.75	0
MAK16	0.018617088025568572	No data	0.030623696148820823	No data	No data	No data	No data	No data	No data	No data	No data	No data	No data	No data	No data	No data	No data	No data	No data	No data	No data	No data	0	0	0	0	0	0.45	No data	-0.8619966905681191	No data	-1	No data	No data	No data	-1	-1
SLC35G2	0.018587580614127356	No data	0.030575158697589297	No data	No data	No data	No data	No data	No data	No data	No data	No data	No data	No data	No data	No data	No data	No data	No data	No data	No data	No data	1	0	0	0	0	0.6116500000000002	No data	0.11318257032542745	No data	0	No data	No data	0	-1	0
SNX20	0.01858288850614902	No data	0.03056744053625125	No data	No data	No data	No data	No data	No data	No data	No data	No data	No data	No data	No data	No data	No data	No data	No data	No data	No data	No data	0	0	0	0	0	0	No data	0.6521787093215665	No data	0	No data	No data	0	0.5	0
CTRL	0.018530084393093543	No data	0.03048058177985508	No data	No data	No data	No data	No data	No data	No data	No data	No data	No data	No data	No data	No data	No data	No data	No data	No data	No data	No data	No data	No data	1	1	0	0.31818000000000024	No data	0.5819084390512963	0	0	No data	No data	0	1	0
AKAP6	0.018528305577510208	No data	0.030477655763291478	No data	No data	No data	No data	No data	No data	No data	No data	No data	No data	No data	No data	No data	No data	No data	No data	No data	No data	No data	0	0	0	0	0	0.04269000000000034	No data	-0.8306674020959736	-0.022023425318627998	0	No data	No data	0	0.5	0