"dataset";"trait";"gene_list";"cluster";"median.genes";"median.umi";"median.score_genetic";"neg.log10.p.val_genetic";"neg.log10.p.val.adj_genetic";"median.score_drugs";"neg.log10.p.val_drugs";"neg.log10.p.val.adj_drugs"
"brain_mouse_10X";"AST";"all_genes";"cluster_0";6595.5;38043.5;-0.0388122295166732;0.014572043987275;0;"-0.0190398318016896";"0.142469723129367";"0"
"brain_mouse_10X";"AST";"all_genes";"cluster_1";5165.5;23182;-0.0366852288844407;0.0214064788923883;0;"0.0365313071226129";"1.00091288598949";"0"
"brain_mouse_10X";"AST";"all_genes";"cluster_2";4805;21052.5;-0.0221117668445294;0.0784609868834463;0;"-0.0158341748350653";"0.178988672229975";"0"
"brain_mouse_10X";"AST";"all_genes";"cluster_3";5370;23638;-0.03069089409084;0.0389072098896374;0;"0.027613410340012";"0.738542654078583";"0"
"brain_mouse_10X";"AST";"all_genes";"cluster_4";5534;25287;-0.0336809581410688;0.0280721508771062;0;"0.000355435847434915";"0.346445045433573";"0"
"brain_mouse_10X";"AST";"all_genes";"cluster_5";6340;32458;-0.0412294256282283;0.0143475675870206;0;"0.00681504677631706";"0.448471453602609";"0"
"brain_mouse_10X";"AST";"all_genes";"cluster_6";4012;15712;-0.0355310182115405;0.0252554950633048;0;"0.0230148686642681";"0.733811730586969";"0"
"brain_mouse_10X";"AST";"all_genes";"cluster_7";6226;30340;-0.0374615209567504;0.0207227298948382;0;"0.0145179730804366";"0.566273593351997";"0"
"brain_mouse_10X";"AST";"all_genes";"cluster_8";6803;36674;-0.0430053952720424;0.011127906764176;0;"0.00541055608880936";"0.413231157833487";"0"
"brain_mouse_10X";"AST";"all_genes";"cluster_9";6377.5;31876;-0.0359921676741796;0.0248414650190103;0;"0.0199924470505511";"0.631942575567511";"0"
"brain_mouse_10X";"AST";"all_genes";"cluster_10";6103;31806;-0.0342006761707762;0.0288139800006215;0;"0.0215774069266528";"0.658411091498808";"0"
"brain_mouse_10X";"AST";"all_genes";"cluster_11";6988;41195;-0.0386848122699346;0.0175460580791502;0;"0.0254024846978758";"0.735934270971054";"0"
"brain_mouse_10X";"AST";"all_genes";"cluster_12";7771;56006;-0.0411161991860951;0.0122431415249902;0;"-0.0180442068971932";"0.157559002865293";"0"
"brain_mouse_10X";"AST";"all_genes";"cluster_13";6581.5;35309.5;-0.0413301254420018;0.0120645114013806;0;"-0.000717564437253682";"0.327299228970264";"0"
"brain_mouse_10X";"AST";"all_genes";"cluster_14";5770;26893;-0.0223214829635915;0.0704712482003127;0;"-0.0114166813409752";"0.207371638135295";"0"
"brain_mouse_10X";"AST";"all_genes";"cluster_15";8086;60122;-0.0511968435520322;0.00577027830369229;0;"0.00128983954819994";"0.339652328874396";"0"
"brain_mouse_10X";"AST";"all_genes";"cluster_16";8319;66466;-0.0559547049978978;0.0038383210985382;0;"0.0265850356650382";"0.629715419497352";"0"
"brain_mouse_10X";"AST";"all_genes";"cluster_17";7644.5;50543;-0.00750498643686079;0.202152944218514;0;"-0.171283976033032";"0";"0"
"brain_mouse_10X";"AST";"all_genes";"cluster_18";9295.5;79652.5;-0.0352132721014892;0.0288603864207012;0;"-0.0525691836804074";"0.0336670041879397";"0"
"brain_mouse_10X";"BRD";"all_genes";"cluster_0";6595.5;38043.5;-0.0411288836655586;0.00926073547372482;0;"-0.0143703790478855";"0.178660927529564";"0"
"brain_mouse_10X";"BRD";"all_genes";"cluster_1";5165.5;23182;-0.0363637791928384;0.0189500041309329;0;"0.0353145064564402";"0.973918910531412";"0"
"brain_mouse_10X";"BRD";"all_genes";"cluster_2";4805;21052.5;-0.023547789683171;0.0654439890587896;0;"-0.0188916320121839";"0.158433715108427";"0"
"brain_mouse_10X";"BRD";"all_genes";"cluster_3";5370;23638;-0.0314049689649276;0.0350770524457647;0;"0.024216158473965";"0.683234675223841";"0"
"brain_mouse_10X";"BRD";"all_genes";"cluster_4";5534;25287;-0.0351496361708599;0.0217715856662275;0;"0.00208589677457938";"0.37226805204756";"0"
"brain_mouse_10X";"BRD";"all_genes";"cluster_5";6340;32458;-0.0439772559819648;0.0084186927428573;0;"0.00372867870282945";"0.395385455228992";"0"
"brain_mouse_10X";"BRD";"all_genes";"cluster_6";4012;15712;-0.0356824143832771;0.0215433579654035;0;"0.0182366367657665";"0.642489707533781";"0"
"brain_mouse_10X";"BRD";"all_genes";"cluster_7";6226;30340;-0.0382364516270925;0.0158763001298745;0;"0.0147665528941604";"0.563086096607413";"0"
"brain_mouse_10X";"BRD";"all_genes";"cluster_8";6803;36674;-0.0446746656653307;0.00797616724919593;0;"0.00334422055548561";"0.381263402770648";"0"
"brain_mouse_10X";"BRD";"all_genes";"cluster_9";6377.5;31876;-0.0396768064858492;0.0152011958715867;0;"0.0181732783287313";"0.5991602117285";"0"
"brain_mouse_10X";"BRD";"all_genes";"cluster_10";6103;31806;-0.0347770881821202;0.0242441175974552;0;"0.0167015031870368";"0.577453587425381";"0"
"brain_mouse_10X";"BRD";"all_genes";"cluster_11";6988;41195;-0.0417685796756585;0.0104156565317117;0;"0.0259364593518153";"0.747190396296969";"0"
"brain_mouse_10X";"BRD";"all_genes";"cluster_12";7771;56006;-0.04453469104777;0.00678359584012584;0;"-0.011536344300084";"0.209899062233962";"0"
"brain_mouse_10X";"BRD";"all_genes";"cluster_13";6581.5;35309.5;-0.0441399517289618;0.00722490721018311;0;"0.0142519221415375";"0.538845138654369";"0"
"brain_mouse_10X";"BRD";"all_genes";"cluster_14";5770;26893;-0.0249123953023868;0.0534929167070075;0;"-0.010788168637841";"0.21350494677906";"0"
"brain_mouse_10X";"BRD";"all_genes";"cluster_15";8086;60122;-0.0551325814791072;0.00287555583102871;0;"0.00530837722613475";"0.383252940947147";"0"
"brain_mouse_10X";"BRD";"all_genes";"cluster_16";8319;66466;-0.0560996699324579;0.00326915641555811;0;"0.0203979691612776";"0.551337107371783";"0"
"brain_mouse_10X";"BRD";"all_genes";"cluster_17";7644.5;50543;-0.0100808689600973;0.166641298045004;0;"-0.16257805251441";"0";"0"
"brain_mouse_10X";"BRD";"all_genes";"cluster_18";9295.5;79652.5;-0.0410650917082077;0.0143924535859136;0;"-0.0456665566470324";"0.0470573620798072";"0"
"brain_mouse_10X";"CAD";"all_genes";"cluster_0";6595.5;38043.5;-0.0299268029454609;0.0382427880851841;0;"0.398180738042137";"4.00004342727686";"2.72128982632403"
"brain_mouse_10X";"CAD";"all_genes";"cluster_1";5165.5;23182;-0.0229878121922351;0.0708800440717983;0;"0.410997043673386";"4.00004342727686";"2.72128982632403"
"brain_mouse_10X";"CAD";"all_genes";"cluster_2";4805;21052.5;-0.0069705656350533;0.214856007247501;0;"0.325855696681246";"4.00004342727686";"2.72128982632403"
"brain_mouse_10X";"CAD";"all_genes";"cluster_3";5370;23638;-0.00605179882721385;0.22538050473904;0;"0.424476805067867";"4.00004342727686";"2.72128982632403"
"brain_mouse_10X";"CAD";"all_genes";"cluster_4";5534;25287;-0.0193015476857797;0.0968448802338843;0;"0.405630721225782";"4.00004342727686";"2.72128982632403"
"brain_mouse_10X";"CAD";"all_genes";"cluster_5";6340;32458;-0.0313654424698256;0.0386697996820616;0;"0.421944231837892";"4.00004342727686";"2.72128982632403"
"brain_mouse_10X";"CAD";"all_genes";"cluster_6";4012;15712;-0.0216648177597419;0.0822754248291063;0;"0.433864131802976";"4.00004342727686";"2.72128982632403"
"brain_mouse_10X";"CAD";"all_genes";"cluster_7";6226;30340;-0.0315753433846833;0.035359612300822;0;"0.410680808696949";"4.00004342727686";"2.72128982632403"
"brain_mouse_10X";"CAD";"all_genes";"cluster_8";6803;36674;-0.036484982640196;0.0249334375907016;0;"0.408959568804824";"4.00004342727686";"2.72128982632403"
"brain_mouse_10X";"CAD";"all_genes";"cluster_9";6377.5;31876;-0.0331098949867834;0.0333855430751048;0;"0.404386425231508";"4.00004342727686";"2.72128982632403"
"brain_mouse_10X";"CAD";"all_genes";"cluster_10";6103;31806;-0.0259436789889936;0.0623249836595987;0;"0.406403596866282";"4.00004342727686";"2.72128982632403"
"brain_mouse_10X";"CAD";"all_genes";"cluster_11";6988;41195;-0.0302948573928834;0.0410020349557691;0;"0.413138264132525";"4.00004342727686";"2.72128982632403"
"brain_mouse_10X";"CAD";"all_genes";"cluster_12";7771;56006;-0.0375145102110445;0.0194492715006425;0;"0.412023542749987";"4.00004342727686";"2.72128982632403"
"brain_mouse_10X";"CAD";"all_genes";"cluster_13";6581.5;35309.5;-0.0301936306387733;0.0386697996820616;0;"0.418206597847527";"4.00004342727686";"2.72128982632403"
"brain_mouse_10X";"CAD";"all_genes";"cluster_14";5770;26893;0.0107545160871464;0.5053324020716;0;"0.372300485344313";"4.00004342727686";"2.72128982632403"
"brain_mouse_10X";"CAD";"all_genes";"cluster_15";8086;60122;-0.0390420685971447;0.0224112620308631;0;"0.430704202235293";"4.00004342727686";"2.72128982632403"
"brain_mouse_10X";"CAD";"all_genes";"cluster_16";8319;66466;-0.0416696809859548;0.0200400556931164;0;"0.449691710836089";"4.00004342727686";"2.72128982632403"
"brain_mouse_10X";"CAD";"all_genes";"cluster_17";7644.5;50543;0.0185359629157532;0.691265653612142;0;"0.288751483196925";"4.00004342727686";"2.72128982632403"
"brain_mouse_10X";"CAD";"all_genes";"cluster_18";9295.5;79652.5;-0.0187738184597148;0.110125743840657;0;"0.387465404839265";"4.00004342727686";"2.72128982632403"
"brain_mouse_10X";"CD";"all_genes";"cluster_0";6595.5;38043.5;0.000390888305945275;0.321616104842996;0;"-0.0622407660361526";"0.00252598786213781";"0"
"brain_mouse_10X";"CD";"all_genes";"cluster_1";5165.5;23182;0.00673701391419645;0.411323647676806;0;"-0.00273326381492053";"0.316186221876516";"0"
"brain_mouse_10X";"CD";"all_genes";"cluster_2";4805;21052.5;0.0201081088239762;0.658015739189391;0;"-0.0406593596891948";"0.0470089700265059";"0"
"brain_mouse_10X";"CD";"all_genes";"cluster_3";5370;23638;0.00844029339588409;0.434195608603345;0;"-0.0586176211356997";"0.00629867072240032";"0"
"brain_mouse_10X";"CD";"all_genes";"cluster_4";5534;25287;0.00929130916811222;0.454241670117586;0;"-0.0627502529118406";"0.00134826896520693";"0"
"brain_mouse_10X";"CD";"all_genes";"cluster_5";6340;32458;0.00662563064279198;0.409535965268279;0;"-0.0153132952558521";"0.167726157354601";"0"
"brain_mouse_10X";"CD";"all_genes";"cluster_6";4012;15712;0.0158393266669205;0.566273593351997;0;"-0.020625836803691";"0.122269077285465";"0"
"brain_mouse_10X";"CD";"all_genes";"cluster_7";6226;30340;0.00313399087108313;0.356097514528796;0;"0.000317977298091798";"0.34915334942055";"0"
"brain_mouse_10X";"CD";"all_genes";"cluster_8";6803;36674;4.11541664835924e-05;0.313228472769546;0;"-0.00121560040674012";"0.321889389266425";"0"
"brain_mouse_10X";"CD";"all_genes";"cluster_9";6377.5;31876;0.00567430030747518;0.393662062166258;0;"0.00382309215566029";"0.39280292344512";"0"
"brain_mouse_10X";"CD";"all_genes";"cluster_10";6103;31806;0.000898102031497677;0.325917444534154;0;"-0.0572500104297908";"0.00506675362717158";"0"
"brain_mouse_10X";"CD";"all_genes";"cluster_11";6988;41195;0.00310184460488006;0.359959695903742;0;"0.0110788664049344";"0.498984165059111";"0"
"brain_mouse_10X";"CD";"all_genes";"cluster_12";7771;56006;-0.00676809771696429;0.229780689106269;0;"-0.0400475985520743";"0.0419097516006273";"0"
"brain_mouse_10X";"CD";"all_genes";"cluster_13";6581.5;35309.5;-0.00271968925694477;0.274785360916902;0;"0.0194329759461321";"0.62953033767827";"0"
"brain_mouse_10X";"CD";"all_genes";"cluster_14";5770;26893;0.0314788811130885;0.96142326532716;0;"-0.0528235187151206";"0.00775507347977023";"0"
"brain_mouse_10X";"CD";"all_genes";"cluster_15";8086;60122;0.00901961400933982;0.440855238272087;0;"-0.016058618449335";"0.1847978353603";"0"
"brain_mouse_10X";"CD";"all_genes";"cluster_16";8319;66466;-0.0012167288232251;0.290519071400522;0;"0.0352424370093672";"0.752561166599808";"0"
"brain_mouse_10X";"CD";"all_genes";"cluster_17";7644.5;50543;0.0115401132464427;0.499532516750526;0;"-0.13161787251455";"8.68588966701944e-05";"0"
"brain_mouse_10X";"CD";"all_genes";"cluster_18";9295.5;79652.5;0.0130579591556247;0.508541661039536;0;"0.00965087814018872";"0.422896442449338";"0"
"brain_mouse_10X";"CHD";"all_genes";"cluster_0";6595.5;38043.5;-0.0394505000447487;0.0274240882172392;0;"-0.0133154769234025";"0.198914239697159";"0"
"brain_mouse_10X";"CHD";"all_genes";"cluster_1";5165.5;23182;-0.00605513514796577;0.262532736603386;0;"0.106760283311429";"2.25185540027066";"0.973101799317833"
"brain_mouse_10X";"CHD";"all_genes";"cluster_2";4805;21052.5;-0.0394858607799181;0.0385748719260763;0;"-0.0834451514069384";"0.00165329695881497";"0"
"brain_mouse_10X";"CHD";"all_genes";"cluster_3";5370;23638;-0.000609797809306201;0.323532716994309;0;"0.0666757608227122";"1.33917794927299";"0.0604243483201645"
"brain_mouse_10X";"CHD";"all_genes";"cluster_4";5534;25287;-0.0273238181879183;0.0758158460167449;0;"-0.0174128383886589";"0.153953846918879";"0"
"brain_mouse_10X";"CHD";"all_genes";"cluster_5";6340;32458;-0.0138955638273901;0.176895367466169;0;"0.0546771068722938";"1.26285078457213";"0"
"brain_mouse_10X";"CHD";"all_genes";"cluster_6";4012;15712;-0.0102363690033219;0.218144507925714;0;"0.073680305285925";"1.59180346196501";"0.313049861012184"
"brain_mouse_10X";"CHD";"all_genes";"cluster_7";6226;30340;0.00218537083789616;0.361654019611527;0;"0.112640216398106";"2.25185540027066";"0.973101799317833"
"brain_mouse_10X";"CHD";"all_genes";"cluster_8";6803;36674;-0.0185969082477999;0.136601598663154;0;"0.0599401254441464";"1.32518228653905";"0.0464286855862221"
"brain_mouse_10X";"CHD";"all_genes";"cluster_9";6377.5;31876;-0.00981761826311423;0.220735599693277;0;"0.0864553885186912";"1.75949417899426";"0.480740578041434"
"brain_mouse_10X";"CHD";"all_genes";"cluster_10";6103;31806;-0.0248692724573074;0.0950034992006511;0;"0.017767240865518";"0.590110303945568";"0"
"brain_mouse_10X";"CHD";"all_genes";"cluster_11";6988;41195;-0.00755583954731098;0.241282883366883;0;"0.113954376615287";"2.29247325117893";"1.0137196502261"
"brain_mouse_10X";"CHD";"all_genes";"cluster_12";7771;56006;-0.0203879195994142;0.128178725188668;0;"0.0672725780327896";"1.28739372564965";"0.00864012469682238"
"brain_mouse_10X";"CHD";"all_genes";"cluster_13";6581.5;35309.5;4.59152562417575e-05;0.333993688796347;0;"0.0428831587978073";"0.996582895167356";"0"
"brain_mouse_10X";"CHD";"all_genes";"cluster_14";5770;26893;0.00515576032245413;0.402019354942673;0;"-0.00575928261480607";"0.26942262938958";"0"
"brain_mouse_10X";"CHD";"all_genes";"cluster_15";8086;60122;0.0148697933762829;0.520036484319712;0;"0.0902389375679026";"1.6478609091655";"0.369107308212671"
"brain_mouse_10X";"CHD";"all_genes";"cluster_16";8319;66466;-0.00843625137063342;0.240677805620934;0;"0.208851289778545";"4.00004342727686";"2.72128982632403"
"brain_mouse_10X";"CHD";"all_genes";"cluster_17";7644.5;50543;0.0186025367529574;0.550102438503525;0;"-0.246851239275113";"0";"0"
"brain_mouse_10X";"CHD";"all_genes";"cluster_18";9295.5;79652.5;-0.0107160911493333;0.217857560784846;0;"0.116989738482423";"1.99572205349422";"0.716968452541391"
"brain_mouse_10X";"CHOL";"all_genes";"cluster_0";6595.5;38043.5;0.00122254177470926;0.324631733561999;0;"N/A";"N/A";"N/A"
"brain_mouse_10X";"CHOL";"all_genes";"cluster_1";5165.5;23182;0.00715116930268514;0.435377363024773;0;"N/A";"N/A";"N/A"
"brain_mouse_10X";"CHOL";"all_genes";"cluster_2";4805;21052.5;0.0166064947380294;0.658015739189391;0;"N/A";"N/A";"N/A"
"brain_mouse_10X";"CHOL";"all_genes";"cluster_3";5370;23638;0.0145006423830241;0.593332968667073;0;"N/A";"N/A";"N/A"
"brain_mouse_10X";"CHOL";"all_genes";"cluster_4";5534;25287;0.0133499817189223;0.581576406330262;0;"N/A";"N/A";"N/A"
"brain_mouse_10X";"CHOL";"all_genes";"cluster_5";6340;32458;0.00771464190396609;0.44398226826733;0;"N/A";"N/A";"N/A"
"brain_mouse_10X";"CHOL";"all_genes";"cluster_6";4012;15712;0.003427768839037;0.357974799935359;0;"N/A";"N/A";"N/A"
"brain_mouse_10X";"CHOL";"all_genes";"cluster_7";6226;30340;0.00753708910489193;0.435259042772876;0;"N/A";"N/A";"N/A"
"brain_mouse_10X";"CHOL";"all_genes";"cluster_8";6803;36674;0.00470644117171495;0.381681496166984;0;"N/A";"N/A";"N/A"
"brain_mouse_10X";"CHOL";"all_genes";"cluster_9";6377.5;31876;0.00760989590204572;0.435614100278879;0;"N/A";"N/A";"N/A"
"brain_mouse_10X";"CHOL";"all_genes";"cluster_10";6103;31806;0.0102230905575076;0.502422777495575;0;"N/A";"N/A";"N/A"
"brain_mouse_10X";"CHOL";"all_genes";"cluster_11";6988;41195;0.00642861987838195;0.424624636062503;0;"N/A";"N/A";"N/A"
"brain_mouse_10X";"CHOL";"all_genes";"cluster_12";7771;56006;-0.00397346463495551;0.241737245551556;0;"N/A";"N/A";"N/A"
"brain_mouse_10X";"CHOL";"all_genes";"cluster_13";6581.5;35309.5;0.00319635723523407;0.358470174098687;0;"N/A";"N/A";"N/A"
"brain_mouse_10X";"CHOL";"all_genes";"cluster_14";5770;26893;0.0222957560765255;0.852676319483076;0;"N/A";"N/A";"N/A"
"brain_mouse_10X";"CHOL";"all_genes";"cluster_15";8086;60122;0.0102604799245337;0.488026457780736;0;"N/A";"N/A";"N/A"
"brain_mouse_10X";"CHOL";"all_genes";"cluster_16";8319;66466;0.00594267087935818;0.405761398465057;0;"N/A";"N/A";"N/A"
"brain_mouse_10X";"CHOL";"all_genes";"cluster_17";7644.5;50543;0.0175932486098935;0.723581623103619;0;"N/A";"N/A";"N/A"
"brain_mouse_10X";"CHOL";"all_genes";"cluster_18";9295.5;79652.5;0.00138162813496417;0.325090479228297;0;"N/A";"N/A";"N/A"
"brain_mouse_10X";"CIRR";"all_genes";"cluster_0";6595.5;38043.5;-0.0187117535260397;0.136601598663154;0;"0.0115082045285146";"0.505054453593694";"0"
"brain_mouse_10X";"CIRR";"all_genes";"cluster_1";5165.5;23182;-0.00878487564808877;0.233630580164463;0;"0.0647186751372446";"1.54367739414782";"0.264923793194991"
"brain_mouse_10X";"CIRR";"all_genes";"cluster_2";4805;21052.5;-0.00313024847669435;0.292047680853934;0;"-0.0214224455801428";"0.143012629004239";"0"
"brain_mouse_10X";"CIRR";"all_genes";"cluster_3";5370;23638;0.0179861887366752;0.594014482313248;0;"0.0560487315278432";"1.24493116088179";"0"
"brain_mouse_10X";"CIRR";"all_genes";"cluster_4";5534;25287;-0.00754184497185989;0.244625964465926;0;"0.0130760420169224";"0.537346019175146";"0"
"brain_mouse_10X";"CIRR";"all_genes";"cluster_5";6340;32458;0.00371821295416375;0.390129017190865;0;"0.0405989365659326";"1.03767409160684";"0"
"brain_mouse_10X";"CIRR";"all_genes";"cluster_6";4012;15712;-0.0011506213582384;0.326193449933913;0;"0.0386449142571856";"1.0232350899388";"0"
"brain_mouse_10X";"CIRR";"all_genes";"cluster_7";6226;30340;-0.00162592227416897;0.315377563251002;0;"0.0487857400660909";"1.18646243870867";"0"
"brain_mouse_10X";"CIRR";"all_genes";"cluster_8";6803;36674;0.00286885430429529;0.37226805204756;0;"0.0442078105104027";"1.09102257306571";"0"
"brain_mouse_10X";"CIRR";"all_genes";"cluster_9";6377.5;31876;0.00210578847291704;0.357776808374189;0;"0.0550654398049055";"1.27988412387091";"0.00113052291807687"
"brain_mouse_10X";"CIRR";"all_genes";"cluster_10";6103;31806;-0.0178218468271528;0.146832092773546;0;"0.0536743720288815";"1.23586729488653";"0"
"brain_mouse_10X";"CIRR";"all_genes";"cluster_11";6988;41195;-0.010509316138663;0.209899062233962;0;"0.0878570088207842";"1.92449646588433";"0.645742864931503"
"brain_mouse_10X";"CIRR";"all_genes";"cluster_12";7771;56006;-0.0254847893751974;0.0968448802338843;0;"0.0453321243277883";"0.997013956723245";"0"
"brain_mouse_10X";"CIRR";"all_genes";"cluster_13";6581.5;35309.5;-0.0106652168381518;0.207932018189694;0;"0.0680499483677558";"1.51432200079528";"0.235568399842454"
"brain_mouse_10X";"CIRR";"all_genes";"cluster_14";5770;26893;-0.00264295424808203;0.294778564959458;0;"0.0248432802055759";"0.697929050320662";"0"
"brain_mouse_10X";"CIRR";"all_genes";"cluster_15";8086;60122;-0.00316802160823659;0.289418412216066;0;"0.0246007534061802";"0.636995832755769";"0"
"brain_mouse_10X";"CIRR";"all_genes";"cluster_16";8319;66466;-0.0392383835384574;0.0605241746582441;0;"0.0646618212581705";"1.24569509156584";"0"
"brain_mouse_10X";"CIRR";"all_genes";"cluster_17";7644.5;50543;0.0549623137359337;1.09913035953919;0;"-0.141406678558334";"0";"0"
"brain_mouse_10X";"CIRR";"all_genes";"cluster_18";9295.5;79652.5;-0.0524595038145818;0.0245656641109881;0;"-0.0109390134651871";"0.226110779809217";"0"
"brain_mouse_10X";"CKD";"all_genes";"cluster_0";6595.5;38043.5;0.0307252073934439;0.841680935181613;0;"0.410532606536818";"4.00004342727686";"2.72128982632403"
"brain_mouse_10X";"CKD";"all_genes";"cluster_1";5165.5;23182;0.0545057690126442;1.41345612260511;0.134702521652279;"0.407972103984687";"4.00004342727686";"2.72128982632403"
"brain_mouse_10X";"CKD";"all_genes";"cluster_2";4805;21052.5;0.0709677756155947;1.62713142430676;0.348377823353927;"0.341871829089504";"4.00004342727686";"2.72128982632403"
"brain_mouse_10X";"CKD";"all_genes";"cluster_3";5370;23638;0.0523280111263983;1.26126286879249;0;"0.423265431077524";"4.00004342727686";"2.72128982632403"
"brain_mouse_10X";"CKD";"all_genes";"cluster_4";5534;25287;0.0547932444311819;1.36657497169728;0.0878213707444472;"0.413440806740253";"4.00004342727686";"2.72128982632403"
"brain_mouse_10X";"CKD";"all_genes";"cluster_5";6340;32458;0.0356658327709639;0.955503666884452;0;"0.411419712993079";"4.00004342727686";"2.72128982632403"
"brain_mouse_10X";"CKD";"all_genes";"cluster_6";4012;15712;0.064535124196877;1.60384408018113;0.325090479228297;"0.43193405655249";"4.00004342727686";"2.72128982632403"
"brain_mouse_10X";"CKD";"all_genes";"cluster_7";6226;30340;0.0416901419976656;1.08253791772432;0;"0.395712708743787";"4.00004342727686";"2.72128982632403"
"brain_mouse_10X";"CKD";"all_genes";"cluster_8";6803;36674;0.0411170810302011;1.05211980744514;0;"0.396065240538388";"4.00004342727686";"2.72128982632403"
"brain_mouse_10X";"CKD";"all_genes";"cluster_9";6377.5;31876;0.0422435688822432;1.05359116226379;0;"0.390963262607734";"4.00004342727686";"2.72128982632403"
"brain_mouse_10X";"CKD";"all_genes";"cluster_10";6103;31806;0.0418655397846425;1.04725098423277;0;"0.418485017899612";"4.00004342727686";"2.72128982632403"
"brain_mouse_10X";"CKD";"all_genes";"cluster_11";6988;41195;0.0424003971335033;1.07164757502015;0;"0.404532593485065";"4.00004342727686";"2.72128982632403"
"brain_mouse_10X";"CKD";"all_genes";"cluster_12";7771;56006;0.0156593996597165;0.555998631358786;0;"0.428159089322156";"4.00004342727686";"2.72128982632403"
"brain_mouse_10X";"CKD";"all_genes";"cluster_13";6581.5;35309.5;0.0619640834840042;1.50173287348726;0.222979272534433;"0.434069362050795";"4.00004342727686";"2.72128982632403"
"brain_mouse_10X";"CKD";"all_genes";"cluster_14";5770;26893;0.101948129902355;2.50868173344259;1.22992813248976;"0.387531727765595";"4.00004342727686";"2.72128982632403"
"brain_mouse_10X";"CKD";"all_genes";"cluster_15";8086;60122;0.0342502219334253;0.830662931964913;0;"0.412877807303803";"4.00004342727686";"2.72128982632403"
"brain_mouse_10X";"CKD";"all_genes";"cluster_16";8319;66466;0.0400016423874955;0.885432443044689;0;"0.423253553467505";"4.00004342727686";"2.72128982632403"
"brain_mouse_10X";"CKD";"all_genes";"cluster_17";7644.5;50543;0.121012505471199;2.63831559125927;1.35956199030644;"0.333658615432843";"4.00004342727686";"2.72128982632403"
"brain_mouse_10X";"CKD";"all_genes";"cluster_18";9295.5;79652.5;0.0389605477498922;0.882109592237221;0;"0.366235587579533";"4.00004342727686";"2.72128982632403"
"brain_mouse_10X";"COPD";"all_genes";"cluster_0";6595.5;38043.5;-0.0326478799894389;0.0453186362977997;0;"0.506536217204295";"4.00004342727686";"2.72128982632403"
"brain_mouse_10X";"COPD";"all_genes";"cluster_1";5165.5;23182;-0.0302426440346021;0.0569943162684558;0;"0.493787344697737";"4.00004342727686";"2.72128982632403"
"brain_mouse_10X";"COPD";"all_genes";"cluster_2";4805;21052.5;-0.0153074343469441;0.157184664831569;0;"0.437335776112569";"4.00004342727686";"2.72128982632403"
"brain_mouse_10X";"COPD";"all_genes";"cluster_3";5370;23638;-0.0123255109107067;0.183272014943516;0;"0.518531766325863";"4.00004342727686";"2.72128982632403"
"brain_mouse_10X";"COPD";"all_genes";"cluster_4";5534;25287;-0.0263695647837643;0.0762814664481624;0;"0.52205994647697";"4.00004342727686";"2.72128982632403"
"brain_mouse_10X";"COPD";"all_genes";"cluster_5";6340;32458;-0.0382996702350669;0.0311403969730345;0;"0.505986752086156";"4.00004342727686";"2.72128982632403"
"brain_mouse_10X";"COPD";"all_genes";"cluster_6";4012;15712;-0.0264212052199239;0.0777332640624668;0;"0.533391208248731";"4.00004342727686";"2.72128982632403"
"brain_mouse_10X";"COPD";"all_genes";"cluster_7";6226;30340;-0.0320631003431617;0.0520708480310826;0;"0.478093187445964";"4.00004342727686";"2.72128982632403"
"brain_mouse_10X";"COPD";"all_genes";"cluster_8";6803;36674;-0.0333287331717129;0.0488030769525223;0;"0.480934141831044";"4.00004342727686";"2.72128982632403"
"brain_mouse_10X";"COPD";"all_genes";"cluster_9";6377.5;31876;-0.0354986677539844;0.0416228992243445;0;"0.477107725332978";"4.00004342727686";"2.72128982632403"
"brain_mouse_10X";"COPD";"all_genes";"cluster_10";6103;31806;-0.0199208408861427;0.120603461281646;0;"0.504111485488681";"4.00004342727686";"2.72128982632403"
"brain_mouse_10X";"COPD";"all_genes";"cluster_11";6988;41195;-0.0437421934933186;0.0186779181983183;0;"0.494744434297281";"4.00004342727686";"2.72128982632403"
"brain_mouse_10X";"COPD";"all_genes";"cluster_12";7771;56006;-0.030523861904586;0.0566478507679082;0;"0.506561512195937";"4.00004342727686";"2.72128982632403"
"brain_mouse_10X";"COPD";"all_genes";"cluster_13";6581.5;35309.5;-0.032050004985139;0.0509463021639468;0;"0.505327963826179";"4.00004342727686";"2.72128982632403"
"brain_mouse_10X";"COPD";"all_genes";"cluster_14";5770;26893;0.00164429095866647;0.340032205987532;0;"0.475246396151024";"4.00004342727686";"2.72128982632403"
"brain_mouse_10X";"COPD";"all_genes";"cluster_15";8086;60122;-0.0426262437013356;0.027794291314267;0;"0.502143672478312";"4.00004342727686";"2.72128982632403"
"brain_mouse_10X";"COPD";"all_genes";"cluster_16";8319;66466;-0.0609950306563221;0.00616651233565146;0;"0.529815832293085";"4.00004342727686";"2.72128982632403"
"brain_mouse_10X";"COPD";"all_genes";"cluster_17";7644.5;50543;-0.00117694071026173;0.302116982470358;0;"0.481641048220458";"4.00004342727686";"2.72128982632403"
"brain_mouse_10X";"COPD";"all_genes";"cluster_18";9295.5;79652.5;-0.0464252908070002;0.0215433579654035;0;"0.45042628584681";"4.00004342727686";"2.72128982632403"
"brain_mouse_10X";"IBD";"all_genes";"cluster_0";6595.5;38043.5;-0.00466042486656104;0.226183874900176;0;"0.347820409139256";"4.00004342727686";"2.72128982632403"
"brain_mouse_10X";"IBD";"all_genes";"cluster_1";5165.5;23182;0.00575058590963543;0.408978820250363;0;"0.381090992418372";"4.00004342727686";"2.72128982632403"
"brain_mouse_10X";"IBD";"all_genes";"cluster_2";4805;21052.5;0.0132836046438667;0.587246998560319;0;"0.301588524565058";"4.00004342727686";"2.72128982632403"
"brain_mouse_10X";"IBD";"all_genes";"cluster_3";5370;23638;0.00810929667789062;0.455355404974185;0;"0.396261643187838";"4.00004342727686";"2.72128982632403"
"brain_mouse_10X";"IBD";"all_genes";"cluster_4";5534;25287;0.00118012566761078;0.320070732999444;0;"0.355150129898289";"4.00004342727686";"2.72128982632403"
"brain_mouse_10X";"IBD";"all_genes";"cluster_5";6340;32458;0.0033248137880198;0.358073829574803;0;"0.388858823338031";"4.00004342727686";"2.72128982632403"
"brain_mouse_10X";"IBD";"all_genes";"cluster_6";4012;15712;0.00973669926886955;0.495980544598171;0;"0.405355042818898";"4.00004342727686";"2.72128982632403"
"brain_mouse_10X";"IBD";"all_genes";"cluster_7";6226;30340;0.000697962999012314;0.313228472769546;0;"0.385693590822021";"4.00004342727686";"2.72128982632403"
"brain_mouse_10X";"IBD";"all_genes";"cluster_8";6803;36674;0.000661726521333394;0.311979730330518;0;"0.383551232077653";"4.00004342727686";"2.72128982632403"
"brain_mouse_10X";"IBD";"all_genes";"cluster_9";6377.5;31876;0.00610453591121696;0.409424479070285;0;"0.375371124939776";"4.00004342727686";"2.72128982632403"
"brain_mouse_10X";"IBD";"all_genes";"cluster_10";6103;31806;0.00295921942564106;0.350221964052297;0;"0.363584457059814";"4.00004342727686";"2.72128982632403"
"brain_mouse_10X";"IBD";"all_genes";"cluster_11";6988;41195;-0.000265317117281949;0.299339710131843;0;"0.384191514882303";"4.00004342727686";"2.72128982632403"
"brain_mouse_10X";"IBD";"all_genes";"cluster_12";7771;56006;-0.00720086118135732;0.19495054893419;0;"0.357918167283265";"4.00004342727686";"2.72128982632403"
"brain_mouse_10X";"IBD";"all_genes";"cluster_13";6581.5;35309.5;-0.00793375592168105;0.188401405823712;0;"0.397799201594411";"4.00004342727686";"2.72128982632403"
"brain_mouse_10X";"IBD";"all_genes";"cluster_14";5770;26893;0.0206423262291264;0.825983619551837;0;"0.336844659910174";"4.00004342727686";"2.72128982632403"
"brain_mouse_10X";"IBD";"all_genes";"cluster_15";8086;60122;0.00564769882735217;0.399070531590114;0;"0.420285072231443";"4.00004342727686";"2.72128982632403"
"brain_mouse_10X";"IBD";"all_genes";"cluster_16";8319;66466;-0.00109156499414187;0.290095410766102;0;"0.449690884804459";"4.00004342727686";"2.72128982632403"
"brain_mouse_10X";"IBD";"all_genes";"cluster_17";7644.5;50543;-0.00435457547544224;0.231997613174446;0;"0.27101340043125";"4.00004342727686";"2.72128982632403"
"brain_mouse_10X";"IBD";"all_genes";"cluster_18";9295.5;79652.5;0.00913326408404391;0.471126726999208;0;"0.369886489554132";"4.00004342727686";"2.72128982632403"
"brain_mouse_10X";"IKD";"all_genes";"cluster_0";6595.5;38043.5;-0.0431965012553596;0.0120645114013806;0;"0.929753889275594";"4.00004342727686";"2.72128982632403"
"brain_mouse_10X";"IKD";"all_genes";"cluster_1";5165.5;23182;-0.053643581223568;0.00283184444435768;0;"0.836125178777998";"4.00004342727686";"2.72128982632403"
"brain_mouse_10X";"IKD";"all_genes";"cluster_2";4805;21052.5;-0.0265759601362451;0.0640829582876962;0;"0.873790896444961";"4.00004342727686";"2.72128982632403"
"brain_mouse_10X";"IKD";"all_genes";"cluster_3";5370;23638;-0.0441109872136722;0.0139438022217331;0;"0.815766195510987";"4.00004342727686";"2.72128982632403"
"brain_mouse_10X";"IKD";"all_genes";"cluster_4";5534;25287;-0.0438458465494321;0.0119752238842274;0;"0.880463370681642";"4.00004342727686";"2.72128982632403"
"brain_mouse_10X";"IKD";"all_genes";"cluster_5";6340;32458;-0.0679804965852028;0.000347539866023441;0;"0.827048020361855";"4.00004342727686";"2.72128982632403"
"brain_mouse_10X";"IKD";"all_genes";"cluster_6";4012;15712;-0.0446713794326851;0.0122431415249902;0;"0.89579319139928";"4.00004342727686";"2.72128982632403"
"brain_mouse_10X";"IKD";"all_genes";"cluster_7";6226;30340;-0.0660281514609899;0.000564893597552516;0;"0.81449536589441";"4.00004342727686";"2.72128982632403"
"brain_mouse_10X";"IKD";"all_genes";"cluster_8";6803;36674;-0.0712589701894714;0.000304082170294646;0;"0.82495465475792";"4.00004342727686";"2.72128982632403"
"brain_mouse_10X";"IKD";"all_genes";"cluster_9";6377.5;31876;-0.074261517608131;0.00021717982245024;0;"0.804859416791566";"4.00004342727686";"2.72128982632403"
"brain_mouse_10X";"IKD";"all_genes";"cluster_10";6103;31806;-0.0556688486584956;0.00340043592139018;0;"0.854160254886809";"4.00004342727686";"2.72128982632403"
"brain_mouse_10X";"IKD";"all_genes";"cluster_11";6988;41195;-0.0644171502339574;0.000564893597552516;0;"0.836158349757061";"4.00004342727686";"2.72128982632403"
"brain_mouse_10X";"IKD";"all_genes";"cluster_12";7771;56006;-0.056896478348529;0.0020894232074597;0;"0.900815129526929";"4.00004342727686";"2.72128982632403"
"brain_mouse_10X";"IKD";"all_genes";"cluster_13";6581.5;35309.5;-0.0608928475154942;0.000912885989491567;0;"0.899689194396611";"4.00004342727686";"2.72128982632403"
"brain_mouse_10X";"IKD";"all_genes";"cluster_14";5770;26893;-0.00388091571201138;0.254890532199962;0;"0.871540900559348";"4.00004342727686";"2.72128982632403"
"brain_mouse_10X";"IKD";"all_genes";"cluster_15";8086;60122;-0.0672329902571476;0.000651865557771749;0;"0.799219037518268";"4.00004342727686";"2.72128982632403"
"brain_mouse_10X";"IKD";"all_genes";"cluster_16";8319;66466;-0.0794679224519493;0.00021717982245024;0;"0.799354633030236";"4.00004342727686";"2.72128982632403"
"brain_mouse_10X";"IKD";"all_genes";"cluster_17";7644.5;50543;0.0088312675436388;0.462476170124188;0;"0.807432299507518";"4.00004342727686";"2.72128982632403"
"brain_mouse_10X";"IKD";"all_genes";"cluster_18";9295.5;79652.5;-0.0649801229262653;0.00126115744512687;0;"0.863394283647704";"4.00004342727686";"2.72128982632403"
"brain_mouse_10X";"LD";"all_genes";"cluster_0";6595.5;38043.5;-0.014947209907356;0.122154001905379;0;"0.218578294837098";"4.00004342727686";"2.72128982632403"
"brain_mouse_10X";"LD";"all_genes";"cluster_1";5165.5;23182;-0.00651193063764591;0.214571223970474;0;"0.251058815020042";"4.00004342727686";"2.72128982632403"
"brain_mouse_10X";"LD";"all_genes";"cluster_2";4805;21052.5;0.0137716589170099;0.563562732267368;0;"0.200261907196943";"4.00004342727686";"2.72128982632403"
"brain_mouse_10X";"LD";"all_genes";"cluster_3";5370;23638;0.00678348337152712;0.422436749914327;0;"0.264837343180427";"4.00004342727686";"2.72128982632403"
"brain_mouse_10X";"LD";"all_genes";"cluster_4";5534;25287;-0.00637393352096716;0.214856007247501;0;"0.238275953439025";"4.00004342727686";"2.72128982632403"
"brain_mouse_10X";"LD";"all_genes";"cluster_5";6340;32458;-0.00232976019721531;0.272258253093957;0;"0.254900355324579";"4.00004342727686";"2.72128982632403"
"brain_mouse_10X";"LD";"all_genes";"cluster_6";4012;15712;-0.000574012678443869;0.298907361184336;0;"0.267318243299674";"4.00004342727686";"2.72128982632403"
"brain_mouse_10X";"LD";"all_genes";"cluster_7";6226;30340;-0.00189499213847821;0.276669860257878;0;"0.246433061491001";"4.00004342727686";"2.72128982632403"
"brain_mouse_10X";"LD";"all_genes";"cluster_8";6803;36674;-0.00180152400061784;0.278068025690909;0;"0.252895772147365";"4.00004342727686";"2.72128982632403"
"brain_mouse_10X";"LD";"all_genes";"cluster_9";6377.5;31876;-0.00337761362657024;0.25700427247193;0;"0.250601978893245";"4.00004342727686";"2.72128982632403"
"brain_mouse_10X";"LD";"all_genes";"cluster_10";6103;31806;-0.0118091420635857;0.156872962756965;0;"0.255113224572464";"4.00004342727686";"2.72128982632403"
"brain_mouse_10X";"LD";"all_genes";"cluster_11";6988;41195;-0.00697752888106995;0.211027100483488;0;"0.256027747659054";"4.00004342727686";"2.72128982632403"
"brain_mouse_10X";"LD";"all_genes";"cluster_12";7771;56006;-0.0230593950760944;0.0680265208426613;0;"0.233066441492463";"4.00004342727686";"2.72128982632403"
"brain_mouse_10X";"LD";"all_genes";"cluster_13";6581.5;35309.5;-0.00868232259983498;0.187999529346636;0;"0.246806264587413";"4.00004342727686";"2.72128982632403"
"brain_mouse_10X";"LD";"all_genes";"cluster_14";5770;26893;0.0126745128727506;0.559291726797677;0;"0.239102313796837";"4.00004342727686";"2.72128982632403"
"brain_mouse_10X";"LD";"all_genes";"cluster_15";8086;60122;0.00341259297581986;0.35698574352541;0;"0.278235576684835";"4.00004342727686";"2.72128982632403"
"brain_mouse_10X";"LD";"all_genes";"cluster_16";8319;66466;0.00397828856509586;0.36345524354702;0;"0.286546590715334";"4.00004342727686";"2.72128982632403"
"brain_mouse_10X";"LD";"all_genes";"cluster_17";7644.5;50543;0.0214425142133377;0.803314704653576;0;"0.174639494940101";"4.00004342727686";"2.72128982632403"
"brain_mouse_10X";"LD";"all_genes";"cluster_18";9295.5;79652.5;-0.00526776040901933;0.235045827991982;0;"0.234076747190771";"4.00004342727686";"2.72128982632403"
"brain_mouse_10X";"LDL";"all_genes";"cluster_0";6595.5;38043.5;0.00654574820753495;0.453007527536852;0;"N/A";"N/A";"N/A"
"brain_mouse_10X";"LDL";"all_genes";"cluster_1";5165.5;23182;0.00618232990615983;0.435140754747658;0;"N/A";"N/A";"N/A"
"brain_mouse_10X";"LDL";"all_genes";"cluster_2";4805;21052.5;0.0214609433915173;0.963813883190568;0;"N/A";"N/A";"N/A"
"brain_mouse_10X";"LDL";"all_genes";"cluster_3";5370;23638;0.0208872364983142;0.915109852340147;0;"N/A";"N/A";"N/A"
"brain_mouse_10X";"LDL";"all_genes";"cluster_4";5534;25287;0.0156862500659227;0.739972039291788;0;"N/A";"N/A";"N/A"
"brain_mouse_10X";"LDL";"all_genes";"cluster_5";6340;32458;0.00694779433153092;0.453254075645605;0;"N/A";"N/A";"N/A"
"brain_mouse_10X";"LDL";"all_genes";"cluster_6";4012;15712;0.0116147692267674;0.588255422732994;0;"N/A";"N/A";"N/A"
"brain_mouse_10X";"LDL";"all_genes";"cluster_7";6226;30340;0.00808370519719215;0.483640278829459;0;"N/A";"N/A";"N/A"
"brain_mouse_10X";"LDL";"all_genes";"cluster_8";6803;36674;0.00409820280990658;0.383043086155964;0;"N/A";"N/A";"N/A"
"brain_mouse_10X";"LDL";"all_genes";"cluster_9";6377.5;31876;0.0087089019400553;0.498436504858033;0;"N/A";"N/A";"N/A"
"brain_mouse_10X";"LDL";"all_genes";"cluster_10";6103;31806;0.00813424306971716;0.485894292801425;0;"N/A";"N/A";"N/A"
"brain_mouse_10X";"LDL";"all_genes";"cluster_11";6988;41195;0.00571407598634699;0.426475654237644;0;"N/A";"N/A";"N/A"
"brain_mouse_10X";"LDL";"all_genes";"cluster_12";7771;56006;-0.000490893399447356;0.284457875383666;0;"N/A";"N/A";"N/A"
"brain_mouse_10X";"LDL";"all_genes";"cluster_13";6581.5;35309.5;0.00752474457137819;0.473445718173411;0;"N/A";"N/A";"N/A"
"brain_mouse_10X";"LDL";"all_genes";"cluster_14";5770;26893;0.0306519011442077;1.44616040063299;0.167406799680159;"N/A";"N/A";"N/A"
"brain_mouse_10X";"LDL";"all_genes";"cluster_15";8086;60122;0.00853907758379502;0.487625878676023;0;"N/A";"N/A";"N/A"
"brain_mouse_10X";"LDL";"all_genes";"cluster_16";8319;66466;0.0100534785104147;0.526702463090927;0;"N/A";"N/A";"N/A"
"brain_mouse_10X";"LDL";"all_genes";"cluster_17";7644.5;50543;0.0300898139361081;1.47759919377054;0.198845592817714;"N/A";"N/A";"N/A"
"brain_mouse_10X";"LDL";"all_genes";"cluster_18";9295.5;79652.5;0.00905261109781852;0.50868173344259;0;"N/A";"N/A";"N/A"
"brain_mouse_10X";"LID";"all_genes";"cluster_0";6595.5;38043.5;-0.00173697676753351;0.272502170248306;0;"0.266206224353971";"4.00004342727686";"2.72128982632403"
"brain_mouse_10X";"LID";"all_genes";"cluster_1";5165.5;23182;0.00722117777864104;0.446888879107237;0;"0.292035133117556";"4.00004342727686";"2.72128982632403"
"brain_mouse_10X";"LID";"all_genes";"cluster_2";4805;21052.5;0.00958989000981567;0.498299697648868;0;"0.252654095951782";"4.00004342727686";"2.72128982632403"
"brain_mouse_10X";"LID";"all_genes";"cluster_3";5370;23638;0.0102771703039165;0.51389643047029;0;"0.312450815719974";"4.00004342727686";"2.72128982632403"
"brain_mouse_10X";"LID";"all_genes";"cluster_4";5534;25287;0.00459218548957724;0.390876052974843;0;"0.285412641912429";"4.00004342727686";"2.72128982632403"
"brain_mouse_10X";"LID";"all_genes";"cluster_5";6340;32458;0.00535241273988141;0.401252920513748;0;"0.292798565585702";"4.00004342727686";"2.72128982632403"
"brain_mouse_10X";"LID";"all_genes";"cluster_6";4012;15712;0.0114177086006917;0.541405578251213;0;"0.309595510935399";"4.00004342727686";"2.72128982632403"
"brain_mouse_10X";"LID";"all_genes";"cluster_7";6226;30340;0.0027493457052728;0.349250387624932;0;"0.283849216212735";"4.00004342727686";"2.72128982632403"
"brain_mouse_10X";"LID";"all_genes";"cluster_8";6803;36674;0.00097568376740173;0.317356949027095;0;"0.281913516832935";"4.00004342727686";"2.72128982632403"
"brain_mouse_10X";"LID";"all_genes";"cluster_9";6377.5;31876;0.00687830587104271;0.434077609830196;0;"0.284081968753461";"4.00004342727686";"2.72128982632403"
"brain_mouse_10X";"LID";"all_genes";"cluster_10";6103;31806;0.00425749853303994;0.380011532150565;0;"0.291897141892679";"4.00004342727686";"2.72128982632403"
"brain_mouse_10X";"LID";"all_genes";"cluster_11";6988;41195;0.00446145595052438;0.388426316722527;0;"0.285756305974278";"4.00004342727686";"2.72128982632403"
"brain_mouse_10X";"LID";"all_genes";"cluster_12";7771;56006;-0.00715987279266517;0.189676473595237;0;"0.268254270580595";"4.00004342727686";"2.72128982632403"
"brain_mouse_10X";"LID";"all_genes";"cluster_13";6581.5;35309.5;-0.00268285363603293;0.255281190211285;0;"0.277915539502327";"4.00004342727686";"2.72128982632403"
"brain_mouse_10X";"LID";"all_genes";"cluster_14";5770;26893;0.0195996476835121;0.809711729106571;0;"0.2785241767421";"4.00004342727686";"2.72128982632403"
"brain_mouse_10X";"LID";"all_genes";"cluster_15";8086;60122;0.00941272789597641;0.48311161840885;0;"0.319009137144849";"4.00004342727686";"2.72128982632403"
"brain_mouse_10X";"LID";"all_genes";"cluster_16";8319;66466;0.00409174183542982;0.376794136878962;0;"0.303112486713608";"4.00004342727686";"2.72128982632403"
"brain_mouse_10X";"LID";"all_genes";"cluster_17";7644.5;50543;0.00311193348807581;0.36335497932358;0;"0.214684920840004";"4.00004342727686";"2.72128982632403"
"brain_mouse_10X";"LID";"all_genes";"cluster_18";9295.5;79652.5;0.00671091354361336;0.428218178236034;0;"0.278699093615935";"4.00004342727686";"2.72128982632403"
"brain_mouse_10X";"LUD";"all_genes";"cluster_0";6595.5;38043.5;-0.0257544308085599;0.0570933571997638;0;"0.19261920488469";"4.00004342727686";"2.72128982632403"
"brain_mouse_10X";"LUD";"all_genes";"cluster_1";5165.5;23182;-0.0223586231007418;0.0762814664481624;0;"0.217154453427915";"4.00004342727686";"2.72128982632403"
"brain_mouse_10X";"LUD";"all_genes";"cluster_2";4805;21052.5;-0.00704455595003148;0.217499143266853;0;"0.20510784233641";"4.00004342727686";"2.72128982632403"
"brain_mouse_10X";"LUD";"all_genes";"cluster_3";5370;23638;0.00334626866472337;0.359760797580182;0;"0.23334104523468";"4.00004342727686";"2.72128982632403"
"brain_mouse_10X";"LUD";"all_genes";"cluster_4";5534;25287;-0.0173091665713836;0.114456071087207;0;"0.214829991605689";"4.00004342727686";"2.72128982632403"
"brain_mouse_10X";"LUD";"all_genes";"cluster_5";6340;32458;-0.0304147859303897;0.0420532488700323;0;"0.211400581833895";"4.00004342727686";"2.72128982632403"
"brain_mouse_10X";"LUD";"all_genes";"cluster_6";4012;15712;-0.0181097973520524;0.111358580617164;0;"0.234182618146961";"4.00004342727686";"2.72128982632403"
"brain_mouse_10X";"LUD";"all_genes";"cluster_7";6226;30340;-0.027739312829527;0.0516793712884933;0;"0.205190409611021";"4.00004342727686";"2.72128982632403"
"brain_mouse_10X";"LUD";"all_genes";"cluster_8";6803;36674;-0.0271536975779922;0.0570933571997638;0;"0.20933618729723";"4.00004342727686";"2.72128982632403"
"brain_mouse_10X";"LUD";"all_genes";"cluster_9";6377.5;31876;-0.0273606578511336;0.0557582065881099;0;"0.204462040481864";"4.00004342727686";"2.72128982632403"
"brain_mouse_10X";"LUD";"all_genes";"cluster_10";6103;31806;-0.0102566374828495;0.182874854895807;0;"0.214789409854675";"4.00004342727686";"2.72128982632403"
"brain_mouse_10X";"LUD";"all_genes";"cluster_11";6988;41195;-0.0358715053680562;0.0251174411871002;0;"0.21119302238002";"4.00004342727686";"2.72128982632403"
"brain_mouse_10X";"LUD";"all_genes";"cluster_12";7771;56006;-0.0300312703290086;0.0416228992243445;0;"0.186346782764107";"4.00004342727686";"2.72128982632403"
"brain_mouse_10X";"LUD";"all_genes";"cluster_13";6581.5;35309.5;-0.0327788388502506;0.0333386506189881;0;"0.207770799188448";"4.00004342727686";"2.72128982632403"
"brain_mouse_10X";"LUD";"all_genes";"cluster_14";5770;26893;-0.000703864621440842;0.300465835877954;0;"0.222301681056777";"4.00004342727686";"2.72128982632403"
"brain_mouse_10X";"LUD";"all_genes";"cluster_15";8086;60122;-0.0343869265124601;0.0359724567189072;0;"0.21653604092723";"4.00004342727686";"2.72128982632403"
"brain_mouse_10X";"LUD";"all_genes";"cluster_16";8319;66466;-0.0439240273551196;0.0178626816804601;0;"0.208962743353212";"4.00004342727686";"2.72128982632403"
"brain_mouse_10X";"LUD";"all_genes";"cluster_17";7644.5;50543;0.00197735374824959;0.337852436417855;0;"0.185737483341543";"4.00004342727686";"2.72128982632403"
"brain_mouse_10X";"LUD";"all_genes";"cluster_18";9295.5;79652.5;-0.0425818371866491;0.0167780747103173;0;"0.182150910701165";"4.00004342727686";"2.72128982632403"
"brain_mouse_10X";"MI";"all_genes";"cluster_0";6595.5;38043.5;-0.0283250716271878;0.0687381458551894;0;"-0.0141771173206189";"0.185662632806925";"0"
"brain_mouse_10X";"MI";"all_genes";"cluster_1";5165.5;23182;-0.0048369870493622;0.265083666004417;0;"0.0467330935597457";"1.18115801268285";"0"
"brain_mouse_10X";"MI";"all_genes";"cluster_2";4805;21052.5;-0.0115639363634633;0.197201314537788;0;"-0.0574831238961298";"0.0125112245470233";"0"
"brain_mouse_10X";"MI";"all_genes";"cluster_3";5370;23638;-0.0236360782341901;0.101647381346854;0;"0.0873849438636952";"1.91013831583746";"0.631384714884636"
"brain_mouse_10X";"MI";"all_genes";"cluster_4";5534;25287;-0.0199730065865786;0.122096475647674;0;"-0.00384298330810839";"0.293837885394892";"0"
"brain_mouse_10X";"MI";"all_genes";"cluster_5";6340;32458;-0.0149719965822509;0.163656007950452;0;"0.0176912146441041";"0.622191008270108";"0"
"brain_mouse_10X";"MI";"all_genes";"cluster_6";4012;15712;-0.0144706190808332;0.169326477839965;0;"0.0223085578081491";"0.70956361394619";"0"
"brain_mouse_10X";"MI";"all_genes";"cluster_7";6226;30340;-0.00586114883589717;0.253876462899577;0;"0.0411090266886613";"1.04004858894845";"0"
"brain_mouse_10X";"MI";"all_genes";"cluster_8";6803;36674;-0.0231589384749901;0.103958341853578;0;"0.0163326708216419";"0.590279323010517";"0"
"brain_mouse_10X";"MI";"all_genes";"cluster_9";6377.5;31876;-0.0156831318403816;0.158183617501802;0;"0.0389694050427433";"0.969039145913326";"0"
"brain_mouse_10X";"MI";"all_genes";"cluster_10";6103;31806;-0.0311530454937001;0.0617739438139514;0;"0.0524498250105899";"1.21542613464399";"0"
"brain_mouse_10X";"MI";"all_genes";"cluster_11";6988;41195;-0.0177806717163838;0.139705420705869;0;"0.0439747429744746";"1.08622957489315";"0"
"brain_mouse_10X";"MI";"all_genes";"cluster_12";7771;56006;-0.0339119005830868;0.0488516693421566;0;"0.0267167177065867";"0.710677475756831";"0"
"brain_mouse_10X";"MI";"all_genes";"cluster_13";6581.5;35309.5;-0.00491394422904678;0.262453260991141;0;"0.00541060580191827";"0.411211701682655";"0"
"brain_mouse_10X";"MI";"all_genes";"cluster_14";5770;26893;0.00836005466987699;0.443499718793348;0;"-0.00608833317601876";"0.264284889833124";"0"
"brain_mouse_10X";"MI";"all_genes";"cluster_15";8086;60122;-0.0446723711442845;0.026915573677164;0;"0.0753098261543917";"1.52437223895243";"0.245618637999604"
"brain_mouse_10X";"MI";"all_genes";"cluster_16";8319;66466;-0.039660279890209;0.0469122020934177;0;"0.070453273404854";"1.34779708627354";"0.0690434853207106"
"brain_mouse_10X";"MI";"all_genes";"cluster_17";7644.5;50543;0.043519199696227;1.08148889672659;0;"-0.153158680177932";"0";"0"
"brain_mouse_10X";"MI";"all_genes";"cluster_18";9295.5;79652.5;-0.035227541799828;0.0575889009343856;0;"0.0248323239876562";"0.61087734291233";"0"
"brain_mouse_10X";"NAFLD";"all_genes";"cluster_0";6595.5;38043.5;-0.0259558869519439;0.0871308761007657;0;"0.547626258457281";"4.00004342727686";"2.72128982632403"
"brain_mouse_10X";"NAFLD";"all_genes";"cluster_1";5165.5;23182;-0.0450124257854716;0.0104601379658575;0;"0.540243772003244";"4.00004342727686";"2.72128982632403"
"brain_mouse_10X";"NAFLD";"all_genes";"cluster_2";4805;21052.5;-0.020571167545978;0.136601598663154;0;"0.466260850391714";"4.00004342727686";"2.72128982632403"
"brain_mouse_10X";"NAFLD";"all_genes";"cluster_3";5370;23638;0.00936899413674264;0.463737554925829;0;"0.535107325755468";"4.00004342727686";"2.72128982632403"
"brain_mouse_10X";"NAFLD";"all_genes";"cluster_4";5534;25287;-0.0150386027604408;0.169711433824901;0;"0.548130364679061";"4.00004342727686";"2.72128982632403"
"brain_mouse_10X";"NAFLD";"all_genes";"cluster_5";6340;32458;-0.044832358148805;0.012690038541069;0;"0.568804573738964";"4.00004342727686";"2.72128982632403"
"brain_mouse_10X";"NAFLD";"all_genes";"cluster_6";4012;15712;-0.032275784745473;0.0472994032619643;0;"0.572142728120616";"4.00004342727686";"2.72128982632403"
"brain_mouse_10X";"NAFLD";"all_genes";"cluster_7";6226;30340;-0.0443158285708988;0.0178174356021879;0;"0.536082927380039";"4.00004342727686";"2.72128982632403"
"brain_mouse_10X";"NAFLD";"all_genes";"cluster_8";6803;36674;-0.0463749410432547;0.0119752238842274;0;"0.533149578073766";"4.00004342727686";"2.72128982632403"
"brain_mouse_10X";"NAFLD";"all_genes";"cluster_9";6377.5;31876;-0.0448428946373091;0.017410432882013;0;"0.544145581563512";"4.00004342727686";"2.72128982632403"
"brain_mouse_10X";"NAFLD";"all_genes";"cluster_10";6103;31806;-0.0103743518959046;0.217141021302218;0;"0.524782271876919";"4.00004342727686";"2.72128982632403"
"brain_mouse_10X";"NAFLD";"all_genes";"cluster_11";6988;41195;-0.0501981844126312;0.00895031922797522;0;"0.540862083429965";"4.00004342727686";"2.72128982632403"
"brain_mouse_10X";"NAFLD";"all_genes";"cluster_12";7771;56006;-0.017751202209897;0.151115714049784;0;"0.562065002598943";"4.00004342727686";"2.72128982632403"
"brain_mouse_10X";"NAFLD";"all_genes";"cluster_13";6581.5;35309.5;-0.0439464513139554;0.0183154019152464;0;"0.564074161837983";"4.00004342727686";"2.72128982632403"
"brain_mouse_10X";"NAFLD";"all_genes";"cluster_14";5770;26893;-0.0135978172737335;0.18056529891474;0;"0.511594685752249";"4.00004342727686";"2.72128982632403"
"brain_mouse_10X";"NAFLD";"all_genes";"cluster_15";8086;60122;-0.0349415879377869;0.0634794221415967;0;"0.55349333358312";"4.00004342727686";"2.72128982632403"
"brain_mouse_10X";"NAFLD";"all_genes";"cluster_16";8319;66466;-0.0424019210356861;0.0522667188121244;0;"0.576773023258932";"4.00004342727686";"2.72128982632403"
"brain_mouse_10X";"NAFLD";"all_genes";"cluster_17";7644.5;50543;-0.0147327992377615;0.197474928962906;0;"0.503172466570192";"4.00004342727686";"2.72128982632403"
"brain_mouse_10X";"NAFLD";"all_genes";"cluster_18";9295.5;79652.5;-0.0505689919034739;0.0291853702803604;0;"0.514398595996184";"4.00004342727686";"2.72128982632403"
"brain_mouse_10X";"T1D";"all_genes";"cluster_0";6595.5;38043.5;-0.0283086554004917;0.0634794221415967;0;"0.693133371660853";"4.00004342727686";"2.72128982632403"
"brain_mouse_10X";"T1D";"all_genes";"cluster_1";5165.5;23182;-0.0110943130821216;0.188267405673959;0;"0.658036216842882";"4.00004342727686";"2.72128982632403"
"brain_mouse_10X";"T1D";"all_genes";"cluster_2";4805;21052.5;-0.00177842195840161;0.293837885394892;0;"0.593814554143465";"4.00004342727686";"2.72128982632403"
"brain_mouse_10X";"T1D";"all_genes";"cluster_3";5370;23638;0.00226542602796964;0.346252239889051;0;"0.665093061321767";"4.00004342727686";"2.72128982632403"
"brain_mouse_10X";"T1D";"all_genes";"cluster_4";5534;25287;-0.0133833614127621;0.167470652430683;0;"0.670705125266507";"4.00004342727686";"2.72128982632403"
"brain_mouse_10X";"T1D";"all_genes";"cluster_5";6340;32458;-0.0170729880732917;0.137375477048275;0;"0.680640933985789";"4.00004342727686";"2.72128982632403"
"brain_mouse_10X";"T1D";"all_genes";"cluster_6";4012;15712;-0.00409507837256845;0.263009895942985;0;"0.716766396325164";"4.00004342727686";"2.72128982632403"
"brain_mouse_10X";"T1D";"all_genes";"cluster_7";6226;30340;-0.014058233870221;0.162265657723129;0;"0.654972170709122";"4.00004342727686";"2.72128982632403"
"brain_mouse_10X";"T1D";"all_genes";"cluster_8";6803;36674;-0.0204830435964699;0.114795319495477;0;"0.642872678738326";"4.00004342727686";"2.72128982632403"
"brain_mouse_10X";"T1D";"all_genes";"cluster_9";6377.5;31876;-0.0229999108722066;0.0974966479628713;0;"0.631076558231345";"4.00004342727686";"2.72128982632403"
"brain_mouse_10X";"T1D";"all_genes";"cluster_10";6103;31806;-0.0120439446330611;0.182345872513839;0;"0.647517037365485";"4.00004342727686";"2.72128982632403"
"brain_mouse_10X";"T1D";"all_genes";"cluster_11";6988;41195;-0.0238167971603863;0.0890990215268838;0;"0.651350396638547";"4.00004342727686";"2.72128982632403"
"brain_mouse_10X";"T1D";"all_genes";"cluster_12";7771;56006;-0.0463993380046327;0.0135852145395562;0;"0.690968310141402";"4.00004342727686";"2.72128982632403"
"brain_mouse_10X";"T1D";"all_genes";"cluster_13";6581.5;35309.5;-0.023752742597094;0.0896858700039851;0;"0.700652600238232";"4.00004342727686";"2.72128982632403"
"brain_mouse_10X";"T1D";"all_genes";"cluster_14";5770;26893;0.0172647701541763;0.612653600938133;0;"0.634715312822368";"4.00004342727686";"2.72128982632403"
"brain_mouse_10X";"T1D";"all_genes";"cluster_15";8086;60122;-0.0142172197235337;0.169390613479438;0;"0.701380667527645";"4.00004342727686";"2.72128982632403"
"brain_mouse_10X";"T1D";"all_genes";"cluster_16";8319;66466;-0.0113914409201479;0.193049913594755;0;"0.745486635853521";"4.00004342727686";"2.72128982632403"
"brain_mouse_10X";"T1D";"all_genes";"cluster_17";7644.5;50543;0.0147942782903393;0.550256580291089;0;"0.685791079229792";"4.00004342727686";"2.72128982632403"
"brain_mouse_10X";"T1D";"all_genes";"cluster_18";9295.5;79652.5;-0.0265175813783747;0.0867595255164442;0;"0.65886244575675";"4.00004342727686";"2.72128982632403"
"brain_mouse_10X";"T2D";"all_genes";"cluster_0";6595.5;38043.5;-0.00784093779103784;0.144039973279642;0;"0.379561902864883";"4.00004342727686";"2.72128982632403"
"brain_mouse_10X";"T2D";"all_genes";"cluster_1";5165.5;23182;0.0092488382355736;0.569484657754105;0;"0.390549099604977";"4.00004342727686";"2.72128982632403"
"brain_mouse_10X";"T2D";"all_genes";"cluster_2";4805;21052.5;-0.00634935056538707;0.172674154223037;0;"0.329567324764387";"4.00004342727686";"2.72128982632403"
"brain_mouse_10X";"T2D";"all_genes";"cluster_3";5370;23638;0.00650445768527147;0.474868999441591;0;"0.392157506951056";"4.00004342727686";"2.72128982632403"
"brain_mouse_10X";"T2D";"all_genes";"cluster_4";5534;25287;-0.000655766160556737;0.278068025690909;0;"0.376671717775318";"4.00004342727686";"2.72128982632403"
"brain_mouse_10X";"T2D";"all_genes";"cluster_5";6340;32458;0.00799801067155226;0.515886002911482;0;"0.399425437497066";"4.00004342727686";"2.72128982632403"
"brain_mouse_10X";"T2D";"all_genes";"cluster_6";4012;15712;0.00504447699488753;0.427520329427225;0;"0.421501832881055";"4.00004342727686";"2.72128982632403"
"brain_mouse_10X";"T2D";"all_genes";"cluster_7";6226;30340;0.0133265871078316;0.727042155213125;0;"0.390323824436381";"4.00004342727686";"2.72128982632403"
"brain_mouse_10X";"T2D";"all_genes";"cluster_8";6803;36674;0.0043835039354933;0.407533579376183;0;"0.389050664013159";"4.00004342727686";"2.72128982632403"
"brain_mouse_10X";"T2D";"all_genes";"cluster_9";6377.5;31876;0.0140391614410941;0.745978974362525;0;"0.383238444537778";"4.00004342727686";"2.72128982632403"
"brain_mouse_10X";"T2D";"all_genes";"cluster_10";6103;31806;0.00124463565227151;0.324265085602778;0;"0.355988694316459";"4.00004342727686";"2.72128982632403"
"brain_mouse_10X";"T2D";"all_genes";"cluster_11";6988;41195;0.00989015923075987;0.591464301868195;0;"0.380980173097207";"4.00004342727686";"2.72128982632403"
"brain_mouse_10X";"T2D";"all_genes";"cluster_12";7771;56006;-0.003003994459018;0.231035556333089;0;"0.39050279511869";"4.00004342727686";"2.72128982632403"
"brain_mouse_10X";"T2D";"all_genes";"cluster_13";6581.5;35309.5;0.00505795587794888;0.432664119625884;0;"0.399371172763626";"4.00004342727686";"2.72128982632403"
"brain_mouse_10X";"T2D";"all_genes";"cluster_14";5770;26893;-0.00105485767566438;0.269826586708169;0;"0.367103831556161";"4.00004342727686";"2.72128982632403"
"brain_mouse_10X";"T2D";"all_genes";"cluster_15";8086;60122;0.0144674268914833;0.737592337546433;0;"0.406520294283287";"4.00004342727686";"2.72128982632403"
"brain_mouse_10X";"T2D";"all_genes";"cluster_16";8319;66466;0.0227811030002868;1.09316989255479;0;"0.437524649649502";"4.00004342727686";"2.72128982632403"
"brain_mouse_10X";"T2D";"all_genes";"cluster_17";7644.5;50543;-0.0200510132964068;0.0295105975085384;0;"0.309636435875043";"4.00004342727686";"2.72128982632403"
"brain_mouse_10X";"T2D";"all_genes";"cluster_18";9295.5;79652.5;0.016037885872063;0.811959053561925;0;"0.390344463409766";"4.00004342727686";"2.72128982632403"
"brain_mouse_10X";"UC";"all_genes";"cluster_0";6595.5;38043.5;0.00360880197564342;0.367181387176633;0;"0.579032245639906";"4.00004342727686";"2.72128982632403"
"brain_mouse_10X";"UC";"all_genes";"cluster_1";5165.5;23182;0.0214808351390906;0.711123821615136;0;"0.586783333933482";"4.00004342727686";"2.72128982632403"
"brain_mouse_10X";"UC";"all_genes";"cluster_2";4805;21052.5;0.0253684513581336;0.797827651475731;0;"0.540424265822563";"4.00004342727686";"2.72128982632403"
"brain_mouse_10X";"UC";"all_genes";"cluster_3";5370;23638;0.0179670332378141;0.617486105368077;0;"0.62346297167773";"4.00004342727686";"2.72128982632403"
"brain_mouse_10X";"UC";"all_genes";"cluster_4";5534;25287;0.0137552231971079;0.545503442312044;0;"0.595853954149486";"4.00004342727686";"2.72128982632403"
"brain_mouse_10X";"UC";"all_genes";"cluster_5";6340;32458;0.0171558381731346;0.611054642152149;0;"0.612908775832288";"4.00004342727686";"2.72128982632403"
"brain_mouse_10X";"UC";"all_genes";"cluster_6";4012;15712;0.0272498228299292;0.835393211342566;0;"0.650421641155425";"4.00004342727686";"2.72128982632403"
"brain_mouse_10X";"UC";"all_genes";"cluster_7";6226;30340;0.0165057942631703;0.600889093318646;0;"0.581790485916691";"4.00004342727686";"2.72128982632403"
"brain_mouse_10X";"UC";"all_genes";"cluster_8";6803;36674;0.015765858177517;0.56932353941358;0;"0.582910476175195";"4.00004342727686";"2.72128982632403"
"brain_mouse_10X";"UC";"all_genes";"cluster_9";6377.5;31876;0.0191308948572737;0.64805397184123;0;"0.568264440975994";"4.00004342727686";"2.72128982632403"
"brain_mouse_10X";"UC";"all_genes";"cluster_10";6103;31806;0.0106239972453927;0.475517490650487;0;"0.592707093799834";"4.00004342727686";"2.72128982632403"
"brain_mouse_10X";"UC";"all_genes";"cluster_11";6988;41195;0.0233262438381728;0.741166797904731;0;"0.597560217421791";"4.00004342727686";"2.72128982632403"
"brain_mouse_10X";"UC";"all_genes";"cluster_12";7771;56006;0.000678542455542441;0.321980522302518;0;"0.57153496894488";"4.00004342727686";"2.72128982632403"
"brain_mouse_10X";"UC";"all_genes";"cluster_13";6581.5;35309.5;0.00690888483645943;0.418093768903545;0;"0.603799852519219";"4.00004342727686";"2.72128982632403"
"brain_mouse_10X";"UC";"all_genes";"cluster_14";5770;26893;0.0307239512110504;0.98092713682979;0;"0.565601336912371";"4.00004342727686";"2.72128982632403"
"brain_mouse_10X";"UC";"all_genes";"cluster_15";8086;60122;0.0221641237924978;0.697279718803881;0;"0.656197406069772";"4.00004342727686";"2.72128982632403"
"brain_mouse_10X";"UC";"all_genes";"cluster_16";8319;66466;0.0317300017103048;0.894533242506889;0;"0.665076080864778";"4.00004342727686";"2.72128982632403"
"brain_mouse_10X";"UC";"all_genes";"cluster_17";7644.5;50543;-0.00393387667706352;0.255593969830064;0;"0.529133891633324";"4.00004342727686";"2.72128982632403"
"brain_mouse_10X";"UC";"all_genes";"cluster_18";9295.5;79652.5;0.0260327953889148;0.78732327285902;0;"0.565343619171522";"4.00004342727686";"2.72128982632403"
"heart_human_adult_ACH003";"ADHD";"all_genes";"cluster_0";1499.5;5228.5;-0.0196282388626452;0.0140783489719918;0;"0.00340406820962329";"0.754284071309586";"0"
"heart_human_adult_ACH003";"ADHD";"all_genes";"cluster_1";1510;4515.5;-0.0187051344969449;0.0187232540177554;0;"0.00077389224466877";"0.663183606360053";"0"
"heart_human_adult_ACH003";"ADHD";"all_genes";"cluster_2";1583.5;4852;-0.0217093611622138;0.00974898114842394;0;"0.00250346309545613";"0.737117957945031";"0"
"heart_human_adult_ACH003";"ADHD";"all_genes";"cluster_3";1869;5551.5;-0.028145204440021;0.00169688988049808;0;"-0.0303932871743915";"0.0925783205110065";"0"
"heart_human_adult_ACH003";"ADHD";"all_genes";"cluster_4";1614.5;4831.5;-0.024499527628762;0.0050228211521047;0;"-0.0127308400677444";"0.273071843593986";"0"
"heart_human_adult_ACH003";"ADHD";"all_genes";"cluster_5";1555.5;5142;-0.0222441699532343;0.00833015156377323;0;"-0.0145481280622301";"0.239470173332469";"0"
"heart_human_adult_ACH003";"ADHD";"all_genes";"cluster_6";2807;8046.5;-0.0312116910300086;0.0022203465311372;0;"-0.0956255182813862";"0.0400009715500211";"0"
"heart_human_adult_ACH003";"AHD";"all_genes";"cluster_0";1499.5;5228.5;0.019681547973991;0.815920073037191;0;"0.063758006772744";"1.62346647022035";"0.778368430206094"
"heart_human_adult_ACH003";"AHD";"all_genes";"cluster_1";1510;4515.5;0.0242152326740345;0.933717501914825;0.0886194619005681;"0.0638742704494445";"1.6497954089427";"0.804697368928443"
"heart_human_adult_ACH003";"AHD";"all_genes";"cluster_2";1583.5;4852;0.0214732566596544;0.866185302073528;0.0210872620592711;"0.0688107558630155";"1.75207016091506";"0.906972120900799"
"heart_human_adult_ACH003";"AHD";"all_genes";"cluster_3";1869;5551.5;0.0221434398415414;0.884765835880961;0.0396677958667044;"0.0552221546535308";"1.48949841707025";"0.644400377055994"
"heart_human_adult_ACH003";"AHD";"all_genes";"cluster_4";1614.5;4831.5;0.0231084305457691;0.902092356282713;0.0569943162684558;"0.0634263908505559";"1.62897556500513";"0.78387752499087"
"heart_human_adult_ACH003";"AHD";"all_genes";"cluster_5";1555.5;5142;0.0195484261559894;0.815920073037191;0;"0.062441179242707";"1.60559174645065";"0.76049370643639"
"heart_human_adult_ACH003";"AHD";"all_genes";"cluster_6";2807;8046.5;0.045980031881742;1.29247325117893;0.447375211164669;"0.0147474717851991";"0.558191251503571";"0"
"heart_human_adult_ACH003";"ALS";"all_genes";"cluster_0";1499.5;5228.5;0.00161624617974722;0.470356473503946;0;"0.0782748992992585";"1.85082431462148";"1.00572627460723"
"heart_human_adult_ACH003";"ALS";"all_genes";"cluster_1";1510;4515.5;0.00349352971965522;0.501595024102863;0;"0.0797797086860812";"1.92449646588433";"1.07939842587008"
"heart_human_adult_ACH003";"ALS";"all_genes";"cluster_2";1583.5;4852;0.00604195712832234;0.558348291636146;0;"0.0839247472471724";"2.02231982198801";"1.17722178197376"
"heart_human_adult_ACH003";"ALS";"all_genes";"cluster_3";1869;5551.5;0.00424003404513054;0.502975490878358;0;"0.0679452647068149";"1.69901343161288";"0.853915391598625"
"heart_human_adult_ACH003";"ALS";"all_genes";"cluster_4";1614.5;4831.5;0.00859426957030818;0.602972877317454;0;"0.0786243806793773";"1.88610007497003";"1.04100203495577"
"heart_human_adult_ACH003";"ALS";"all_genes";"cluster_5";1555.5;5142;-0.00162878351009878;0.402128956074334;0;"0.0769891244188462";"1.84168093518161";"0.996582895167356"
"heart_human_adult_ACH003";"ALS";"all_genes";"cluster_6";2807;8046.5;0.0288771003802976;0.837479020753844;0;"0.020142748639547";"0.636055597528371";"0"
"heart_human_adult_ACH003";"ALZ";"all_genes";"cluster_0";1499.5;5228.5;0.00827168609577998;0.546113835219134;0;"-0.025126250902629";"0.0457526655757357";"0"
"heart_human_adult_ACH003";"ALZ";"all_genes";"cluster_1";1510;4515.5;0.00998668046069738;0.588087189346461;0;"-0.0245258322845587";"0.0530020220216423";"0"
"heart_human_adult_ACH003";"ALZ";"all_genes";"cluster_2";1583.5;4852;0.0107636610226346;0.605241650114152;0;"-0.0236923399504567";"0.0579857434354676";"0"
"heart_human_adult_ACH003";"ALZ";"all_genes";"cluster_3";1869;5551.5;0.0111184458959936;0.612831626963132;0;"-0.0208330050356418";"0.0904873980356874";"0"
"heart_human_adult_ACH003";"ALZ";"all_genes";"cluster_4";1614.5;4831.5;0.0175676872324744;0.791333407370462;0;"-0.0291133777674353";"0.0289996354408339";"0"
"heart_human_adult_ACH003";"ALZ";"all_genes";"cluster_5";1555.5;5142;0.00854048385577193;0.552110561684682;0;"-0.0208161668148119";"0.0885129649697001";"0"
"heart_human_adult_ACH003";"ALZ";"all_genes";"cluster_6";2807;8046.5;0.0161582715459962;0.650183345084531;0;"0.00214358505209854";"0.375761331441194";"0"
"heart_human_adult_ACH003";"ASD";"all_genes";"cluster_0";1499.5;5228.5;-0.031672122620318;0.00139183127848919;0;"-0.00202477937589842";"0.452391768916893";"0"
"heart_human_adult_ACH003";"ASD";"all_genes";"cluster_1";1510;4515.5;-0.0318328779969931;0.00156612424035628;0;"-7.02959560686112e-05";"0.50574965861153";"0"
"heart_human_adult_ACH003";"ASD";"all_genes";"cluster_2";1583.5;4852;-0.0334139722620829;0.00086937168837773;0;"-0.00442097177876652";"0.368802647041353";"0"
"heart_human_adult_ACH003";"ASD";"all_genes";"cluster_3";1869;5551.5;-0.037169558403587;0.00026062882272692;0;"-0.0188654345389642";"0.145919645175696";"0"
"heart_human_adult_ACH003";"ASD";"all_genes";"cluster_4";1614.5;4831.5;-0.0352971495604428;0.000477939050880344;0;"-0.0140631613229192";"0.18626234910278";"0"
"heart_human_adult_ACH003";"ASD";"all_genes";"cluster_5";1555.5;5142;-0.0342073011004943;0.000564893597552516;0;"-0.00869657237135888";"0.271040718004673";"0"
"heart_human_adult_ACH003";"ASD";"all_genes";"cluster_6";2807;8046.5;-0.0322509808899592;0.00590231615074025;0;"-0.0414440166202229";"0.0908084239085553";"0"
"heart_human_adult_ACH003";"AST";"all_genes";"cluster_0";1499.5;5228.5;-0.0324505975673951;0.00086937168837773;0;"0.000484100961490264";"0.47603698171949";"0"
"heart_human_adult_ACH003";"AST";"all_genes";"cluster_1";1510;4515.5;-0.0317853437866611;0.00152254444182457;0;"0.000924667324838278";"0.47799062640804";"0"
"heart_human_adult_ACH003";"AST";"all_genes";"cluster_2";1583.5;4852;-0.0291074443196926;0.00414510363042541;0;"0.0125359001555749";"0.7174213143988";"0"
"heart_human_adult_ACH003";"AST";"all_genes";"cluster_3";1869;5551.5;-0.0234954640611147;0.016597569935523;0;"0.00917268519014171";"0.622009104819531";"0"
"heart_human_adult_ACH003";"AST";"all_genes";"cluster_4";1614.5;4831.5;-0.0225715048229363;0.0177269575847974;0;"0.00592821151371474";"0.568840542720346";"0"
"heart_human_adult_ACH003";"AST";"all_genes";"cluster_5";1555.5;5142;-0.0315429630300462;0.00169688988049808;0;"-0.00105515130514696";"0.426823600162441";"0"
"heart_human_adult_ACH003";"AST";"all_genes";"cluster_6";2807;8046.5;-0.0157178938735148;0.0730839388965869;0;"0.0541355602351806";"1.17918543783716";"0.334087397822906"
"heart_human_adult_ACH003";"BIP";"all_genes";"cluster_0";1499.5;5228.5;-0.0137718479889974;0.0790857213214134;0;"0.460187272078857";"4.00004342727686";"3.15494538726261"
"heart_human_adult_ACH003";"BIP";"all_genes";"cluster_1";1510;4515.5;-0.0151097392511425;0.0675696625997094;0;"0.451221447774293";"4.00004342727686";"3.15494538726261"
"heart_human_adult_ACH003";"BIP";"all_genes";"cluster_2";1583.5;4852;-0.016439280491653;0.0557088353060806;0;"0.431975518468958";"4.00004342727686";"3.15494538726261"
"heart_human_adult_ACH003";"BIP";"all_genes";"cluster_3";1869;5551.5;-0.020136023961637;0.0355952193602018;0;"0.367913837575945";"4.00004342727686";"3.15494538726261"
"heart_human_adult_ACH003";"BIP";"all_genes";"cluster_4";1614.5;4831.5;-0.0171940867635682;0.0507998367085977;0;"0.409554748569958";"4.00004342727686";"3.15494538726261"
"heart_human_adult_ACH003";"BIP";"all_genes";"cluster_5";1555.5;5142;-0.0151445010153715;0.0681789137848309;0;"0.452933986677911";"4.00004342727686";"3.15494538726261"
"heart_human_adult_ACH003";"BIP";"all_genes";"cluster_6";2807;8046.5;-0.0201041449739725;0.0500195207535362;0;"0.186478897890469";"4.00004342727686";"3.15494538726261"
"heart_human_adult_ACH003";"BRD";"all_genes";"cluster_0";1499.5;5228.5;-0.032245638192167;0.00108698680637646;0;"-0.00094941914306941";"0.438822748342919";"0"
"heart_human_adult_ACH003";"BRD";"all_genes";"cluster_1";1510;4515.5;-0.0317082181577086;0.00160970841239375;0;"0.00134544519831753";"0.489364396244653";"0"
"heart_human_adult_ACH003";"BRD";"all_genes";"cluster_2";1583.5;4852;-0.028587362422594;0.00401359886578601;0;"0.011957671701496";"0.705797711138744";"0"
"heart_human_adult_ACH003";"BRD";"all_genes";"cluster_3";1869;5551.5;-0.0243219798662278;0.0128241973688578;0;"0.00948201882767707";"0.626028686984951";"0"
"heart_human_adult_ACH003";"BRD";"all_genes";"cluster_4";1614.5;4831.5;-0.0229489334476671;0.0149314477375088;0;"0.00406695775324593";"0.526264592630138";"0"
"heart_human_adult_ACH003";"BRD";"all_genes";"cluster_5";1555.5;5142;-0.0319832353515335;0.00152254444182457;0;"-0.00182438842501071";"0.411771720434534";"0"
"heart_human_adult_ACH003";"BRD";"all_genes";"cluster_6";2807;8046.5;-0.0129445772207929;0.0967906103829042;0;"0.0472002339621357";"1.08044240349275";"0.235344363478495"
"heart_human_adult_ACH003";"CD";"all_genes";"cluster_0";1499.5;5228.5;-0.0142974013664993;0.0855944865783084;0;"-0.00569408560138327";"0.33054059317252";"0"
"heart_human_adult_ACH003";"CD";"all_genes";"cluster_1";1510;4515.5;-0.0129334683594344;0.10362745080374;0;"-0.00457405179237223";"0.349638757408831";"0"
"heart_human_adult_ACH003";"CD";"all_genes";"cluster_2";1583.5;4852;-0.00815946798889833;0.170932717121568;0;"-0.0073803052771366";"0.290349557549071";"0"
"heart_human_adult_ACH003";"CD";"all_genes";"cluster_3";1869;5551.5;-0.00237849195155548;0.2755218001583;0;"-0.00852022313508753";"0.263089473493717";"0"
"heart_human_adult_ACH003";"CD";"all_genes";"cluster_4";1614.5;4831.5;-0.00376235541054061;0.248610345457515;0;"-0.00969507256795535";"0.242799276254893";"0"
"heart_human_adult_ACH003";"CD";"all_genes";"cluster_5";1555.5;5142;-0.0127173320425125;0.107670519878426;0;"-0.00347123223072598";"0.376794136878962";"0"
"heart_human_adult_ACH003";"CD";"all_genes";"cluster_6";2807;8046.5;0.0190403279665678;0.806362397735581;0;"0.0173633861045774";"0.594355640604085";"0"
"heart_human_adult_ACH003";"CHOL";"all_genes";"cluster_0";1499.5;5228.5;-0.024693888435055;0.00555030439335034;0;"N/A";"N/A";"N/A"
"heart_human_adult_ACH003";"CHOL";"all_genes";"cluster_1";1510;4515.5;-0.0232833786609505;0.00908332759466338;0;"N/A";"N/A";"N/A"
"heart_human_adult_ACH003";"CHOL";"all_genes";"cluster_2";1583.5;4852;-0.0222191290568838;0.0115290614431966;0;"N/A";"N/A";"N/A"
"heart_human_adult_ACH003";"CHOL";"all_genes";"cluster_3";1869;5551.5;-0.0188290378133282;0.0284429070468037;0;"N/A";"N/A";"N/A"
"heart_human_adult_ACH003";"CHOL";"all_genes";"cluster_4";1614.5;4831.5;-0.0196891560089974;0.021497726814124;0;"N/A";"N/A";"N/A"
"heart_human_adult_ACH003";"CHOL";"all_genes";"cluster_5";1555.5;5142;-0.0238504542023288;0.0076666674780597;0;"N/A";"N/A";"N/A"
"heart_human_adult_ACH003";"CHOL";"all_genes";"cluster_6";2807;8046.5;-0.0131237982287686;0.0832737429937265;0;"N/A";"N/A";"N/A"
"heart_human_adult_ACH003";"CIRR";"all_genes";"cluster_0";1499.5;5228.5;-0.0138289118959437;0.156686048838907;0;"-0.00454757300886754";"0.354522912370989";"0"
"heart_human_adult_ACH003";"CIRR";"all_genes";"cluster_1";1510;4515.5;-0.012055185438803;0.187063261237382;0;"0.00167746366687578";"0.495844508737418";"0"
"heart_human_adult_ACH003";"CIRR";"all_genes";"cluster_2";1583.5;4852;-0.012189371279613;0.18036790728257;0;"0.0023993294283287";"0.511774811781403";"0"
"heart_human_adult_ACH003";"CIRR";"all_genes";"cluster_3";1869;5551.5;-0.00569710163508859;0.29162252714215;0;"0.00130839031794443";"0.451285598703158";"0"
"heart_human_adult_ACH003";"CIRR";"all_genes";"cluster_4";1614.5;4831.5;0.00145097315852556;0.441214902459851;0;"-0.00308292755398683";"0.371756696187348";"0"
"heart_human_adult_ACH003";"CIRR";"all_genes";"cluster_5";1555.5;5142;-0.0131416164711393;0.167406799680159;0;"-0.00279462718822528";"0.386836075173103";"0"
"heart_human_adult_ACH003";"CIRR";"all_genes";"cluster_6";2807;8046.5;-0.0207270877355875;0.120259647186447;0;"0.0275755757398089";"0.747190396296969";"0"
"heart_human_adult_ACH003";"CKD";"all_genes";"cluster_0";1499.5;5228.5;0.0478893952302913;1.53615043829096;0.691052398276699;"0.317728024325689";"4.00004342727686";"3.15494538726261"
"heart_human_adult_ACH003";"CKD";"all_genes";"cluster_1";1510;4515.5;0.0446267895543066;1.46984372907378;0.624745689059524;"0.312782366027311";"4.00004342727686";"3.15494538726261"
"heart_human_adult_ACH003";"CKD";"all_genes";"cluster_2";1583.5;4852;0.052327992584371;1.67989714116581;0.834799101151552;"0.307463990498915";"4.00004342727686";"3.15494538726261"
"heart_human_adult_ACH003";"CKD";"all_genes";"cluster_3";1869;5551.5;0.070111248537965;2.18049949173499;1.33540145172074;"0.273955225674315";"4.00004342727686";"3.15494538726261"
"heart_human_adult_ACH003";"CKD";"all_genes";"cluster_4";1614.5;4831.5;0.0555334897105469;1.76451498036931;0.919416940355057;"0.291031880811564";"4.00004342727686";"3.15494538726261"
"heart_human_adult_ACH003";"CKD";"all_genes";"cluster_5";1555.5;5142;0.0520117930215552;1.65959931243674;0.814501272422487;"0.3114854586992";"4.00004342727686";"3.15494538726261"
"heart_human_adult_ACH003";"CKD";"all_genes";"cluster_6";2807;8046.5;0.0945402181181614;2.55288539593464;1.70778735592039;"0.181085735075681";"4.00004342727686";"3.15494538726261"
"heart_human_adult_ACH003";"COPD";"all_genes";"cluster_0";1499.5;5228.5;-0.000459239596106276;0.327022520147967;0;"0.437115933830592";"4.00004342727686";"3.15494538726261"
"heart_human_adult_ACH003";"COPD";"all_genes";"cluster_1";1510;4515.5;0.00202387241261621;0.379595042565154;0;"0.427804862402427";"4.00004342727686";"3.15494538726261"
"heart_human_adult_ACH003";"COPD";"all_genes";"cluster_2";1583.5;4852;0.00480418597195288;0.447496879321202;0;"0.419061493749697";"4.00004342727686";"3.15494538726261"
"heart_human_adult_ACH003";"COPD";"all_genes";"cluster_3";1869;5551.5;0.00395652697988436;0.421977543440771;0;"0.370454587398101";"4.00004342727686";"3.15494538726261"
"heart_human_adult_ACH003";"COPD";"all_genes";"cluster_4";1614.5;4831.5;0.00102863029204202;0.35946262078721;0;"0.402847919159949";"4.00004342727686";"3.15494538726261"
"heart_human_adult_ACH003";"COPD";"all_genes";"cluster_5";1555.5;5142;0.000568742822735779;0.349735904144926;0;"0.428828921502425";"4.00004342727686";"3.15494538726261"
"heart_human_adult_ACH003";"COPD";"all_genes";"cluster_6";2807;8046.5;0.0153625579898629;0.672888914867431;0;"0.220188383974394";"4.00004342727686";"3.15494538726261"
"heart_human_adult_ACH003";"EPI";"all_genes";"cluster_0";1499.5;5228.5;0.139386923218647;4.00004342727686;3.15494538726261;"0.632058245300512";"4.00004342727686";"3.15494538726261"
"heart_human_adult_ACH003";"EPI";"all_genes";"cluster_1";1510;4515.5;0.134020593028134;4.00004342727686;3.15494538726261;"0.637499130717218";"4.00004342727686";"3.15494538726261"
"heart_human_adult_ACH003";"EPI";"all_genes";"cluster_2";1583.5;4852;0.13208413987804;4.00004342727686;3.15494538726261;"0.675618784059268";"4.00004342727686";"3.15494538726261"
"heart_human_adult_ACH003";"EPI";"all_genes";"cluster_3";1869;5551.5;0.11205900623209;4.00004342727686;3.15494538726261;"0.758692095258058";"4.00004342727686";"3.15494538726261"
"heart_human_adult_ACH003";"EPI";"all_genes";"cluster_4";1614.5;4831.5;0.129279346810336;4.00004342727686;3.15494538726261;"0.692472364473541";"4.00004342727686";"3.15494538726261"
"heart_human_adult_ACH003";"EPI";"all_genes";"cluster_5";1555.5;5142;0.131706218444257;4.00004342727686;3.15494538726261;"0.649177181052616";"4.00004342727686";"3.15494538726261"
"heart_human_adult_ACH003";"EPI";"all_genes";"cluster_6";2807;8046.5;0.051781813162339;2.09155840839821;1.24646036838396;"0.862296821667781";"4.00004342727686";"3.15494538726261"
"heart_human_adult_ACH003";"IBD";"all_genes";"cluster_0";1499.5;5228.5;-0.0221685046242931;0.0100599689754636;0;"0.322584998967039";"4.00004342727686";"3.15494538726261"
"heart_human_adult_ACH003";"IBD";"all_genes";"cluster_1";1510;4515.5;-0.020403431715283;0.0160114470056822;0;"0.316916699979155";"4.00004342727686";"3.15494538726261"
"heart_human_adult_ACH003";"IBD";"all_genes";"cluster_2";1583.5;4852;-0.0177698754152106;0.0267308068239609;0;"0.304972233260153";"4.00004342727686";"3.15494538726261"
"heart_human_adult_ACH003";"IBD";"all_genes";"cluster_3";1869;5551.5;-0.0118848657256605;0.0809653349007888;0;"0.270519505630285";"4.00004342727686";"3.15494538726261"
"heart_human_adult_ACH003";"IBD";"all_genes";"cluster_4";1614.5;4831.5;-0.0132773780327381;0.0630775301689925;0;"0.29446959209268";"4.00004342727686";"3.15494538726261"
"heart_human_adult_ACH003";"IBD";"all_genes";"cluster_5";1555.5;5142;-0.0216373206170084;0.0121984771055646;0;"0.31875603711108";"4.00004342727686";"3.15494538726261"
"heart_human_adult_ACH003";"IBD";"all_genes";"cluster_6";2807;8046.5;0.0118872637617629;0.711794201704877;0;"0.160992469699836";"4.00004342727686";"3.15494538726261"
"heart_human_adult_ACH003";"IKD";"all_genes";"cluster_0";1499.5;5228.5;0.0849172546080984;4.00004342727686;3.15494538726261;"0.523015898981454";"4.00004342727686";"3.15494538726261"
"heart_human_adult_ACH003";"IKD";"all_genes";"cluster_1";1510;4515.5;0.0837537026100559;4.00004342727686;3.15494538726261;"0.521810071324528";"4.00004342727686";"3.15494538726261"
"heart_human_adult_ACH003";"IKD";"all_genes";"cluster_2";1583.5;4852;0.0867775333436229;4.00004342727686;3.15494538726261;"0.543805786625063";"4.00004342727686";"3.15494538726261"
"heart_human_adult_ACH003";"IKD";"all_genes";"cluster_3";1869;5551.5;0.0864454067048934;4.00004342727686;3.15494538726261;"0.578102884607324";"4.00004342727686";"3.15494538726261"
"heart_human_adult_ACH003";"IKD";"all_genes";"cluster_4";1614.5;4831.5;0.0852003020570222;4.00004342727686;3.15494538726261;"0.544701685002389";"4.00004342727686";"3.15494538726261"
"heart_human_adult_ACH003";"IKD";"all_genes";"cluster_5";1555.5;5142;0.0856655013002494;4.00004342727686;3.15494538726261;"0.53491648785666";"4.00004342727686";"3.15494538726261"
"heart_human_adult_ACH003";"IKD";"all_genes";"cluster_6";2807;8046.5;0.0895889929064242;4.00004342727686;3.15494538726261;"0.575802689874244";"4.00004342727686";"3.15494538726261"
"heart_human_adult_ACH003";"INS";"all_genes";"cluster_0";1499.5;5228.5;-0.0118654336829978;0.180302130003852;0;"-0.00178455977967497";"0.54367739414782";"0"
"heart_human_adult_ACH003";"INS";"all_genes";"cluster_1";1510;4515.5;-0.00872407505388439;0.230813845540269;0;"0.011241595246243";"0.865229056956403";"0.0201310169421457"
"heart_human_adult_ACH003";"INS";"all_genes";"cluster_2";1583.5;4852;-0.0157291773076123;0.118830011021843;0;"-0.00642876146639217";"0.365263969130911";"0"
"heart_human_adult_ACH003";"INS";"all_genes";"cluster_3";1869;5551.5;-0.0180651621677201;0.0940318020054499;0;"-0.0234554265012759";"0.121062303883126";"0"
"heart_human_adult_ACH003";"INS";"all_genes";"cluster_4";1614.5;4831.5;-0.0210690313828974;0.0609237096283757;0;"-0.00793197020896994";"0.341650400997739";"0"
"heart_human_adult_ACH003";"INS";"all_genes";"cluster_5";1555.5;5142;-0.0129526358966199;0.164416261066965;0;"0.000786479571957446";"0.570775760843694";"0"
"heart_human_adult_ACH003";"INS";"all_genes";"cluster_6";2807;8046.5;-0.0404771502711229;0.0174556365752002;0;"-0.0377419185177806";"0.140124942076147";"0"
"heart_human_adult_ACH003";"LD";"all_genes";"cluster_0";1499.5;5228.5;-0.00986502418918775;0.114456071087207;0;"0.124320928970932";"4.00004342727686";"3.15494538726261"
"heart_human_adult_ACH003";"LD";"all_genes";"cluster_1";1510;4515.5;-0.00893445835503184;0.129522477264098;0;"0.123248742884198";"4.00004342727686";"3.15494538726261"
"heart_human_adult_ACH003";"LD";"all_genes";"cluster_2";1583.5;4852;-0.00544580112705237;0.193999191528774;0;"0.124082223288223";"4.00004342727686";"3.15494538726261"
"heart_human_adult_ACH003";"LD";"all_genes";"cluster_3";1869;5551.5;0.000289897141882559;0.326009426845608;0;"0.115424364841014";"4.00004342727686";"3.15494538726261"
"heart_human_adult_ACH003";"LD";"all_genes";"cluster_4";1614.5;4831.5;0.00130375954881583;0.353933905298015;0;"0.119046479978724";"4.00004342727686";"3.15494538726261"
"heart_human_adult_ACH003";"LD";"all_genes";"cluster_5";1555.5;5142;-0.00808465808512725;0.143979473943763;0;"0.121522657595127";"4.00004342727686";"3.15494538726261"
"heart_human_adult_ACH003";"LD";"all_genes";"cluster_6";2807;8046.5;0.0129670499590834;0.714036305197388;0;"0.0923664900926572";"3.69901343161288";"2.85391539159862"
"heart_human_adult_ACH003";"LID";"all_genes";"cluster_0";1499.5;5228.5;0.0221989641227588;1.47370414988702;0.628606109872762;"0.182912220881949";"4.00004342727686";"3.15494538726261"
"heart_human_adult_ACH003";"LID";"all_genes";"cluster_1";1510;4515.5;0.0235198055340348;1.56547452324266;0.720376483228407;"0.180074079966302";"4.00004342727686";"3.15494538726261"
"heart_human_adult_ACH003";"LID";"all_genes";"cluster_2";1583.5;4852;0.0265317279426815;1.77215672266319;0.927058682648932;"0.179993034639348";"4.00004342727686";"3.15494538726261"
"heart_human_adult_ACH003";"LID";"all_genes";"cluster_3";1869;5551.5;0.0304390304244775;2.00881735158437;1.16371931157011;"0.168924754561175";"4.00004342727686";"3.15494538726261"
"heart_human_adult_ACH003";"LID";"all_genes";"cluster_4";1614.5;4831.5;0.0287529802418114;1.92449646588433;1.07939842587008;"0.174701299049852";"4.00004342727686";"3.15494538726261"
"heart_human_adult_ACH003";"LID";"all_genes";"cluster_5";1555.5;5142;0.0212927424439205;1.39473838113575;0.549640341121496;"0.181994084021032";"4.00004342727686";"3.15494538726261"
"heart_human_adult_ACH003";"LID";"all_genes";"cluster_6";2807;8046.5;0.039004258317719;2.55288539593464;1.70778735592039;"0.127227774882057";"4.00004342727686";"3.15494538726261"
"heart_human_adult_ACH003";"LUD";"all_genes";"cluster_0";1499.5;5228.5;-0.00763379261173727;0.154635287655069;0;"0.12282932062749";"4.00004342727686";"3.15494538726261"
"heart_human_adult_ACH003";"LUD";"all_genes";"cluster_1";1510;4515.5;-0.00474090550055159;0.213008245250639;0;"0.121903131503525";"4.00004342727686";"3.15494538726261"
"heart_human_adult_ACH003";"LUD";"all_genes";"cluster_2";1583.5;4852;-0.00392594189999595;0.23022316951327;0;"0.121555189917258";"4.00004342727686";"3.15494538726261"
"heart_human_adult_ACH003";"LUD";"all_genes";"cluster_3";1869;5551.5;-0.00549022931681804;0.199120245463644;0;"0.117656207484518";"4.00004342727686";"3.15494538726261"
"heart_human_adult_ACH003";"LUD";"all_genes";"cluster_4";1614.5;4831.5;-0.00314098551292868;0.246307205101852;0;"0.11778642278587";"4.00004342727686";"3.15494538726261"
"heart_human_adult_ACH003";"LUD";"all_genes";"cluster_5";1555.5;5142;-0.00670618915251419;0.172415722509429;0;"0.121342774722186";"4.00004342727686";"3.15494538726261"
"heart_human_adult_ACH003";"LUD";"all_genes";"cluster_6";2807;8046.5;-0.00524086188306801;0.210956512188834;0;"0.106031546104224";"4.00004342727686";"3.15494538726261"
"heart_human_adult_ACH003";"MDD";"all_genes";"cluster_0";1499.5;5228.5;-0.0186213225011847;0.0929008962737222;0;"0.44490366886647";"4.00004342727686";"3.15494538726261"
"heart_human_adult_ACH003";"MDD";"all_genes";"cluster_1";1510;4515.5;-0.0209714949023733;0.0682297233177234;0;"0.439122483270071";"4.00004342727686";"3.15494538726261"
"heart_human_adult_ACH003";"MDD";"all_genes";"cluster_2";1583.5;4852;-0.0235067685294259;0.0437308964356682;0;"0.417028206821788";"4.00004342727686";"3.15494538726261"
"heart_human_adult_ACH003";"MDD";"all_genes";"cluster_3";1869;5551.5;-0.0221315304928589;0.0612236022506524;0;"0.354910549027424";"4.00004342727686";"3.15494538726261"
"heart_human_adult_ACH003";"MDD";"all_genes";"cluster_4";1614.5;4831.5;-0.0191496696511878;0.0884064941474205;0;"0.394089414182129";"4.00004342727686";"3.15494538726261"
"heart_human_adult_ACH003";"MDD";"all_genes";"cluster_5";1555.5;5142;-0.0210270558564354;0.0690943961093396;0;"0.438965049865812";"4.00004342727686";"3.15494538726261"
"heart_human_adult_ACH003";"MDD";"all_genes";"cluster_6";2807;8046.5;0.00595539383602817;0.440615627517373;0;"0.185274368349503";"4.00004342727686";"3.15494538726261"
"heart_human_adult_ACH003";"MS";"all_genes";"cluster_0";1499.5;5228.5;-0.0234771513226597;0.0256238534245765;0;"0.341793514115774";"4.00004342727686";"3.15494538726261"
"heart_human_adult_ACH003";"MS";"all_genes";"cluster_1";1510;4515.5;-0.0243596580862402;0.0236475906649829;0;"0.336090667737883";"4.00004342727686";"3.15494538726261"
"heart_human_adult_ACH003";"MS";"all_genes";"cluster_2";1583.5;4852;-0.0195378490457783;0.0524626779725402;0;"0.329025911120553";"4.00004342727686";"3.15494538726261"
"heart_human_adult_ACH003";"MS";"all_genes";"cluster_3";1869;5551.5;-0.0159002510198858;0.0924171224335963;0;"0.290797022490054";"4.00004342727686";"3.15494538726261"
"heart_human_adult_ACH003";"MS";"all_genes";"cluster_4";1614.5;4831.5;-0.0131829781561627;0.121464189214643;0;"0.311707179791689";"4.00004342727686";"3.15494538726261"
"heart_human_adult_ACH003";"MS";"all_genes";"cluster_5";1555.5;5142;-0.0248988256232471;0.0213152501383708;0;"0.334650186310364";"4.00004342727686";"3.15494538726261"
"heart_human_adult_ACH003";"MS";"all_genes";"cluster_6";2807;8046.5;-0.0137391354964022;0.133047614166215;0;"0.173378970331569";"4.00004342727686";"3.15494538726261"
"heart_human_adult_ACH003";"NAFLD";"all_genes";"cluster_0";1499.5;5228.5;-0.0172990797880904;0.11338352941566;0;"0.45739835240801";"4.00004342727686";"3.15494538726261"
"heart_human_adult_ACH003";"NAFLD";"all_genes";"cluster_1";1510;4515.5;-0.0146848179281554;0.151177215782083;0;"0.450338862667091";"4.00004342727686";"3.15494538726261"
"heart_human_adult_ACH003";"NAFLD";"all_genes";"cluster_2";1583.5;4852;-0.0216681503995208;0.0614236457741816;0;"0.433019213213879";"4.00004342727686";"3.15494538726261"
"heart_human_adult_ACH003";"NAFLD";"all_genes";"cluster_3";1869;5551.5;-0.0232230396385794;0.0560545522030908;0;"0.375080415286258";"4.00004342727686";"3.15494538726261"
"heart_human_adult_ACH003";"NAFLD";"all_genes";"cluster_4";1614.5;4831.5;-0.0125651412058206;0.182478057717082;0;"0.40634515743539";"4.00004342727686";"3.15494538726261"
"heart_human_adult_ACH003";"NAFLD";"all_genes";"cluster_5";1555.5;5142;-0.0145132740597417;0.153149883960237;0;"0.448167693583211";"4.00004342727686";"3.15494538726261"
"heart_human_adult_ACH003";"NAFLD";"all_genes";"cluster_6";2807;8046.5;-0.041023821505457;0.0264538038496058;0;"0.183894473827717";"4.00004342727686";"3.15494538726261"
"heart_human_adult_ACH003";"PAR";"all_genes";"cluster_0";1499.5;5228.5;0.130948646453636;4.00004342727686;3.15494538726261;"-0.00508950067136867";"0.351878648702862";"0"
"heart_human_adult_ACH003";"PAR";"all_genes";"cluster_1";1510;4515.5;0.124088632513906;4.00004342727686;3.15494538726261;"0.000190905219329643";"0.478774551678477";"0"
"heart_human_adult_ACH003";"PAR";"all_genes";"cluster_2";1583.5;4852;0.127878453541309;4.00004342727686;3.15494538726261;"-0.00469676046473284";"0.346734414338384";"0"
"heart_human_adult_ACH003";"PAR";"all_genes";"cluster_3";1869;5551.5;0.11880476702482;4.00004342727686;3.15494538726261;"-0.00838649889235904";"0.271365060425949";"0"
"heart_human_adult_ACH003";"PAR";"all_genes";"cluster_4";1614.5;4831.5;0.134673413974008;4.00004342727686;3.15494538726261;"-0.00325386942351463";"0.381576935077782";"0"
"heart_human_adult_ACH003";"PAR";"all_genes";"cluster_5";1555.5;5142;0.124588005962204;4.00004342727686;3.15494538726261;"-0.00181038348099107";"0.427055719078658";"0"
"heart_human_adult_ACH003";"PAR";"all_genes";"cluster_6";2807;8046.5;0.085493403962535;3.22189217689322;2.37679413687896;"-0.0117966309213756";"0.241813018819113";"0"
"heart_human_adult_ACH003";"SCZ";"all_genes";"cluster_0";1499.5;5228.5;-0.0223388512053714;0.00524252798225879;0;"0.38052425516099";"4.00004342727686";"3.15494538726261"
"heart_human_adult_ACH003";"SCZ";"all_genes";"cluster_1";1510;4515.5;-0.0224355820551204;0.00590231615074025;0;"0.376121645838442";"4.00004342727686";"3.15494538726261"
"heart_human_adult_ACH003";"SCZ";"all_genes";"cluster_2";1583.5;4852;-0.0244523374208749;0.00340043592139018;0;"0.361465155090583";"4.00004342727686";"3.15494538726261"
"heart_human_adult_ACH003";"SCZ";"all_genes";"cluster_3";1869;5551.5;-0.0262829155655445;0.0024823116432743;0;"0.319977892410501";"4.00004342727686";"3.15494538726261"
"heart_human_adult_ACH003";"SCZ";"all_genes";"cluster_4";1614.5;4831.5;-0.0238191909114707;0.00445210302450925;0;"0.339839974087079";"4.00004342727686";"3.15494538726261"
"heart_human_adult_ACH003";"SCZ";"all_genes";"cluster_5";1555.5;5142;-0.024279202766094;0.00379451270773055;0;"0.372314843068008";"4.00004342727686";"3.15494538726261"
"heart_human_adult_ACH003";"SCZ";"all_genes";"cluster_6";2807;8046.5;-0.0284828407595658;0.00366311404345252;0;"0.205091048298523";"4.00004342727686";"3.15494538726261"
"heart_human_adult_ACH003";"T1D";"all_genes";"cluster_0";1499.5;5228.5;0.00576605831922755;0.476947589024295;0;"0.564584235077991";"4.00004342727686";"3.15494538726261"
"heart_human_adult_ACH003";"T1D";"all_genes";"cluster_1";1510;4515.5;0.00464519629901755;0.4428972849585;0;"0.550766353483111";"4.00004342727686";"3.15494538726261"
"heart_human_adult_ACH003";"T1D";"all_genes";"cluster_2";1583.5;4852;0.0129024780650649;0.677410715584639;0;"0.529732715096309";"4.00004342727686";"3.15494538726261"
"heart_human_adult_ACH003";"T1D";"all_genes";"cluster_3";1869;5551.5;0.0174760580379764;0.809711729106571;0;"0.469445924354291";"4.00004342727686";"3.15494538726261"
"heart_human_adult_ACH003";"T1D";"all_genes";"cluster_4";1614.5;4831.5;0.0151306496508531;0.738304879924325;0;"0.51038772597179";"4.00004342727686";"3.15494538726261"
"heart_human_adult_ACH003";"T1D";"all_genes";"cluster_5";1555.5;5142;0.00924138993829883;0.569162480823971;0;"0.548928186217368";"4.00004342727686";"3.15494538726261"
"heart_human_adult_ACH003";"T1D";"all_genes";"cluster_6";2807;8046.5;0.0251669712055117;0.95005057035672;0.104952530342463;"0.257385950093185";"4.00004342727686";"3.15494538726261"
"heart_human_adult_ACH003";"T2D";"all_genes";"cluster_0";1499.5;5228.5;-0.0134476483874428;0.0242900382405753;0;"0.294125578052657";"4.00004342727686";"3.15494538726261"
"heart_human_adult_ACH003";"T2D";"all_genes";"cluster_1";1510;4515.5;-0.0125384409490321;0.0322615192010635;0;"0.292261244388716";"4.00004342727686";"3.15494538726261"
"heart_human_adult_ACH003";"T2D";"all_genes";"cluster_2";1583.5;4852;-0.0160632403067159;0.0130478875524811;0;"0.277454348994376";"4.00004342727686";"3.15494538726261"
"heart_human_adult_ACH003";"T2D";"all_genes";"cluster_3";1869;5551.5;-0.0196769750655367;0.00471541819945308;0;"0.23393301872218";"4.00004342727686";"3.15494538726261"
"heart_human_adult_ACH003";"T2D";"all_genes";"cluster_4";1614.5;4831.5;-0.0159132789563162;0.0138989625663421;0;"0.260735707388588";"4.00004342727686";"3.15494538726261"
"heart_human_adult_ACH003";"T2D";"all_genes";"cluster_5";1555.5;5142;-0.014261248974814;0.0204950525727676;0;"0.292298062449005";"4.00004342727686";"3.15494538726261"
"heart_human_adult_ACH003";"T2D";"all_genes";"cluster_6";2807;8046.5;-0.0222250389728665;0.0050228211521047;0;"0.105214237690591";"2.55288539593464";"1.70778735592039"
"heart_human_adult_ACH003";"UC";"all_genes";"cluster_0";1499.5;5228.5;-0.0246736527564735;0.012690038541069;0;"0.448464703095102";"4.00004342727686";"3.15494538726261"
"heart_human_adult_ACH003";"UC";"all_genes";"cluster_1";1510;4515.5;-0.0236144313743337;0.0177269575847974;0;"0.438041138737586";"4.00004342727686";"3.15494538726261"
"heart_human_adult_ACH003";"UC";"all_genes";"cluster_2";1583.5;4852;-0.0194482274651731;0.0389072098896374;0;"0.428133718720981";"4.00004342727686";"3.15494538726261"
"heart_human_adult_ACH003";"UC";"all_genes";"cluster_3";1869;5551.5;-0.0122417308113282;0.1062262033094;0;"0.384843456284014";"4.00004342727686";"3.15494538726261"
"heart_human_adult_ACH003";"UC";"all_genes";"cluster_4";1614.5;4831.5;-0.0147929418281331;0.075609063733632;0;"0.415621565677901";"4.00004342727686";"3.15494538726261"
"heart_human_adult_ACH003";"UC";"all_genes";"cluster_5";1555.5;5142;-0.0235496228512057;0.0187232540177554;0;"0.443955267671727";"4.00004342727686";"3.15494538726261"
"heart_human_adult_ACH003";"UC";"all_genes";"cluster_6";2807;8046.5;0.00448405144831451;0.408644875995614;0;"0.227412010214722";"4.00004342727686";"3.15494538726261"
"intestine_human_adult_HFGA_A1";"ADHD";"all_genes";"cluster_0";921.5;1516.5;-0.0208466173420492;0.0020894232074597;0;"-0.0972109955091518";"0.0190861110472425";"0"
"intestine_human_adult_HFGA_A1";"ADHD";"all_genes";"cluster_1";759.5;1311.5;-0.0200876421022166;0.00375070873554118;0;"-0.207221021376781";"0.00204579086885834";"0"
"intestine_human_adult_HFGA_A1";"ADHD";"all_genes";"cluster_2";1782;3195;-0.0198872629559918;0.00401359886578601;0;"-0.0963608271594046";"0.022045617318123";"0"
"intestine_human_adult_HFGA_A1";"ADHD";"all_genes";"cluster_3";2031;5326.5;-0.0242745901738624;0.00121760823657663;0;"0.0367308738550896";"0.842586659142637";"0"
"intestine_human_adult_HFGA_A1";"ADHD";"all_genes";"cluster_4";1129.5;2259;-0.0273358377661821;0.000564893597552516;0;"-0.176199050677255";"0.00340043592139018";"0"
"intestine_human_adult_HFGA_A1";"ADHD";"all_genes";"cluster_5";940;1809;-0.0256266348576236;0.000434468305445637;0;"-0.125802294201754";"0.0119752238842274";"0"
"intestine_human_adult_HFGA_A1";"ADHD";"all_genes";"cluster_6";1724;3627;-0.024422008095219;0.00134826896520693;0;"-0.221720008838229";"0.000738854938513879";"0"
"intestine_human_adult_HFGA_A1";"ADHD";"all_genes";"cluster_7";1235;2301;-0.0224349694039515;0.00169688988049808;0;"-0.210306055258234";"0.000695358070141314";"0"
"intestine_human_adult_HFGA_A1";"ADHD";"all_genes";"cluster_8";2521.5;7207;-0.0279532853562792;0.000521414147958876;0;"0.000160421797582189";"0.490975382259701";"0"
"intestine_human_adult_HFGA_A1";"ADHD";"all_genes";"cluster_9";909.5;1815;-0.0259558895020464;0.000347539866023441;0;"-0.0571632020510037";"0.0841689244191711";"0"
"intestine_human_adult_HFGA_A1";"ADHD";"all_genes";"cluster_10";1812;4030.5;-0.0254820769084263;0.00139183127848919;0;"-0.254675732096254";"0.000956404650974279";"0"
"intestine_human_adult_HFGA_A1";"AHD";"all_genes";"cluster_0";921.5;1516.5;0.00421343064310374;0.50574965861153;0;"-0.0147667905888451";"0.125735594148824";"0"
"intestine_human_adult_HFGA_A1";"AHD";"all_genes";"cluster_1";759.5;1311.5;0.0023450475504936;0.456472003314497;0;"-0.00655809819308915";"0.271283952108988";"0"
"intestine_human_adult_HFGA_A1";"AHD";"all_genes";"cluster_2";1782;3195;0.00578066624097709;0.529632936300932;0;"-0.0184993633440633";"0.083536840161707";"0"
"intestine_human_adult_HFGA_A1";"AHD";"all_genes";"cluster_3";2031;5326.5;0.00271597346787777;0.417184965052363;0;"-0.0102672221821761";"0.22669588529604";"0"
"intestine_human_adult_HFGA_A1";"AHD";"all_genes";"cluster_4";1129.5;2259;0.0103740424397815;0.641918142000214;0;"-0.0111233151384572";"0.196245019287188";"0"
"intestine_human_adult_HFGA_A1";"AHD";"all_genes";"cluster_5";940;1809;0.00994029131627364;0.639450013711614;0;"-0.00230125815133084";"0.371961166286183";"0"
"intestine_human_adult_HFGA_A1";"AHD";"all_genes";"cluster_6";1724;3627;0.0036020571473695;0.439300126222151;0;"0.000560684930183158";"0.382938196774485";"0"
"intestine_human_adult_HFGA_A1";"AHD";"all_genes";"cluster_7";1235;2301;0.0110704955333702;0.671459977562661;0;"0.00817032472398335";"0.569001481940977";"0"
"intestine_human_adult_HFGA_A1";"AHD";"all_genes";"cluster_8";2521.5;7207;0.00350854410002538;0.418207503219215;0;"-0.00708996490671124";"0.266765893344281";"0"
"intestine_human_adult_HFGA_A1";"AHD";"all_genes";"cluster_9";909.5;1815;0.0111262527269774;0.657620746454656;0;"-0.0134770021136222";"0.16657756710617";"0"
"intestine_human_adult_HFGA_A1";"AHD";"all_genes";"cluster_10";1812;4030.5;0.0219441742354403;0.88979050992346;0;"0.0157400101253428";"0.627131424306756";"0"
"intestine_human_adult_HFGA_A1";"ALS";"all_genes";"cluster_0";921.5;1516.5;0.00431831938154568;0.534214611919426;0;"-0.0178420692735263";"0.0896324873621745";"0"
"intestine_human_adult_HFGA_A1";"ALS";"all_genes";"cluster_1";759.5;1311.5;0.00369095142898074;0.511633738373665;0;"-0.00810798217649288";"0.240602230143165";"0"
"intestine_human_adult_HFGA_A1";"ALS";"all_genes";"cluster_2";1782;3195;0.00377781283585421;0.477860109658176;0;"-0.0230955217934295";"0.0545748421450429";"0"
"intestine_human_adult_HFGA_A1";"ALS";"all_genes";"cluster_3";2031;5326.5;0.00606903815659192;0.494893448956957;0;"-0.0087405333915735";"0.254734367336035";"0"
"intestine_human_adult_HFGA_A1";"ALS";"all_genes";"cluster_4";1129.5;2259;0.0049891207446259;0.505054453593694;0;"-0.0126629461582112";"0.178923103500039";"0"
"intestine_human_adult_HFGA_A1";"ALS";"all_genes";"cluster_5";940;1809;0.00842147759188745;0.608579015437759;0;"-0.0053267115867597";"0.299512770298271";"0"
"intestine_human_adult_HFGA_A1";"ALS";"all_genes";"cluster_6";1724;3627;-0.00176012905596365;0.336908112319108;0;"-0.00299322483457425";"0.32785317608861";"0"
"intestine_human_adult_HFGA_A1";"ALS";"all_genes";"cluster_7";1235;2301;0.0153547688998256;0.785199579229165;0;"0.00850690294586408";"0.584402447380708";"0"
"intestine_human_adult_HFGA_A1";"ALS";"all_genes";"cluster_8";2521.5;7207;0.0104000246771283;0.562609983478891;0;"-0.0112922340529491";"0.216854736201605";"0"
"intestine_human_adult_HFGA_A1";"ALS";"all_genes";"cluster_9";909.5;1815;0.00718911831172508;0.563086096607413;0;"-0.0123938383114386";"0.1847978353603";"0"
"intestine_human_adult_HFGA_A1";"ALS";"all_genes";"cluster_10";1812;4030.5;0.0276489912511408;0.98762805251443;0;"0.00554881170945493";"0.44932600380758";"0"
"intestine_human_adult_HFGA_A1";"ALZ";"all_genes";"cluster_0";921.5;1516.5;-0.00938311354054698;0.143254138523546;0;"-0.00943142262251048";"0.208773946366594";"0"
"intestine_human_adult_HFGA_A1";"ALZ";"all_genes";"cluster_1";759.5;1311.5;-0.0109894431242731;0.123998877030768;0;"-0.0103201862362639";"0.206322870463339";"0"
"intestine_human_adult_HFGA_A1";"ALZ";"all_genes";"cluster_2";1782;3195;-0.0171555631290043;0.0410020349557691;0;"-0.0202496493819075";"0.0624252478830392";"0"
"intestine_human_adult_HFGA_A1";"ALZ";"all_genes";"cluster_3";2031;5326.5;-0.00133408385660072;0.315557135088128;0;"0.0110216252369234";"0.594867881058873";"0"
"intestine_human_adult_HFGA_A1";"ALZ";"all_genes";"cluster_4";1129.5;2259;-0.00984742693796194;0.150501175271846;0;"-0.0123567208446254";"0.173515120936211";"0"
"intestine_human_adult_HFGA_A1";"ALZ";"all_genes";"cluster_5";940;1809;-0.00687886261824391;0.203469094066433;0;"-0.00526454343740698";"0.299859097654665";"0"
"intestine_human_adult_HFGA_A1";"ALZ";"all_genes";"cluster_6";1724;3627;-0.00645479127905894;0.20597384329523;0;"0.00599846181471425";"0.49137906422392";"0"
"intestine_human_adult_HFGA_A1";"ALZ";"all_genes";"cluster_7";1235;2301;-0.00526919119543279;0.222326688667237;0;"-0.00639569887376232";"0.270392758940943";"0"
"intestine_human_adult_HFGA_A1";"ALZ";"all_genes";"cluster_8";2521.5;7207;-0.00191747036155542;0.302814084517145;0;"0.0287124328985036";"0.900017697169";"0"
"intestine_human_adult_HFGA_A1";"ALZ";"all_genes";"cluster_9";909.5;1815;-0.000612892412173958;0.349638757408831;0;"-0.0146509103375215";"0.144584846890827";"0"
"intestine_human_adult_HFGA_A1";"ALZ";"all_genes";"cluster_10";1812;4030.5;0.0157913425096421;0.800562512414507;0;"-0.0247957919371531";"0.0830108051144693";"0"
"intestine_human_adult_HFGA_A1";"ASD";"all_genes";"cluster_0";921.5;1516.5;-0.022153395036394;0.00256966847388229;0;"-0.00231661829991475";"0.49666136380313";"0"
"intestine_human_adult_HFGA_A1";"ASD";"all_genes";"cluster_1";759.5;1311.5;-0.0208842255249924;0.00550632297836482;0;"-0.0127334657076103";"0.240149053251363";"0"
"intestine_human_adult_HFGA_A1";"ASD";"all_genes";"cluster_2";1782;3195;-0.019091487416626;0.00908332759466338;0;"0.00638529680359047";"0.580583354490792";"0"
"intestine_human_adult_HFGA_A1";"ASD";"all_genes";"cluster_3";2031;5326.5;-0.0285411658655664;0.000564893597552516;0;"0.0142066713142402";"0.650960258497272";"0"
"intestine_human_adult_HFGA_A1";"ASD";"all_genes";"cluster_4";1129.5;2259;-0.0293620821641938;0.000434468305445637;0;"-0.014155493183872";"0.2009097339748";"0"
"intestine_human_adult_HFGA_A1";"ASD";"all_genes";"cluster_5";940;1809;-0.0242128944931256;0.00230765067896429;0;"-0.00563624379538372";"0.345001085945661";"0"
"intestine_human_adult_HFGA_A1";"ASD";"all_genes";"cluster_6";1724;3627;-0.0237857994188185;0.00449597780172526;0;"-0.0248476457978391";"0.133106609545223";"0"
"intestine_human_adult_HFGA_A1";"ASD";"all_genes";"cluster_7";1235;2301;-0.0207151410489207;0.00647494448713521;0;"-0.0281126376898237";"0.113834803109365";"0"
"intestine_human_adult_HFGA_A1";"ASD";"all_genes";"cluster_8";2521.5;7207;-0.0308570529546808;0.000521414147958876;0;"0.0286451117164741";"0.757501998978478";"0"
"intestine_human_adult_HFGA_A1";"ASD";"all_genes";"cluster_9";909.5;1815;-0.0246430356757616;0.0021330599301192;0;"0.000970914220488863";"0.515601219634456";"0"
"intestine_human_adult_HFGA_A1";"ASD";"all_genes";"cluster_10";1812;4030.5;-0.0191561200622561;0.0170038112307607;0;"-0.022025290402301";"0.185596048754375";"0"
"intestine_human_adult_HFGA_A1";"AST";"all_genes";"cluster_0";921.5;1516.5;0.000409765747688945;0.34193659177047;0;"-0.0211836149562812";"0.0844853118653423";"0"
"intestine_human_adult_HFGA_A1";"AST";"all_genes";"cluster_1";759.5;1311.5;-0.00676127924771297;0.135176512948337;0;"-0.0136545617812959";"0.176634412384318";"0"
"intestine_human_adult_HFGA_A1";"AST";"all_genes";"cluster_2";1782;3195;-0.00579866894130174;0.151115714049784;0;"-0.0266732650448752";"0.0532474000054022";"0"
"intestine_human_adult_HFGA_A1";"AST";"all_genes";"cluster_3";2031;5326.5;0.0105148294500828;0.774734145551;0;"-0.0118650141265562";"0.226549535005892";"0"
"intestine_human_adult_HFGA_A1";"AST";"all_genes";"cluster_4";1129.5;2259;-0.0109432186271254;0.0785130137756203;0;"-0.0121197564443896";"0.203261015575555";"0"
"intestine_human_adult_HFGA_A1";"AST";"all_genes";"cluster_5";940;1809;-0.00841248612782128;0.111022005181638;0;"-0.00733565827496727";"0.273560730492033";"0"
"intestine_human_adult_HFGA_A1";"AST";"all_genes";"cluster_6";1724;3627;-0.0183668693626492;0.019267653314241;0;"-0.00478475339661914";"0.310823390013027";"0"
"intestine_human_adult_HFGA_A1";"AST";"all_genes";"cluster_7";1235;2301;-0.00910588893248615;0.092847117005261;0;"-0.0154118211783668";"0.161509156764994";"0"
"intestine_human_adult_HFGA_A1";"AST";"all_genes";"cluster_8";2521.5;7207;0.0132014277994763;0.894873999277531;0;"0.00904661501186162";"0.513612948422429";"0"
"intestine_human_adult_HFGA_A1";"AST";"all_genes";"cluster_9";909.5;1815;0.00351564351456674;0.457342457828752;0;"-0.0211170458689229";"0.109678305828739";"0"
"intestine_human_adult_HFGA_A1";"AST";"all_genes";"cluster_10";1812;4030.5;0.00157497523058464;0.381158942281412;0;"-0.00506309171532605";"0.307901817910079";"0"
"intestine_human_adult_HFGA_A1";"BIP";"all_genes";"cluster_0";921.5;1516.5;-0.00198173114138852;0.266044140738476;0;"0.147053672758033";"4.00004342727686";"2.95865074211864"
"intestine_human_adult_HFGA_A1";"BIP";"all_genes";"cluster_1";759.5;1311.5;-0.00404830936691813;0.215568783514346;0;"0.168546097275445";"4.00004342727686";"2.95865074211864"
"intestine_human_adult_HFGA_A1";"BIP";"all_genes";"cluster_2";1782;3195;0.00141406621523205;0.36981901652443;0;"0.121571998284041";"4.00004342727686";"2.95865074211864"
"intestine_human_adult_HFGA_A1";"BIP";"all_genes";"cluster_3";2031;5326.5;-0.0129036622571751;0.0699607938844914;0;"0.167792850598457";"4.00004342727686";"2.95865074211864"
"intestine_human_adult_HFGA_A1";"BIP";"all_genes";"cluster_4";1129.5;2259;0.00174705327315394;0.382309391912845;0;"0.145355319527372";"4.00004342727686";"2.95865074211864"
"intestine_human_adult_HFGA_A1";"BIP";"all_genes";"cluster_5";940;1809;-0.00194624776114606;0.271852028686916;0;"0.166382222200097";"4.00004342727686";"2.95865074211864"
"intestine_human_adult_HFGA_A1";"BIP";"all_genes";"cluster_6";1724;3627;-0.00483963380369304;0.198365368240969;0;"0.121731230613185";"4.00004342727686";"2.95865074211864"
"intestine_human_adult_HFGA_A1";"BIP";"all_genes";"cluster_7";1235;2301;-0.00630369170486689;0.161761177362174;0;"0.126876886875728";"4.00004342727686";"2.95865074211864"
"intestine_human_adult_HFGA_A1";"BIP";"all_genes";"cluster_8";2521.5;7207;-0.0175876190379266;0.0353125062232333;0;"0.176296890237876";"4.00004342727686";"2.95865074211864"
"intestine_human_adult_HFGA_A1";"BIP";"all_genes";"cluster_9";909.5;1815;-0.00156185844277604;0.286384911068506;0;"0.171743557531348";"4.00004342727686";"2.95865074211864"
"intestine_human_adult_HFGA_A1";"BIP";"all_genes";"cluster_10";1812;4030.5;0.00306010826143276;0.422207085984119;0;"0.0743816759598511";"2.30107342294084";"1.25968073778262"
"intestine_human_adult_HFGA_A1";"BRD";"all_genes";"cluster_0";921.5;1516.5;0.00239897540253453;0.42497110156305;0;"-0.0179613149890962";"0.0986941018612204";"0"
"intestine_human_adult_HFGA_A1";"BRD";"all_genes";"cluster_1";759.5;1311.5;-0.00563537943610765;0.157309408328593;0;"-0.0319189275379202";"0.0166878129450744";"0"
"intestine_human_adult_HFGA_A1";"BRD";"all_genes";"cluster_2";1782;3195;-0.00343925451340304;0.204371921330841;0;"-0.0299466478145826";"0.0247035426714043";"0"
"intestine_human_adult_HFGA_A1";"BRD";"all_genes";"cluster_3";2031;5326.5;0.0143575814812447;1.00881735158437;0;"0.0078111687965054";"0.536449025089862";"0"
"intestine_human_adult_HFGA_A1";"BRD";"all_genes";"cluster_4";1129.5;2259;-0.00875320854849664;0.104179076029564;0;"-0.0250619413476662";"0.06277635506545";"0"
"intestine_human_adult_HFGA_A1";"BRD";"all_genes";"cluster_5";940;1809;-0.00592365369336988;0.155255708449016;0;"-0.0108953385093523";"0.205137320760059";"0"
"intestine_human_adult_HFGA_A1";"BRD";"all_genes";"cluster_6";1724;3627;-0.0163902846913249;0.0263153685888353;0;"-0.0308431255753348";"0.0474446927470896";"0"
"intestine_human_adult_HFGA_A1";"BRD";"all_genes";"cluster_7";1235;2301;-0.00669521466159104;0.131751739259007;0;"-0.0396259230674661";"0.0100599689754636";"0"
"intestine_human_adult_HFGA_A1";"BRD";"all_genes";"cluster_8";2521.5;7207;0.0154770244811592;1.03957264974256;0;"0.0100649007923578";"0.53510699815513";"0"
"intestine_human_adult_HFGA_A1";"BRD";"all_genes";"cluster_9";909.5;1815;0.00878608863520589;0.717647922534337;0;"0.00756360907145048";"0.613722853382817";"0"
"intestine_human_adult_HFGA_A1";"BRD";"all_genes";"cluster_10";1812;4030.5;1.94912469585334e-05;0.329241143015919;0;"-0.0400940592963937";"0.0340425696480786";"0"
"intestine_human_adult_HFGA_A1";"CAD";"all_genes";"cluster_0";921.5;1516.5;-0.019811570291284;0.00656310820686618;0;"0.111499444030092";"3.69901343161288";"2.65762074645466"
"intestine_human_adult_HFGA_A1";"CAD";"all_genes";"cluster_1";759.5;1311.5;-0.0186851617248994;0.0116628620548541;0;"0.134892665143021";"4.00004342727686";"2.95865074211864"
"intestine_human_adult_HFGA_A1";"CAD";"all_genes";"cluster_2";1782;3195;-0.0255727287507756;0.00108698680637646;0;"0.103802033938968";"3.69901343161288";"2.65762074645466"
"intestine_human_adult_HFGA_A1";"CAD";"all_genes";"cluster_3";2031;5326.5;-0.0139855921359297;0.0481718701484983;0;"0.115510434586255";"4.00004342727686";"2.95865074211864"
"intestine_human_adult_HFGA_A1";"CAD";"all_genes";"cluster_4";1129.5;2259;-0.0253634711514606;0.0024823116432743;0;"0.121016546886072";"3.69901343161288";"2.65762074645466"
"intestine_human_adult_HFGA_A1";"CAD";"all_genes";"cluster_5";940;1809;-0.0215952661643469;0.00660719677925092;0;"0.131387895273866";"4.00004342727686";"2.95865074211864"
"intestine_human_adult_HFGA_A1";"CAD";"all_genes";"cluster_6";1724;3627;-0.00373787094048106;0.214571223970474;0;"0.105476546513514";"3.69901343161288";"2.65762074645466"
"intestine_human_adult_HFGA_A1";"CAD";"all_genes";"cluster_7";1235;2301;-0.00666401802210012;0.140544869089087;0;"0.104740937739206";"3.69901343161288";"2.65762074645466"
"intestine_human_adult_HFGA_A1";"CAD";"all_genes";"cluster_8";2521.5;7207;-0.0105420059738172;0.0918802272213148;0;"0.125132194545529";"4.00004342727686";"2.95865074211864"
"intestine_human_adult_HFGA_A1";"CAD";"all_genes";"cluster_9";909.5;1815;-0.0218173014716696;0.00634273245651242;0;"0.124854180140339";"4.00004342727686";"2.95865074211864"
"intestine_human_adult_HFGA_A1";"CAD";"all_genes";"cluster_10";1812;4030.5;-0.0250960017602546;0.00396977279158732;0;"0.0610790332324129";"2.11355270210438";"1.07216001694616"
"intestine_human_adult_HFGA_A1";"CHD";"all_genes";"cluster_0";921.5;1516.5;-0.0167039668501449;0.0581346529112632;0;"-0.0329513918209828";"0.0691962355943656";"0"
"intestine_human_adult_HFGA_A1";"CHD";"all_genes";"cluster_1";759.5;1311.5;-0.00221292041395731;0.358371054052176;0;"-0.0651172071688944";"0.00740155739846501";"0"
"intestine_human_adult_HFGA_A1";"CHD";"all_genes";"cluster_2";1782;3195;-0.0201181933950753;0.0357366449729262;0;"-0.0658117236703601";"0.00704832884552116";"0"
"intestine_human_adult_HFGA_A1";"CHD";"all_genes";"cluster_3";2031;5326.5;-0.0227945228626701;0.050068249447209;0;"0.0823639012289445";"1.30896193515389";"0.267569249995669"
"intestine_human_adult_HFGA_A1";"CHD";"all_genes";"cluster_4";1129.5;2259;0.00547335921059858;0.516741474918695;0;"-0.103836708796787";"0.00021717982245024";"0"
"intestine_human_adult_HFGA_A1";"CHD";"all_genes";"cluster_5";940;1809;-0.00117990824355624;0.370226231258347;0;"-0.0707666660398337";"0.00467152124870026";"0"
"intestine_human_adult_HFGA_A1";"CHD";"all_genes";"cluster_6";1724;3627;0.0751995969516019;2.72128982632403;1.67989714116581;"-0.0973446936324784";"0.00139183127848919";"0"
"intestine_human_adult_HFGA_A1";"CHD";"all_genes";"cluster_7";1235;2301;0.0198068691477009;0.927793529663348;0;"-0.0728454023787314";"0.00704832884552116";"0"
"intestine_human_adult_HFGA_A1";"CHD";"all_genes";"cluster_8";2521.5;7207;-0.0187945970536238;0.0893656725341574;0;"0.10513981354241";"1.46728904828437";"0.42589636312614"
"intestine_human_adult_HFGA_A1";"CHD";"all_genes";"cluster_9";909.5;1815;-0.0227327264638366;0.029836068470008;0;"0.0122263349003102";"0.746220988568789";"0"
"intestine_human_adult_HFGA_A1";"CHD";"all_genes";"cluster_10";1812;4030.5;-0.0336015033068072;0.0152461701875699;0;"-0.106777371286696";"0.00187130533742199";"0"
"intestine_human_adult_HFGA_A1";"CHOL";"all_genes";"cluster_0";921.5;1516.5;-0.00980181343643183;0.0629771152594345;0;"N/A";"N/A";"N/A"
"intestine_human_adult_HFGA_A1";"CHOL";"all_genes";"cluster_1";759.5;1311.5;-0.0117477909196386;0.0451258735419039;0;"N/A";"N/A";"N/A"
"intestine_human_adult_HFGA_A1";"CHOL";"all_genes";"cluster_2";1782;3195;-0.0081685564322997;0.0887792562784927;0;"N/A";"N/A";"N/A"
"intestine_human_adult_HFGA_A1";"CHOL";"all_genes";"cluster_3";2031;5326.5;-0.0056457454061088;0.156436955352352;0;"N/A";"N/A";"N/A"
"intestine_human_adult_HFGA_A1";"CHOL";"all_genes";"cluster_4";1129.5;2259;-0.0134312542091183;0.0390497183345266;0;"N/A";"N/A";"N/A"
"intestine_human_adult_HFGA_A1";"CHOL";"all_genes";"cluster_5";940;1809;-0.0129689412396305;0.0387647481918195;0;"N/A";"N/A";"N/A"
"intestine_human_adult_HFGA_A1";"CHOL";"all_genes";"cluster_6";1724;3627;-0.0141809083900574;0.031607179565158;0;"N/A";"N/A";"N/A"
"intestine_human_adult_HFGA_A1";"CHOL";"all_genes";"cluster_7";1235;2301;-0.0137978499316277;0.0274240882172392;0;"N/A";"N/A";"N/A"
"intestine_human_adult_HFGA_A1";"CHOL";"all_genes";"cluster_8";2521.5;7207;-0.00020319382277649;0.312068807242307;0;"N/A";"N/A";"N/A"
"intestine_human_adult_HFGA_A1";"CHOL";"all_genes";"cluster_9";909.5;1815;-0.0109518862127021;0.0608737476516852;0;"N/A";"N/A";"N/A"
"intestine_human_adult_HFGA_A1";"CHOL";"all_genes";"cluster_10";1812;4030.5;-0.0138270514255218;0.0362555999313074;0;"N/A";"N/A";"N/A"
"intestine_human_adult_HFGA_A1";"CIRR";"all_genes";"cluster_0";921.5;1516.5;0.0237687069217336;1.13850901641782;0.0971163312595998;"-0.0204522832395115";"0.0514837651679011";"0"
"intestine_human_adult_HFGA_A1";"CIRR";"all_genes";"cluster_1";759.5;1311.5;0.0157367576738472;0.828316973623632;0;"-0.0255928543376524";"0.0319809672004135";"0"
"intestine_human_adult_HFGA_A1";"CIRR";"all_genes";"cluster_2";1782;3195;0.0168154664461578;0.869066735671246;0;"-0.0399882225103306";"0.00165329695881497";"0"
"intestine_human_adult_HFGA_A1";"CIRR";"all_genes";"cluster_3";2031;5326.5;0.0338484988732232;1.30456175078667;0.26316906562844;"0.0193702362942696";"0.739972039291788";"0"
"intestine_human_adult_HFGA_A1";"CIRR";"all_genes";"cluster_4";1129.5;2259;0.0222683513591836;0.97844071124862;0;"-0.0359017661759338";"0.00846297010252284";"0"
"intestine_human_adult_HFGA_A1";"CIRR";"all_genes";"cluster_5";940;1809;0.0186713433323615;0.886768734812512;0;"-0.0236708770913059";"0.0491919683883163";"0"
"intestine_human_adult_HFGA_A1";"CIRR";"all_genes";"cluster_6";1724;3627;-0.0085249910610434;0.200014068032728;0;"-0.033417669882149";"0.026684627390465";"0"
"intestine_human_adult_HFGA_A1";"CIRR";"all_genes";"cluster_7";1235;2301;-0.00142868528435275;0.339462514849563;0;"-0.0350388245064682";"0.0116182572705595";"0"
"intestine_human_adult_HFGA_A1";"CIRR";"all_genes";"cluster_8";2521.5;7207;0.0265839661698125;1.03016178353036;0;"0.0308600275676804";"0.934837299222551";"0"
"intestine_human_adult_HFGA_A1";"CIRR";"all_genes";"cluster_9";909.5;1815;0.0234945395841451;1.00881735158437;0;"-0.0117524445164457";"0.190887895529682";"0"
"intestine_human_adult_HFGA_A1";"CIRR";"all_genes";"cluster_10";1812;4030.5;0.0537280764745989;1.91013831583746;0.86874563067924;"-0.0281952168035683";"0.0669106035501284";"0"
"intestine_human_adult_HFGA_A1";"CKD";"all_genes";"cluster_0";921.5;1516.5;0.0260393876477015;1.20695182710028;0.165559141942057;"0.0888577658450916";"3.5229221725572";"2.48152948739898"
"intestine_human_adult_HFGA_A1";"CKD";"all_genes";"cluster_1";759.5;1311.5;0.0338347562829572;1.39907053159011;0.357677846431889;"0.109778948110056";"3.69901343161288";"2.65762074645466"
"intestine_human_adult_HFGA_A1";"CKD";"all_genes";"cluster_2";1782;3195;0.0141885367321734;0.787057242540194;0;"0.0773482171824125";"3.3979834359489";"2.35659075079068"
"intestine_human_adult_HFGA_A1";"CKD";"all_genes";"cluster_3";2031;5326.5;0.040072273701794;1.49625274421968;0.454860059061456;"0.0906621836821398";"3.3979834359489";"2.35659075079068"
"intestine_human_adult_HFGA_A1";"CKD";"all_genes";"cluster_4";1129.5;2259;0.0301220891241593;1.21900648865573;0.177613803497506;"0.0963674419412014";"3.3979834359489";"2.35659075079068"
"intestine_human_adult_HFGA_A1";"CKD";"all_genes";"cluster_5";940;1809;0.0345658494797499;1.37370305990182;0.332310374743595;"0.104455455781411";"3.69901343161288";"2.65762074645466"
"intestine_human_adult_HFGA_A1";"CKD";"all_genes";"cluster_6";1724;3627;0.0382048525905902;1.48284752932689;0.441454844168663;"0.0837147831363494";"3.22189217689322";"2.18049949173499"
"intestine_human_adult_HFGA_A1";"CKD";"all_genes";"cluster_7";1235;2301;0.0405615912739579;1.68407308181994;0.64268039666172;"0.0888827339854451";"3.69901343161288";"2.65762074645466"
"intestine_human_adult_HFGA_A1";"CKD";"all_genes";"cluster_8";2521.5;7207;0.0338802189070643;1.23140532602925;0.190012640871023;"0.101963193231805";"4.00004342727686";"2.95865074211864"
"intestine_human_adult_HFGA_A1";"CKD";"all_genes";"cluster_9";909.5;1815;0.0459041042486759;1.74477092217356;0.703378237015332;"0.0967246760065927";"3.5229221725572";"2.48152948739898"
"intestine_human_adult_HFGA_A1";"CKD";"all_genes";"cluster_10";1812;4030.5;0.00216981743012931;0.397007371026341;0;"0.0839070811353687";"3.04580091783754";"2.00440823267931"
"intestine_human_adult_HFGA_A1";"COPD";"all_genes";"cluster_0";921.5;1516.5;-0.0118646852772509;0.0841162155797469;0;"0.150245281821842";"4.00004342727686";"2.95865074211864"
"intestine_human_adult_HFGA_A1";"COPD";"all_genes";"cluster_1";759.5;1311.5;-0.0139859135053999;0.063630227565383;0;"0.170384313199974";"4.00004342727686";"2.95865074211864"
"intestine_human_adult_HFGA_A1";"COPD";"all_genes";"cluster_2";1782;3195;-0.014642063980186;0.0532964922432777;0;"0.132859572250977";"4.00004342727686";"2.95865074211864"
"intestine_human_adult_HFGA_A1";"COPD";"all_genes";"cluster_3";2031;5326.5;0.00317786477581987;0.424163111596217;0;"0.172948552612439";"4.00004342727686";"2.95865074211864"
"intestine_human_adult_HFGA_A1";"COPD";"all_genes";"cluster_4";1129.5;2259;-0.014854171625237;0.0671132844460732;0;"0.141936723882595";"4.00004342727686";"2.95865074211864"
"intestine_human_adult_HFGA_A1";"COPD";"all_genes";"cluster_5";940;1809;-0.0137242532480443;0.0746797599227611;0;"0.16778718622749";"4.00004342727686";"2.95865074211864"
"intestine_human_adult_HFGA_A1";"COPD";"all_genes";"cluster_6";1724;3627;-0.00976446991798606;0.128528868568481;0;"0.120693958959794";"4.00004342727686";"2.95865074211864"
"intestine_human_adult_HFGA_A1";"COPD";"all_genes";"cluster_7";1235;2301;-0.00688806568256912;0.171963836720117;0;"0.124515158986374";"4.00004342727686";"2.95865074211864"
"intestine_human_adult_HFGA_A1";"COPD";"all_genes";"cluster_8";2521.5;7207;0.00084951851634861;0.351781021528818;0;"0.172316770036737";"4.00004342727686";"2.95865074211864"
"intestine_human_adult_HFGA_A1";"COPD";"all_genes";"cluster_9";909.5;1815;-0.00467069885224442;0.228235548277757;0;"0.177905305643777";"4.00004342727686";"2.95865074211864"
"intestine_human_adult_HFGA_A1";"COPD";"all_genes";"cluster_10";1812;4030.5;-0.0162386235984428;0.0608237914220444;0;"0.0870628545736913";"2.82395216822118";"1.78255948306296"
"intestine_human_adult_HFGA_A1";"EPI";"all_genes";"cluster_0";921.5;1516.5;0.0706497028349773;4.00004342727686;2.95865074211864;"0.567451455976264";"4.00004342727686";"2.95865074211864"
"intestine_human_adult_HFGA_A1";"EPI";"all_genes";"cluster_1";759.5;1311.5;0.0784728843493371;4.00004342727686;2.95865074211864;"0.732346007855996";"4.00004342727686";"2.95865074211864"
"intestine_human_adult_HFGA_A1";"EPI";"all_genes";"cluster_2";1782;3195;0.053987095057042;3.5229221725572;2.48152948739898;"0.691287779005226";"4.00004342727686";"2.95865074211864"
"intestine_human_adult_HFGA_A1";"EPI";"all_genes";"cluster_3";2031;5326.5;0.0901048645896312;4.00004342727686;2.95865074211864;"0.203568147808887";"4.00004342727686";"2.95865074211864"
"intestine_human_adult_HFGA_A1";"EPI";"all_genes";"cluster_4";1129.5;2259;0.0514090732020869;2.88610007497003;1.8447073898118;"0.758487899344214";"4.00004342727686";"2.95865074211864"
"intestine_human_adult_HFGA_A1";"EPI";"all_genes";"cluster_5";940;1809;0.0700509528669755;4.00004342727686;2.95865074211864;"0.709526494549586";"4.00004342727686";"2.95865074211864"
"intestine_human_adult_HFGA_A1";"EPI";"all_genes";"cluster_6";1724;3627;0.0492024963234328;2.88610007497003;1.8447073898118;"0.820525018345671";"4.00004342727686";"2.95865074211864"
"intestine_human_adult_HFGA_A1";"EPI";"all_genes";"cluster_7";1235;2301;0.0587283799200805;4.00004342727686;2.95865074211864;"0.751121702111287";"4.00004342727686";"2.95865074211864"
"intestine_human_adult_HFGA_A1";"EPI";"all_genes";"cluster_8";2521.5;7207;0.0783689938105093;4.00004342727686;2.95865074211864;"0.264471729708979";"4.00004342727686";"2.95865074211864"
"intestine_human_adult_HFGA_A1";"EPI";"all_genes";"cluster_9";909.5;1815;0.0842531169915759;4.00004342727686;2.95865074211864;"0.420528141858962";"4.00004342727686";"2.95865074211864"
"intestine_human_adult_HFGA_A1";"EPI";"all_genes";"cluster_10";1812;4030.5;0.0226253602449428;1.22845594639561;0.187063261237382;"1.04283797122522";"4.00004342727686";"2.95865074211864"
"intestine_human_adult_HFGA_A1";"IKD";"all_genes";"cluster_0";921.5;1516.5;0.0593363629387034;4.00004342727686;2.95865074211864;"0.370399251250051";"4.00004342727686";"2.95865074211864"
"intestine_human_adult_HFGA_A1";"IKD";"all_genes";"cluster_1";759.5;1311.5;0.0649270061567723;4.00004342727686;2.95865074211864;"0.473466813076951";"4.00004342727686";"2.95865074211864"
"intestine_human_adult_HFGA_A1";"IKD";"all_genes";"cluster_2";1782;3195;0.0435415278790296;3.69901343161288;2.65762074645466;"0.446579938989851";"4.00004342727686";"2.95865074211864"
"intestine_human_adult_HFGA_A1";"IKD";"all_genes";"cluster_3";2031;5326.5;0.0733762305455814;4.00004342727686;2.95865074211864;"0.162639978312033";"4.00004342727686";"2.95865074211864"
"intestine_human_adult_HFGA_A1";"IKD";"all_genes";"cluster_4";1129.5;2259;0.0505971401398338;4.00004342727686;2.95865074211864;"0.494214727552471";"4.00004342727686";"2.95865074211864"
"intestine_human_adult_HFGA_A1";"IKD";"all_genes";"cluster_5";940;1809;0.0589437273586986;4.00004342727686;2.95865074211864;"0.458714440278421";"4.00004342727686";"2.95865074211864"
"intestine_human_adult_HFGA_A1";"IKD";"all_genes";"cluster_6";1724;3627;0.0480942361514284;4.00004342727686;2.95865074211864;"0.516868283685116";"4.00004342727686";"2.95865074211864"
"intestine_human_adult_HFGA_A1";"IKD";"all_genes";"cluster_7";1235;2301;0.0665961964711689;4.00004342727686;2.95865074211864;"0.481130321977808";"4.00004342727686";"2.95865074211864"
"intestine_human_adult_HFGA_A1";"IKD";"all_genes";"cluster_8";2521.5;7207;0.0630740728707271;4.00004342727686;2.95865074211864;"0.194924866418976";"4.00004342727686";"2.95865074211864"
"intestine_human_adult_HFGA_A1";"IKD";"all_genes";"cluster_9";909.5;1815;0.0720674791859365;4.00004342727686;2.95865074211864;"0.294896828480281";"4.00004342727686";"2.95865074211864"
"intestine_human_adult_HFGA_A1";"IKD";"all_genes";"cluster_10";1812;4030.5;0.0440412669841162;3.04580091783754;2.00440823267931;"0.63567572036946";"4.00004342727686";"2.95865074211864"
"intestine_human_adult_HFGA_A1";"INS";"all_genes";"cluster_0";921.5;1516.5;-0.0120735331537805;0.12342151124259;0;"-0.0239289906804423";"0.163402885704089";"0"
"intestine_human_adult_HFGA_A1";"INS";"all_genes";"cluster_1";759.5;1311.5;-0.00984729173761916;0.177417748502722;0;"-0.0208989099666315";"0.361254760119464";"0"
"intestine_human_adult_HFGA_A1";"INS";"all_genes";"cluster_2";1782;3195;-0.0124996844547802;0.114117087475432;0;"-0.0236854312955157";"0.12579360449846";"0"
"intestine_human_adult_HFGA_A1";"INS";"all_genes";"cluster_3";2031;5326.5;-0.014854956914168;0.11854464766188;0;"0.00629038586548045";"0.541405578251213";"0"
"intestine_human_adult_HFGA_A1";"INS";"all_genes";"cluster_4";1129.5;2259;-0.0105532322397709;0.164479675607766;0;"-0.0174157583055263";"0.220230564106282";"0"
"intestine_human_adult_HFGA_A1";"INS";"all_genes";"cluster_5";940;1809;-0.0145786806459118;0.102746305217366;0;"-0.0176195096161334";"0.236615433713925";"0"
"intestine_human_adult_HFGA_A1";"INS";"all_genes";"cluster_6";1724;3627;-0.00738623193388055;0.219870183634268;0;"0.0030371744602783";"0.4973432519663";"0"
"intestine_human_adult_HFGA_A1";"INS";"all_genes";"cluster_7";1235;2301;-0.0166703021028118;0.0776813304920726;0;"-0.023186792022141";"0.262850784572125";"0"
"intestine_human_adult_HFGA_A1";"INS";"all_genes";"cluster_8";2521.5;7207;-0.0172658472525613;0.100387046971227;0;"0.0094582208702829";"0.5530405288107";"0"
"intestine_human_adult_HFGA_A1";"INS";"all_genes";"cluster_9";909.5;1815;-0.00913674293077652;0.201254713325613;0;"-0.0132427858767117";"0.357084547867072";"0"
"intestine_human_adult_HFGA_A1";"INS";"all_genes";"cluster_10";1812;4030.5;-0.0361885774522525;0.00700419546995314;0;"-0.0361906745829784";"0.12608377253351";"0"
"intestine_human_adult_HFGA_A1";"LD";"all_genes";"cluster_0";921.5;1516.5;0.0165515005216032;1.4330170611178;0.391624375959577;"0.0450418139573382";"2.58507007930604";"1.54367739414782"
"intestine_human_adult_HFGA_A1";"LD";"all_genes";"cluster_1";759.5;1311.5;0.0132519607127664;1.10517377053161;0.063781085373385;"0.0493609197453702";"2.74477092217356";"1.70337823701533"
"intestine_human_adult_HFGA_A1";"LD";"all_genes";"cluster_2";1782;3195;0.016470368857602;1.3979834359489;0.356590750790675;"0.0423396141687737";"2.56867966311788";"1.52728697795965"
"intestine_human_adult_HFGA_A1";"LD";"all_genes";"cluster_3";2031;5326.5;0.0249775082713934;1.97473756201209;0.933344876853867;"0.0517111899078441";"2.60210341860483";"1.5607107334466"
"intestine_human_adult_HFGA_A1";"LD";"all_genes";"cluster_4";1129.5;2259;0.0133996394835248;1.03957264974256;0;"0.0434183800609694";"2.26764966745389";"1.22625698229567"
"intestine_human_adult_HFGA_A1";"LD";"all_genes";"cluster_5";940;1809;0.0120546334238173;0.969039145913326;0;"0.0467067686594177";"2.58507007930604";"1.54367739414782"
"intestine_human_adult_HFGA_A1";"LD";"all_genes";"cluster_6";1724;3627;0.000496950781267325;0.342222971261166;0;"0.0264705644906322";"1.32610142864277";"0.28470874348455"
"intestine_human_adult_HFGA_A1";"LD";"all_genes";"cluster_7";1235;2301;0.00571871482000819;0.602624884925515;0;"0.0365145280390611";"2.00004342727686";"0.958650742118638"
"intestine_human_adult_HFGA_A1";"LD";"all_genes";"cluster_8";2521.5;7207;0.0278303347728375;2.11355270210438;1.07216001694616;"0.0596057510443244";"2.82395216822118";"1.78255948306296"
"intestine_human_adult_HFGA_A1";"LD";"all_genes";"cluster_9";909.5;1815;0.017508663999033;1.36255369776435;0.321161012606127;"0.0466649201857193";"2.43184170320987";"1.39044901805164"
"intestine_human_adult_HFGA_A1";"LD";"all_genes";"cluster_10";1812;4030.5;0.0154705707840725;1.14452427160906;0.103131586450838;"0.0539932092555533";"2.72128982632403";"1.67989714116581"
"intestine_human_adult_HFGA_A1";"LDL";"all_genes";"cluster_0";921.5;1516.5;-0.00430750192768468;0.143677103617615;0;"N/A";"N/A";"N/A"
"intestine_human_adult_HFGA_A1";"LDL";"all_genes";"cluster_1";759.5;1311.5;-0.00686763477663956;0.0864414775477053;0;"N/A";"N/A";"N/A"
"intestine_human_adult_HFGA_A1";"LDL";"all_genes";"cluster_2";1782;3195;-0.004201678546119;0.147014812563873;0;"N/A";"N/A";"N/A"
"intestine_human_adult_HFGA_A1";"LDL";"all_genes";"cluster_3";2031;5326.5;0.000275502043449533;0.324815173683799;0;"N/A";"N/A";"N/A"
"intestine_human_adult_HFGA_A1";"LDL";"all_genes";"cluster_4";1129.5;2259;-0.00958308997061106;0.0527567825990643;0;"N/A";"N/A";"N/A"
"intestine_human_adult_HFGA_A1";"LDL";"all_genes";"cluster_5";940;1809;-0.00812805251634468;0.0693490396123273;0;"N/A";"N/A";"N/A"
"intestine_human_adult_HFGA_A1";"LDL";"all_genes";"cluster_6";1724;3627;-0.0088610592409005;0.0608237914220444;0;"N/A";"N/A";"N/A"
"intestine_human_adult_HFGA_A1";"LDL";"all_genes";"cluster_7";1235;2301;-0.00783166562301005;0.0666573853738083;0;"N/A";"N/A";"N/A"
"intestine_human_adult_HFGA_A1";"LDL";"all_genes";"cluster_8";2521.5;7207;0.00659034243644725;0.673707566348111;0;"N/A";"N/A";"N/A"
"intestine_human_adult_HFGA_A1";"LDL";"all_genes";"cluster_9";909.5;1815;-0.00510210022143762;0.135829096815533;0;"N/A";"N/A";"N/A"
"intestine_human_adult_HFGA_A1";"LDL";"all_genes";"cluster_10";1812;4030.5;-0.00676938267327143;0.100551231138731;0;"N/A";"N/A";"N/A"
"intestine_human_adult_HFGA_A1";"LUD";"all_genes";"cluster_0";921.5;1516.5;0.00422652155417019;0.49994423536114;0;"0.0496279083887504";"3.5229221725572";"2.48152948739898"
"intestine_human_adult_HFGA_A1";"LUD";"all_genes";"cluster_1";759.5;1311.5;0.000701990450980121;0.35501436255572;0;"0.0544999556234797";"3.5229221725572";"2.48152948739898"
"intestine_human_adult_HFGA_A1";"LUD";"all_genes";"cluster_2";1782;3195;-0.00177906900333155;0.258104349547664;0;"0.0451091700019041";"3.30107342294084";"2.25968073778262"
"intestine_human_adult_HFGA_A1";"LUD";"all_genes";"cluster_3";2031;5326.5;0.0123293256122303;0.852058106593057;0;"0.0621087528247905";"4.00004342727686";"2.95865074211864"
"intestine_human_adult_HFGA_A1";"LUD";"all_genes";"cluster_4";1129.5;2259;0.00456192359964434;0.488561138650861;0;"0.0488220408216899";"2.85391539159862";"1.8125227064404"
"intestine_human_adult_HFGA_A1";"LUD";"all_genes";"cluster_5";940;1809;0.00628353996831676;0.579427656651098;0;"0.0533244991951222";"3.30107342294084";"2.25968073778262"
"intestine_human_adult_HFGA_A1";"LUD";"all_genes";"cluster_6";1724;3627;0.00329199533587302;0.441454844168663;0;"0.0448444887620575";"2.76959450589859";"1.72820182074036"
"intestine_human_adult_HFGA_A1";"LUD";"all_genes";"cluster_7";1235;2301;0.00561653965572342;0.556154880499491;0;"0.0476577478351242";"3.22189217689322";"2.18049949173499"
"intestine_human_adult_HFGA_A1";"LUD";"all_genes";"cluster_8";2521.5;7207;0.0122522415476961;0.81819983933209;0;"0.0670398035175898";"4.00004342727686";"2.95865074211864"
"intestine_human_adult_HFGA_A1";"LUD";"all_genes";"cluster_9";909.5;1815;0.0120784750796838;0.875865371802187;0;"0.0524015069051742";"3.30107342294084";"2.25968073778262"
"intestine_human_adult_HFGA_A1";"LUD";"all_genes";"cluster_10";1812;4030.5;0.00129535798647969;0.368295352880293;0;"0.0419447925894333";"2.49489344895696";"1.45350076379873"
"intestine_human_adult_HFGA_A1";"MDD";"all_genes";"cluster_0";921.5;1516.5;0.010121410899147;0.682606930741764;0;"0.147046058592156";"4.00004342727686";"2.95865074211864"
"intestine_human_adult_HFGA_A1";"MDD";"all_genes";"cluster_1";759.5;1311.5;-0.00269437181489937;0.353541677245251;0;"0.179852099711427";"4.00004342727686";"2.95865074211864"
"intestine_human_adult_HFGA_A1";"MDD";"all_genes";"cluster_2";1782;3195;0.00372612440940415;0.475517490650487;0;"0.13062229200092";"4.00004342727686";"2.95865074211864"
"intestine_human_adult_HFGA_A1";"MDD";"all_genes";"cluster_3";2031;5326.5;0.00773045241188602;0.524953623887856;0;"0.155861740714894";"4.00004342727686";"2.95865074211864"
"intestine_human_adult_HFGA_A1";"MDD";"all_genes";"cluster_4";1129.5;2259;-0.000405185047145845;0.382204679559859;0;"0.157224905226158";"4.00004342727686";"2.95865074211864"
"intestine_human_adult_HFGA_A1";"MDD";"all_genes";"cluster_5";940;1809;0.00325125100726769;0.482979553794208;0;"0.167814842412503";"4.00004342727686";"2.95865074211864"
"intestine_human_adult_HFGA_A1";"MDD";"all_genes";"cluster_6";1724;3627;-0.0132289229255702;0.152655876249467;0;"0.134436652518328";"4.00004342727686";"2.95865074211864"
"intestine_human_adult_HFGA_A1";"MDD";"all_genes";"cluster_7";1235;2301;-0.00525599704378661;0.279222845506519;0;"0.135041395063762";"4.00004342727686";"2.95865074211864"
"intestine_human_adult_HFGA_A1";"MDD";"all_genes";"cluster_8";2521.5;7207;0.00924816145781686;0.528751716217924;0;"0.161269512918173";"4.00004342727686";"2.95865074211864"
"intestine_human_adult_HFGA_A1";"MDD";"all_genes";"cluster_9";909.5;1815;0.0206858968035135;0.866823970544368;0;"0.161353860928737";"4.00004342727686";"2.95865074211864"
"intestine_human_adult_HFGA_A1";"MDD";"all_genes";"cluster_10";1812;4030.5;-0.0150643292366174;0.148234913048625;0;"0.0844156110021322";"2.58507007930604";"1.54367739414782"
"intestine_human_adult_HFGA_A1";"MI";"all_genes";"cluster_0";921.5;1516.5;-0.00936118793273035;0.145373095381527;0;"-0.0168525144985103";"0.128937726291277";"0"
"intestine_human_adult_HFGA_A1";"MI";"all_genes";"cluster_1";759.5;1311.5;-0.00942282151959416;0.154077665731379;0;"-0.0121449933204773";"0.193253155692796";"0"
"intestine_human_adult_HFGA_A1";"MI";"all_genes";"cluster_2";1782;3195;-0.0137935718415313;0.077110470721651;0;"-0.0296888822513091";"0.0344654693663348";"0"
"intestine_human_adult_HFGA_A1";"MI";"all_genes";"cluster_3";2031;5326.5;0.00558112474907474;0.495164967866647;0;"0.000443002108434176";"0.41390640204607";"0"
"intestine_human_adult_HFGA_A1";"MI";"all_genes";"cluster_4";1129.5;2259;-0.016916438002729;0.0620744243254098;0;"-0.0227143866867664";"0.0930622740480085";"0"
"intestine_human_adult_HFGA_A1";"MI";"all_genes";"cluster_5";940;1809;-0.0137462431549683;0.0907013889155543;0;"-0.0170112087206898";"0.140124942076147";"0"
"intestine_human_adult_HFGA_A1";"MI";"all_genes";"cluster_6";1724;3627;0.00760737270193218;0.557563658212414;0;"-0.0154697050814892";"0.173450373342815";"0"
"intestine_human_adult_HFGA_A1";"MI";"all_genes";"cluster_7";1235;2301;0.00407542924575202;0.475777158509884;0;"-0.017401853794524";"0.136066643372476";"0"
"intestine_human_adult_HFGA_A1";"MI";"all_genes";"cluster_8";2521.5;7207;0.0138419468995724;0.724041437314813;0;"0.0190478306000587";"0.671459977562661";"0"
"intestine_human_adult_HFGA_A1";"MI";"all_genes";"cluster_9";909.5;1815;-0.0079703722157651;0.188267405673959;0;"-0.0242847582003272";"0.0801289466174311";"0"
"intestine_human_adult_HFGA_A1";"MI";"all_genes";"cluster_10";1812;4030.5;-0.01197820267559;0.133637928898808;0;"-0.0134270415701658";"0.210110346345112";"0"
"intestine_human_adult_HFGA_A1";"MS";"all_genes";"cluster_0";921.5;1516.5;-0.0126557361071884;0.0752474314789505;0;"0.100739530488404";"4.00004342727686";"2.95865074211864"
"intestine_human_adult_HFGA_A1";"MS";"all_genes";"cluster_1";759.5;1311.5;-0.0159616155359893;0.0458009178375378;0;"0.117346607050602";"4.00004342727686";"2.95865074211864"
"intestine_human_adult_HFGA_A1";"MS";"all_genes";"cluster_2";1782;3195;-0.0134699992964924;0.0667586549281679;0;"0.0872919272494757";"3.69901343161288";"2.65762074645466"
"intestine_human_adult_HFGA_A1";"MS";"all_genes";"cluster_3";2031;5326.5;-0.0105032324652709;0.123248451076162;0;"0.110814011830968";"4.00004342727686";"2.95865074211864"
"intestine_human_adult_HFGA_A1";"MS";"all_genes";"cluster_4";1129.5;2259;-0.0201979518167272;0.0273315867297961;0;"0.105690846491075";"3.69901343161288";"2.65762074645466"
"intestine_human_adult_HFGA_A1";"MS";"all_genes";"cluster_5";940;1809;-0.0172428177069583;0.0416706947982554;0;"0.11408995546566";"4.00004342727686";"2.95865074211864"
"intestine_human_adult_HFGA_A1";"MS";"all_genes";"cluster_6";1724;3627;-0.024067034250233;0.0132269226913262;0;"0.0933791180135124";"3.5229221725572";"2.48152948739898"
"intestine_human_adult_HFGA_A1";"MS";"all_genes";"cluster_7";1235;2301;-0.0153712503358324;0.0536402933778081;0;"0.0890561441887764";"3.69901343161288";"2.65762074645466"
"intestine_human_adult_HFGA_A1";"MS";"all_genes";"cluster_8";2521.5;7207;-0.0135616317176719;0.0913975883697493;0;"0.109290791322563";"4.00004342727686";"2.95865074211864"
"intestine_human_adult_HFGA_A1";"MS";"all_genes";"cluster_9";909.5;1815;-0.0126619931765673;0.0902735125440935;0;"0.113317054377042";"4.00004342727686";"2.95865074211864"
"intestine_human_adult_HFGA_A1";"MS";"all_genes";"cluster_10";1812;4030.5;-0.000121301873315854;0.323258396857657;0;"0.0839093021885936";"3.04580091783754";"2.00440823267931"
"intestine_human_adult_HFGA_A1";"NAFLD";"all_genes";"cluster_0";921.5;1516.5;-0.0080551590618051;0.212512111149628;0;"0.144792584988478";"4.00004342727686";"2.95865074211864"
"intestine_human_adult_HFGA_A1";"NAFLD";"all_genes";"cluster_1";759.5;1311.5;-0.0110344863362414;0.165686314558458;0;"0.163320041075898";"4.00004342727686";"2.95865074211864"
"intestine_human_adult_HFGA_A1";"NAFLD";"all_genes";"cluster_2";1782;3195;-0.0163732762516119;0.0715963640676807;0;"0.125600506234908";"4.00004342727686";"2.95865074211864"
"intestine_human_adult_HFGA_A1";"NAFLD";"all_genes";"cluster_3";2031;5326.5;0.00341451523923132;0.437156045982983;0;"0.169527138006463";"4.00004342727686";"2.95865074211864"
"intestine_human_adult_HFGA_A1";"NAFLD";"all_genes";"cluster_4";1129.5;2259;-0.00731862371925995;0.231627339060531;0;"0.143555585322609";"4.00004342727686";"2.95865074211864"
"intestine_human_adult_HFGA_A1";"NAFLD";"all_genes";"cluster_5";940;1809;-0.00793150173293074;0.222471622585453;0;"0.155631365403279";"4.00004342727686";"2.95865074211864"
"intestine_human_adult_HFGA_A1";"NAFLD";"all_genes";"cluster_6";1724;3627;-0.0333367071216352;0.00775507347977023;0;"0.118209308688275";"4.00004342727686";"2.95865074211864"
"intestine_human_adult_HFGA_A1";"NAFLD";"all_genes";"cluster_7";1235;2301;-0.0282711160925192;0.0101044139923271;0;"0.116424301514379";"4.00004342727686";"2.95865074211864"
"intestine_human_adult_HFGA_A1";"NAFLD";"all_genes";"cluster_8";2521.5;7207;-0.00456532167861991;0.275439911880146;0;"0.177264509689862";"4.00004342727686";"2.95865074211864"
"intestine_human_adult_HFGA_A1";"NAFLD";"all_genes";"cluster_9";909.5;1815;-0.00117299432169359;0.371450171425603;0;"0.160256443608487";"4.00004342727686";"2.95865074211864"
"intestine_human_adult_HFGA_A1";"NAFLD";"all_genes";"cluster_10";1812;4030.5;0.0142575764067035;0.662184998235768;0;"0.0670433896787733";"2.13672056715641";"1.09532788199818"
"intestine_human_adult_HFGA_A1";"PAR";"all_genes";"cluster_0";921.5;1516.5;0.0536687344664201;3.22189217689322;2.18049949173499;"-0.0170680871861003";"0.112426126941127";"0"
"intestine_human_adult_HFGA_A1";"PAR";"all_genes";"cluster_1";759.5;1311.5;0.0666439737197265;3.5229221725572;2.48152948739898;"-0.0336279929440832";"0.0138092971418668";"0"
"intestine_human_adult_HFGA_A1";"PAR";"all_genes";"cluster_2";1782;3195;0.0435937863347766;2.55288539593464;1.51149271077642;"-0.0357335757263467";"0.0103711796529895";"0"
"intestine_human_adult_HFGA_A1";"PAR";"all_genes";"cluster_3";2031;5326.5;0.0470677548711833;2.36657497169728;1.32518228653905;"0.0401718459816525";"1.09641091119263";"0.0550182260344"
"intestine_human_adult_HFGA_A1";"PAR";"all_genes";"cluster_4";1129.5;2259;0.0483777725379547;2.50868173344259;1.46728904828437;"-0.032589498010829";"0.0256238534245765";"0"
"intestine_human_adult_HFGA_A1";"PAR";"all_genes";"cluster_5";940;1809;0.0562670124363087;3.04580091783754;2.00440823267931;"-0.0200976513401344";"0.0989667115506078";"0"
"intestine_human_adult_HFGA_A1";"PAR";"all_genes";"cluster_6";1724;3627;0.0575169368343572;2.92086218122924;1.87946949607101;"-0.0467193217865715";"0.0084186927428573";"0"
"intestine_human_adult_HFGA_A1";"PAR";"all_genes";"cluster_7";1235;2301;0.058438304648197;3.15494538726261;2.11355270210438;"-0.0401648468167241";"0.0101044139923271";"0"
"intestine_human_adult_HFGA_A1";"PAR";"all_genes";"cluster_8";2521.5;7207;0.0386931542892301;1.7878558228729;0.74646313771468;"0.0469968088407375";"1.18049949173499";"0.139106806576769"
"intestine_human_adult_HFGA_A1";"PAR";"all_genes";"cluster_9";909.5;1815;0.0629970037483017;3.22189217689322;2.18049949173499;"0.0162545872033827";"0.767555560923876";"0"
"intestine_human_adult_HFGA_A1";"PAR";"all_genes";"cluster_10";1812;4030.5;0.0486677466955885;2.43184170320987;1.39044901805164;"-0.0464552030876621";"0.019222260632527";"0"
"intestine_human_adult_HFGA_A1";"SCZ";"all_genes";"cluster_0";921.5;1516.5;-0.0130147069776663;0.021588993911634;0;"0.123769366014596";"4.00004342727686";"2.95865074211864"
"intestine_human_adult_HFGA_A1";"SCZ";"all_genes";"cluster_1";759.5;1311.5;-0.0149578777108384;0.0132716930106178;0;"0.147792332950879";"4.00004342727686";"2.95865074211864"
"intestine_human_adult_HFGA_A1";"SCZ";"all_genes";"cluster_2";1782;3195;-0.0126010585949156;0.0253935928381406;0;"0.106520885547271";"3.69901343161288";"2.65762074645466"
"intestine_human_adult_HFGA_A1";"SCZ";"all_genes";"cluster_3";2031;5326.5;-0.0115563379315346;0.0462837355436339;0;"0.133057811037174";"4.00004342727686";"2.95865074211864"
"intestine_human_adult_HFGA_A1";"SCZ";"all_genes";"cluster_4";1129.5;2259;-0.0198864422544476;0.00458374065579842;0;"0.132354350130485";"3.69901343161288";"2.65762074645466"
"intestine_human_adult_HFGA_A1";"SCZ";"all_genes";"cluster_5";940;1809;-0.0173780484016629;0.00771086822939838;0;"0.14623544719378";"4.00004342727686";"2.95865074211864"
"intestine_human_adult_HFGA_A1";"SCZ";"all_genes";"cluster_6";1724;3627;-0.0203812486504161;0.00326915641555811;0;"0.11045926462458";"3.69901343161288";"2.65762074645466"
"intestine_human_adult_HFGA_A1";"SCZ";"all_genes";"cluster_7";1235;2301;-0.0169626682543759;0.00678359584012584;0;"0.107363539027482";"3.69901343161288";"2.65762074645466"
"intestine_human_adult_HFGA_A1";"SCZ";"all_genes";"cluster_8";2521.5;7207;-0.0142911980218659;0.0277479986657231;0;"0.146481918936735";"4.00004342727686";"2.95865074211864"
"intestine_human_adult_HFGA_A1";"SCZ";"all_genes";"cluster_9";909.5;1815;-0.0129331460947599;0.0302083342010652;0;"0.143744368676558";"4.00004342727686";"2.95865074211864"
"intestine_human_adult_HFGA_A1";"SCZ";"all_genes";"cluster_10";1812;4030.5;-0.0161889688081282;0.0155161139330701;0;"0.0833310489788617";"2.82395216822118";"1.78255948306296"
"intestine_human_adult_HFGA_A1";"T1D";"all_genes";"cluster_0";921.5;1516.5;0.00229405340049452;0.414244418263862;0;"0.134709963844991";"4.00004342727686";"2.95865074211864"
"intestine_human_adult_HFGA_A1";"T1D";"all_genes";"cluster_1";759.5;1311.5;0.00312880205846073;0.437988597620484;0;"0.169066009940544";"4.00004342727686";"2.95865074211864"
"intestine_human_adult_HFGA_A1";"T1D";"all_genes";"cluster_2";1782;3195;0.00180853169781978;0.388320119269521;0;"0.117661266595795";"4.00004342727686";"2.95865074211864"
"intestine_human_adult_HFGA_A1";"T1D";"all_genes";"cluster_3";2031;5326.5;0.00901212111522215;0.617846216899409;0;"0.145929553634071";"3.5229221725572";"2.48152948739898"
"intestine_human_adult_HFGA_A1";"T1D";"all_genes";"cluster_4";1129.5;2259;0.00179496556291234;0.385990321289643;0;"0.126031055634766";"3.69901343161288";"2.65762074645466"
"intestine_human_adult_HFGA_A1";"T1D";"all_genes";"cluster_5";940;1809;0.0014761628208512;0.379803237431031;0;"0.152058799038694";"4.00004342727686";"2.95865074211864"
"intestine_human_adult_HFGA_A1";"T1D";"all_genes";"cluster_6";1724;3627;0.00947689820958506;0.643062026283731;0;"0.106088207246414";"2.92086218122924";"1.87946949607101"
"intestine_human_adult_HFGA_A1";"T1D";"all_genes";"cluster_7";1235;2301;0.0132996305647439;0.838975041805688;0;"0.123248489173121";"3.69901343161288";"2.65762074645466"
"intestine_human_adult_HFGA_A1";"T1D";"all_genes";"cluster_8";2521.5;7207;0.0063093362153637;0.512480867020484;0;"0.153926699229847";"3.5229221725572";"2.48152948739898"
"intestine_human_adult_HFGA_A1";"T1D";"all_genes";"cluster_9";909.5;1815;0.00199496503618807;0.403996419731424;0;"0.137976356235756";"3.5229221725572";"2.48152948739898"
"intestine_human_adult_HFGA_A1";"T1D";"all_genes";"cluster_10";1812;4030.5;0.0148203064031001;0.840476234043242;0;"0.102620787633373";"2.85391539159862";"1.8125227064404"
"intestine_human_adult_HFGA_A1";"T2D";"all_genes";"cluster_0";921.5;1516.5;-0.00757856834009735;0.0542795041656889;0;"0.0966924826188313";"3.30107342294084";"2.25968073778262"
"intestine_human_adult_HFGA_A1";"T2D";"all_genes";"cluster_1";759.5;1311.5;-0.00773192913473066;0.0566478507679082;0;"0.103792494705894";"3.3979834359489";"2.35659075079068"
"intestine_human_adult_HFGA_A1";"T2D";"all_genes";"cluster_2";1782;3195;-0.0102143573915866;0.0237851780198175;0;"0.0859749347988251";"3.04580091783754";"2.00440823267931"
"intestine_human_adult_HFGA_A1";"T2D";"all_genes";"cluster_3";2031;5326.5;-0.00866263766823954;0.051826133716892;0;"0.126111744398893";"3.5229221725572";"2.48152948739898"
"intestine_human_adult_HFGA_A1";"T2D";"all_genes";"cluster_4";1129.5;2259;-0.00966385841294737;0.0407157813046916;0;"0.0882389149526217";"2.79592344462094";"1.75453075946271"
"intestine_human_adult_HFGA_A1";"T2D";"all_genes";"cluster_5";940;1809;-0.00735663515635459;0.0698077745105777;0;"0.108361989519505";"3.5229221725572";"2.48152948739898"
"intestine_human_adult_HFGA_A1";"T2D";"all_genes";"cluster_6";1724;3627;-0.0130047446917008;0.0138092971418668;0;"0.0588315494340804";"1.8996728821593";"0.858280197001075"
"intestine_human_adult_HFGA_A1";"T2D";"all_genes";"cluster_7";1235;2301;-0.0120385776689272;0.0136748337065897;0;"0.0644924598036039";"2.20070287782328";"1.15931019266506"
"intestine_human_adult_HFGA_A1";"T2D";"all_genes";"cluster_8";2521.5;7207;-0.0105670976456666;0.0355952193602018;0;"0.141971011914222";"3.69901343161288";"2.65762074645466"
"intestine_human_adult_HFGA_A1";"T2D";"all_genes";"cluster_9";909.5;1815;-0.00618943008798584;0.0919338868843105;0;"0.1132367437685";"3.30107342294084";"2.25968073778262"
"intestine_human_adult_HFGA_A1";"T2D";"all_genes";"cluster_10";1812;4030.5;-0.0127328566244269;0.0171844849647874;0;"0.0355195474550297";"1.12209647564767";"0.0807037904894494"
"kidney_mouse_10X";"ADHD";"all_genes";"cluster_0";7363.5;58439;-0.0585392938563827;0.00126115744512687;0;"-0.288776700749267";"8.68588966701944e-05";"0"
"kidney_mouse_10X";"ADHD";"all_genes";"cluster_1";5645.5;31699.5;-0.0605512328154972;0.00126115744512687;0;"-0.0971715748728605";"0.010326707328758";"0"
"kidney_mouse_10X";"ADHD";"all_genes";"cluster_2";5552;25019;-0.0568559775752812;0.00235130933513609;0;"-0.0700319065012965";"0.0321679817288295";"0"
"kidney_mouse_10X";"ADHD";"all_genes";"cluster_3";7785.5;72409.5;-0.0597168370203052;0.00200216291343431;0;"0.0109395459552034";"0.402457925524658";"0"
"kidney_mouse_10X";"ADHD";"all_genes";"cluster_4";5381;25742;-0.0618495020082466;0.00104345505854235;0;"-0.0738290696531929";"0.0205861091790144";"0"
"kidney_mouse_10X";"ADHD";"all_genes";"cluster_5";4117;14447;-0.0630448403597581;0.00121760823657663;0;"-0.0874887156308701";"0.0102377763400366";"0"
"kidney_mouse_10X";"ADHD";"all_genes";"cluster_6";7081.5;52663.5;-0.0615552945361705;0.00121760823657663;0;"-0.0187381134131372";"0.201738145254886";"0"
"kidney_mouse_10X";"ADHD";"all_genes";"cluster_7";7331;52297;-0.0745590033140079;8.68588966701944e-05;0;"-0.164120064332161";"0";"0"
"kidney_mouse_10X";"ADHD";"all_genes";"cluster_8";6445.5;40899;-0.0640954553710396;0.000956404650974279;0;"-0.059378400843484";"0.0438749968014993";"0"
"kidney_mouse_10X";"ADHD";"all_genes";"cluster_9";5991;27353.5;-0.0628012854590424;0.000695358070141314;0;"-0.142015016952812";"0.000304082170294646";"0"
"kidney_mouse_10X";"ADHD";"all_genes";"cluster_10";4668;24030;-0.0657299326163953;0.000564893597552516;0;"-0.154903510944261";"0.000477939050880344";"0"
"kidney_mouse_10X";"AHD";"all_genes";"cluster_0";7363.5;58439;0.0461785203500039;1.00440823267931;0;"-0.0995053615139246";"0.000956404650974279";"0"
"kidney_mouse_10X";"AHD";"all_genes";"cluster_1";5645.5;31699.5;0.0988845783732044;2.05065342063195;1.00926073547372;"-0.0650009470924074";"0.00660719677925092";"0"
"kidney_mouse_10X";"AHD";"all_genes";"cluster_2";5552;25019;0.107873809160762;2.35659075079068;1.31519806563245;"-0.0367339096528621";"0.060125006907806";"0"
"kidney_mouse_10X";"AHD";"all_genes";"cluster_3";7785.5;72409.5;0.0789301459938136;1.5800876787871;0.53869499362888;"-0.0710136519394038";"0.007931939489913";"0"
"kidney_mouse_10X";"AHD";"all_genes";"cluster_4";5381;25742;0.102728916739522;2.24416857160437;1.20277588644615;"-0.0541533333841226";"0.0126453281398453";"0"
"kidney_mouse_10X";"AHD";"all_genes";"cluster_5";4117;14447;0.100745389338216;2.16753451457063;1.1261418294124;"-0.0572074161610496";"0.00908332759466338";"0"
"kidney_mouse_10X";"AHD";"all_genes";"cluster_6";7081.5;52663.5;0.097973102438192;2.02691557367716;0.985522888518939;"-0.0675692544959537";"0.00563828058769622";"0"
"kidney_mouse_10X";"AHD";"all_genes";"cluster_7";7331;52297;0.107213338503734;2.26764966745389;1.22625698229567;"-0.0503113595590623";"0.0179531879810696";"0"
"kidney_mouse_10X";"AHD";"all_genes";"cluster_8";6445.5;40899;0.0837866117310304;1.74719039629697;0.705797711138744;"-0.0633249967619139";"0.00533044184529246";"0"
"kidney_mouse_10X";"AHD";"all_genes";"cluster_9";5991;27353.5;0.0960141078564923;2.03625559993131;0.994862914773082;"-0.0214153304507354";"0.145373095381527";"0"
"kidney_mouse_10X";"AHD";"all_genes";"cluster_10";4668;24030;0.125777680302759;2.63831559125927;1.59692290610104;"-0.0160955125988783";"0.193320924200681";"0"
"kidney_mouse_10X";"ALS";"all_genes";"cluster_0";7363.5;58439;0.0626652115488758;1.2269887339126;0.185596048754375;"-0.078143451104802";"0.00806463628227902";"0"
"kidney_mouse_10X";"ALS";"all_genes";"cluster_1";5645.5;31699.5;0.133246946803888;2.55288539593464;1.51149271077642;"-0.0467970297503029";"0.0311403969730345";"0"
"kidney_mouse_10X";"ALS";"all_genes";"cluster_2";5552;25019;0.130790657450477;2.63831559125927;1.59692290610104;"-0.0156568134398848";"0.194474609728307";"0"
"kidney_mouse_10X";"ALS";"all_genes";"cluster_3";7785.5;72409.5;0.0936245650177884;1.76199732414807;0.720604638989842;"-0.0545528385134291";"0.0301617835303627";"0"
"kidney_mouse_10X";"ALS";"all_genes";"cluster_4";5381;25742;0.12573743782927;2.49489344895696;1.45350076379873;"-0.0396025818772641";"0.0458974384473146";"0"
"kidney_mouse_10X";"ALS";"all_genes";"cluster_5";4117;14447;0.129151083117656;2.53764542937791;1.49625274421968;"-0.0332495066571291";"0.0712892251002094";"0"
"kidney_mouse_10X";"ALS";"all_genes";"cluster_6";7081.5;52663.5;0.125315797408977;2.38725957055713;1.3458668853989;"-0.0498967411923441";"0.0275166094110069";"0"
"kidney_mouse_10X";"ALS";"all_genes";"cluster_7";7331;52297;0.13154546953071;2.61983218556526;1.57843950040703;"-0.0194354421733076";"0.150685445615564";"0"
"kidney_mouse_10X";"ALS";"all_genes";"cluster_8";6445.5;40899;0.110215386437846;2.14271093084559;1.10131824568737;"-0.0441388690169134";"0.0323550768235501";"0"
"kidney_mouse_10X";"ALS";"all_genes";"cluster_9";5991;27353.5;0.112269487045722;2.26764966745389;1.22625698229567;"0.01259005345803";"0.498847185249774";"0"
"kidney_mouse_10X";"ALS";"all_genes";"cluster_10";4668;24030;0.139821803352604;2.72128982632403;1.67989714116581;"0.018732170950448";"0.578768636066516";"0"
"kidney_mouse_10X";"ALZ";"all_genes";"cluster_0";7363.5;58439;0.00245998783791385;0.356492058713918;0;"-0.0801294893704925";"0.00519857772346468";"0"
"kidney_mouse_10X";"ALZ";"all_genes";"cluster_1";5645.5;31699.5;0.0102396450541392;0.447375211164669;0;"-0.019072852130677";"0.162707559261848";"0"
"kidney_mouse_10X";"ALZ";"all_genes";"cluster_2";5552;25019;0.0254674637350548;0.660194644239226;0;"-0.0131149289302407";"0.212582952758448";"0"
"kidney_mouse_10X";"ALZ";"all_genes";"cluster_3";7785.5;72409.5;0.0185505529643172;0.550256580291089;0;"-0.0523913534924053";"0.0299756307277255";"0"
"kidney_mouse_10X";"ALZ";"all_genes";"cluster_4";5381;25742;0.0169165677742452;0.537945046141707;0;"-0.0267365783590608";"0.104897237900871";"0"
"kidney_mouse_10X";"ALZ";"all_genes";"cluster_5";4117;14447;0.023607450202338;0.62456271265829;0;"-0.0230845508255363";"0.134643309097561";"0"
"kidney_mouse_10X";"ALZ";"all_genes";"cluster_6";7081.5;52663.5;0.0242486760416873;0.632687506250844;0;"-0.0497969429189996";"0.0273778350107518";"0"
"kidney_mouse_10X";"ALZ";"all_genes";"cluster_7";7331;52297;0.0391829273680042;0.903133414268806;0;"-0.0201900796214719";"0.146527730519934";"0"
"kidney_mouse_10X";"ALZ";"all_genes";"cluster_8";6445.5;40899;0.0104856149849207;0.452884305949445;0;"-0.0246930713968439";"0.119172694744439";"0"
"kidney_mouse_10X";"ALZ";"all_genes";"cluster_9";5991;27353.5;0.0342635084788892;0.800288250023388;0;"-0.00366208096366982";"0.30003236495475";"0"
"kidney_mouse_10X";"ALZ";"all_genes";"cluster_10";4668;24030;0.0223095243914888;0.618567337001833;0;"-0.035288433739322";"0.0741128294083913";"0"
"kidney_mouse_10X";"ASD";"all_genes";"cluster_0";7363.5;58439;-0.0216403994451316;0.100605972990685;0;"-0.0732862043940286";"0.0413840002239295";"0"
"kidney_mouse_10X";"ASD";"all_genes";"cluster_1";5645.5;31699.5;-0.0291173544510939;0.0704712482003127;0;"-0.0212587375707605";"0.171770315224793";"0"
"kidney_mouse_10X";"ASD";"all_genes";"cluster_2";5552;25019;-0.0140788984110584;0.160879744362213;0;"-0.00290164222359302";"0.328592873064368";"0"
"kidney_mouse_10X";"ASD";"all_genes";"cluster_3";7785.5;72409.5;-0.0318439417841871;0.0569943162684558;0;"-0.0120665993285515";"0.247764441816744";"0"
"kidney_mouse_10X";"ASD";"all_genes";"cluster_4";5381;25742;-0.022079598846187;0.106337134212149;0;"-0.0137278637952053";"0.224287389432765";"0"
"kidney_mouse_10X";"ASD";"all_genes";"cluster_5";4117;14447;-0.0266439878845177;0.0844325646153954;0;"-0.0105126181136512";"0.262294353385306";"0"
"kidney_mouse_10X";"ASD";"all_genes";"cluster_6";7081.5;52663.5;-0.0336248883575904;0.0527567825990643;0;"0.00481538566119355";"0.379178952011742";"0"
"kidney_mouse_10X";"ASD";"all_genes";"cluster_7";7331;52297;-0.0270237091061905;0.0766439611181462;0;"-0.061727581633006";"0.017591275891873";"0"
"kidney_mouse_10X";"ASD";"all_genes";"cluster_8";6445.5;40899;-0.0267401876185046;0.0800767257934755;0;"0.0139317470777179";"0.495164967866647";"0"
"kidney_mouse_10X";"ASD";"all_genes";"cluster_9";5991;27353.5;-0.01289197003391;0.17048237097747;0;"-0.0223917530010973";"0.167470652430683";"0"
"kidney_mouse_10X";"ASD";"all_genes";"cluster_10";4668;24030;-0.019982662645941;0.115248063327882;0;"-0.0676321006271109";"0.0252094722283226";"0"
"kidney_mouse_10X";"AST";"all_genes";"cluster_0";7363.5;58439;-0.036978092913442;0.0346065275006024;0;"-0.0985837788136123";"0.0024823116432743";"0"
"kidney_mouse_10X";"AST";"all_genes";"cluster_1";5645.5;31699.5;-0.035140666078001;0.0484630823734709;0;"-0.0615335343685326";"0.0109052030610736";"0"
"kidney_mouse_10X";"AST";"all_genes";"cluster_2";5552;25019;-0.0291742181932438;0.0680265208426613;0;"-0.00825783137163716";"0.262930332970901";"0"
"kidney_mouse_10X";"AST";"all_genes";"cluster_3";7785.5;72409.5;-0.037190136729378;0.040477380638935;0;"-0.0631831184738099";"0.0185872607547361";"0"
"kidney_mouse_10X";"AST";"all_genes";"cluster_4";5381;25742;-0.0319454678660648;0.0571924207225253;0;"-0.0449048961026457";"0.0302083342010652";"0"
"kidney_mouse_10X";"AST";"all_genes";"cluster_5";4117;14447;-0.0335020181671183;0.0560545522030908;0;"-0.0598373507677576";"0.00647494448713521";"0"
"kidney_mouse_10X";"AST";"all_genes";"cluster_6";7081.5;52663.5;-0.0321975372291167;0.0572915068470489;0;"-0.0777233177269651";"0.00265704287954936";"0"
"kidney_mouse_10X";"AST";"all_genes";"cluster_7";7331;52297;-0.0194269670832886;0.119344138058161;0;"-0.0475154253777464";"0.0255317345395343";"0"
"kidney_mouse_10X";"AST";"all_genes";"cluster_8";6445.5;40899;-0.0338802013182707;0.051875065549731;0;"-0.0679954615961335";"0.00340043592139018";"0"
"kidney_mouse_10X";"AST";"all_genes";"cluster_9";5991;27353.5;-0.0159843200415484;0.14283158495997;0;"-0.0018411914770155";"0.323715693395543";"0"
"kidney_mouse_10X";"AST";"all_genes";"cluster_10";4668;24030;-0.0342749449320412;0.0445962166991671;0;"-0.0447904686029751";"0.0471541623659325";"0"
"kidney_mouse_10X";"BIP";"all_genes";"cluster_0";7363.5;58439;-0.0134239785900567;0.169134127730419;0;"0.915425265256886";"4.00004342727686";"2.95865074211864"
"kidney_mouse_10X";"BIP";"all_genes";"cluster_1";5645.5;31699.5;0.000394700655679814;0.306932311814721;0;"0.737498910824059";"4.00004342727686";"2.95865074211864"
"kidney_mouse_10X";"BIP";"all_genes";"cluster_2";5552;25019;-0.00844352784940361;0.214002217034308;0;"0.781804106176604";"4.00004342727686";"2.95865074211864"
"kidney_mouse_10X";"BIP";"all_genes";"cluster_3";7785.5;72409.5;-0.00841379892068284;0.215354827775441;0;"0.739050311782166";"4.00004342727686";"2.95865074211864"
"kidney_mouse_10X";"BIP";"all_genes";"cluster_4";5381;25742;-0.00865554774017768;0.214144398892479;0;"0.803269821986724";"4.00004342727686";"2.95865074211864"
"kidney_mouse_10X";"BIP";"all_genes";"cluster_5";4117;14447;-0.00892384708212157;0.214428902330039;0;"0.759568334676112";"4.00004342727686";"2.95865074211864"
"kidney_mouse_10X";"BIP";"all_genes";"cluster_6";7081.5;52663.5;-0.00763476801897678;0.224578617931123;0;"0.722679533644892";"4.00004342727686";"2.95865074211864"
"kidney_mouse_10X";"BIP";"all_genes";"cluster_7";7331;52297;-0.0173646071424944;0.142710930845594;0;"0.683956651243761";"4.00004342727686";"2.95865074211864"
"kidney_mouse_10X";"BIP";"all_genes";"cluster_8";6445.5;40899;0.000663366452345993;0.308785069143751;0;"0.762455901023611";"4.00004342727686";"2.95865074211864"
"kidney_mouse_10X";"BIP";"all_genes";"cluster_9";5991;27353.5;-0.0040382339987125;0.255437551862624;0;"0.706774419331563";"4.00004342727686";"2.95865074211864"
"kidney_mouse_10X";"BIP";"all_genes";"cluster_10";4668;24030;-0.002070123009553;0.27740950474305;0;"0.731378129180164";"4.00004342727686";"2.95865074211864"
"kidney_mouse_10X";"BRD";"all_genes";"cluster_0";7363.5;58439;-0.035445821448698;0.0361611983480853;0;"-0.0816665226416868";"0.00669538735360277";"0"
"kidney_mouse_10X";"BRD";"all_genes";"cluster_1";5645.5;31699.5;-0.0318690960715377;0.0571428861365688;0;"-0.0532402741607653";"0.0195401090834675";"0"
"kidney_mouse_10X";"BRD";"all_genes";"cluster_2";5552;25019;-0.0213737251358485;0.104399922452783;0;"0.0386543004729803";"0.891816770901934";"0"
"kidney_mouse_10X";"BRD";"all_genes";"cluster_3";7785.5;72409.5;-0.0375974492122221;0.0364444646796213;0;"-0.0630411523146816";"0.0165073456738703";"0"
"kidney_mouse_10X";"BRD";"all_genes";"cluster_4";5381;25742;-0.0297481545087148;0.0638313829566139;0;"-0.0285511398648804";"0.0942475469089941";"0"
"kidney_mouse_10X";"BRD";"all_genes";"cluster_5";4117;14447;-0.0306639471274001;0.0640829582876962;0;"-0.0473789069627267";"0.0237393107248598";"0"
"kidney_mouse_10X";"BRD";"all_genes";"cluster_6";7081.5;52663.5;-0.0308808159129523;0.0609736773534384;0;"-0.078839288954193";"0.00182769490590436";"0"
"kidney_mouse_10X";"BRD";"all_genes";"cluster_7";7331;52297;-0.0192955106118465;0.117348164895266;0;"-0.0388042763300864";"0.04792934236987";"0"
"kidney_mouse_10X";"BRD";"all_genes";"cluster_8";6445.5;40899;-0.0315975207777067;0.0571924207225253;0;"-0.0507629744726941";"0.0189500041309329";"0"
"kidney_mouse_10X";"BRD";"all_genes";"cluster_9";5991;27353.5;-0.0117622077711481;0.173774207883136;0;"0.0096123144736493";"0.462098467985376";"0"
"kidney_mouse_10X";"BRD";"all_genes";"cluster_10";4668;24030;-0.0307653828286177;0.054525605199023;0;"-0.0332503843760718";"0.0871308761007657";"0"
"kidney_mouse_10X";"CAD";"all_genes";"cluster_0";7363.5;58439;-0.0216274847605625;0.0992940692157831;0;"0.586156837556512";"4.00004342727686";"2.95865074211864"
"kidney_mouse_10X";"CAD";"all_genes";"cluster_1";5645.5;31699.5;-0.021024939692327;0.110965934626799;0;"0.510986987488032";"4.00004342727686";"2.95865074211864"
"kidney_mouse_10X";"CAD";"all_genes";"cluster_2";5552;25019;-0.0167064799317401;0.138628508640866;0;"0.564078775082262";"4.00004342727686";"2.95865074211864"
"kidney_mouse_10X";"CAD";"all_genes";"cluster_3";7785.5;72409.5;-0.017269296882358;0.134702521652279;0;"0.496326011843072";"4.00004342727686";"2.95865074211864"
"kidney_mouse_10X";"CAD";"all_genes";"cluster_4";5381;25742;-0.0131498406391882;0.167470652430683;0;"0.576760742486361";"4.00004342727686";"2.95865074211864"
"kidney_mouse_10X";"CAD";"all_genes";"cluster_5";4117;14447;-0.0084690314360587;0.212087303992931;0;"0.539577701709314";"4.00004342727686";"2.95865074211864"
"kidney_mouse_10X";"CAD";"all_genes";"cluster_6";7081.5;52663.5;-0.00743431305435721;0.220807795600999;0;"0.49266429755562";"4.00004342727686";"2.95865074211864"
"kidney_mouse_10X";"CAD";"all_genes";"cluster_7";7331;52297;-0.0127662922192459;0.165940771564069;0;"0.474938830358235";"4.00004342727686";"2.95865074211864"
"kidney_mouse_10X";"CAD";"all_genes";"cluster_8";6445.5;40899;-0.0197829119635489;0.118031465650204;0;"0.529341878130516";"4.00004342727686";"2.95865074211864"
"kidney_mouse_10X";"CAD";"all_genes";"cluster_9";5991;27353.5;0.0177143992597438;0.587246998560319;0;"0.526476630942361";"4.00004342727686";"2.95865074211864"
"kidney_mouse_10X";"CAD";"all_genes";"cluster_10";4668;24030;-0.00978229226086252;0.192846766565915;0;"0.508918244914794";"4.00004342727686";"2.95865074211864"
"kidney_mouse_10X";"CD";"all_genes";"cluster_0";7363.5;58439;0.00771476677116201;0.41390640204607;0;"-0.0604807436883993";"0.0233725466520513";"0"
"kidney_mouse_10X";"CD";"all_genes";"cluster_1";5645.5;31699.5;0.0197655312815944;0.582405687624633;0;"-0.0420352129799614";"0.0435868438669628";"0"
"kidney_mouse_10X";"CD";"all_genes";"cluster_2";5552;25019;0.0109255724898883;0.454736310811039;0;"-0.0317531530434154";"0.0833263496780502";"0"
"kidney_mouse_10X";"CD";"all_genes";"cluster_3";7785.5;72409.5;-0.000392360799982838;0.306140686210802;0;"-0.0328397347107184";"0.0929008962737222";"0"
"kidney_mouse_10X";"CD";"all_genes";"cluster_4";5381;25742;0.0203445381032822;0.601062360618732;0;"-0.0469253079490052";"0.0256699201954395";"0"
"kidney_mouse_10X";"CD";"all_genes";"cluster_5";4117;14447;0.0193846451312648;0.571422754604924;0;"-0.04043976578887";"0.0421967935687125";"0"
"kidney_mouse_10X";"CD";"all_genes";"cluster_6";7081.5;52663.5;0.00128393287170608;0.322710275856961;0;"-0.0362828194590215";"0.0666067594505822";"0"
"kidney_mouse_10X";"CD";"all_genes";"cluster_7";7331;52297;0.0448490584518639;1.11980165138138;0.0784089662231572;"0.00346438906809277";"0.38209999244789";"0"
"kidney_mouse_10X";"CD";"all_genes";"cluster_8";6445.5;40899;0.00853476104211315;0.41684465330824;0;"-0.0348320053728523";"0.0642339734669298";"0"
"kidney_mouse_10X";"CD";"all_genes";"cluster_9";5991;27353.5;0.0391882532612968;0.975968439969436;0;"-0.00924548653529442";"0.244168571604371";"0"
"kidney_mouse_10X";"CD";"all_genes";"cluster_10";4668;24030;0.0281728211367554;0.752070160915056;0;"-0.02916537998734";"0.103572326797585";"0"
"kidney_mouse_10X";"CHD";"all_genes";"cluster_0";7363.5;58439;-0.00536802270340508;0.282456130421402;0;"-0.0266494598014969";"0.169134127730419";"0"
"kidney_mouse_10X";"CHD";"all_genes";"cluster_1";5645.5;31699.5;-0.0447567783358309;0.0382427880851841;0;"0.0163948793478189";"0.512198307165427";"0"
"kidney_mouse_10X";"CHD";"all_genes";"cluster_2";5552;25019;0.0106897466711746;0.474739417318624;0;"-0.00176717211087873";"0.341364398694414";"0"
"kidney_mouse_10X";"CHD";"all_genes";"cluster_3";7785.5;72409.5;-0.0522968071077807;0.0273315867297961;0;"-0.0591147087253028";"0.0475900308538295";"0"
"kidney_mouse_10X";"CHD";"all_genes";"cluster_4";5381;25742;-0.0150180796106665;0.196245019287188;0;"-0.0225711755892974";"0.153397098699745";"0"
"kidney_mouse_10X";"CHD";"all_genes";"cluster_5";4117;14447;-0.0143765091871321;0.202983732576892;0;"-0.0233847653774863";"0.150255603039177";"0"
"kidney_mouse_10X";"CHD";"all_genes";"cluster_6";7081.5;52663.5;-0.03324392888453;0.082537917724316;0;"-0.0422273929227858";"0.0745250690994326";"0"
"kidney_mouse_10X";"CHD";"all_genes";"cluster_7";7331;52297;-0.0125653360528056;0.21307916784113;0;"-0.0364493048854398";"0.0798157158199342";"0"
"kidney_mouse_10X";"CHD";"all_genes";"cluster_8";6445.5;40899;-0.0438065608706547;0.0376740916068416;0;"-0.00436235227912085";"0.302116982470358";"0"
"kidney_mouse_10X";"CHD";"all_genes";"cluster_9";5991;27353.5;0.0354831668876485;0.848673577029402;0;"-0.017078570099934";"0.201669050595301";"0"
"kidney_mouse_10X";"CHD";"all_genes";"cluster_10";4668;24030;0.0104094371753021;0.469715637498776;0;"0.0160827027587701";"0.529632936300932";"0"
"kidney_mouse_10X";"CHOL";"all_genes";"cluster_0";7363.5;58439;-0.0132043967598682;0.147502441507064;0;"N/A";"N/A";"N/A"
"kidney_mouse_10X";"CHOL";"all_genes";"cluster_1";5645.5;31699.5;0.0414389904906421;1.26926115161047;0.227868466452249;"N/A";"N/A";"N/A"
"kidney_mouse_10X";"CHOL";"all_genes";"cluster_2";5552;25019;0.0206511196472884;0.693189678583854;0;"N/A";"N/A";"N/A"
"kidney_mouse_10X";"CHOL";"all_genes";"cluster_3";7785.5;72409.5;0.0296722187331347;0.924131665794085;0;"N/A";"N/A";"N/A"
"kidney_mouse_10X";"CHOL";"all_genes";"cluster_4";5381;25742;0.0284781824137362;0.892494297532176;0;"N/A";"N/A";"N/A"
"kidney_mouse_10X";"CHOL";"all_genes";"cluster_5";4117;14447;0.0342447079605955;1.02737783501075;0;"N/A";"N/A";"N/A"
"kidney_mouse_10X";"CHOL";"all_genes";"cluster_6";7081.5;52663.5;0.0441326228207654;1.3635555309235;0.322162845765272;"N/A";"N/A";"N/A"
"kidney_mouse_10X";"CHOL";"all_genes";"cluster_7";7331;52297;0.0315303575546219;1.00528648268923;0;"N/A";"N/A";"N/A"
"kidney_mouse_10X";"CHOL";"all_genes";"cluster_8";6445.5;40899;0.0375986633517897;1.15556625153118;0.114173566372956;"N/A";"N/A";"N/A"
"kidney_mouse_10X";"CHOL";"all_genes";"cluster_9";5991;27353.5;0.0291545094576685;0.917617126416091;0;"N/A";"N/A";"N/A"
"kidney_mouse_10X";"CHOL";"all_genes";"cluster_10";4668;24030;0.0258725749867499;0.836583875506873;0;"N/A";"N/A";"N/A"
"kidney_mouse_10X";"CIRR";"all_genes";"cluster_0";7363.5;58439;-0.0162116927469309;0.191494876036457;0;"-0.0941338406363506";"0.00169688988049808";"0"
"kidney_mouse_10X";"CIRR";"all_genes";"cluster_1";5645.5;31699.5;0.0773141203657772;1.5751617906458;0.533769105487571;"-0.0578145547862035";"0.0130926394183461";"0"
"kidney_mouse_10X";"CIRR";"all_genes";"cluster_2";5552;25019;0.0486018487984829;1.088353268523;0.0469605833647764;"-0.0294846534301688";"0.0959773753623598";"0"
"kidney_mouse_10X";"CIRR";"all_genes";"cluster_3";7785.5;72409.5;0.0511214816841537;1.06960383251016;0.0282111473519375;"-0.075633451734974";"0.00559429026282667";"0"
"kidney_mouse_10X";"CIRR";"all_genes";"cluster_4";5381;25742;0.0607023492422644;1.31340715801457;0.272014472856344;"-0.0352601488876466";"0.06287672356183";"0"
"kidney_mouse_10X";"CIRR";"all_genes";"cluster_5";4117;14447;0.0680816780618033;1.407866669881;0.366473984722771;"-0.0472948975706227";"0.0233267229134803";"0"
"kidney_mouse_10X";"CIRR";"all_genes";"cluster_6";7081.5;52663.5;0.0614497569873117;1.28739372564965;0.246001040491426;"-0.0734085726451006";"0.00313791658119651";"0"
"kidney_mouse_10X";"CIRR";"all_genes";"cluster_7";7331;52297;0.081791564520595;1.76451498036931;0.723122295211089;"-0.0445832022491336";"0.0301152378487466";"0"
"kidney_mouse_10X";"CIRR";"all_genes";"cluster_8";6445.5;40899;0.0578520664412756;1.21757080311058;0.176178117952351;"-0.0556760351662222";"0.0117520853693751";"0"
"kidney_mouse_10X";"CIRR";"all_genes";"cluster_9";5991;27353.5;0.0608082726847107;1.30456175078667;0.26316906562844;"-0.0363572571337041";"0.06287672356183";"0"
"kidney_mouse_10X";"CIRR";"all_genes";"cluster_10";4668;24030;0.0449054762065565;0.997013956723245;0;"-0.0588506539248998";"0.0132269226913262";"0"
"kidney_mouse_10X";"COPD";"all_genes";"cluster_0";7363.5;58439;-0.0268898134181568;0.0995124448241068;0;"0.776707112844744";"4.00004342727686";"2.95865074211864"
"kidney_mouse_10X";"COPD";"all_genes";"cluster_1";5645.5;31699.5;-0.0280880078295057;0.0974422966103314;0;"0.699210518348715";"4.00004342727686";"2.95865074211864"
"kidney_mouse_10X";"COPD";"all_genes";"cluster_2";5552;25019;0.00479285240743765;0.36870114079293;0;"0.754355153629484";"4.00004342727686";"2.95865074211864"
"kidney_mouse_10X";"COPD";"all_genes";"cluster_3";7785.5;72409.5;-0.0422817505338525;0.0436828736035406;0;"0.663214654828897";"4.00004342727686";"2.95865074211864"
"kidney_mouse_10X";"COPD";"all_genes";"cluster_4";5381;25742;-0.0185949731683191;0.152224079981623;0;"0.744642740127096";"4.00004342727686";"2.95865074211864"
"kidney_mouse_10X";"COPD";"all_genes";"cluster_5";4117;14447;-0.0132107364701202;0.197064571941601;0;"0.708404464567874";"4.00004342727686";"2.95865074211864"
"kidney_mouse_10X";"COPD";"all_genes";"cluster_6";7081.5;52663.5;-0.0270029262701959;0.102196495697291;0;"0.66276512330263";"4.00004342727686";"2.95865074211864"
"kidney_mouse_10X";"COPD";"all_genes";"cluster_7";7331;52297;-0.0156205934234434;0.170096731335227;0;"0.637720267348355";"4.00004342727686";"2.95865074211864"
"kidney_mouse_10X";"COPD";"all_genes";"cluster_8";6445.5;40899;-0.0201122956097488;0.142590310241596;0;"0.711678933451382";"4.00004342727686";"2.95865074211864"
"kidney_mouse_10X";"COPD";"all_genes";"cluster_9";5991;27353.5;0.00595360849635929;0.381890693898343;0;"0.666053210627642";"4.00004342727686";"2.95865074211864"
"kidney_mouse_10X";"COPD";"all_genes";"cluster_10";4668;24030;-0.00857250974993501;0.228088678312914;0;"0.64725831502926";"4.00004342727686";"2.95865074211864"
"kidney_mouse_10X";"EPI";"all_genes";"cluster_0";7363.5;58439;0.0733998702576332;1.86650451890665;0.82511183374842;"1.30081591101472";"4.00004342727686";"2.95865074211864"
"kidney_mouse_10X";"EPI";"all_genes";"cluster_1";5645.5;31699.5;0.132079766699241;3.22189217689322;2.18049949173499;"1.298901096041";"4.00004342727686";"2.95865074211864"
"kidney_mouse_10X";"EPI";"all_genes";"cluster_2";5552;25019;0.115679367914976;3.04580091783754;2.00440823267931;"1.24671940182201";"4.00004342727686";"2.95865074211864"
"kidney_mouse_10X";"EPI";"all_genes";"cluster_3";7785.5;72409.5;0.105248589803662;2.61983218556526;1.57843950040703;"1.27026758096985";"4.00004342727686";"2.95865074211864"
"kidney_mouse_10X";"EPI";"all_genes";"cluster_4";5381;25742;0.130152469244246;3.22189217689322;2.18049949173499;"1.25086622746303";"4.00004342727686";"2.95865074211864"
"kidney_mouse_10X";"EPI";"all_genes";"cluster_5";4117;14447;0.124674647316908;3.15494538726261;2.11355270210438;"1.28594477586226";"4.00004342727686";"2.95865074211864"
"kidney_mouse_10X";"EPI";"all_genes";"cluster_6";7081.5;52663.5;0.121236301295947;3.09695344028492;2.05556075512669;"1.28420171164947";"4.00004342727686";"2.95865074211864"
"kidney_mouse_10X";"EPI";"all_genes";"cluster_7";7331;52297;0.0899738873618099;2.29247325117893;1.2510805660207;"1.35491344636261";"4.00004342727686";"2.95865074211864"
"kidney_mouse_10X";"EPI";"all_genes";"cluster_8";6445.5;40899;0.124056480694978;3.22189217689322;2.18049949173499;"1.3201177210872";"4.00004342727686";"2.95865074211864"
"kidney_mouse_10X";"EPI";"all_genes";"cluster_9";5991;27353.5;0.0970884911215394;2.40897882025036;1.36758613509214;"1.29457771792916";"4.00004342727686";"2.95865074211864"
"kidney_mouse_10X";"EPI";"all_genes";"cluster_10";4668;24030;0.108431117118997;2.79592344462094;1.75453075946271;"1.41852539614089";"4.00004342727686";"2.95865074211864"
"kidney_mouse_10X";"IBD";"all_genes";"cluster_0";7363.5;58439;0.0104994702444259;0.485097421968858;0;"0.519658546641776";"4.00004342727686";"2.95865074211864"
"kidney_mouse_10X";"IBD";"all_genes";"cluster_1";5645.5;31699.5;0.0226053730139248;0.74380689407094;0;"0.430419122470666";"4.00004342727686";"2.95865074211864"
"kidney_mouse_10X";"IBD";"all_genes";"cluster_2";5552;25019;0.0158367761228713;0.586911376841991;0;"0.45620568674476";"4.00004342727686";"2.95865074211864"
"kidney_mouse_10X";"IBD";"all_genes";"cluster_3";7785.5;72409.5;-0.000488775207415804;0.295892910437064;0;"0.448296546345888";"4.00004342727686";"2.95865074211864"
"kidney_mouse_10X";"IBD";"all_genes";"cluster_4";5381;25742;0.0204556043383557;0.692333503872056;0;"0.458180449236397";"4.00004342727686";"2.95865074211864"
"kidney_mouse_10X";"IBD";"all_genes";"cluster_5";4117;14447;0.0232568389686855;0.74743308670949;0;"0.447332872500986";"4.00004342727686";"2.95865074211864"
"kidney_mouse_10X";"IBD";"all_genes";"cluster_6";7081.5;52663.5;0.010089271464693;0.4663984484781;0;"0.424463536789768";"4.00004342727686";"2.95865074211864"
"kidney_mouse_10X";"IBD";"all_genes";"cluster_7";7331;52297;0.0362435116079888;1.16753451457063;0.126141829412401;"0.44067190823529";"4.00004342727686";"2.95865074211864"
"kidney_mouse_10X";"IBD";"all_genes";"cluster_8";6445.5;40899;0.0143211150475697;0.547490364047937;0;"0.442656125259474";"4.00004342727686";"2.95865074211864"
"kidney_mouse_10X";"IBD";"all_genes";"cluster_9";5991;27353.5;0.033478289346646;1.06453616145215;0.0231434762939249;"0.436834944230931";"4.00004342727686";"2.95865074211864"
"kidney_mouse_10X";"IBD";"all_genes";"cluster_10";4668;24030;0.0225182819512031;0.76049370643639;0;"0.421588042309486";"4.00004342727686";"2.95865074211864"
"kidney_mouse_10X";"INS";"all_genes";"cluster_0";7363.5;58439;-0.0527287913482961;0.0263153685888353;0;"-0.0316977610984923";"0.174747162845903";"0"
"kidney_mouse_10X";"INS";"all_genes";"cluster_1";5645.5;31699.5;-0.0359799902935627;0.0670626053536645;0;"-0.0102127977871864";"0.268374095448226";"0"
"kidney_mouse_10X";"INS";"all_genes";"cluster_2";5552;25019;-0.0264919578606241;0.112369874822415;0;"0.00668181281301344";"0.436562341882452";"0"
"kidney_mouse_10X";"INS";"all_genes";"cluster_3";7785.5;72409.5;-0.0458167667772771;0.0417184956328096;0;"-0.0305450056306046";"0.167151482517072";"0"
"kidney_mouse_10X";"INS";"all_genes";"cluster_4";5381;25742;-0.0321010710429365;0.0835894787269376;0;"0.0163846663165267";"0.543981202821911";"0"
"kidney_mouse_10X";"INS";"all_genes";"cluster_5";4117;14447;-0.0422932928959069;0.0450295242388126;0;"-0.0102126869464192";"0.286636895109172";"0"
"kidney_mouse_10X";"INS";"all_genes";"cluster_6";7081.5;52663.5;-0.0405766582114616;0.0530020220216423;0;"-0.0214237134259671";"0.187397411043744";"0"
"kidney_mouse_10X";"INS";"all_genes";"cluster_7";7331;52297;-0.0443003932071664;0.0349829066656641;0;"-0.0446326191210699";"0.0838527672963251";"0"
"kidney_mouse_10X";"INS";"all_genes";"cluster_8";6445.5;40899;-0.0399395414171818;0.0500195207535362;0;"0.000663488929282946";"0.349056332893418";"0"
"kidney_mouse_10X";"INS";"all_genes";"cluster_9";5991;27353.5;-0.0360403900137355;0.0660502634456204;0;"-0.0325233664249342";"0.141325812416571";"0"
"kidney_mouse_10X";"INS";"all_genes";"cluster_10";4668;24030;-0.0379050035887587;0.0585319946424596;0;"-0.00846026023152374";"0.310823390013027";"0"
"kidney_mouse_10X";"LD";"all_genes";"cluster_0";7363.5;58439;0.0227198694284934;0.72106131041142;0;"0.269782878908104";"4.00004342727686";"2.95865074211864"
"kidney_mouse_10X";"LD";"all_genes";"cluster_1";5645.5;31699.5;0.0492350046071256;1.45473631081104;0.413343625652814;"0.244726468645583";"4.00004342727686";"2.95865074211864"
"kidney_mouse_10X";"LD";"all_genes";"cluster_2";5552;25019;0.0426231633973014;1.25185540027066;0.210462715112437;"0.266210328157648";"4.00004342727686";"2.95865074211864"
"kidney_mouse_10X";"LD";"all_genes";"cluster_3";7785.5;72409.5;0.0440148322876496;1.28655288418292;0.245160199024695;"0.226820888740946";"4.00004342727686";"2.95865074211864"
"kidney_mouse_10X";"LD";"all_genes";"cluster_4";5381;25742;0.0424061742012559;1.23066610120072;0.189273416042499;"0.269709257564315";"4.00004342727686";"2.95865074211864"
"kidney_mouse_10X";"LD";"all_genes";"cluster_5";4117;14447;0.0500439017029323;1.45350076379873;0.412108078640507;"0.268264393216449";"4.00004342727686";"2.95865074211864"
"kidney_mouse_10X";"LD";"all_genes";"cluster_6";7081.5;52663.5;0.0484233361751139;1.41798006436515;0.376587379206929;"0.233065003090677";"4.00004342727686";"2.95865074211864"
"kidney_mouse_10X";"LD";"all_genes";"cluster_7";7331;52297;0.0650820762663051;2.15494538726261;1.11355270210438;"0.258071651007548";"4.00004342727686";"2.95865074211864"
"kidney_mouse_10X";"LD";"all_genes";"cluster_8";6445.5;40899;0.0460510353368366;1.35856931677276;0.317176631614538;"0.247470345062374";"4.00004342727686";"2.95865074211864"
"kidney_mouse_10X";"LD";"all_genes";"cluster_9";5991;27353.5;0.0533109463073059;1.6517385642287;0.610345879070477;"0.276502054342929";"4.00004342727686";"2.95865074211864"
"kidney_mouse_10X";"LD";"all_genes";"cluster_10";4668;24030;0.051840011432931;1.63643144738472;0.595038762226493;"0.268163943756903";"4.00004342727686";"2.95865074211864"
"kidney_mouse_10X";"LDL";"all_genes";"cluster_0";7363.5;58439;0.0285243219068815;1.15308810225704;0.111695417098814;"N/A";"N/A";"N/A"
"kidney_mouse_10X";"LDL";"all_genes";"cluster_1";5645.5;31699.5;0.0525698561721212;2.15494538726261;1.11355270210438;"N/A";"N/A";"N/A"
"kidney_mouse_10X";"LDL";"all_genes";"cluster_2";5552;25019;0.0478673591301607;1.96261692933624;0.921224244178014;"N/A";"N/A";"N/A"
"kidney_mouse_10X";"LDL";"all_genes";"cluster_3";7785.5;72409.5;0.0508970010563778;2.09695344028492;1.05556075512669;"N/A";"N/A";"N/A"
"kidney_mouse_10X";"LDL";"all_genes";"cluster_4";5381;25742;0.0466832505156041;1.87619178630978;0.834799101151552;"N/A";"N/A";"N/A"
"kidney_mouse_10X";"LDL";"all_genes";"cluster_5";4117;14447;0.0570926313200565;2.3979834359489;1.35659075079068;"N/A";"N/A";"N/A"
"kidney_mouse_10X";"LDL";"all_genes";"cluster_6";7081.5;52663.5;0.0606596462310934;2.63831559125927;1.59692290610104;"N/A";"N/A";"N/A"
"kidney_mouse_10X";"LDL";"all_genes";"cluster_7";7331;52297;0.0501314999344221;2.18049949173499;1.13910680657677;"N/A";"N/A";"N/A"
"kidney_mouse_10X";"LDL";"all_genes";"cluster_8";6445.5;40899;0.0521752548391923;2.14271093084559;1.10131824568737;"N/A";"N/A";"N/A"
"kidney_mouse_10X";"LDL";"all_genes";"cluster_9";5991;27353.5;0.0547596294297736;2.45597538292659;1.41458269776836;"N/A";"N/A";"N/A"
"kidney_mouse_10X";"LDL";"all_genes";"cluster_10";4668;24030;0.0547543184578337;2.55288539593464;1.51149271077642;"N/A";"N/A";"N/A"
"kidney_mouse_10X";"LID";"all_genes";"cluster_0";7363.5;58439;0.0249669761688562;0.857966966203578;0;"0.311508365138381";"4.00004342727686";"2.95865074211864"
"kidney_mouse_10X";"LID";"all_genes";"cluster_1";5645.5;31699.5;0.0331081409380226;1.05902918357129;0.0176364984130679;"0.246077851465045";"4.00004342727686";"2.95865074211864"
"kidney_mouse_10X";"LID";"all_genes";"cluster_2";5552;25019;0.0317176374886927;1.04773541761474;0.00634273245651242;"0.285051260612795";"4.00004342727686";"2.95865074211864"
"kidney_mouse_10X";"LID";"all_genes";"cluster_3";7785.5;72409.5;0.013311649053351;0.539145584520315;0;"0.247447026053447";"4.00004342727686";"2.95865074211864"
"kidney_mouse_10X";"LID";"all_genes";"cluster_4";5381;25742;0.0333118128762795;1.08096533490079;0.0395726497425637;"0.276048969008421";"4.00004342727686";"2.95865074211864"
"kidney_mouse_10X";"LID";"all_genes";"cluster_5";4117;14447;0.0340322384867136;1.07164757502015;0.0302548898619238;"0.274626923076807";"4.00004342727686";"2.95865074211864"
"kidney_mouse_10X";"LID";"all_genes";"cluster_6";7081.5;52663.5;0.0202388136339949;0.69426227602188;0;"0.235454379778867";"4.00004342727686";"2.95865074211864"
"kidney_mouse_10X";"LID";"all_genes";"cluster_7";7331;52297;0.0417726543419694;1.44616040063299;0.404767715474763;"0.260004466124033";"4.00004342727686";"2.95865074211864"
"kidney_mouse_10X";"LID";"all_genes";"cluster_8";6445.5;40899;0.0305172991178998;0.982592697766327;0;"0.25316417942315";"4.00004342727686";"2.95865074211864"
"kidney_mouse_10X";"LID";"all_genes";"cluster_9";5991;27353.5;0.0475380705352954;1.65959931243674;0.618206627278519;"0.279669630300117";"4.00004342727686";"2.95865074211864"
"kidney_mouse_10X";"LID";"all_genes";"cluster_10";4668;24030;0.0312293882851788;1.04483688973492;0.00344420457669589;"0.260875486026767";"4.00004342727686";"2.95865074211864"
"kidney_mouse_10X";"LUD";"all_genes";"cluster_0";7363.5;58439;-0.012644582604786;0.173320907107871;0;"0.243325636133884";"4.00004342727686";"2.95865074211864"
"kidney_mouse_10X";"LUD";"all_genes";"cluster_1";5645.5;31699.5;0.00243853411336503;0.335777627129188;0;"0.218870198792341";"4.00004342727686";"2.95865074211864"
"kidney_mouse_10X";"LUD";"all_genes";"cluster_2";5552;25019;0.0204122263008301;0.631384714884636;0;"0.258918887721143";"4.00004342727686";"2.95865074211864"
"kidney_mouse_10X";"LUD";"all_genes";"cluster_3";7785.5;72409.5;-0.0240651614714266;0.0981493953030419;0;"0.198395042086106";"4.00004342727686";"2.95865074211864"
"kidney_mouse_10X";"LUD";"all_genes";"cluster_4";5381;25742;0.00687811585324277;0.39226682353517;0;"0.237181950675425";"4.00004342727686";"2.95865074211864"
"kidney_mouse_10X";"LUD";"all_genes";"cluster_5";4117;14447;0.00924035841694881;0.426012159549144;0;"0.241902028770149";"4.00004342727686";"2.95865074211864"
"kidney_mouse_10X";"LUD";"all_genes";"cluster_6";7081.5;52663.5;-0.00974648480296153;0.201392781831594;0;"0.203042081561071";"4.00004342727686";"2.95865074211864"
"kidney_mouse_10X";"LUD";"all_genes";"cluster_7";7331;52297;0.0122317324266606;0.479690923193545;0;"0.221121517417116";"4.00004342727686";"2.95865074211864"
"kidney_mouse_10X";"LUD";"all_genes";"cluster_8";6445.5;40899;0.00299655014774969;0.339937205553619;0;"0.220742468805737";"4.00004342727686";"2.95865074211864"
"kidney_mouse_10X";"LUD";"all_genes";"cluster_9";5991;27353.5;0.0209012465129915;0.638882432081837;0;"0.25663913055981";"4.00004342727686";"2.95865074211864"
"kidney_mouse_10X";"LUD";"all_genes";"cluster_10";4668;24030;0.00372402710390374;0.348474688411071;0;"0.229603509065777";"4.00004342727686";"2.95865074211864"
"kidney_mouse_10X";"MDD";"all_genes";"cluster_0";7363.5;58439;-0.0403240523156092;0.0641836292389822;0;"0.912533121542301";"4.00004342727686";"2.95865074211864"
"kidney_mouse_10X";"MDD";"all_genes";"cluster_1";5645.5;31699.5;-0.0264906394042631;0.118487597483551;0;"0.761399135209923";"4.00004342727686";"2.95865074211864"
"kidney_mouse_10X";"MDD";"all_genes";"cluster_2";5552;25019;-0.0411297535662127;0.04652534583187;0;"0.804493683833336";"4.00004342727686";"2.95865074211864"
"kidney_mouse_10X";"MDD";"all_genes";"cluster_3";7785.5;72409.5;-0.0379300357430818;0.0704201757616223;0;"0.761048305305786";"4.00004342727686";"2.95865074211864"
"kidney_mouse_10X";"MDD";"all_genes";"cluster_4";5381;25742;-0.0208981141978108;0.149764874758826;0;"0.820179636343032";"4.00004342727686";"2.95865074211864"
"kidney_mouse_10X";"MDD";"all_genes";"cluster_5";4117;14447;-0.0334107616715038;0.0780969730474525;0;"0.776917862547585";"4.00004342727686";"2.95865074211864"
"kidney_mouse_10X";"MDD";"all_genes";"cluster_6";7081.5;52663.5;-0.0419782664313674;0.0467670906095583;0;"0.742675559583628";"4.00004342727686";"2.95865074211864"
"kidney_mouse_10X";"MDD";"all_genes";"cluster_7";7331;52297;-0.0351762479621383;0.0636805076791182;0;"0.696896456263796";"4.00004342727686";"2.95865074211864"
"kidney_mouse_10X";"MDD";"all_genes";"cluster_8";6445.5;40899;-0.0301441297155379;0.0904339167866938;0;"0.775350079723152";"4.00004342727686";"2.95865074211864"
"kidney_mouse_10X";"MDD";"all_genes";"cluster_9";5991;27353.5;-0.0334066315183977;0.0788253060819123;0;"0.735886093302087";"4.00004342727686";"2.95865074211864"
"kidney_mouse_10X";"MDD";"all_genes";"cluster_10";4668;24030;-0.0463058965250886;0.0344184601676199;0;"0.757246961261036";"4.00004342727686";"2.95865074211864"
"kidney_mouse_10X";"MI";"all_genes";"cluster_0";7363.5;58439;0.0281188613519292;0.713362457921932;0;"-0.0865000320481725";"0.00757827946881936";"0"
"kidney_mouse_10X";"MI";"all_genes";"cluster_1";5645.5;31699.5;-0.000912367868786013;0.318621271555854;0;"-0.072497217989561";"0.0038383210985382";"0"
"kidney_mouse_10X";"MI";"all_genes";"cluster_2";5552;25019;0.0251592388020184;0.657818197916072;0;"-0.0190888714172022";"0.170932717121568";"0"
"kidney_mouse_10X";"MI";"all_genes";"cluster_3";7785.5;72409.5;0.0112256167894216;0.456347794967618;0;"-0.0794933253121107";"0.00541837350825798";"0"
"kidney_mouse_10X";"MI";"all_genes";"cluster_4";5381;25742;0.0239487159266095;0.635117393486887;0;"-0.0210028580584132";"0.150316983080535";"0"
"kidney_mouse_10X";"MI";"all_genes";"cluster_5";4117;14447;0.0167137218394297;0.528605019887563;0;"-0.0342954243188464";"0.0698587749782428";"0"
"kidney_mouse_10X";"MI";"all_genes";"cluster_6";7081.5;52663.5;0.0133651272018384;0.484699534188482;0;"-0.0822804609454432";"0.00169688988049808";"0"
"kidney_mouse_10X";"MI";"all_genes";"cluster_7";7331;52297;0.00861322437122836;0.431724342181751;0;"-0.0702255366071668";"0.00261335347939147";"0"
"kidney_mouse_10X";"MI";"all_genes";"cluster_8";6445.5;40899;0.000698689719519696;0.339842225896181;0;"-0.0690593036909735";"0.00265704287954936";"0"
"kidney_mouse_10X";"MI";"all_genes";"cluster_9";5991;27353.5;0.0447172420023558;0.998309714467862;0;"0.021834163358587";"0.625478366554098";"0"
"kidney_mouse_10X";"MI";"all_genes";"cluster_10";4668;24030;0.0144437334419039;0.500768845384645;0;"-0.053181421851331";"0.0283038363890844";"0"
"kidney_mouse_10X";"MS";"all_genes";"cluster_0";7363.5;58439;-0.0395752289128813;0.0469605833647765;0;"0.521523448020915";"4.00004342727686";"2.95865074211864"
"kidney_mouse_10X";"MS";"all_genes";"cluster_1";5645.5;31699.5;-0.0424673640906009;0.0458009178375378;0;"0.450287644548797";"4.00004342727686";"2.95865074211864"
"kidney_mouse_10X";"MS";"all_genes";"cluster_2";5552;25019;-0.0489380583199041;0.0264999587443729;0;"0.488526823627596";"4.00004342727686";"2.95865074211864"
"kidney_mouse_10X";"MS";"all_genes";"cluster_3";7785.5;72409.5;-0.0482907253347713;0.0321679817288295;0;"0.424054308028492";"4.00004342727686";"2.95865074211864"
"kidney_mouse_10X";"MS";"all_genes";"cluster_4";5381;25742;-0.0488801061944083;0.0270079865899296;0;"0.492368957200848";"4.00004342727686";"2.95865074211864"
"kidney_mouse_10X";"MS";"all_genes";"cluster_5";4117;14447;-0.0392678769888729;0.0571924207225253;0;"0.467827595931352";"4.00004342727686";"2.95865074211864"
"kidney_mouse_10X";"MS";"all_genes";"cluster_6";7081.5;52663.5;-0.0428692272253078;0.0453186362977997;0;"0.420315432296642";"4.00004342727686";"2.95865074211864"
"kidney_mouse_10X";"MS";"all_genes";"cluster_7";7331;52297;-0.0170642249161119;0.163592713556708;0;"0.428974856768861";"4.00004342727686";"2.95865074211864"
"kidney_mouse_10X";"MS";"all_genes";"cluster_8";6445.5;40899;-0.040920392810773;0.0490460932880577;0;"0.453646749202982";"4.00004342727686";"2.95865074211864"
"kidney_mouse_10X";"MS";"all_genes";"cluster_9";5991;27353.5;-0.0303971113020781;0.0871839521145077;0;"0.449164059418174";"4.00004342727686";"2.95865074211864"
"kidney_mouse_10X";"MS";"all_genes";"cluster_10";4668;24030;-0.0349378640781487;0.0672653572163121;0;"0.438939872759605";"4.00004342727686";"2.95865074211864"
"kidney_mouse_10X";"NAFLD";"all_genes";"cluster_0";7363.5;58439;0.0144680719180179;0.500218931437283;0;"0.769158198359995";"4.00004342727686";"2.95865074211864"
"kidney_mouse_10X";"NAFLD";"all_genes";"cluster_1";5645.5;31699.5;0.0289757738672449;0.725423808185625;0;"0.667152422214052";"4.00004342727686";"2.95865074211864"
"kidney_mouse_10X";"NAFLD";"all_genes";"cluster_2";5552;25019;0.0262104434136852;0.708452601618861;0;"0.677476115923784";"4.00004342727686";"2.95865074211864"
"kidney_mouse_10X";"NAFLD";"all_genes";"cluster_3";7785.5;72409.5;-0.0194139394806738;0.168685641834795;0;"0.72543078220729";"4.00004342727686";"2.95865074211864"
"kidney_mouse_10X";"NAFLD";"all_genes";"cluster_4";5381;25742;0.0287186194680021;0.744529714457329;0;"0.705779855561657";"4.00004342727686";"2.95865074211864"
"kidney_mouse_10X";"NAFLD";"all_genes";"cluster_5";4117;14447;0.0398577093933121;0.9314865322045;0;"0.687339587475908";"4.00004342727686";"2.95865074211864"
"kidney_mouse_10X";"NAFLD";"all_genes";"cluster_6";7081.5;52663.5;0.00388883162103854;0.388745064980434;0;"0.692859067166375";"4.00004342727686";"2.95865074211864"
"kidney_mouse_10X";"NAFLD";"all_genes";"cluster_7";7331;52297;0.0363964097388023;0.878811972127241;0;"0.621147770280758";"4.00004342727686";"2.95865074211864"
"kidney_mouse_10X";"NAFLD";"all_genes";"cluster_8";6445.5;40899;0.0154650813026744;0.537645429377907;0;"0.695015977725942";"4.00004342727686";"2.95865074211864"
"kidney_mouse_10X";"NAFLD";"all_genes";"cluster_9";5991;27353.5;0.0292491557034594;0.748648577236758;0;"0.630990922151173";"4.00004342727686";"2.95865074211864"
"kidney_mouse_10X";"NAFLD";"all_genes";"cluster_10";4668;24030;0.0489574890271461;1.06960383251016;0.0282111473519375;"0.656948593659701";"4.00004342727686";"2.95865074211864"
"kidney_mouse_10X";"PAR";"all_genes";"cluster_0";7363.5;58439;0.091946929884594;2.19386345329298;1.15247076813475;"-0.0668047045446696";"0.0217715856662275";"0"
"kidney_mouse_10X";"PAR";"all_genes";"cluster_1";5645.5;31699.5;0.109327585346148;2.44374092650958;1.40234824135135;"-0.0332130605990593";"0.0816460884331625";"0"
"kidney_mouse_10X";"PAR";"all_genes";"cluster_2";5552;25019;0.101399860509175;2.3979834359489;1.35659075079068;"-0.0423444464160689";"0.044740604515171";"0"
"kidney_mouse_10X";"PAR";"all_genes";"cluster_3";7785.5;72409.5;0.068656575882183;1.48416958356518;0.442776898406958;"-0.0577948180814961";"0.0273778350107518";"0"
"kidney_mouse_10X";"PAR";"all_genes";"cluster_4";5381;25742;0.101289998399096;2.33728559559529;1.29589291043706;"-0.0391025936331766";"0.0478808530624001";"0"
"kidney_mouse_10X";"PAR";"all_genes";"cluster_5";4117;14447;0.100181121749972;2.22919141563472;1.18779873047649;"-0.0483030789260634";"0.021588993911634";"0"
"kidney_mouse_10X";"PAR";"all_genes";"cluster_6";7081.5;52663.5;0.0820195179127202;1.82395216822118;0.782559483062956;"-0.0543383288296428";"0.0195401090834675";"0"
"kidney_mouse_10X";"PAR";"all_genes";"cluster_7";7331;52297;0.102201938752654;2.36657497169728;1.32518228653905;"-0.0675346459548478";"0.00309417878148148";"0"
"kidney_mouse_10X";"PAR";"all_genes";"cluster_8";6445.5;40899;0.0929204581476405;2.07576414121498;1.03437145605676;"-0.0460912181707764";"0.0304877430560192";"0"
"kidney_mouse_10X";"PAR";"all_genes";"cluster_9";5991;27353.5;0.108004767415359;2.49489344895696;1.45350076379873;"-0.0820036552626659";"0.000695358070141314";"0"
"kidney_mouse_10X";"PAR";"all_genes";"cluster_10";4668;24030;0.104409680588347;2.49489344895696;1.45350076379873;"-0.044988932772815";"0.0455597101213105";"0"
"kidney_mouse_10X";"SCZ";"all_genes";"cluster_0";7363.5;58439;-0.0353000984832153;0.0212696429467402;0;"0.692877528689967";"4.00004342727686";"2.95865074211864"
"kidney_mouse_10X";"SCZ";"all_genes";"cluster_1";5645.5;31699.5;-0.0142991498391185;0.136304319931646;0;"0.594060053060321";"4.00004342727686";"2.95865074211864"
"kidney_mouse_10X";"SCZ";"all_genes";"cluster_2";5552;25019;-0.0232916647437609;0.0704201757616223;0;"0.642497075507815";"4.00004342727686";"2.95865074211864"
"kidney_mouse_10X";"SCZ";"all_genes";"cluster_3";7785.5;72409.5;-0.0194878581196495;0.0946793585099704;0;"0.563142943436975";"4.00004342727686";"2.95865074211864"
"kidney_mouse_10X";"SCZ";"all_genes";"cluster_4";5381;25742;-0.0239768330210946;0.0673160599753334;0;"0.638429441802889";"4.00004342727686";"2.95865074211864"
"kidney_mouse_10X";"SCZ";"all_genes";"cluster_5";4117;14447;-0.0249587286764881;0.0675189302263204;0;"0.609203507708841";"4.00004342727686";"2.95865074211864"
"kidney_mouse_10X";"SCZ";"all_genes";"cluster_6";7081.5;52663.5;-0.0181941411181735;0.104234277107732;0;"0.563976783616849";"4.00004342727686";"2.95865074211864"
"kidney_mouse_10X";"SCZ";"all_genes";"cluster_7";7331;52297;-0.019748817729445;0.0911296872558916;0;"0.553088879398175";"4.00004342727686";"2.95865074211864"
"kidney_mouse_10X";"SCZ";"all_genes";"cluster_8";6445.5;40899;-0.0160008053978573;0.120145102946853;0;"0.603891341532242";"4.00004342727686";"2.95865074211864"
"kidney_mouse_10X";"SCZ";"all_genes";"cluster_9";5991;27353.5;-0.0159701557921985;0.118316491900445;0;"0.583924739397395";"4.00004342727686";"2.95865074211864"
"kidney_mouse_10X";"SCZ";"all_genes";"cluster_10";4668;24030;-0.0264824334753627;0.0512393813440515;0;"0.573184884781139";"4.00004342727686";"2.95865074211864"
"kidney_mouse_10X";"T1D";"all_genes";"cluster_0";7363.5;58439;0.0160797456020635;0.535852056635863;0;"0.848316536759348";"4.00004342727686";"2.95865074211864"
"kidney_mouse_10X";"T1D";"all_genes";"cluster_1";5645.5;31699.5;0.0418603475017156;0.958256108305111;0;"0.748276771486375";"4.00004342727686";"2.95865074211864"
"kidney_mouse_10X";"T1D";"all_genes";"cluster_2";5552;25019;0.0432018751602508;1.01686835523905;0;"0.798704674382453";"4.00004342727686";"2.95865074211864"
"kidney_mouse_10X";"T1D";"all_genes";"cluster_3";7785.5;72409.5;0.00689182538402461;0.399724097525202;0;"0.722849434618716";"4.00004342727686";"2.95865074211864"
"kidney_mouse_10X";"T1D";"all_genes";"cluster_4";5381;25742;0.0384507351463693;0.910845060471714;0;"0.818121132612157";"4.00004342727686";"2.95865074211864"
"kidney_mouse_10X";"T1D";"all_genes";"cluster_5";4117;14447;0.0426333905566935;0.968231155946492;0;"0.759267610276648";"4.00004342727686";"2.95865074211864"
"kidney_mouse_10X";"T1D";"all_genes";"cluster_6";7081.5;52663.5;0.0129338565744033;0.47668722062207;0;"0.70060084218878";"4.00004342727686";"2.95865074211864"
"kidney_mouse_10X";"T1D";"all_genes";"cluster_7";7331;52297;0.0603601760542273;1.45226872188904;0.410876036730815;"0.702520753417257";"4.00004342727686";"2.95865074211864"
"kidney_mouse_10X";"T1D";"all_genes";"cluster_8";6445.5;40899;0.0277194147624116;0.700100527254096;0;"0.739829837484459";"4.00004342727686";"2.95865074211864"
"kidney_mouse_10X";"T1D";"all_genes";"cluster_9";5991;27353.5;0.0534690084350631;1.25968073778262;0.218288052624394;"0.720924978919324";"4.00004342727686";"2.95865074211864"
"kidney_mouse_10X";"T1D";"all_genes";"cluster_10";4668;24030;0.0403910847566198;0.958650742118638;0;"0.717715282112591";"4.00004342727686";"2.95865074211864"
"kidney_mouse_10X";"T2D";"all_genes";"cluster_0";7363.5;58439;-0.0290459194835165;0.0191314895000191;0;"0.631879884079317";"4.00004342727686";"2.95865074211864"
"kidney_mouse_10X";"T2D";"all_genes";"cluster_1";5645.5;31699.5;-0.0254406844588813;0.0367751757506276;0;"0.570645064842146";"4.00004342727686";"2.95865074211864"
"kidney_mouse_10X";"T2D";"all_genes";"cluster_2";5552;25019;-0.0241852750570458;0.0398581506722517;0;"0.579024769984841";"4.00004342727686";"2.95865074211864"
"kidney_mouse_10X";"T2D";"all_genes";"cluster_3";7785.5;72409.5;-0.0320409293707418;0.0159663933740319;0;"0.555906104737158";"4.00004342727686";"2.95865074211864"
"kidney_mouse_10X";"T2D";"all_genes";"cluster_4";5381;25742;-0.0240101472225583;0.0418141130884805;0;"0.603086212511622";"4.00004342727686";"2.95865074211864"
"kidney_mouse_10X";"T2D";"all_genes";"cluster_5";4117;14447;-0.0291038989208101;0.0241522908750699;0;"0.580975689756352";"4.00004342727686";"2.95865074211864"
"kidney_mouse_10X";"T2D";"all_genes";"cluster_6";7081.5;52663.5;-0.0285640173338386;0.0248874488701733;0;"0.561077417011349";"4.00004342727686";"2.95865074211864"
"kidney_mouse_10X";"T2D";"all_genes";"cluster_7";7331;52297;-0.0326732976159603;0.0132716930106178;0;"0.513960155303028";"4.00004342727686";"2.95865074211864"
"kidney_mouse_10X";"T2D";"all_genes";"cluster_8";6445.5;40899;-0.0249790463602002;0.0378161959267777;0;"0.598020508076226";"4.00004342727686";"2.95865074211864"
"kidney_mouse_10X";"T2D";"all_genes";"cluster_9";5991;27353.5;-0.0241769043478375;0.0394299696289538;0;"0.537094763339926";"4.00004342727686";"2.95865074211864"
"kidney_mouse_10X";"T2D";"all_genes";"cluster_10";4668;24030;-0.0301881538678842;0.0178174356021879;0;"0.550869062729265";"4.00004342727686";"2.95865074211864"
"kidney_mouse_10X";"UC";"all_genes";"cluster_0";7363.5;58439;0.0290929529896163;0.797555110216769;0;"0.764638909316718";"4.00004342727686";"2.95865074211864"
"kidney_mouse_10X";"UC";"all_genes";"cluster_1";5645.5;31699.5;0.0563099521575618;1.42255162743964;0.381158942281412;"0.628462120219045";"4.00004342727686";"2.95865074211864"
"kidney_mouse_10X";"UC";"all_genes";"cluster_2";5552;25019;0.0361701251878551;0.940858809645492;0;"0.66931411130263";"4.00004342727686";"2.95865074211864"
"kidney_mouse_10X";"UC";"all_genes";"cluster_3";7785.5;72409.5;0.0294725691730987;0.788122342968353;0;"0.631334196720124";"4.00004342727686";"2.95865074211864"
"kidney_mouse_10X";"UC";"all_genes";"cluster_4";5381;25742;0.0471292934363975;1.19183245435264;0.150439769194415;"0.680431155368461";"4.00004342727686";"2.95865074211864"
"kidney_mouse_10X";"UC";"all_genes";"cluster_5";4117;14447;0.0539907372506461;1.323349817652;0.281957132493771;"0.652037179187625";"4.00004342727686";"2.95865074211864"
"kidney_mouse_10X";"UC";"all_genes";"cluster_6";7081.5;52663.5;0.0382047492368155;0.963813883190568;0;"0.604752726938653";"4.00004342727686";"2.95865074211864"
"kidney_mouse_10X";"UC";"all_genes";"cluster_7";7331;52297;0.0613554511071065;1.66760496736126;0.626212282203032;"0.62444825392747";"4.00004342727686";"2.95865074211864"
"kidney_mouse_10X";"UC";"all_genes";"cluster_8";6445.5;40899;0.0461312774753544;1.14513040496901;0.103737719810782;"0.637091669729114";"4.00004342727686";"2.95865074211864"
"kidney_mouse_10X";"UC";"all_genes";"cluster_9";5991;27353.5;0.0607677180110857;1.59692290610104;0.55553022094282;"0.624987739578323";"4.00004342727686";"2.95865074211864"
"kidney_mouse_10X";"UC";"all_genes";"cluster_10";4668;24030;0.0462675619730186;1.21116831150145;0.169775626343221;"0.613933787903727";"4.00004342727686";"2.95865074211864"
"liver_mouse_JBO002";"ADHD";"all_genes";"cluster_0";4162;25321;-0.0717027859926919;0.000695358070141314;0;"-0.03441714395492";"0.0950575461774993";"0"
"liver_mouse_JBO002";"ADHD";"all_genes";"cluster_1";4374.5;27910;-0.0754365252429361;0.000391001910783589;0;"-0.0426713056389657";"0.075609063733632";"0"
"liver_mouse_JBO002";"ADHD";"all_genes";"cluster_2";4350;27696.5;-0.0699418504732023;0.000738854938513879;0;"-0.0342272476966514";"0.0946793585099704";"0"
"liver_mouse_JBO002";"ADHD";"all_genes";"cluster_3";4612;31261;-0.0778483754448655;0.000304082170294646;0;"-0.0543830403429229";"0.0723138675052082";"0"
"liver_mouse_JBO002";"ADHD";"all_genes";"cluster_4";4095;23806;-0.0697500309517891;0.000956404650974279;0;"-0.0558410784233354";"0.0728270966855979";"0"
"liver_mouse_JBO002";"ADHD";"all_genes";"cluster_5";4526;30282;-0.0785168353631224;0.00021717982245024;0;"0.00493406902884513";"0.378140466385632";"0"
"liver_mouse_JBO002";"AHD";"all_genes";"cluster_0";4162;25321;0.0487170937657524;0.990167793564703;0.212016543181059;"0.0386566709632127";"0.864592727931349";"0.0864414775477053"
"liver_mouse_JBO002";"AHD";"all_genes";"cluster_1";4374.5;27910;0.0620822222020943;1.21613984800413;0.437988597620484;"0.036884016153874";"0.83007525327997";"0.0519240028963266"
"liver_mouse_JBO002";"AHD";"all_genes";"cluster_2";4350;27696.5;0.0538095279579998;1.06605026344562;0.287899013061977;"0.0448767675977862";"0.936710068325113";"0.15855881794147"
"liver_mouse_JBO002";"AHD";"all_genes";"cluster_3";4612;31261;0.0674643810360293;1.27331621825029;0.495164967866647;"0.0430816789854165";"0.882109592237221";"0.103958341853578"
"liver_mouse_JBO002";"AHD";"all_genes";"cluster_4";4095;23806;0.0531155053369682;1.05114166630665;0.272990415923005;"0.0450161743273824";"0.930375330365267";"0.152224079981623"
"liver_mouse_JBO002";"AHD";"all_genes";"cluster_5";4526;30282;0.0605160671629036;1.15370631514706;0.375555064763414;"0.046720195279962";"0.923039100483512";"0.144887850099869"
"liver_mouse_JBO002";"ALS";"all_genes";"cluster_0";4162;25321;0.0803679869491674;1.46348498470533;0.685333734321689;"0.0478841247107428";"0.978027687459142";"0.199876437075499"
"liver_mouse_JBO002";"ALS";"all_genes";"cluster_1";4374.5;27910;0.0956921424075491;1.69469205783024;0.916540807446595;"0.0456220616386185";"0.938590948189669";"0.160439697806026"
"liver_mouse_JBO002";"ALS";"all_genes";"cluster_2";4350;27696.5;0.0846706566702494;1.5229221725572;0.744770922173557;"0.0532434514497899";"1.03390169453783";"0.255750444154186"
"liver_mouse_JBO002";"ALS";"all_genes";"cluster_3";4612;31261;0.096417049268954;1.70337823701533;0.925226986631688;"0.0560531881131531";"1.03909723154303";"0.260945981159388"
"liver_mouse_JBO002";"ALS";"all_genes";"cluster_4";4095;23806;0.0852955873795777;1.51290505179968;0.734753801416033;"0.0592864029824904";"1.0958690589927";"0.317717808609056"
"liver_mouse_JBO002";"ALS";"all_genes";"cluster_5";4526;30282;0.0907002943133338;1.59180346196501;0.813652211581369;"0.0570139123013141";"1.0453186362978";"0.267167385914156"
"liver_mouse_JBO002";"ALZ";"all_genes";"cluster_0";4162;25321;0.047215680798546;0.938968103647071;0.160816853263427;"-0.0245049727117027";"0.136958601956503";"0"
"liver_mouse_JBO002";"ALZ";"all_genes";"cluster_1";4374.5;27910;0.0445524729718943;0.896924173731149;0.118772923347505;"-0.0415112477563587";"0.0476869499530719";"0"
"liver_mouse_JBO002";"ALZ";"all_genes";"cluster_2";4350;27696.5;0.0428250568259502;0.874887597696333;0.0967363473126889;"-0.0291792117442895";"0.107614880331633";"0"
"liver_mouse_JBO002";"ALZ";"all_genes";"cluster_3";4612;31261;0.0479785073383237;0.947734327629539;0.169583077245896;"-0.0513159958396649";"0.026038630379448";"0"
"liver_mouse_JBO002";"ALZ";"all_genes";"cluster_4";4095;23806;0.0473809904890992;0.943519703197762;0.165368452814119;"-0.00336991148752774";"0.328592873064368";"0"
"liver_mouse_JBO002";"ALZ";"all_genes";"cluster_5";4526;30282;0.0440973479807434;0.882440735586778;0.104289485203135;"-0.0160840540342053";"0.210251259546187";"0"
"liver_mouse_JBO002";"ASD";"all_genes";"cluster_0";4162;25321;-0.0897912177711537;0.000173735168594841;0;"-0.0400226442584337";"0.0814888967265891";"0"
"liver_mouse_JBO002";"ASD";"all_genes";"cluster_1";4374.5;27910;-0.0943619852282055;8.68588966701944e-05;0;"-0.00642952858018869";"0.304474200240677";"0"
"liver_mouse_JBO002";"ASD";"all_genes";"cluster_2";4350;27696.5;-0.087057580243725;0.000304082170294646;0;"-0.0385378504723657";"0.0853301403032388";"0"
"liver_mouse_JBO002";"ASD";"all_genes";"cluster_3";4612;31261;-0.0995568515999719;0;0;"0.00684177051655899";"0.451899789842017";"0"
"liver_mouse_JBO002";"ASD";"all_genes";"cluster_4";4095;23806;-0.0846291522975498;0.000434468305445637;0;"-0.0433541940172191";"0.0812270369164832";"0"
"liver_mouse_JBO002";"ASD";"all_genes";"cluster_5";4526;30282;-0.0892160256040951;0.000130294860291272;0;"-0.0548849174605655";"0.0606240239475455";"0"
"liver_mouse_JBO002";"AST";"all_genes";"cluster_0";4162;25321;-0.0449459791644298;0.0283965452125559;0;"-0.0488810497710204";"0.0253015227759125";"0"
"liver_mouse_JBO002";"AST";"all_genes";"cluster_1";4374.5;27910;-0.0485021785714098;0.0225027213303278;0;"-0.0571397556589573";"0.0115290614431966";"0"
"liver_mouse_JBO002";"AST";"all_genes";"cluster_2";4350;27696.5;-0.0468400841498705;0.0245656641109881;0;"-0.0553089711179375";"0.0131821569868179";"0"
"liver_mouse_JBO002";"AST";"all_genes";"cluster_3";4612;31261;-0.0502302283952205;0.0199491134915688;0;"-0.0743957253987278";"0.00309417878148148";"0"
"liver_mouse_JBO002";"AST";"all_genes";"cluster_4";4095;23806;-0.0389232617227208;0.0421010918314581;0;"-0.0306440493722643";"0.107559247912175";"0"
"liver_mouse_JBO002";"AST";"all_genes";"cluster_5";4526;30282;-0.0521740144555408;0.0159663933740319;0;"-0.0445840440333218";"0.0542795041656889";"0"
"liver_mouse_JBO002";"BIP";"all_genes";"cluster_0";4162;25321;-0.0074534198638887;0.232071705895244;0;"0.449563931727595";"4.00004342727686";"3.22189217689322"
"liver_mouse_JBO002";"BIP";"all_genes";"cluster_1";4374.5;27910;-0.011077390566106;0.202152944218514;0;"0.426888847531506";"4.00004342727686";"3.22189217689322"
"liver_mouse_JBO002";"BIP";"all_genes";"cluster_2";4350;27696.5;-0.00550135606215912;0.250384395181963;0;"0.43643303944632";"4.00004342727686";"3.22189217689322"
"liver_mouse_JBO002";"BIP";"all_genes";"cluster_3";4612;31261;-0.0121428110665531;0.191225002184738;0;"0.441963123002986";"4.00004342727686";"3.22189217689322"
"liver_mouse_JBO002";"BIP";"all_genes";"cluster_4";4095;23806;-0.00456632392009837;0.258419169773051;0;"0.446063100191547";"4.00004342727686";"3.22189217689322"
"liver_mouse_JBO002";"BIP";"all_genes";"cluster_5";4526;30282;-0.000581887222040389;0.30003236495475;0;"0.423794420264723";"4.00004342727686";"3.22189217689322"
"liver_mouse_JBO002";"BRD";"all_genes";"cluster_0";4162;25321;-0.0491986653626494;0.0185419391286158;0;"-0.0271280280880177";"0.12094754777679";"0"
"liver_mouse_JBO002";"BRD";"all_genes";"cluster_1";4374.5;27910;-0.0536814292721487;0.0134060316667088;0;"-0.037274162309822";"0.0632784296669213";"0"
"liver_mouse_JBO002";"BRD";"all_genes";"cluster_2";4350;27696.5;-0.0504997530099604;0.0165073456738703;0;"-0.0300640997363835";"0.101044156387074";"0"
"liver_mouse_JBO002";"BRD";"all_genes";"cluster_3";4612;31261;-0.0549364484528695;0.0124665325498752;0;"-0.0426004485072884";"0.0482203919609507";"0"
"liver_mouse_JBO002";"BRD";"all_genes";"cluster_4";4095;23806;-0.04455662845561;0.026684627390465;0;"-0.0167251110706731";"0.203399723491746";"0"
"liver_mouse_JBO002";"BRD";"all_genes";"cluster_5";4526;30282;-0.0561980417422536;0.0107271222869113;0;"-0.0144426859526882";"0.221168955274123";"0"
"liver_mouse_JBO002";"CD";"all_genes";"cluster_0";4162;25321;-0.0155922330225074;0.173191479456219;0;"-0.0375230033580288";"0.0637810853733851";"0"
"liver_mouse_JBO002";"CD";"all_genes";"cluster_1";4374.5;27910;-0.0207722432562205;0.141325812416571;0;"-0.0323235001022612";"0.090594380295596";"0"
"liver_mouse_JBO002";"CD";"all_genes";"cluster_2";4350;27696.5;-0.0171227521475214;0.163023478735954;0;"-0.0425720655417176";"0.0432988819941717";"0"
"liver_mouse_JBO002";"CD";"all_genes";"cluster_3";4612;31261;-0.0212573907759684;0.1370776682991;0;"-0.0483554608092182";"0.0324954510580006";"0"
"liver_mouse_JBO002";"CD";"all_genes";"cluster_4";4095;23806;-0.00603693343421374;0.24661358570144;0;"-0.0333062577723551";"0.0892589924840255";"0"
"liver_mouse_JBO002";"CD";"all_genes";"cluster_5";4526;30282;-0.0149793249275447;0.178006179204278;0;"-0.0148404025568099";"0.219582094415145";"0"
"liver_mouse_JBO002";"CHD";"all_genes";"cluster_0";4162;25321;-0.0584582503955522;0.0104156565317117;0;"0.341743010848724";"3.5229221725572";"2.74477092217356"
"liver_mouse_JBO002";"CHD";"all_genes";"cluster_1";4374.5;27910;-0.0627344303090381;0.00682770680272567;0;"0.341077042954313";"3.5229221725572";"2.74477092217356"
"liver_mouse_JBO002";"CHD";"all_genes";"cluster_2";4350;27696.5;-0.0551310643406044;0.0148865059998061;0;"0.33438428306355";"3.5229221725572";"2.74477092217356"
"liver_mouse_JBO002";"CHD";"all_genes";"cluster_3";4612;31261;-0.0587159379210564;0.0135852145395562;0;"0.327201207671753";"3.3979834359489";"2.61983218556526"
"liver_mouse_JBO002";"CHD";"all_genes";"cluster_4";4095;23806;-0.0429729529077798;0.0456561771323476;0;"0.354112792124181";"3.3979834359489";"2.61983218556526"
"liver_mouse_JBO002";"CHD";"all_genes";"cluster_5";4526;30282;-0.0651207875727184;0.00806463628227902;0;"0.366938046000084";"3.69901343161288";"2.92086218122924"
"liver_mouse_JBO002";"CKD";"all_genes";"cluster_0";4162;25321;0.0888130298407794;1.60210341860483;0.823952168221181;"0.440275231586826";"4.00004342727686";"3.22189217689322"
"liver_mouse_JBO002";"CKD";"all_genes";"cluster_1";4374.5;27910;0.076850062614823;1.41684465330824;0.638693402924596;"0.426373443717757";"4.00004342727686";"3.22189217689322"
"liver_mouse_JBO002";"CKD";"all_genes";"cluster_2";4350;27696.5;0.0814836780529478;1.48816006629799;0.710008815914345;"0.435221360755171";"4.00004342727686";"3.22189217689322"
"liver_mouse_JBO002";"CKD";"all_genes";"cluster_3";4612;31261;0.0771717034506375;1.42025983066005;0.642108580276409;"0.427945214936402";"4.00004342727686";"3.22189217689322"
"liver_mouse_JBO002";"CKD";"all_genes";"cluster_4";4095;23806;0.0928292019182638;1.64593498812946;0.867783737745818;"0.438818434443783";"4.00004342727686";"3.22189217689322"
"liver_mouse_JBO002";"CKD";"all_genes";"cluster_5";4526;30282;0.0706114929227583;1.28655288418292;0.508401633799276;"0.444380896833887";"4.00004342727686";"3.22189217689322"
"liver_mouse_JBO002";"COPD";"all_genes";"cluster_0";4162;25321;-0.0338247042995773;0.0818033370554477;0;"0.527599294344696";"4.00004342727686";"3.22189217689322"
"liver_mouse_JBO002";"COPD";"all_genes";"cluster_1";4374.5;27910;-0.0380735643525232;0.065747020457457;0;"0.513376452760671";"4.00004342727686";"3.22189217689322"
"liver_mouse_JBO002";"COPD";"all_genes";"cluster_2";4350;27696.5;-0.0294118864053012;0.0998948665575186;0;"0.515257758266844";"4.00004342727686";"3.22189217689322"
"liver_mouse_JBO002";"COPD";"all_genes";"cluster_3";4612;31261;-0.0343684950423639;0.0815412876406889;0;"0.522656036219458";"4.00004342727686";"3.22189217689322"
"liver_mouse_JBO002";"COPD";"all_genes";"cluster_4";4095;23806;-0.0198306290040683;0.157933663836253;0;"0.520636104850162";"4.00004342727686";"3.22189217689322"
"liver_mouse_JBO002";"COPD";"all_genes";"cluster_5";4526;30282;-0.0326713149400873;0.088300049420931;0;"0.523596904384261";"4.00004342727686";"3.22189217689322"
"liver_mouse_JBO002";"EPI";"all_genes";"cluster_0";4162;25321;0.0800810882543876;1.71901006002914;0.940858809645492;"1.27000705908405";"4.00004342727686";"3.22189217689322"
"liver_mouse_JBO002";"EPI";"all_genes";"cluster_1";4374.5;27910;0.0867247697637775;1.87619178630978;1.09804053592613;"1.30137054353541";"4.00004342727686";"3.22189217689322"
"liver_mouse_JBO002";"EPI";"all_genes";"cluster_2";4350;27696.5;0.08672444185073;1.88610007497003;1.10794882458638;"1.26909444746732";"4.00004342727686";"3.22189217689322"
"liver_mouse_JBO002";"EPI";"all_genes";"cluster_3";4612;31261;0.10368204729955;2.36657497169728;1.58842372131363;"1.28191024232577";"4.00004342727686";"3.22189217689322"
"liver_mouse_JBO002";"EPI";"all_genes";"cluster_4";4095;23806;0.0801876028219688;1.73287169887385;0.954720448490205;"1.24331162832471";"4.00004342727686";"3.22189217689322"
"liver_mouse_JBO002";"EPI";"all_genes";"cluster_5";4526;30282;0.0841443805935994;1.80138634032244;1.0232350899388;"1.27681638589384";"4.00004342727686";"3.22189217689322"
"liver_mouse_JBO002";"IBD";"all_genes";"cluster_0";4162;25321;-0.0329611474121948;0.0487544899991905;0;"0.319352203831376";"4.00004342727686";"3.22189217689322"
"liver_mouse_JBO002";"IBD";"all_genes";"cluster_1";4374.5;27910;-0.0346559012904358;0.0454150497695916;0;"0.311643363046451";"4.00004342727686";"3.22189217689322"
"liver_mouse_JBO002";"IBD";"all_genes";"cluster_2";4350;27696.5;-0.0319190394163207;0.0526587255921218;0;"0.311448477511975";"4.00004342727686";"3.22189217689322"
"liver_mouse_JBO002";"IBD";"all_genes";"cluster_3";4612;31261;-0.0355933228821765;0.0432988819941717;0;"0.316273080220313";"4.00004342727686";"3.22189217689322"
"liver_mouse_JBO002";"IBD";"all_genes";"cluster_4";4095;23806;-0.024256208867205;0.0849075206548507;0;"0.315302430715005";"4.00004342727686";"3.22189217689322"
"liver_mouse_JBO002";"IBD";"all_genes";"cluster_5";4526;30282;-0.0332344132891808;0.0510928170313145;0;"0.326295348407562";"4.00004342727686";"3.22189217689322"
"liver_mouse_JBO002";"IKD";"all_genes";"cluster_0";4162;25321;0.0461319375497492;1.10906383028717;0.33091257990353;"0.924009173296321";"4.00004342727686";"3.22189217689322"
"liver_mouse_JBO002";"IKD";"all_genes";"cluster_1";4374.5;27910;0.0354556459671961;0.868424762927737;0.0902735125440935;"0.932827578515167";"4.00004342727686";"3.22189217689322"
"liver_mouse_JBO002";"IKD";"all_genes";"cluster_2";4350;27696.5;0.0436612966726538;1.0600252722692;0.281874021885556;"0.920581206530176";"4.00004342727686";"3.22189217689322"
"liver_mouse_JBO002";"IKD";"all_genes";"cluster_3";4612;31261;0.0401362211633078;0.965414970651542;0.187263720267899;"0.924161925204987";"4.00004342727686";"3.22189217689322"
"liver_mouse_JBO002";"IKD";"all_genes";"cluster_4";4095;23806;0.0564406887761988;1.36657497169728;0.588423721313633;"0.914742450739207";"4.00004342727686";"3.22189217689322"
"liver_mouse_JBO002";"IKD";"all_genes";"cluster_5";4526;30282;0.0520119563592769;1.23512044262697;0.456969192243331;"0.920352194488736";"4.00004342727686";"3.22189217689322"
"liver_mouse_JBO002";"INS";"all_genes";"cluster_0";4162;25321;-0.0465280538625049;0.0348887812899374;0;"0.011373327139848";"0.604542302971237";"0"
"liver_mouse_JBO002";"INS";"all_genes";"cluster_1";4374.5;27910;-0.0483909867961267;0.0306741155433352;0;"0.00275407910444372";"0.468947880406835";"0"
"liver_mouse_JBO002";"INS";"all_genes";"cluster_2";4350;27696.5;-0.0453238502263428;0.0388122302321996;0;"-0.0118939845193762";"0.268615840225915";"0"
"liver_mouse_JBO002";"INS";"all_genes";"cluster_3";4612;31261;-0.0622568400323305;0.00992666120895824;0;"-0.0195398826927865";"0.225964626524344";"0"
"liver_mouse_JBO002";"INS";"all_genes";"cluster_4";4095;23806;-0.0553417303563948;0.0173652338933784;0;"-0.00334348751433783";"0.376277427142932";"0"
"liver_mouse_JBO002";"INS";"all_genes";"cluster_5";4526;30282;-0.0538573058173318;0.0230976767176205;0;"0.0402368165855582";"0.611586974576596";"0"
"liver_mouse_JBO002";"LID";"all_genes";"cluster_0";4162;25321;-0.0170632081509681;0.130635677894661;0;"0.207830774548353";"4.00004342727686";"3.22189217689322"
"liver_mouse_JBO002";"LID";"all_genes";"cluster_1";4374.5;27910;-0.0213628649597352;0.102306401931435;0;"0.201610654140455";"4.00004342727686";"3.22189217689322"
"liver_mouse_JBO002";"LID";"all_genes";"cluster_2";4350;27696.5;-0.0186930297231505;0.117860539646593;0;"0.206448091667458";"4.00004342727686";"3.22189217689322"
"liver_mouse_JBO002";"LID";"all_genes";"cluster_3";4612;31261;-0.0188693951521273;0.118259471683478;0;"0.203542412436786";"4.00004342727686";"3.22189217689322"
"liver_mouse_JBO002";"LID";"all_genes";"cluster_4";4095;23806;-0.00778107196975197;0.21350494677906;0;"0.207730589655617";"4.00004342727686";"3.22189217689322"
"liver_mouse_JBO002";"LID";"all_genes";"cluster_5";4526;30282;-0.0152377516964911;0.144282054936915;0;"0.208399575736952";"4.00004342727686";"3.22189217689322"
"liver_mouse_JBO002";"LUD";"all_genes";"cluster_0";4162;25321;-0.0523689046963144;0.0188139398568619;0;"0.215783403275";"4.00004342727686";"3.22189217689322"
"liver_mouse_JBO002";"LUD";"all_genes";"cluster_1";4374.5;27910;-0.0603829365430695;0.00983781209205602;0;"0.210729864258613";"4.00004342727686";"3.22189217689322"
"liver_mouse_JBO002";"LUD";"all_genes";"cluster_2";4350;27696.5;-0.0502832305236779;0.0213608621199181;0;"0.215042158980956";"4.00004342727686";"3.22189217689322"
"liver_mouse_JBO002";"LUD";"all_genes";"cluster_3";4612;31261;-0.057311454463793;0.0131821569868179;0;"0.214114611099053";"4.00004342727686";"3.22189217689322"
"liver_mouse_JBO002";"LUD";"all_genes";"cluster_4";4095;23806;-0.0427351352910775;0.0352183093934739;0;"0.219446190648048";"4.00004342727686";"3.22189217689322"
"liver_mouse_JBO002";"LUD";"all_genes";"cluster_5";4526;30282;-0.0559492417152294;0.0142578095042575;0;"0.213313872262327";"4.00004342727686";"3.22189217689322"
"liver_mouse_JBO002";"MDD";"all_genes";"cluster_0";4162;25321;-0.041372059605038;0.0478323691681936;0;"0.493283632466681";"4.00004342727686";"3.22189217689322"
"liver_mouse_JBO002";"MDD";"all_genes";"cluster_1";4374.5;27910;-0.0508936988548878;0.0219999333668997;0;"0.470782387177382";"4.00004342727686";"3.22189217689322"
"liver_mouse_JBO002";"MDD";"all_genes";"cluster_2";4350;27696.5;-0.0385893889218507;0.0566478507679082;0;"0.478332498079489";"4.00004342727686";"3.22189217689322"
"liver_mouse_JBO002";"MDD";"all_genes";"cluster_3";4612;31261;-0.0567206090159111;0.0147067855412499;0;"0.478021440804629";"4.00004342727686";"3.22189217689322"
"liver_mouse_JBO002";"MDD";"all_genes";"cluster_4";4095;23806;-0.0336992620677266;0.0840635131366383;0;"0.483308031256247";"4.00004342727686";"3.22189217689322"
"liver_mouse_JBO002";"MDD";"all_genes";"cluster_5";4526;30282;-0.0423342463592112;0.0533946933701864;0;"0.479504677756827";"4.00004342727686";"3.22189217689322"
"liver_mouse_JBO002";"MS";"all_genes";"cluster_0";4162;25321;-0.0661867288837757;0.00864012469682238;0;"0.379642818079532";"4.00004342727686";"3.22189217689322"
"liver_mouse_JBO002";"MS";"all_genes";"cluster_1";4374.5;27910;-0.0736950717665435;0.00436436676524049;0;"0.363860428331155";"4.00004342727686";"3.22189217689322"
"liver_mouse_JBO002";"MS";"all_genes";"cluster_2";4350;27696.5;-0.0677153009975391;0.00753409220908716;0;"0.369473892713896";"4.00004342727686";"3.22189217689322"
"liver_mouse_JBO002";"MS";"all_genes";"cluster_3";4612;31261;-0.079293282545501;0.00300671639433599;0;"0.364467053546982";"4.00004342727686";"3.22189217689322"
"liver_mouse_JBO002";"MS";"all_genes";"cluster_4";4095;23806;-0.0655464393198317;0.00934946659711108;0;"0.391647753831571";"4.00004342727686";"3.22189217689322"
"liver_mouse_JBO002";"MS";"all_genes";"cluster_5";4526;30282;-0.0670840652356687;0.0090389869461075;0;"0.369257689985522";"4.00004342727686";"3.22189217689322"
"liver_mouse_JBO002";"PAR";"all_genes";"cluster_0";4162;25321;0.0948846518935802;1.87946949607101;1.10131824568737;"-0.0288987507889006";"0.110181706018674";"0"
"liver_mouse_JBO002";"PAR";"all_genes";"cluster_1";4374.5;27910;0.0906402415666445;1.75453075946271;0.976379509079069;"-0.0270832339475913";"0.12094754777679";"0"
"liver_mouse_JBO002";"PAR";"all_genes";"cluster_2";4350;27696.5;0.0945929858378542;1.88610007497003;1.10794882458638;"-0.0365226676497359";"0.0660502634456204";"0"
"liver_mouse_JBO002";"PAR";"all_genes";"cluster_3";4612;31261;0.0970895773023346;1.92816141997074;1.15001016958709;"-0.0343950188952475";"0.0884064941474205";"0"
"liver_mouse_JBO002";"PAR";"all_genes";"cluster_4";4095;23806;0.101054942118404;2.01327169301062;1.23512044262697;"-0.0232077050838411";"0.156748344540356";"0"
"liver_mouse_JBO002";"PAR";"all_genes";"cluster_5";4526;30282;0.106630179910676;2.14878507855779;1.37063382817414;"-0.023664518456233";"0.156188004653702";"0"
"liver_mouse_JBO002";"SCZ";"all_genes";"cluster_0";4162;25321;-0.0409077757869855;0.0207682796858395;0;"0.415856996664775";"4.00004342727686";"3.22189217689322"
"liver_mouse_JBO002";"SCZ";"all_genes";"cluster_1";4374.5;27910;-0.0438411853184613;0.0164171401523282;0;"0.399579438773908";"4.00004342727686";"3.22189217689322"
"liver_mouse_JBO002";"SCZ";"all_genes";"cluster_2";4350;27696.5;-0.0406043831536305;0.0207227298948382;0;"0.410913800179293";"4.00004342727686";"3.22189217689322"
"liver_mouse_JBO002";"SCZ";"all_genes";"cluster_3";4612;31261;-0.0466981330055498;0.0125112245470233;0;"0.420425173009695";"4.00004342727686";"3.22189217689322"
"liver_mouse_JBO002";"SCZ";"all_genes";"cluster_4";4095;23806;-0.0387027827090261;0.0247954860361815;0;"0.416879197394043";"4.00004342727686";"3.22189217689322"
"liver_mouse_JBO002";"SCZ";"all_genes";"cluster_5";4526;30282;-0.0436937369588646;0.0168232126287598;0;"0.41991029838035";"4.00004342727686";"3.22189217689322"
"liver_mouse_JBO002";"T1D";"all_genes";"cluster_0";4162;25321;-0.0386059379626035;0.0626760097595731;0;"0.500131068014647";"4.00004342727686";"3.22189217689322"
"liver_mouse_JBO002";"T1D";"all_genes";"cluster_1";4374.5;27910;-0.0435705809914307;0.0472509842327706;0;"0.475772678511449";"4.00004342727686";"3.22189217689322"
"liver_mouse_JBO002";"T1D";"all_genes";"cluster_2";4350;27696.5;-0.0400789786310139;0.056796302139001;0;"0.490158519216474";"4.00004342727686";"3.22189217689322"
"liver_mouse_JBO002";"T1D";"all_genes";"cluster_3";4612;31261;-0.0347640984715277;0.0787211836930407;0;"0.479573779333297";"4.00004342727686";"3.22189217689322"
"liver_mouse_JBO002";"T1D";"all_genes";"cluster_4";4095;23806;-0.0215812453024906;0.144342596441425;0;"0.502263256309805";"4.00004342727686";"3.22189217689322"
"liver_mouse_JBO002";"T1D";"all_genes";"cluster_5";4526;30282;-0.0434735169151729;0.0488030769525223;0;"0.490211451817112";"4.00004342727686";"3.22189217689322"
"liver_mouse_JBO002";"T2D";"all_genes";"cluster_0";4162;25321;-0.0420068551892329;0.00696006657880067;0;"0.395523356326543";"4.00004342727686";"3.22189217689322"
"liver_mouse_JBO002";"T2D";"all_genes";"cluster_1";4374.5;27910;-0.0438933827879325;0.00568227536886167;0;"0.376659530731687";"4.00004342727686";"3.22189217689322"
"liver_mouse_JBO002";"T2D";"all_genes";"cluster_2";4350;27696.5;-0.0408706853185152;0.00819737363196599;0;"0.384180589797339";"4.00004342727686";"3.22189217689322"
"liver_mouse_JBO002";"T2D";"all_genes";"cluster_3";4612;31261;-0.0433802199963055;0.00625461345815733;0;"0.363851348193253";"4.00004342727686";"3.22189217689322"
"liver_mouse_JBO002";"T2D";"all_genes";"cluster_4";4095;23806;-0.0382972588562388;0.0113953020411115;0;"0.399268098154826";"4.00004342727686";"3.22189217689322"
"liver_mouse_JBO002";"T2D";"all_genes";"cluster_5";4526;30282;-0.0454018071002287;0.00467152124870026;0;"0.378440829057329";"4.00004342727686";"3.22189217689322"
"liver_mouse_JBO002";"UC";"all_genes";"cluster_0";4162;25321;-0.0142082308136116;0.176047836120895;0;"0.421525084335532";"4.00004342727686";"3.22189217689322"
"liver_mouse_JBO002";"UC";"all_genes";"cluster_1";4374.5;27910;-0.0197301451693273;0.141746902742977;0;"0.408268898873404";"4.00004342727686";"3.22189217689322"
"liver_mouse_JBO002";"UC";"all_genes";"cluster_2";4350;27696.5;-0.0160352131104861;0.162833899475656;0;"0.414523840119048";"4.00004342727686";"3.22189217689322"
"liver_mouse_JBO002";"UC";"all_genes";"cluster_3";4612;31261;-0.0233095874062558;0.120030588910091;0;"0.416593504668492";"4.00004342727686";"3.22189217689322"
"liver_mouse_JBO002";"UC";"all_genes";"cluster_4";4095;23806;-0.00420775133230622;0.257475392910721;0;"0.420909394884124";"4.00004342727686";"3.22189217689322"
"liver_mouse_JBO002";"UC";"all_genes";"cluster_5";4526;30282;-0.0137336465689551;0.180828627394479;0;"0.430938245000438";"4.00004342727686";"3.22189217689322"
"lung_bronchi_human_A50";"ADHD";"all_genes";"cluster_0";1713;3700;-0.0442538224133959;0.000521414147958876;0;"-0.0451312079895998";"0.292047680853934";"0"
"lung_bronchi_human_A50";"ADHD";"all_genes";"cluster_1";5994;38503;-0.0481827894296423;0.000999927673699819;0;"0.170935932521832";"1.17656919810656";"0.477599193770543"
"lung_bronchi_human_A50";"ADHD";"all_genes";"cluster_2";1346;2732.5;-0.0376452198033204;0.00440823267931276;0;"-0.0923460861548407";"0.044115270379912";"0"
"lung_bronchi_human_A50";"ADHD";"all_genes";"cluster_3";3425.5;12152.5;-0.0502834738746417;0.000173735168594841;0;"-0.0746151657785135";"0.0675189302263204";"0"
"lung_bronchi_human_A50";"ADHD";"all_genes";"cluster_4";1851;4108;-0.0479173422883896;0.000391001910783589;0;"-0.0282272760675897";"0.324173471957906";"0"
"lung_bronchi_human_A50";"AHD";"all_genes";"cluster_0";1713;3700;0.0276950958371904;0.895897876722854;0.196927872386836;"0.026999544914422";"0.886100074970026";"0.187130070634007"
"lung_bronchi_human_A50";"AHD";"all_genes";"cluster_1";5994;38503;-0.0233915796991775;0.117234385884423;0;"-0.05073057229414";"0.0403820570033672";"0"
"lung_bronchi_human_A50";"AHD";"all_genes";"cluster_2";1346;2732.5;0.0488378181000771;1.30896193515389;0.609991930817875;"0.041586929748585";"1.05260970538981";"0.353639701053793"
"lung_bronchi_human_A50";"AHD";"all_genes";"cluster_3";3425.5;12152.5;0.0207593020880596;0.718555539336781;0.0195855350007626;"0.0325663322737346";"0.879798631730497";"0.180828627394479"
"lung_bronchi_human_A50";"AHD";"all_genes";"cluster_4";1851;4108;0.0370354651101908;1.01148447039825;0.312514466062228;"0.0439711604322676";"0.998742494256445";"0.299772489920426"
"lung_bronchi_human_A50";"ALS";"all_genes";"cluster_0";1713;3700;0.0218477129743677;0.782559483062956;0.0835894787269376;"0.0350760116905048";"1.02049505257277";"0.321525048236749"
"lung_bronchi_human_A50";"ALS";"all_genes";"cluster_1";5994;38503;-0.0227424612750962;0.130283832494452;0;"-0.0519805125741567";"0.0392398023650929";"0"
"lung_bronchi_human_A50";"ALS";"all_genes";"cluster_2";1346;2732.5;0.0503661537998158;1.28571366753163;0.586743663195611;"0.0440096934675274";"1.09804053592613";"0.399070531590114"
"lung_bronchi_human_A50";"ALS";"all_genes";"cluster_3";3425.5;12152.5;0.0129931900833717;0.565155306409547;0;"0.042333915258238";"1.04435567696336";"0.345385672627338"
"lung_bronchi_human_A50";"ALS";"all_genes";"cluster_4";1851;4108;0.0333122164834424;0.901399701459806;0.202429697123787;"0.0470798910181819";"1.04580091783754";"0.346830913501519"
"lung_bronchi_human_A50";"ALZ";"all_genes";"cluster_0";1713;3700;0.00137024376308056;0.376277427142932;0;"-0.0407482496975571";"0.0144822395035176";"0"
"lung_bronchi_human_A50";"ALZ";"all_genes";"cluster_1";5994;38503;-0.0482623288459431;0.0109942708386424;0;"-0.0763481710497364";"0.00779928323009118";"0"
"lung_bronchi_human_A50";"ALZ";"all_genes";"cluster_2";1346;2732.5;0.013020499321131;0.575651872866585;0;"-0.0328344272157404";"0.0612236022506524";"0"
"lung_bronchi_human_A50";"ALZ";"all_genes";"cluster_3";3425.5;12152.5;0.00381449601964817;0.402787144351721;0;"-0.0434876741371857";"0.0268693745938905";"0"
"lung_bronchi_human_A50";"ALZ";"all_genes";"cluster_4";1851;4108;0.00876979836005284;0.484037196890815;0;"-0.0343106867841094";"0.0716987920120005";"0"
"lung_bronchi_human_A50";"ASD";"all_genes";"cluster_0";1713;3700;-0.0556301331044361;4.34272768626769e-05;0;"-0.0212917850484461";"0.13559168011868";"0"
"lung_bronchi_human_A50";"ASD";"all_genes";"cluster_1";5994;38503;-0.0767141353744039;0;0;"0.0287625421533738";"0.538094932073101";"0"
"lung_bronchi_human_A50";"ASD";"all_genes";"cluster_2";1346;2732.5;-0.0520219609958712;0.00026062882272692;0;"-0.0257427670057093";"0.179251046188659";"0"
"lung_bronchi_human_A50";"ASD";"all_genes";"cluster_3";3425.5;12152.5;-0.0530623958506429;0.000391001910783589;0;"-0.0788030602006493";"0.0196309656699712";"0"
"lung_bronchi_human_A50";"ASD";"all_genes";"cluster_4";1851;4108;-0.0516627276566833;0.000304082170294646;0;"-0.05042289948362";"0.0766439611181462";"0"
"lung_bronchi_human_A50";"BIP";"all_genes";"cluster_0";1713;3700;-0.0122389032045511;0.147319516485657;0;"0.184550591617057";"4.00004342727686";"3.30107342294084"
"lung_bronchi_human_A50";"BIP";"all_genes";"cluster_1";5994;38503;-0.0213086422916497;0.0808083893536119;0;"0.196018081151236";"4.00004342727686";"3.30107342294084"
"lung_bronchi_human_A50";"BIP";"all_genes";"cluster_2";1346;2732.5;-0.0190978895538697;0.0871839521145077;0;"0.239920286744279";"4.00004342727686";"3.30107342294084"
"lung_bronchi_human_A50";"BIP";"all_genes";"cluster_3";3425.5;12152.5;-0.0231675504823009;0.0640829582876962;0;"0.216561898853165";"4.00004342727686";"3.30107342294084"
"lung_bronchi_human_A50";"BIP";"all_genes";"cluster_4";1851;4108;-0.0171494101679989;0.102471313451132;0;"0.178566550397396";"3.69901343161288";"3.00004342727686"
"lung_bronchi_human_A50";"CAD";"all_genes";"cluster_0";1713;3700;-0.0231654281515433;0.0497759592632742;0;"0.194315469917595";"4.00004342727686";"3.30107342294084"
"lung_bronchi_human_A50";"CAD";"all_genes";"cluster_1";5994;38503;-0.0614751008411828;0.000173735168594841;0;"0.186226565392136";"4.00004342727686";"3.30107342294084"
"lung_bronchi_human_A50";"CAD";"all_genes";"cluster_2";1346;2732.5;-0.0119916616630894;0.142650616355961;0;"0.243902726109472";"4.00004342727686";"3.30107342294084"
"lung_bronchi_human_A50";"CAD";"all_genes";"cluster_3";3425.5;12152.5;-0.006147510928421;0.218718971609875;0;"0.199153327682338";"4.00004342727686";"3.30107342294084"
"lung_bronchi_human_A50";"CAD";"all_genes";"cluster_4";1851;4108;0.00423395432079296;0.405761398465057;0;"0.18469392183318";"4.00004342727686";"3.30107342294084"
"lung_bronchi_human_A50";"CD";"all_genes";"cluster_0";1713;3700;0.0199833441578272;0.783349828107108;0.0843798237710895;"0.00243042651782396";"0.447983893088978";"0"
"lung_bronchi_human_A50";"CD";"all_genes";"cluster_1";5994;38503;-0.0250631877703031;0.0658480779289783;0;"-0.0779791374678652";"0.0113953020411115";"0"
"lung_bronchi_human_A50";"CD";"all_genes";"cluster_2";1346;2732.5;0.0356967157207421;1.26444452757868;0.565474523242664;"0.0143387166684845";"0.602103418604825";"0"
"lung_bronchi_human_A50";"CD";"all_genes";"cluster_3";3425.5;12152.5;0.0319489090354393;1.10739239339956;0.408422389063544;"0.000976032505567659";"0.367080259109602";"0"
"lung_bronchi_human_A50";"CD";"all_genes";"cluster_4";1851;4108;0.0385924786077878;1.36155417032223;0.662584165986207;"0.0609248775487007";"1.2147135922661";"0.515743587930077"
"lung_bronchi_human_A50";"CHD";"all_genes";"cluster_0";1713;3700;-0.00259125176168493;0.341841173889848;0;"-0.0124913107490118";"0.298389109951115";"0"
"lung_bronchi_human_A50";"CHD";"all_genes";"cluster_1";5994;38503;-0.0345012753436245;0.0594771407867725;0;"0.00242323236810388";"0.339462514849563";"0"
"lung_bronchi_human_A50";"CHD";"all_genes";"cluster_2";1346;2732.5;0.000427287178224239;0.382938196774485;0;"0.0277905345880127";"0.772413777705854";"0.0734437733698352"
"lung_bronchi_human_A50";"CHD";"all_genes";"cluster_3";3425.5;12152.5;0.0354477176876198;0.996152261039952;0.297182256703933;"-0.0131371614872742";"0.261104396073383";"0"
"lung_bronchi_human_A50";"CHD";"all_genes";"cluster_4";1851;4108;-0.0116877650283791;0.217642474780333;0;"0.212788173711355";"1.83867542504189";"1.13970542070587"
"lung_bronchi_human_A50";"CHOL";"all_genes";"cluster_0";1713;3700;-0.0171585527901696;0.0753507242566769;0;"N/A";"N/A";"N/A"
"lung_bronchi_human_A50";"CHOL";"all_genes";"cluster_1";5994;38503;-0.0320792217620535;0.0180889828068891;0;"N/A";"N/A";"N/A"
"lung_bronchi_human_A50";"CHOL";"all_genes";"cluster_2";1346;2732.5;-0.00911372090779648;0.163339628187131;0;"N/A";"N/A";"N/A"
"lung_bronchi_human_A50";"CHOL";"all_genes";"cluster_3";3425.5;12152.5;-0.0130385001001787;0.118031465650204;0;"N/A";"N/A";"N/A"
"lung_bronchi_human_A50";"CHOL";"all_genes";"cluster_4";1851;4108;-0.00273419517367424;0.262373799920221;0;"N/A";"N/A";"N/A"
"lung_bronchi_human_A50";"CIRR";"all_genes";"cluster_0";1713;3700;0.0350597551867085;1.04483688973492;0.345866885398902;"0.0174089685038136";"0.711794201704877";"0.0128241973688578"
"lung_bronchi_human_A50";"CIRR";"all_genes";"cluster_1";5994;38503;0.0400341674770075;0.955111881127703;0.256141876791684;"-0.0535639264403576";"0.0537877200774654";"0"
"lung_bronchi_human_A50";"CIRR";"all_genes";"cluster_2";1346;2732.5;0.0213135759410509;0.741166797904731;0.0421967935687126;"0.0280489227341129";"0.805806678553033";"0.106836674217015"
"lung_bronchi_human_A50";"CIRR";"all_genes";"cluster_3";3425.5;12152.5;0.035127625291193;0.983010087978082;0.284040083642064;"0.0130803742335973";"0.528458373091673";"0"
"lung_bronchi_human_A50";"CIRR";"all_genes";"cluster_4";1851;4108;0.0600312344883315;1.48284752932689;0.78387752499087;"0.0592644058044664";"1.14150622970722";"0.442536225371205"
"lung_bronchi_human_A50";"CKD";"all_genes";"cluster_0";1713;3700;0.0466752200491575;1.323349817652;0.624379813315977;"0.180395479505089";"4.00004342727686";"3.30107342294084"
"lung_bronchi_human_A50";"CKD";"all_genes";"cluster_1";5994;38503;-0.0163158715997745;0.169454758591718;0;"0.153574820986784";"3.5229221725572";"2.82395216822118"
"lung_bronchi_human_A50";"CKD";"all_genes";"cluster_2";1346;2732.5;0.0603089784317508;1.56707413640246;0.868104132066438;"0.228104637232177";"4.00004342727686";"3.30107342294084"
"lung_bronchi_human_A50";"CKD";"all_genes";"cluster_3";3425.5;12152.5;0.0426295747862601;1.13731589895889;0.438345894622869;"0.204440594949573";"4.00004342727686";"3.30107342294084"
"lung_bronchi_human_A50";"CKD";"all_genes";"cluster_4";1851;4108;0.0431284094463819;1.14030486107972;0.441334856743697;"0.168177151112079";"4.00004342727686";"3.30107342294084"
"lung_bronchi_human_A50";"EPI";"all_genes";"cluster_0";1713;3700;0.0802717562836318;3.09695344028492;2.3979834359489;"1.29611014198006";"4.00004342727686";"3.30107342294084"
"lung_bronchi_human_A50";"EPI";"all_genes";"cluster_1";5994;38503;0.07231330209792;2.35659075079068;1.65762074645466;"1.2317318266209";"4.00004342727686";"3.30107342294084"
"lung_bronchi_human_A50";"EPI";"all_genes";"cluster_2";1346;2732.5;0.108909200736246;4.00004342727686;3.30107342294084;"1.33448627423826";"4.00004342727686";"3.30107342294084"
"lung_bronchi_human_A50";"EPI";"all_genes";"cluster_3";3425.5;12152.5;0.0759054315637796;2.72128982632403;2.02231982198801;"1.43327597755299";"4.00004342727686";"3.30107342294084"
"lung_bronchi_human_A50";"EPI";"all_genes";"cluster_4";1851;4108;0.0878601805540861;3.3979834359489;2.69901343161288;"1.28995053990749";"4.00004342727686";"3.30107342294084"
"lung_bronchi_human_A50";"IBD";"all_genes";"cluster_0";1713;3700;0.0216891905961896;1.04483688973492;0.345866885398902;"0.138041714056215";"3.69901343161288";"3.00004342727686"
"lung_bronchi_human_A50";"IBD";"all_genes";"cluster_1";5994;38503;-0.00722164118259594;0.189340566329746;0;"0.116658731185934";"2.76959450589859";"2.07062450156257"
"lung_bronchi_human_A50";"IBD";"all_genes";"cluster_2";1346;2732.5;0.0287115104544224;1.35560483780902;0.656634833473005;"0.186947493819427";"4.00004342727686";"3.30107342294084"
"lung_bronchi_human_A50";"IBD";"all_genes";"cluster_3";3425.5;12152.5;0.0224100898339576;1.0453186362978;0.346348631961781;"0.165736018883609";"4.00004342727686";"3.30107342294084"
"lung_bronchi_human_A50";"IBD";"all_genes";"cluster_4";1851;4108;0.0311180210532578;1.46728904828437;0.768319043948346;"0.158566366981152";"4.00004342727686";"3.30107342294084"
"lung_bronchi_human_A50";"IKD";"all_genes";"cluster_0";1713;3700;0.0725953147292421;3.69901343161288;3.00004342727686;"0.781616674438658";"4.00004342727686";"3.30107342294084"
"lung_bronchi_human_A50";"IKD";"all_genes";"cluster_1";5994;38503;0.0423101435053125;1.62529508126676;0.92632507693074;"0.731129338784111";"4.00004342727686";"3.30107342294084"
"lung_bronchi_human_A50";"IKD";"all_genes";"cluster_2";1346;2732.5;0.0880704144036532;4.00004342727686;3.30107342294084;"0.820936380613283";"4.00004342727686";"3.30107342294084"
"lung_bronchi_human_A50";"IKD";"all_genes";"cluster_3";3425.5;12152.5;0.0737943975843343;3.30107342294084;2.60210341860483;"0.857486985513376";"4.00004342727686";"3.30107342294084"
"lung_bronchi_human_A50";"IKD";"all_genes";"cluster_4";1851;4108;0.0832380184051306;3.69901343161288;3.00004342727686;"0.776843034347931";"4.00004342727686";"3.30107342294084"
"lung_bronchi_human_A50";"INS";"all_genes";"cluster_0";1713;3700;-0.0107280248716911;0.221675083920989;0;"-0.00840503481748953";"0.445069968943623";"0"
"lung_bronchi_human_A50";"INS";"all_genes";"cluster_1";5994;38503;-0.0314301110342496;0.0761779520913612;0;"0.0369735930497244";"0.542010234780357";"0"
"lung_bronchi_human_A50";"INS";"all_genes";"cluster_2";1346;2732.5;-0.00499632759714869;0.306404401115314;0;"-0.0385693979643849";"0.227795087305009";"0"
"lung_bronchi_human_A50";"INS";"all_genes";"cluster_3";3425.5;12152.5;-0.0022424166500313;0.328500342014289;0;"-0.00558538185078685";"0.340412415669862";"0"
"lung_bronchi_human_A50";"INS";"all_genes";"cluster_4";1851;4108;0.00138895140416637;0.385251635320445;0;"-0.0395157044921623";"0.161446174460206";"0"
"lung_bronchi_human_A50";"LD";"all_genes";"cluster_0";1713;3700;0.0372141784367322;1.66962965392767;0.970659649591653;"0.0996954089472454";"3.30107342294084";"2.60210341860483"
"lung_bronchi_human_A50";"LD";"all_genes";"cluster_1";5994;38503;0.0244176471083092;0.995292271685862;0.296322267349843;"0.0984543342497719";"3.00004342727686";"2.30107342294084"
"lung_bronchi_human_A50";"LD";"all_genes";"cluster_2";1346;2732.5;0.0416233098886555;1.8996728821593;1.20070287782328;"0.121692396171471";"4.00004342727686";"3.30107342294084"
"lung_bronchi_human_A50";"LD";"all_genes";"cluster_3";3425.5;12152.5;0.0393298127569084;1.69901343161288;1.00004342727686;"0.104477265538212";"3.5229221725572";"2.82395216822118"
"lung_bronchi_human_A50";"LD";"all_genes";"cluster_4";1851;4108;0.0494214360615126;2.3979834359489;1.69901343161288;"0.12341911109031";"3.69901343161288";"3.00004342727686"
"lung_bronchi_human_A50";"LDL";"all_genes";"cluster_0";1713;3700;-0.007951621562443;0.143979473943763;0;"N/A";"N/A";"N/A"
"lung_bronchi_human_A50";"LDL";"all_genes";"cluster_1";5994;38503;-0.0155775050325549;0.0675696625997094;0;"N/A";"N/A";"N/A"
"lung_bronchi_human_A50";"LDL";"all_genes";"cluster_2";1346;2732.5;-0.00104349029871954;0.288826902955773;0;"N/A";"N/A";"N/A"
"lung_bronchi_human_A50";"LDL";"all_genes";"cluster_3";3425.5;12152.5;-0.00311622290639257;0.236166395781208;0;"N/A";"N/A";"N/A"
"lung_bronchi_human_A50";"LDL";"all_genes";"cluster_4";1851;4108;0.0115547446643381;0.720832914675468;0.0218629103394487;"N/A";"N/A";"N/A"
"lung_bronchi_human_A50";"LID";"all_genes";"cluster_0";1713;3700;0.0445002669286648;2.3979834359489;1.69901343161288;"0.132230588038906";"4.00004342727686";"3.30107342294084"
"lung_bronchi_human_A50";"LID";"all_genes";"cluster_1";5994;38503;0.0201019306481606;0.929266964433428;0.230296960097409;"0.115766061990117";"3.69901343161288";"3.00004342727686"
"lung_bronchi_human_A50";"LID";"all_genes";"cluster_2";1346;2732.5;0.0554450755619566;3.22189217689322;2.5229221725572;"0.160074084519242";"4.00004342727686";"3.30107342294084"
"lung_bronchi_human_A50";"LID";"all_genes";"cluster_3";3425.5;12152.5;0.0454532323213629;2.37679413687896;1.67782413254294;"0.144990068005799";"4.00004342727686";"3.30107342294084"
"lung_bronchi_human_A50";"LID";"all_genes";"cluster_4";1851;4108;0.0492559248057556;2.69901343161288;2.00004342727686;"0.148410461599591";"3.69901343161288";"3.00004342727686"
"lung_bronchi_human_A50";"MDD";"all_genes";"cluster_0";1713;3700;-0.0332375979957794;0.0306741155433352;0;"0.189079119505931";"4.00004342727686";"3.30107342294084"
"lung_bronchi_human_A50";"MDD";"all_genes";"cluster_1";5994;38503;-0.0246786615974725;0.121406754250346;0;"0.193957931190298";"3.69901343161288";"3.00004342727686"
"lung_bronchi_human_A50";"MDD";"all_genes";"cluster_2";1346;2732.5;-0.0339448211039252;0.0475900308538295;0;"0.235559556377718";"4.00004342727686";"3.30107342294084"
"lung_bronchi_human_A50";"MDD";"all_genes";"cluster_3";3425.5;12152.5;-0.0441262061370485;0.017410432882013;0;"0.201412581364731";"4.00004342727686";"3.30107342294084"
"lung_bronchi_human_A50";"MDD";"all_genes";"cluster_4";1851;4108;-0.0338895792155541;0.059427344939455;0;"0.187703452300915";"4.00004342727686";"3.30107342294084"
"lung_bronchi_human_A50";"MI";"all_genes";"cluster_0";1713;3700;-0.0149810186772243;0.156810649178853;0;"0.0364686726103101";"0.975557759577696";"0.276587755241677"
"lung_bronchi_human_A50";"MI";"all_genes";"cluster_1";5994;38503;-0.0263514655697411;0.0854358595057822;0;"0.00317617233701245";"0.335307458758158";"0"
"lung_bronchi_human_A50";"MI";"all_genes";"cluster_2";1346;2732.5;0.00436886703018839;0.427636559718807;0;"0.0344274761677464";"0.876518446334131";"0.177548441998112"
"lung_bronchi_human_A50";"MI";"all_genes";"cluster_3";3425.5;12152.5;0.00465351475591036;0.429383757255329;0;"0.0389542933325385";"0.86268931590613";"0.163719311570111"
"lung_bronchi_human_A50";"MI";"all_genes";"cluster_4";1851;4108;0.0232128052159205;0.766286064311352;0.0673160599753334;"0.055686394838614";"1.02830383638908";"0.329333832053066"
"lung_bronchi_human_A50";"MS";"all_genes";"cluster_0";1713;3700;-0.000658390270184661;0.336342501887215;0;"0.144367980411856";"3.69901343161288";"3.00004342727686"
"lung_bronchi_human_A50";"MS";"all_genes";"cluster_1";5994;38503;-0.040307998020257;0.0214064788923883;0;"0.11247390761025";"2.67782413254294";"1.97885412820692"
"lung_bronchi_human_A50";"MS";"all_genes";"cluster_2";1346;2732.5;0.0105469303839917;0.528018729576581;0;"0.196119003370867";"4.00004342727686";"3.30107342294084"
"lung_bronchi_human_A50";"MS";"all_genes";"cluster_3";3425.5;12152.5;0.000999352430600203;0.3566894653;0;"0.181067509018871";"4.00004342727686";"3.30107342294084"
"lung_bronchi_human_A50";"MS";"all_genes";"cluster_4";1851;4108;0.00460883640555937;0.410428886645596;0;"0.145103797390977";"3.5229221725572";"2.82395216822118"
"lung_bronchi_human_A50";"NAFLD";"all_genes";"cluster_0";1713;3700;-0.0182473969009;0.134465719856934;0;"0.207628851725408";"4.00004342727686";"3.30107342294084"
"lung_bronchi_human_A50";"NAFLD";"all_genes";"cluster_1";5994;38503;-0.0177924457673025;0.165050823543833;0;"0.221115760618093";"4.00004342727686";"3.30107342294084"
"lung_bronchi_human_A50";"NAFLD";"all_genes";"cluster_2";1346;2732.5;-0.0178083622941257;0.155442007650516;0;"0.267562889315341";"4.00004342727686";"3.30107342294084"
"lung_bronchi_human_A50";"NAFLD";"all_genes";"cluster_3";3425.5;12152.5;-0.0245959978993576;0.0965193628056004;0;"0.229012331007182";"4.00004342727686";"3.30107342294084"
"lung_bronchi_human_A50";"NAFLD";"all_genes";"cluster_4";1851;4108;-0.0174560263286389;0.17144797090516;0;"0.19809385036155";"4.00004342727686";"3.30107342294084"
"lung_bronchi_human_A50";"PAR";"all_genes";"cluster_0";1713;3700;0.0792454920950438;2.67782413254294;1.97885412820692;"0.00247223031250546";"0.45411809792102";"0"
"lung_bronchi_human_A50";"PAR";"all_genes";"cluster_1";5994;38503;0.0267527635729883;0.811114943516009;0.11214493917999;"-0.00664863092741874";"0.269907423280185";"0"
"lung_bronchi_human_A50";"PAR";"all_genes";"cluster_2";1346;2732.5;0.115595948356703;3.69901343161288;3.00004342727686;"0.00814562251901391";"0.509523117913514";"0"
"lung_bronchi_human_A50";"PAR";"all_genes";"cluster_3";3425.5;12152.5;0.085925283272896;2.74477092217356;2.04580091783754;"0.00351567827601845";"0.390449018051643";"0"
"lung_bronchi_human_A50";"PAR";"all_genes";"cluster_4";1851;4108;0.096155532139182;3.5229221725572;2.82395216822118;"0.0226396519572439";"0.652323210242824";"0"
"lung_bronchi_human_A50";"SCZ";"all_genes";"cluster_0";1713;3700;-0.0275235524475124;0.0143475675870206;0;"0.227029507861733";"4.00004342727686";"3.30107342294084"
"lung_bronchi_human_A50";"SCZ";"all_genes";"cluster_1";5994;38503;-0.0200721224131307;0.0531492321745359;0;"0.231423917034209";"4.00004342727686";"3.30107342294084"
"lung_bronchi_human_A50";"SCZ";"all_genes";"cluster_2";1346;2732.5;-0.0259947307362721;0.019812735885831;0;"0.275664369390747";"4.00004342727686";"3.30107342294084"
"lung_bronchi_human_A50";"SCZ";"all_genes";"cluster_3";3425.5;12152.5;-0.0302338587771886;0.0108161535463258;0;"0.252791290264919";"4.00004342727686";"3.30107342294084"
"lung_bronchi_human_A50";"SCZ";"all_genes";"cluster_4";1851;4108;-0.0262138952436685;0.0186779181983183;0;"0.213160517961636";"4.00004342727686";"3.30107342294084"
"lung_bronchi_human_A50";"T1D";"all_genes";"cluster_0";1713;3700;0.038206632825176;1.29847544222094;0.599505437884916;"0.191883758932133";"4.00004342727686";"3.30107342294084"
"lung_bronchi_human_A50";"T1D";"all_genes";"cluster_1";5994;38503;0.0263511334233279;0.831251406962681;0.132281402626662;"0.17584688471362";"3.30107342294084";"2.60210341860483"
"lung_bronchi_human_A50";"T1D";"all_genes";"cluster_2";1346;2732.5;0.053058522236727;1.82106647998369;1.12209647564767;"0.281856609043493";"4.00004342727686";"3.30107342294084"
"lung_bronchi_human_A50";"T1D";"all_genes";"cluster_3";3425.5;12152.5;0.0408336636053925;1.32152504823675;0.62255504390073;"0.232923911132294";"4.00004342727686";"3.30107342294084"
"lung_bronchi_human_A50";"T1D";"all_genes";"cluster_4";1851;4108;0.0534978885828643;1.81535199645926;1.11638199212325;"0.213002971223778";"4.00004342727686";"3.30107342294084"
"lung_bronchi_human_A50";"T2D";"all_genes";"cluster_0";1713;3700;-0.0333375663751806;0.00134826896520693;0;"0.154973689179541";"3.15494538726261";"2.45597538292659"
"lung_bronchi_human_A50";"T2D";"all_genes";"cluster_1";5994;38503;-0.0381439944909731;0.00086937168837773;0;"0.150957014186442";"2.74477092217356";"2.04580091783754"
"lung_bronchi_human_A50";"T2D";"all_genes";"cluster_2";1346;2732.5;-0.0345648598584054;0.00121760823657663;0;"0.211059666352674";"4.00004342727686";"3.30107342294084"
"lung_bronchi_human_A50";"T2D";"all_genes";"cluster_3";3425.5;12152.5;-0.032215662411814;0.00252598786213781;0;"0.163876998549493";"3.30107342294084";"2.60210341860483"
"lung_bronchi_human_A50";"T2D";"all_genes";"cluster_4";1851;4108;-0.0264532560714164;0.00691594217115252;0;"0.161996725408577";"3.3979834359489";"2.69901343161288"
"lung_bronchi_human_A50";"UC";"all_genes";"cluster_0";1713;3700;0.0163999179410533;0.706680872565417;0.00771086822939838;"0.189705875401094";"4.00004342727686";"3.30107342294084"
"lung_bronchi_human_A50";"UC";"all_genes";"cluster_1";5994;38503;-0.0224706860629788;0.0764885692093132;0;"0.170339868721882";"3.69901343161288";"3.00004342727686"
"lung_bronchi_human_A50";"UC";"all_genes";"cluster_2";1346;2732.5;0.0307586370977356;1.14878507855779;0.449815074221769;"0.25258039410599";"4.00004342727686";"3.30107342294084"
"lung_bronchi_human_A50";"UC";"all_genes";"cluster_3";3425.5;12152.5;0.0168705525670853;0.688713474973069;0;"0.213624566719451";"4.00004342727686";"3.30107342294084"
"lung_bronchi_human_A50";"UC";"all_genes";"cluster_4";1851;4108;0.0279896565476427;1.04919196838832;0.350221964052297;"0.207341694486502";"4.00004342727686";"3.30107342294084"
"pancreas_human_15PCW_S1";"ADHD";"all_genes";"cluster_0";1555.5;2701.5;-0.0284871745530202;0.000391001910783589;0;"-0.0455138909936865";"0.063881686365705";"0"
"pancreas_human_15PCW_S1";"ADHD";"all_genes";"cluster_1";1802.5;3336.5;-0.0244857828289841;0.00191492014859626;0;"-0.0347998839021407";"0.0890990215268838";"0"
"pancreas_human_15PCW_S1";"ADHD";"all_genes";"cluster_2";2125;4719;-0.0311430274523532;0.000130294860291272;0;"-0.0293787181788334";"0.112538653041485";"0"
"pancreas_human_15PCW_S1";"ADHD";"all_genes";"cluster_3";3122;6802.5;-0.0110254751237601;0.066353718318968;0;"0.153863152214913";"2.29247325117893";"1.44737521116467"
"pancreas_human_15PCW_S1";"ADHD";"all_genes";"cluster_4";2420;5311;-0.0265715111940251;0.00104345505854235;0;"-0.053868121995868";"0.0415273238538216";"0"
"pancreas_human_15PCW_S1";"ADHD";"all_genes";"cluster_5";599.5;809;-0.0219140007546946;0.00533044184529246;0;"0.0177353531219252";"0.867463579617126";"0.0223655396028688"
"pancreas_human_15PCW_S1";"ADHD";"all_genes";"cluster_6";2430;4895;-0.0227298514262808;0.00656310820686618;0;"0.0544648621015913";"1.00440823267931";"0.159310192665056"
"pancreas_human_15PCW_S1";"AHD";"all_genes";"cluster_0";1555.5;2701.5;0.00471941213302501;0.493809067664737;0;"-0.0220874318462158";"0.0633286690656589";"0"
"pancreas_human_15PCW_S1";"AHD";"all_genes";"cluster_1";1802.5;3336.5;0.00580852015710413;0.516598779178328;0;"-0.0297748037923614";"0.0186325871109744";"0"
"pancreas_human_15PCW_S1";"AHD";"all_genes";"cluster_2";2125;4719;-0.00123803829184238;0.354916028018471;0;"-0.0298614616947962";"0.0296035643250987";"0"
"pancreas_human_15PCW_S1";"AHD";"all_genes";"cluster_3";3122;6802.5;0.0522587240009526;2.00004342727686;1.15494538726261;"0.0681791638481784";"2.14878507855779";"1.30368703854353"
"pancreas_human_15PCW_S1";"AHD";"all_genes";"cluster_4";2420;5311;-0.00233404116846153;0.326469630853811;0;"-0.0330123032819183";"0.0132269226913262";"0"
"pancreas_human_15PCW_S1";"AHD";"all_genes";"cluster_5";599.5;809;0.0124092408636338;0.706680872565417;0;"0.0124632612271956";"0.722205094274815";"0"
"pancreas_human_15PCW_S1";"AHD";"all_genes";"cluster_6";2430;4895;0.0347181395302428;1.22772172055394;0.382623680539686;"0.0131077335260463";"0.598470581600417";"0"
"pancreas_human_15PCW_S1";"ALS";"all_genes";"cluster_0";1555.5;2701.5;0.010357614241209;0.6302711386799;0;"-0.0173044007932948";"0.113778368247106";"0"
"pancreas_human_15PCW_S1";"ALS";"all_genes";"cluster_1";1802.5;3336.5;-0.0029779431846424;0.326285490727286;0;"-0.0225540742557306";"0.0600252722691995";"0"
"pancreas_human_15PCW_S1";"ALS";"all_genes";"cluster_2";2125;4719;0.00557415279846593;0.49084090494576;0;"-0.0273192471055327";"0.0432988819941717";"0"
"pancreas_human_15PCW_S1";"ALS";"all_genes";"cluster_3";3122;6802.5;0.0487781254360288;1.67989714116581;0.834799101151552;"0.077669975338689";"2.42025983066005";"1.5751617906458"
"pancreas_human_15PCW_S1";"ALS";"all_genes";"cluster_4";2420;5311;-0.00437346457292703;0.294436263872258;0;"-0.0298190585144757";"0.0252094722283226";"0"
"pancreas_human_15PCW_S1";"ALS";"all_genes";"cluster_5";599.5;809;0.0104025271377622;0.654473671220471;0;"0.0185897578585703";"0.857966966203578";"0.012868926189321"
"pancreas_human_15PCW_S1";"ALS";"all_genes";"cluster_6";2430;4895;0.0398101056840142;1.27494890619539;0.429850866181137;"0.0170638450217999";"0.669426759982424";"0"
"pancreas_human_15PCW_S1";"ALZ";"all_genes";"cluster_0";1555.5;2701.5;-0.0199785964124684;0.0451258735419039;0;"-0.0400696802761749";"0.000347539866023441";"0"
"pancreas_human_15PCW_S1";"ALZ";"all_genes";"cluster_1";1802.5;3336.5;-0.0287187130754986;0.00603439415324939;0;"-0.0395306711635721";"0.00104345505854235";"0"
"pancreas_human_15PCW_S1";"ALZ";"all_genes";"cluster_2";2125;4719;-0.0283945032185742;0.0100599689754636;0;"-0.0373014613502392";"0.00594633768865269";"0"
"pancreas_human_15PCW_S1";"ALZ";"all_genes";"cluster_3";3122;6802.5;-0.0303756995762557;0.00917202247537671;0;"-0.0104278785994828";"0.18947489806045";"0"
"pancreas_human_15PCW_S1";"ALZ";"all_genes";"cluster_4";2420;5311;-0.0228321941592071;0.0303945867961375;0;"-0.03425082363284";"0.00948259728284271";"0"
"pancreas_human_15PCW_S1";"ALZ";"all_genes";"cluster_5";599.5;809;-0.0251418613027894;0.0156961696909988;0;"-0.024781587362482";"0.0407634771459238";"0"
"pancreas_human_15PCW_S1";"ALZ";"all_genes";"cluster_6";2430;4895;-0.0112826457849778;0.143133366976076;0;"-0.0555608907230871";"0.000738854938513879";"0"
"pancreas_human_15PCW_S1";"ASD";"all_genes";"cluster_0";1555.5;2701.5;-0.0231899966813406;0.00704832884552116;0;"-0.0301410889560688";"0.0822229452831657";"0"
"pancreas_human_15PCW_S1";"ASD";"all_genes";"cluster_1";1802.5;3336.5;-0.0202472236326294;0.0134508204546517;0;"-0.0134919772992317";"0.195699508796997";"0"
"pancreas_human_15PCW_S1";"ASD";"all_genes";"cluster_2";2125;4719;-0.0251014049881996;0.00414510363042541;0;"-0.0166001659183824";"0.18096035153316";"0"
"pancreas_human_15PCW_S1";"ASD";"all_genes";"cluster_3";3122;6802.5;0.00921622803832786;0.678859399974549;0;"0.101230301509594";"2.10794882458638";"1.26285078457213"
"pancreas_human_15PCW_S1";"ASD";"all_genes";"cluster_4";2420;5311;-0.0239230300699693;0.00594633768865269;0;"-0.0281153773080491";"0.0923096902792072";"0"
"pancreas_human_15PCW_S1";"ASD";"all_genes";"cluster_5";599.5;809;-0.0148868259768069;0.0457526655757357;0;"0.00866700935912042";"0.665991986929971";"0"
"pancreas_human_15PCW_S1";"ASD";"all_genes";"cluster_6";2430;4895;-0.0158968565575713;0.0432509069063678;0;"-0.00923183396334434";"0.271689645255634";"0"
"pancreas_human_15PCW_S1";"AST";"all_genes";"cluster_0";1555.5;2701.5;-0.0193797735020827;0.021452100456788;0;"-0.0291783254888978";"0.0289067978000565";"0"
"pancreas_human_15PCW_S1";"AST";"all_genes";"cluster_1";1802.5;3336.5;-0.0255456066739315;0.00497889312072114;0;"-0.03584613820269";"0.00974898114842394";"0"
"pancreas_human_15PCW_S1";"AST";"all_genes";"cluster_2";2125;4719;-0.0340625240882071;0.00026062882272692;0;"-0.0424291017020591";"0.00467152124870026";"0"
"pancreas_human_15PCW_S1";"AST";"all_genes";"cluster_3";3122;6802.5;-0.040194408535671;0;0;"0.092025493585292";"2.72128982632403";"1.87619178630978"
"pancreas_human_15PCW_S1";"AST";"all_genes";"cluster_4";2420;5311;-0.0260825104676638;0.00480322541404725;0;"-0.0384020019214394";"0.00877303808176283";"0"
"pancreas_human_15PCW_S1";"AST";"all_genes";"cluster_5";599.5;809;-0.0291127339589898;0.00191492014859626;0;"0.00973067510580086";"0.651738564228702";"0"
"pancreas_human_15PCW_S1";"AST";"all_genes";"cluster_6";2430;4895;-0.032166042142198;0.00152254444182457;0;"0.00651093039315842";"0.462854201033218";"0"
"pancreas_human_15PCW_S1";"BIP";"all_genes";"cluster_0";1555.5;2701.5;-0.0187381653174788;0.031467092101365;0;"6.49080146637449e-05";"0.394738381135753";"0"
"pancreas_human_15PCW_S1";"BIP";"all_genes";"cluster_1";1802.5;3336.5;-0.0196940763889592;0.0267308068239609;0;"-0.00146087745322709";"0.363555530923497";"0"
"pancreas_human_15PCW_S1";"BIP";"all_genes";"cluster_2";2125;4719;-0.0216144292079685;0.0177269575847974;0;"0.00974164280721554";"0.576961468979632";"0"
"pancreas_human_15PCW_S1";"BIP";"all_genes";"cluster_3";3122;6802.5;-0.0118569629324576;0.0884064941474205;0;"0.0588894932119395";"2.02691557367716";"1.18181753366291"
"pancreas_human_15PCW_S1";"BIP";"all_genes";"cluster_4";2420;5311;-0.0192756513211781;0.0301152378487466;0;"-0.0105289948000871";"0.187865653118109";"0"
"pancreas_human_15PCW_S1";"BIP";"all_genes";"cluster_5";599.5;809;-0.0226268338146987;0.0159213444157525;0;"0.0221090112318578";"0.962616929336239";"0.117518889321982"
"pancreas_human_15PCW_S1";"BIP";"all_genes";"cluster_6";2430;4895;-0.015104817704879;0.063881686365705;0;"0.0546417715401115";"1.72588557801318";"0.880787537998926"
"pancreas_human_15PCW_S1";"BRD";"all_genes";"cluster_0";1555.5;2701.5;-0.0193945615871757;0.0198581903295276;0;"-0.0255135223924433";"0.0421967935687125";"0"
"pancreas_human_15PCW_S1";"BRD";"all_genes";"cluster_1";1802.5;3336.5;-0.0257386543510871;0.00396977279158732;0;"-0.0337803921332179";"0.0113061519880626";"0"
"pancreas_human_15PCW_S1";"BRD";"all_genes";"cluster_2";2125;4719;-0.0331483882604656;0.000304082170294646;0;"-0.0358718854841607";"0.0131373958961415";"0"
"pancreas_human_15PCW_S1";"BRD";"all_genes";"cluster_3";3122;6802.5;-0.0384538513242208;4.34272768626769e-05;0;"0.0902009621019722";"2.63831559125927";"1.79321755124501"
"pancreas_human_15PCW_S1";"BRD";"all_genes";"cluster_4";2420;5311;-0.0241288757001731;0.00673948935738815;0;"-0.0342877564716722";"0.0135404118901222";"0"
"pancreas_human_15PCW_S1";"BRD";"all_genes";"cluster_5";599.5;809;-0.0283091945947933;0.0021330599301192;0;"0.0116390721519794";"0.696631356680121";"0"
"pancreas_human_15PCW_S1";"BRD";"all_genes";"cluster_6";2430;4895;-0.0290110566546729;0.00326915641555811;0;"0.00826692194590173";"0.492997554849537";"0"
"pancreas_human_15PCW_S1";"CAD";"all_genes";"cluster_0";1555.5;2701.5;-0.00476403157827763;0.196176792991878;0;"0.0151615506334458";"0.753298717553021";"0"
"pancreas_human_15PCW_S1";"CAD";"all_genes";"cluster_1";1802.5;3336.5;-0.00297101486763189;0.238717104855406;0;"0.0100230016230173";"0.62456271265829";"0"
"pancreas_human_15PCW_S1";"CAD";"all_genes";"cluster_2";2125;4719;-0.016704295416124;0.0340425696480786;0;"0.0188234253019159";"0.809431629463258";"0"
"pancreas_human_15PCW_S1";"CAD";"all_genes";"cluster_3";3122;6802.5;-0.0274488017762886;0.00326915641555811;0;"0.0800080843242873";"2.95865074211864";"2.11355270210438"
"pancreas_human_15PCW_S1";"CAD";"all_genes";"cluster_4";2420;5311;0.00904246326820107;0.64805397184123;0;"0.00770839750186289";"0.553350960905335";"0"
"pancreas_human_15PCW_S1";"CAD";"all_genes";"cluster_5";599.5;809;-0.00478905623028634;0.195903994941512;0;"0.0358324160216607";"1.39151739369967";"0.546419353685412"
"pancreas_human_15PCW_S1";"CAD";"all_genes";"cluster_6";2430;4895;-0.00163256642901194;0.270554658097301;0;"0.0649080885723772";"2.20070287782328";"1.35560483780902"
"pancreas_human_15PCW_S1";"CD";"all_genes";"cluster_0";1555.5;2701.5;0.0105302113727986;0.65999610961547;0;"-0.0160135066691358";"0.135532346218471";"0"
"pancreas_human_15PCW_S1";"CD";"all_genes";"cluster_1";1802.5;3336.5;0.000142444345165499;0.329148473756653;0;"-0.0285464176585644";"0.0289532141397473";"0"
"pancreas_human_15PCW_S1";"CD";"all_genes";"cluster_2";2125;4719;-0.00191768371160797;0.277080618334373;0;"-0.0315999494131639";"0.0283501883270016";"0"
"pancreas_human_15PCW_S1";"CD";"all_genes";"cluster_3";3122;6802.5;-0.0154240023924641;0.063630227565383;0;"-0.0323199766908412";"0.0315137829020231";"0"
"pancreas_human_15PCW_S1";"CD";"all_genes";"cluster_4";2420;5311;-0.00377437040720996;0.235792551838089;0;"-0.0212308690998546";"0.0813841338550394";"0"
"pancreas_human_15PCW_S1";"CD";"all_genes";"cluster_5";599.5;809;0.000231431529781209;0.34193659177047;0;"-0.0207429214282125";"0.0880340516898844";"0"
"pancreas_human_15PCW_S1";"CD";"all_genes";"cluster_6";2430;4895;-0.00733634156493049;0.173515120936211;0;"-0.0230022185835785";"0.0933313703338986";"0"
"pancreas_human_15PCW_S1";"CHD";"all_genes";"cluster_0";1555.5;2701.5;0.0676328277295477;2.50868173344259;1.66358369342833;"-0.0366639632657677";"0.0687890208604492";"0"
"pancreas_human_15PCW_S1";"CHD";"all_genes";"cluster_1";1802.5;3336.5;0.0818015377246453;3.09695344028492;2.25185540027066;"-0.0281752081576314";"0.105284432904971";"0"
"pancreas_human_15PCW_S1";"CHD";"all_genes";"cluster_2";2125;4719;0.0398558965976579;1.43419560860334;0.589097568589088;"-0.0512617811575919";"0.0275166094110069";"0"
"pancreas_human_15PCW_S1";"CHD";"all_genes";"cluster_3";3122;6802.5;0.0557903417329885;2.18049949173499;1.33540145172074;"0.0220312140283299";"0.709786157882345";"0"
"pancreas_human_15PCW_S1";"CHD";"all_genes";"cluster_4";2420;5311;0.10539285980655;4.00004342727686;3.15494538726261;"-0.0244859563077655";"0.121808958601818";"0"
"pancreas_human_15PCW_S1";"CHD";"all_genes";"cluster_5";599.5;809;0.0728483547881749;2.61983218556526;1.774734145551;"-0.00851668841140317";"0.333151216210326";"0"
"pancreas_human_15PCW_S1";"CHD";"all_genes";"cluster_6";2430;4895;0.0538648174166127;1.88945371697761;1.04435567696336;"-0.0297556235108408";"0.120890181092617";"0"
"pancreas_human_15PCW_S1";"CHOL";"all_genes";"cluster_0";1555.5;2701.5;-0.00208263319376405;0.251622804809294;0;"N/A";"N/A";"N/A"
"pancreas_human_15PCW_S1";"CHOL";"all_genes";"cluster_1";1802.5;3336.5;-0.00496795078159194;0.181289836779146;0;"N/A";"N/A";"N/A"
"pancreas_human_15PCW_S1";"CHOL";"all_genes";"cluster_2";2125;4719;-0.00787183897243579;0.125097991191331;0;"N/A";"N/A";"N/A"
"pancreas_human_15PCW_S1";"CHOL";"all_genes";"cluster_3";3122;6802.5;-0.0159821647306042;0.0324018631938515;0;"N/A";"N/A";"N/A"
"pancreas_human_15PCW_S1";"CHOL";"all_genes";"cluster_4";2420;5311;-0.00383897785901885;0.205346300384864;0;"N/A";"N/A";"N/A"
"pancreas_human_15PCW_S1";"CHOL";"all_genes";"cluster_5";599.5;809;-0.0099555169777193;0.0963566955403602;0;"N/A";"N/A";"N/A"
"pancreas_human_15PCW_S1";"CHOL";"all_genes";"cluster_6";2430;4895;-0.00810713863108087;0.125967682053828;0;"N/A";"N/A";"N/A"
"pancreas_human_15PCW_S1";"CIRR";"all_genes";"cluster_0";1555.5;2701.5;0.00717612835407691;0.550256580291089;0;"-0.0206167082651926";"0.0918802272213148";"0"
"pancreas_human_15PCW_S1";"CIRR";"all_genes";"cluster_1";1802.5;3336.5;-0.0107398742737488;0.176243273526985;0;"-0.0304901450060433";"0.0247035426714043";"0"
"pancreas_human_15PCW_S1";"CIRR";"all_genes";"cluster_2";2125;4719;-0.00323253622698541;0.312157902428157;0;"-0.0382864079848537";"0.0108161535463258";"0"
"pancreas_human_15PCW_S1";"CIRR";"all_genes";"cluster_3";3122;6802.5;-0.0238416706113151;0.0463320468493073;0;"0.061616260939862";"1.79321755124501";"0.948119511230756"
"pancreas_human_15PCW_S1";"CIRR";"all_genes";"cluster_4";2420;5311;-0.01800466971423;0.0814888967265891;0;"-0.0312515566439802";"0.026084741170159";"0"
"pancreas_human_15PCW_S1";"CIRR";"all_genes";"cluster_5";599.5;809;-0.00828377735989027;0.229854404540869;0;"0.00328851852604234";"0.50882185103758";"0"
"pancreas_human_15PCW_S1";"CIRR";"all_genes";"cluster_6";2430;4895;-0.024090443677759;0.056252228347561;0;"-0.0115754772059586";"0.201876367560923";"0"
"pancreas_human_15PCW_S1";"CKD";"all_genes";"cluster_0";1555.5;2701.5;0.0301456318190065;1.18981090928178;0.344712869267522;"0.0445583329395957";"1.68617620690771";"0.841078166893452"
"pancreas_human_15PCW_S1";"CKD";"all_genes";"cluster_1";1802.5;3336.5;0.0294692896623291;1.16308669021731;0.317988650203055;"0.0313426779388847";"1.26604414073848";"0.420946100724219"
"pancreas_human_15PCW_S1";"CKD";"all_genes";"cluster_2";2125;4719;0.0651317428048824;2.18049949173499;1.33540145172074;"0.0376107359450648";"1.37063382817414";"0.525535788159887"
"pancreas_human_15PCW_S1";"CKD";"all_genes";"cluster_3";3122;6802.5;0.0109741093081038;0.604193051258082;0;"0.0806934940392417";"3.09695344028492";"2.25185540027066"
"pancreas_human_15PCW_S1";"CKD";"all_genes";"cluster_4";2420;5311;0.0330109815348517;1.23661543371393;0.391517393699669;"0.0397219386630291";"1.47890534357283";"0.63380730355857"
"pancreas_human_15PCW_S1";"CKD";"all_genes";"cluster_5";599.5;809;0.024650173597804;1.03484172625095;0.189743686236694;"0.0538488996138286";"2.00440823267931";"1.15931019266506"
"pancreas_human_15PCW_S1";"CKD";"all_genes";"cluster_6";2430;4895;0.0853632216690792;2.88610007497003;2.04100203495577;"0.0764960606723163";"2.82395216822118";"1.97885412820692"
"pancreas_human_15PCW_S1";"COPD";"all_genes";"cluster_0";1555.5;2701.5;0.0136843132422746;0.756013838246841;0;"0.0361040080340284";"1.30020570140962";"0.45510766139536"
"pancreas_human_15PCW_S1";"COPD";"all_genes";"cluster_1";1802.5;3336.5;0.0097674035576425;0.61533168433858;0;"0.0336723592628324";"1.22625698229567";"0.381158942281412"
"pancreas_human_15PCW_S1";"COPD";"all_genes";"cluster_2";2125;4719;0.00150632938259343;0.36375617517835;0;"0.0367723104207606";"1.22261660488755";"0.377518564873294"
"pancreas_human_15PCW_S1";"COPD";"all_genes";"cluster_3";3122;6802.5;-0.00780588020973567;0.167406799680159;0;"0.0480730374704732";"1.6478609091655";"0.802762869151243"
"pancreas_human_15PCW_S1";"COPD";"all_genes";"cluster_4";2420;5311;0.0166504375563706;0.856716297284816;0.0116182572705594;"0.0263232892294781";"0.998742494256445";"0.153644454242188"
"pancreas_human_15PCW_S1";"COPD";"all_genes";"cluster_5";599.5;809;0.0014651670026142;0.380324161665136;0;"0.0458747748275621";"1.61087734291233";"0.765779302898073"
"pancreas_human_15PCW_S1";"COPD";"all_genes";"cluster_6";2430;4895;-0.0111945886835423;0.128062073433493;0;"0.0600005675905427";"1.86016434087563";"1.01506630086137"
"pancreas_human_15PCW_S1";"EPI";"all_genes";"cluster_0";1555.5;2701.5;0.0142943901845415;0.791870900609741;0;"0.978230331792627";"4.00004342727686";"3.15494538726261"
"pancreas_human_15PCW_S1";"EPI";"all_genes";"cluster_1";1802.5;3336.5;0.0179295403486036;0.9314865322045;0.0863884921902427;"0.967122868914775";"4.00004342727686";"3.15494538726261"
"pancreas_human_15PCW_S1";"EPI";"all_genes";"cluster_2";2125;4719;0.0136611838649421;0.763758149828834;0;"0.869390174867856";"4.00004342727686";"3.15494538726261"
"pancreas_human_15PCW_S1";"EPI";"all_genes";"cluster_3";3122;6802.5;0.030844383345686;1.56707413640246;0.7219760963882;"0.907225014662032";"4.00004342727686";"3.15494538726261"
"pancreas_human_15PCW_S1";"EPI";"all_genes";"cluster_4";2420;5311;0.00680183528813932;0.519605280099045;0;"0.943036978589139";"4.00004342727686";"3.15494538726261"
"pancreas_human_15PCW_S1";"EPI";"all_genes";"cluster_5";599.5;809;0.0277035999800907;1.40234824135135;0.557250201337094;"0.97001788231519";"4.00004342727686";"3.15494538726261"
"pancreas_human_15PCW_S1";"EPI";"all_genes";"cluster_6";2430;4895;0.0122004383945593;0.667201160282511;0;"0.785315467448606";"4.00004342727686";"3.15494538726261"
"pancreas_human_15PCW_S1";"IBD";"all_genes";"cluster_0";1555.5;2701.5;0.000828232256537248;0.342987574419759;0;"0.0146565761813154";"0.752070160915056";"0"
"pancreas_human_15PCW_S1";"IBD";"all_genes";"cluster_1";1802.5;3336.5;-0.00615990881910367;0.148234913048625;0;"0.00534689924880259";"0.500356344658459";"0"
"pancreas_human_15PCW_S1";"IBD";"all_genes";"cluster_2";2125;4719;-0.0110536970343237;0.0731867183271703;0;"0.012760076225003";"0.665991986929971";"0"
"pancreas_human_15PCW_S1";"IBD";"all_genes";"cluster_3";3122;6802.5;-0.0197588891809558;0.0117967039014843;0;"0.0287126006628242";"1.15185431028546";"0.306756270271207"
"pancreas_human_15PCW_S1";"IBD";"all_genes";"cluster_4";2420;5311;-0.00502319063942805;0.17546205104338;0;"0.00722267848010893";"0.539145584520315";"0"
"pancreas_human_15PCW_S1";"IBD";"all_genes";"cluster_5";599.5;809;-0.0058232639134633;0.162013344291543;0;"0.014557096642403";"0.765020267781639";"0"
"pancreas_human_15PCW_S1";"IBD";"all_genes";"cluster_6";2430;4895;-0.0102178251087262;0.0913975883697493;0;"0.0339009541440316";"1.22116895527412";"0.376070915259866"
"pancreas_human_15PCW_S1";"IKD";"all_genes";"cluster_0";1555.5;2701.5;0.0546291489566659;3.30107342294084;2.45597538292659;"0.584694581531933";"4.00004342727686";"3.15494538726261"
"pancreas_human_15PCW_S1";"IKD";"all_genes";"cluster_1";1802.5;3336.5;0.0486947674415809;3.00004342727686;2.15494538726261;"0.572411834863051";"4.00004342727686";"3.15494538726261"
"pancreas_human_15PCW_S1";"IKD";"all_genes";"cluster_2";2125;4719;0.0540728748917561;3.22189217689322;2.37679413687896;"0.529665689973903";"4.00004342727686";"3.15494538726261"
"pancreas_human_15PCW_S1";"IKD";"all_genes";"cluster_3";3122;6802.5;0.00441462456908726;0.45054971406185;0;"0.51999827394395";"4.00004342727686";"3.15494538726261"
"pancreas_human_15PCW_S1";"IKD";"all_genes";"cluster_4";2420;5311;0.0524165613962062;3.30107342294084;2.45597538292659;"0.567138597459897";"4.00004342727686";"3.15494538726261"
"pancreas_human_15PCW_S1";"IKD";"all_genes";"cluster_5";599.5;809;0.0477675786884608;2.95865074211864;2.11355270210438;"0.576564782445357";"4.00004342727686";"3.15494538726261"
"pancreas_human_15PCW_S1";"IKD";"all_genes";"cluster_6";2430;4895;0.0390233427884429;2.33728559559529;1.49218755558103;"0.47616016362971";"4.00004342727686";"3.15494538726261"
"pancreas_human_15PCW_S1";"INS";"all_genes";"cluster_0";1555.5;2701.5;-0.0266830853458299;0.0162818669906977;0;"-0.0370862597260457";"0.0668092985620546";"0"
"pancreas_human_15PCW_S1";"INS";"all_genes";"cluster_1";1802.5;3336.5;-0.0196407619236895;0.0606240239475455;0;"-0.0227747034434206";"0.13069434651777";"0"
"pancreas_human_15PCW_S1";"INS";"all_genes";"cluster_2";2125;4719;-0.0332543865597322;0.00506675362717158;0;"-0.0322701344938701";"0.0959773753623598";"0"
"pancreas_human_15PCW_S1";"INS";"all_genes";"cluster_3";3122;6802.5;-0.0212461711492551;0.0608237914220444;0;"0.118015966703688";"2.19386345329298";"1.34876541327872"
"pancreas_human_15PCW_S1";"INS";"all_genes";"cluster_4";2420;5311;-0.0110165924523903;0.165813524425185;0;"-0.0491051241730904";"0.0289996354408339";"0"
"pancreas_human_15PCW_S1";"INS";"all_genes";"cluster_5";599.5;809;-0.0239844415422288;0.0286284038918676;0;"0.00903259342068304";"0.684073081819945";"0"
"pancreas_human_15PCW_S1";"INS";"all_genes";"cluster_6";2430;4895;-0.0156043958325945;0.122672081407089;0;"0.0145238889605834";"0.562451395022901";"0"
"pancreas_human_15PCW_S1";"LD";"all_genes";"cluster_0";1555.5;2701.5;0.0160493857515262;1.02599252448399;0.180894484469728;"0.053389300642793";"2.48152948739898";"1.63643144738472"
"pancreas_human_15PCW_S1";"LD";"all_genes";"cluster_1";1802.5;3336.5;0.00690333794660591;0.562609983478891;0;"0.0426969334396161";"1.88610007497003";"1.04100203495577"
"pancreas_human_15PCW_S1";"LD";"all_genes";"cluster_2";2125;4719;0.0109046631186332;0.74646313771468;0;"0.0439589046918313";"1.92816141997074";"1.08306337995648"
"pancreas_human_15PCW_S1";"LD";"all_genes";"cluster_3";3122;6802.5;-0.00881471817536977;0.115021632414565;0;"0.0611061681492506";"3.09695344028492";"2.25185540027066"
"pancreas_human_15PCW_S1";"LD";"all_genes";"cluster_4";2420;5311;0.00772413988122367;0.596065463607508;0;"0.0488781164021073";"2.17396862457604";"1.32887058456178"
"pancreas_human_15PCW_S1";"LD";"all_genes";"cluster_5";599.5;809;0.00742084080919548;0.590617558605419;0;"0.0543770679106646";"2.50868173344259";"1.66358369342833"
"pancreas_human_15PCW_S1";"LD";"all_genes";"cluster_6";2430;4895;0.00502887717668757;0.477208113616333;0;"0.0660012773682375";"3.00004342727686";"2.15494538726261"
"pancreas_human_15PCW_S1";"LDL";"all_genes";"cluster_0";1555.5;2701.5;0.00279579886015889;0.43573251731626;0;"N/A";"N/A";"N/A"
"pancreas_human_15PCW_S1";"LDL";"all_genes";"cluster_1";1802.5;3336.5;0.00254066611681877;0.423817289827258;0;"N/A";"N/A";"N/A"
"pancreas_human_15PCW_S1";"LDL";"all_genes";"cluster_2";2125;4719;-0.000423228918347326;0.294778564959458;0;"N/A";"N/A";"N/A"
"pancreas_human_15PCW_S1";"LDL";"all_genes";"cluster_3";3122;6802.5;-0.0121871509819339;0.0402391107685247;0;"N/A";"N/A";"N/A"
"pancreas_human_15PCW_S1";"LDL";"all_genes";"cluster_4";2420;5311;0.00242441919743402;0.413343625652814;0;"N/A";"N/A";"N/A"
"pancreas_human_15PCW_S1";"LDL";"all_genes";"cluster_5";599.5;809;-0.00289117510890184;0.215426134643987;0;"N/A";"N/A";"N/A"
"pancreas_human_15PCW_S1";"LDL";"all_genes";"cluster_6";2430;4895;0.00179830830027403;0.376794136878962;0;"N/A";"N/A";"N/A"
"pancreas_human_15PCW_S1";"LID";"all_genes";"cluster_0";1555.5;2701.5;0.0166957267533751;1.19658631162845;0.351488271614192;"0.0448095116599255";"2.11922983499607";"1.27413179498181"
"pancreas_human_15PCW_S1";"LID";"all_genes";"cluster_1";1802.5;3336.5;0.0145307633947979;1.05803537425455;0.212937334240293;"0.0419502361536901";"1.91368359660211";"1.06858555658786"
"pancreas_human_15PCW_S1";"LID";"all_genes";"cluster_2";2125;4719;0.00748166517416798;0.632687506250844;0;"0.0381473120224165";"1.72820182074036";"0.883103780726107"
"pancreas_human_15PCW_S1";"LID";"all_genes";"cluster_3";3122;6802.5;0.00104381777462699;0.345481872535119;0;"0.0719491633097968";"3.69901343161288";"2.85391539159862"
"pancreas_human_15PCW_S1";"LID";"all_genes";"cluster_4";2420;5311;0.0131167453035564;0.953548262942154;0.108450222927898;"0.0373593284858865";"1.61983218556526";"0.774734145551"
"pancreas_human_15PCW_S1";"LID";"all_genes";"cluster_5";599.5;809;0.0129255653875076;0.944665095901863;0.0995670558876057;"0.0499973693359792";"2.37679413687896";"1.53169609686471"
"pancreas_human_15PCW_S1";"LID";"all_genes";"cluster_6";2430;4895;0.0206876124531767;1.43066951766182;0.58557147764756;"0.0595851346377097";"2.82395216822118";"1.97885412820692"
"pancreas_human_15PCW_S1";"LUD";"all_genes";"cluster_0";1555.5;2701.5;0.0122678746574251;0.77941240782877;0;"0.0506308385929807";"2.82395216822118";"1.97885412820692"
"pancreas_human_15PCW_S1";"LUD";"all_genes";"cluster_1";1802.5;3336.5;0.00484493702945756;0.477468794585686;0;"0.0496523868991584";"2.82395216822118";"1.97885412820692"
"pancreas_human_15PCW_S1";"LUD";"all_genes";"cluster_2";2125;4719;0.00244498868862406;0.390022402612717;0;"0.0441284442547138";"2.40897882025036";"1.56388078023611"
"pancreas_human_15PCW_S1";"LUD";"all_genes";"cluster_3";3122;6802.5;-0.0154992265480535;0.0459939805132681;0;"0.0613963619037809";"3.5229221725572";"2.67782413254294"
"pancreas_human_15PCW_S1";"LUD";"all_genes";"cluster_4";2420;5311;0.008655354792102;0.622919384930407;0;"0.0481126685417639";"2.60210341860483";"1.75700537859057"
"pancreas_human_15PCW_S1";"LUD";"all_genes";"cluster_5";599.5;809;-0.000913754211454794;0.300119024534386;0;"0.0542365533801825";"2.82395216822118";"1.97885412820692"
"pancreas_human_15PCW_S1";"LUD";"all_genes";"cluster_6";2430;4895;-0.00907464540101544;0.124345665296655;0;"0.0581906419989126";"3.30107342294084";"2.45597538292659"
"pancreas_human_15PCW_S1";"MDD";"all_genes";"cluster_0";1555.5;2701.5;-0.00504336019394545;0.28504345986482;0;"0.00498578375159207";"0.505193405596769";"0"
"pancreas_human_15PCW_S1";"MDD";"all_genes";"cluster_1";1802.5;3336.5;-0.00306859917745798;0.324081877634693;0;"0.00472771767980575";"0.4973432519663";"0"
"pancreas_human_15PCW_S1";"MDD";"all_genes";"cluster_2";2125;4719;-0.00677344591734233;0.255672199945002;0;"0.0198222036963254";"0.798100363875212";"0"
"pancreas_human_15PCW_S1";"MDD";"all_genes";"cluster_3";3122;6802.5;0.0268632512149551;1.03016178353036;0.185063743516106;"0.0810128970096913";"3.09695344028492";"2.25185540027066"
"pancreas_human_15PCW_S1";"MDD";"all_genes";"cluster_4";2420;5311;-0.010968801789969;0.174877055020313;0;"-0.00164823653613783";"0.350903363132644";"0"
"pancreas_human_15PCW_S1";"MDD";"all_genes";"cluster_5";599.5;809;-0.00152341042825443;0.374011179447844;0;"0.0286054925224676";"1.12152163177566";"0.276423591761399"
"pancreas_human_15PCW_S1";"MDD";"all_genes";"cluster_6";2430;4895;-0.000100385249570373;0.348959338033851;0;"0.0662055639936158";"2.09155840839821";"1.24646036838396"
"pancreas_human_15PCW_S1";"MI";"all_genes";"cluster_0";1555.5;2701.5;-0.00932247548135227;0.167726157354601;0;"-0.0143915720499469";"0.162013344291543";"0"
"pancreas_human_15PCW_S1";"MI";"all_genes";"cluster_1";1802.5;3336.5;-0.0121600615489792;0.12515591643075;0;"-0.0191053964338904";"0.109901967212285";"0"
"pancreas_human_15PCW_S1";"MI";"all_genes";"cluster_2";2125;4719;-0.0262154199351931;0.0145271394241472;0;"-0.0264251661866123";"0.0661513915126516";"0"
"pancreas_human_15PCW_S1";"MI";"all_genes";"cluster_3";3122;6802.5;-0.0350028909046232;0.00261335347939147;0;"0.119130847785026";"3.15494538726261";"2.30984734724835"
"pancreas_human_15PCW_S1";"MI";"all_genes";"cluster_4";2420;5311;-0.00573025681852943;0.228309001890093;0;"-0.0270822437218406";"0.0516793712884933";"0"
"pancreas_human_15PCW_S1";"MI";"all_genes";"cluster_5";599.5;809;-0.0114270766263513;0.143012629004239;0;"0.0239903447486875";"0.969039145913326";"0.123941105899069"
"pancreas_human_15PCW_S1";"MI";"all_genes";"cluster_6";2430;4895;-0.0176237842599571;0.0744735177334864;0;"0.0169567792428177";"0.643252966925147";"0"
"pancreas_human_15PCW_S1";"MS";"all_genes";"cluster_0";1555.5;2701.5;-0.00506288346652067;0.237139898777806;0;"0.016548962716298";"0.80138634032244";"0"
"pancreas_human_15PCW_S1";"MS";"all_genes";"cluster_1";1802.5;3336.5;-0.0158394659183109;0.0747829177574274;0;"0.0033977770782113";"0.451162864639348";"0"
"pancreas_human_15PCW_S1";"MS";"all_genes";"cluster_2";2125;4719;-0.0167712345415736;0.0679249552477402;0;"0.0129451353221865";"0.672684492890532";"0"
"pancreas_human_15PCW_S1";"MS";"all_genes";"cluster_3";3122;6802.5;-0.0282638985322548;0.00948259728284271;0;"0.0390066673354848";"1.52003648431971";"0.674938444305455"
"pancreas_human_15PCW_S1";"MS";"all_genes";"cluster_4";2420;5311;-0.0178044335824274;0.0590789337840632;0;"0.00749767994501047";"0.542767241215537";"0"
"pancreas_human_15PCW_S1";"MS";"all_genes";"cluster_5";599.5;809;-0.0177758199955081;0.0585319946424596;0;"0.0248826331056164";"1.06403263156165";"0.218934591547396"
"pancreas_human_15PCW_S1";"MS";"all_genes";"cluster_6";2430;4895;-0.0267939777377667;0.0184513100627813;0;"0.0508157750450741";"1.81819983933209";"0.973101799317833"
"pancreas_human_15PCW_S1";"NAFLD";"all_genes";"cluster_0";1555.5;2701.5;-0.0170732195026013;0.0989121759214907;0;"0.0147000077378187";"0.733576531836621";"0"
"pancreas_human_15PCW_S1";"NAFLD";"all_genes";"cluster_1";1802.5;3336.5;-0.0299177654909597;0.0126453281398453;0;"0.0151535244499229";"0.74380689407094";"0"
"pancreas_human_15PCW_S1";"NAFLD";"all_genes";"cluster_2";2125;4719;-0.0279241377079814;0.0288603864207012;0;"0.0298242588951056";"1.02876757853876";"0.183669538524501"
"pancreas_human_15PCW_S1";"NAFLD";"all_genes";"cluster_3";3122;6802.5;-0.030324333385704;0.027886891417369;0;"0.0364184160240312";"1.28823619823567";"0.443138158221415"
"pancreas_human_15PCW_S1";"NAFLD";"all_genes";"cluster_4";2420;5311;-0.0260937317725628;0.0320744643981703;0;"0.00634113181078955";"0.524081838084439";"0"
"pancreas_human_15PCW_S1";"NAFLD";"all_genes";"cluster_5";599.5;809;-0.0289002411576284;0.0144373442244262;0;"0.0212776112896568";"0.936334867885445";"0.0912368278711885"
"pancreas_human_15PCW_S1";"NAFLD";"all_genes";"cluster_6";2430;4895;-0.0388274685124104;0.0109497346665372;0;"0.0559513699320056";"1.74477092217356";"0.8996728821593"
"pancreas_human_15PCW_S1";"PAR";"all_genes";"cluster_0";1555.5;2701.5;0.0514305321836044;2.37679413687896;1.53169609686471;"-0.0342501312302632";"0.0139438022217331";"0"
"pancreas_human_15PCW_S1";"PAR";"all_genes";"cluster_1";1802.5;3336.5;0.0451347465558423;2.06052417465824;1.21542613464399;"-0.0305163746991697";"0.0268693745938905";"0"
"pancreas_human_15PCW_S1";"PAR";"all_genes";"cluster_2";2125;4719;0.0450781403227502;2.05556075512669;1.21046271511244;"-0.03883791083419";"0.0112615838232224";"0"
"pancreas_human_15PCW_S1";"PAR";"all_genes";"cluster_3";3122;6802.5;0.0485296246982807;2.31880218990128;1.47370414988702;"0.0268052222703723";"0.895556315964468";"0.0504582759502108"
"pancreas_human_15PCW_S1";"PAR";"all_genes";"cluster_4";2420;5311;0.0419988818735487;1.84168093518161;0.996582895167356;"-0.0432335119421347";"0.00388213390885564";"0"
"pancreas_human_15PCW_S1";"PAR";"all_genes";"cluster_5";599.5;809;0.0503262020885507;2.33728559559529;1.49218755558103;"-0.0100834842650535";"0.234971226174071";"0"
"pancreas_human_15PCW_S1";"PAR";"all_genes";"cluster_6";2430;4895;0.0467829940303442;2.09695344028492;1.25185540027066;"-0.0234689765161857";"0.0968448802338843";"0"
"pancreas_human_15PCW_S1";"SCZ";"all_genes";"cluster_0";1555.5;2701.5;-0.0241335049157883;0.00152254444182457;0;"0.0253124159540376";"1.03672791589075";"0.191629875876495"
"pancreas_human_15PCW_S1";"SCZ";"all_genes";"cluster_1";1802.5;3336.5;-0.0231743992826774;0.00239497238065654;0;"0.0222570728605793";"0.948505036761535";"0.103406996747278"
"pancreas_human_15PCW_S1";"SCZ";"all_genes";"cluster_2";2125;4719;-0.0293998335792963;0.000173735168594841;0;"0.0297544455448833";"1.1085059696043";"0.263407929590041"
"pancreas_human_15PCW_S1";"SCZ";"all_genes";"cluster_3";3122;6802.5;-0.0113395741506682;0.0570933571997638;0;"0.13627092862549";"4.00004342727686";"3.15494538726261"
"pancreas_human_15PCW_S1";"SCZ";"all_genes";"cluster_4";2420;5311;-0.0256381699090232;0.000912885989491567;0;"0.011470973526883";"0.644783521749484";"0"
"pancreas_human_15PCW_S1";"SCZ";"all_genes";"cluster_5";599.5;809;-0.0240032148019983;0.0020894232074597;0;"0.0648388119105729";"2.37679413687896";"1.53169609686471"
"pancreas_human_15PCW_S1";"SCZ";"all_genes";"cluster_6";2430;4895;-0.0181457064261982;0.0175008449739193;0;"0.082803851096076";"2.85391539159862";"2.00881735158437"
"pancreas_human_15PCW_S1";"UC";"all_genes";"cluster_0";1555.5;2701.5;0.00136992157439313;0.361055267933181;0;"0.0287868185583946";"1.09913035953919";"0.254032319524937"
"pancreas_human_15PCW_S1";"UC";"all_genes";"cluster_1";1802.5;3336.5;-0.00417039722721682;0.226110779809217;0;"0.0168216970453666";"0.786525670280558";"0"
"pancreas_human_15PCW_S1";"UC";"all_genes";"cluster_2";2125;4719;-0.00880018668471211;0.13964552214955;0;"0.0269803907639975";"0.972286222586309";"0.127188182572052"
"pancreas_human_15PCW_S1";"UC";"all_genes";"cluster_3";3122;6802.5;-0.0128195786178582;0.0811746838958781;0;"0.0315636467066347";"1.16562272359533";"0.320524683581073"
"pancreas_human_15PCW_S1";"UC";"all_genes";"cluster_4";2420;5311;-0.00525292614657999;0.201116688699661;0;"0.0175721387191202";"0.78493484622377";"0"
"pancreas_human_15PCW_S1";"UC";"all_genes";"cluster_5";599.5;809;-0.00358069883008828;0.243863910433053;0;"0.0234488629607038";"0.990592531478169";"0.145494491463912"
"pancreas_human_15PCW_S1";"UC";"all_genes";"cluster_6";2430;4895;-0.000434623709417437;0.306140686210802;0;"0.0545713181234285";"1.72358162310362";"0.878483583089362"
"spinal_cord_human_pcw8_107B1";"ADHD";"all_genes";"cluster_0";2778;4945;0.014354665112143;1.09967629862039;0.254578258606136;"-0.0666971796436004";"8.68588966701944e-05";"0"
"spinal_cord_human_pcw8_107B1";"ADHD";"all_genes";"cluster_1";3052;5612;0.00871389857857971;0.726347839346771;0;"0.0345579426130814";"1.12847049173098";"0.283372451716727"
"spinal_cord_human_pcw8_107B1";"ADHD";"all_genes";"cluster_2";2718.5;4351;0.0146078691846466;1.16689631536408;0.321798275349821;"-0.0456447128119602";"0.00555030439335034";"0"
"spinal_cord_human_pcw8_107B1";"ADHD";"all_genes";"cluster_3";4755;10795;0.0141562109715866;1.12847049173098;0.283372451716727;"0.044852171909291";"1.33634250188721";"0.491244461872958"
"spinal_cord_human_pcw8_107B1";"ADHD";"all_genes";"cluster_4";4315.5;9385.5;-0.000165900370599423;0.307108424745725;0;"-0.116804980954579";"0";"0"
"spinal_cord_human_pcw8_107B1";"ADHD";"all_genes";"cluster_5";3667;7526;0.0166237442368566;1.28071214029314;0.435614100278879;"-0.100359000307004";"0";"0"
"spinal_cord_human_pcw8_107B1";"ADHD";"all_genes";"cluster_6";4285;9588;0.0133699620221501;1.0278405888978;0.182742548883541;"0.0379999147469752";"1.15308810225704";"0.307990062242782"
"spinal_cord_human_pcw8_107B1";"ALZ";"all_genes";"cluster_0";2778;4945;-0.0144775207686191;0.0976597428443912;0;"-0.0144935440338048";"0.105782762829875";"0"
"spinal_cord_human_pcw8_107B1";"ALZ";"all_genes";"cluster_1";3052;5612;-0.00977102892055337;0.163782624418376;0;"0.0300640585384558";"1.20485883759444";"0.359760797580182"
"spinal_cord_human_pcw8_107B1";"ALZ";"all_genes";"cluster_2";2718.5;4351;-0.0214773123554529;0.0334324405949283;0;"-0.00145918354286158";"0.329055824266828";"0"
"spinal_cord_human_pcw8_107B1";"ALZ";"all_genes";"cluster_3";4755;10795;-0.0199632043220373;0.0450776962184419;0;"0.0335580279277332";"1.36859965826369";"0.523501618249434"
"spinal_cord_human_pcw8_107B1";"ALZ";"all_genes";"cluster_4";4315.5;9385.5;-0.0114178904031272;0.138509016417825;0;"-0.0174131334611167";"0.0913975883697493";"0"
"spinal_cord_human_pcw8_107B1";"ALZ";"all_genes";"cluster_5";3667;7526;-0.0231415070803647;0.0331980036219463;0;"-0.0323396363712049";"0.00837441989691414";"0"
"spinal_cord_human_pcw8_107B1";"ALZ";"all_genes";"cluster_6";4285;9588;-0.013242623876254;0.111920119978954;0;"0.0238063355362347";"1.00528648268923";"0.160188442674978"
"spinal_cord_human_pcw8_107B1";"ASD";"all_genes";"cluster_0";2778;4945;0.055029521371495;4.00004342727686;3.15494538726261;"-0.0329037696024439";"0.0143475675870206";"0"
"spinal_cord_human_pcw8_107B1";"ASD";"all_genes";"cluster_1";3052;5612;0.045283155374436;3.69901343161288;2.85391539159862;"0.0169205179478619";"0.783349828107108";"0"
"spinal_cord_human_pcw8_107B1";"ASD";"all_genes";"cluster_2";2718.5;4351;0.0610132217843335;4.00004342727686;3.15494538726261;"-0.0331489085791287";"0.0117520853693751";"0"
"spinal_cord_human_pcw8_107B1";"ASD";"all_genes";"cluster_3";4755;10795;0.0579333887340026;4.00004342727686;3.15494538726261;"0.0199185296586332";"0.851440772470769";"0.00634273245651242"
"spinal_cord_human_pcw8_107B1";"ASD";"all_genes";"cluster_4";4315.5;9385.5;0.037043803433899;2.85391539159862;2.00881735158437;"-0.064161407366142";"0.000391001910783589";"0"
"spinal_cord_human_pcw8_107B1";"ASD";"all_genes";"cluster_5";3667;7526;0.0550770024315519;4.00004342727686;3.15494538726261;"-0.0580774410313709";"0.000304082170294646";"0"
"spinal_cord_human_pcw8_107B1";"ASD";"all_genes";"cluster_6";4285;9588;0.0511808590407356;4.00004342727686;3.15494538726261;"0.009145257475067";"0.563562732267368";"0"
"spinal_cord_human_pcw8_107B1";"AST";"all_genes";"cluster_0";2778;4945;-0.0304461138754044;0.00309417878148148;0;"0.0364817067637738";"1.3635555309235";"0.51845749090924"
"spinal_cord_human_pcw8_107B1";"AST";"all_genes";"cluster_1";3052;5612;-0.032871138201768;0.00156612424035628;0;"0.101334240420581";"3.5229221725572";"2.67782413254294"
"spinal_cord_human_pcw8_107B1";"AST";"all_genes";"cluster_2";2718.5;4351;-0.0288344458045892;0.00366311404345252;0;"0.0293036201209429";"1.19386345329298";"0.348765413278719"
"spinal_cord_human_pcw8_107B1";"AST";"all_genes";"cluster_3";4755;10795;-0.0302954197173782;0.00261335347939147;0;"0.0897711203811963";"3.04580091783754";"2.20070287782328"
"spinal_cord_human_pcw8_107B1";"AST";"all_genes";"cluster_4";4315.5;9385.5;-0.0275552862578375;0.00475931958760301;0;"0.0596324161195668";"1.95082540460668";"1.10572736459242"
"spinal_cord_human_pcw8_107B1";"AST";"all_genes";"cluster_5";3667;7526;-0.0298097411783753;0.00392595113957468;0;"0.0243574913418473";"0.942377323367033";"0.0972792833527766"
"spinal_cord_human_pcw8_107B1";"AST";"all_genes";"cluster_6";4285;9588;-0.032885904122226;0.00152254444182457;0;"0.0812039333062518";"2.74477092217356";"1.8996728821593"
"spinal_cord_human_pcw8_107B1";"BIP";"all_genes";"cluster_0";2778;4945;-0.00342472264780166;0.231627339060531;0;"0.0810390425865413";"3.00004342727686";"2.15494538726261"
"spinal_cord_human_pcw8_107B1";"BIP";"all_genes";"cluster_1";3052;5612;-0.00806440116130751;0.14307299379437;0;"0.127309295586672";"4.00004342727686";"3.15494538726261"
"spinal_cord_human_pcw8_107B1";"BIP";"all_genes";"cluster_2";2718.5;4351;0.00270620120600108;0.390982877346776;0;"0.0448016247708041";"1.83569057149243";"0.990592531478169"
"spinal_cord_human_pcw8_107B1";"BIP";"all_genes";"cluster_3";4755;10795;-0.00166889740428561;0.268777078201371;0;"0.0859641910168549";"3.15494538726261";"2.30984734724835"
"spinal_cord_human_pcw8_107B1";"BIP";"all_genes";"cluster_4";4315.5;9385.5;-0.0065350598196374;0.163782624418376;0;"0.0505568090931106";"1.89623970632091";"1.05114166630665"
"spinal_cord_human_pcw8_107B1";"BIP";"all_genes";"cluster_5";3667;7526;-0.00112005479663119;0.286720922289835;0;"0.0600873174296772";"2.35659075079068";"1.51149271077642"
"spinal_cord_human_pcw8_107B1";"BIP";"all_genes";"cluster_6";4285;9588;-0.00304362484040888;0.23894288831872;0;"0.0954345415198878";"3.30107342294084";"2.45597538292659"
"spinal_cord_human_pcw8_107B1";"BRD";"all_genes";"cluster_0";2778;4945;-0.0272099165768029;0.00651902410979708;0;"0.0342559558442974";"1.3197079138623";"0.474609873848043"
"spinal_cord_human_pcw8_107B1";"BRD";"all_genes";"cluster_1";3052;5612;-0.0280163319968272;0.00528648268923455;0;"0.0963120477720719";"3.3979834359489";"2.55288539593464"
"spinal_cord_human_pcw8_107B1";"BRD";"all_genes";"cluster_2";2718.5;4351;-0.0254623968882252;0.00775507347977023;0;"0.0259054801349026";"1.11018170601867";"0.265083666004417"
"spinal_cord_human_pcw8_107B1";"BRD";"all_genes";"cluster_3";4755;10795;-0.028086616027215;0.00436436676524049;0;"0.0835857441284152";"3.04580091783754";"2.20070287782328"
"spinal_cord_human_pcw8_107B1";"BRD";"all_genes";"cluster_4";4315.5;9385.5;-0.0249163943294271;0.00859582927305984;0;"0.0533312660403836";"1.81819983933209";"0.973101799317833"
"spinal_cord_human_pcw8_107B1";"BRD";"all_genes";"cluster_5";3667;7526;-0.0255011173491767;0.00961576879159913;0;"0.0249235374031288";"0.963015547521088";"0.117917507506831"
"spinal_cord_human_pcw8_107B1";"BRD";"all_genes";"cluster_6";4285;9588;-0.03028869398213;0.00265704287954936;0;"0.0711689425202085";"2.50868173344259";"1.66358369342833"
"spinal_cord_human_pcw8_107B1";"CAD";"all_genes";"cluster_0";2778;4945;-0.025836664950216;0.00917202247537671;0;"0.124393838650815";"4.00004342727686";"3.15494538726261"
"spinal_cord_human_pcw8_107B1";"CAD";"all_genes";"cluster_1";3052;5612;-0.0270187683694465;0.00713660905355017;0;"0.168151669811203";"4.00004342727686";"3.15494538726261"
"spinal_cord_human_pcw8_107B1";"CAD";"all_genes";"cluster_2";2718.5;4351;-0.0258858871633762;0.00806463628227902;0;"0.0850964058268896";"3.30107342294084";"2.45597538292659"
"spinal_cord_human_pcw8_107B1";"CAD";"all_genes";"cluster_3";4755;10795;-0.0272361617439641;0.00563828058769622;0;"0.122482862836855";"4.00004342727686";"3.15494538726261"
"spinal_cord_human_pcw8_107B1";"CAD";"all_genes";"cluster_4";4315.5;9385.5;-0.00383041524150049;0.219078397668546;0;"0.0865523144351528";"3.30107342294084";"2.45597538292659"
"spinal_cord_human_pcw8_107B1";"CAD";"all_genes";"cluster_5";3667;7526;-0.0232338736539525;0.0161917082853909;0;"0.105429581210102";"3.5229221725572";"2.67782413254294"
"spinal_cord_human_pcw8_107B1";"CAD";"all_genes";"cluster_6";4285;9588;-0.028399877941006;0.00519857772346468;0;"0.13471127201185";"4.00004342727686";"3.15494538726261"
"spinal_cord_human_pcw8_107B1";"CD";"all_genes";"cluster_0";2778;4945;0.00694266790712844;0.518887556448828;0;"-0.0238145737832386";"0.0330574021589247";"0"
"spinal_cord_human_pcw8_107B1";"CD";"all_genes";"cluster_1";3052;5612;0.00132978974731207;0.364660223229364;0;"-0.0133594688009858";"0.132929647444886";"0"
"spinal_cord_human_pcw8_107B1";"CD";"all_genes";"cluster_2";2718.5;4351;0.00505763255095233;0.464749307234092;0;"-0.0226667061484788";"0.0348417262509506";"0"
"spinal_cord_human_pcw8_107B1";"CD";"all_genes";"cluster_3";4755;10795;0.00693470287284037;0.518027850826151;0;"-0.0155828828110822";"0.0940857281844356";"0"
"spinal_cord_human_pcw8_107B1";"CD";"all_genes";"cluster_4";4315.5;9385.5;0.00904153444854666;0.589772463024678;0;"-0.0341611207538512";"0.0173200396083173";"0"
"spinal_cord_human_pcw8_107B1";"CD";"all_genes";"cluster_5";3667;7526;0.00548424669155009;0.462728154164853;0;"-0.0246002894223222";"0.0398105541483504";"0"
"spinal_cord_human_pcw8_107B1";"CD";"all_genes";"cluster_6";4285;9588;0.00885824043474526;0.572070713668654;0;"-0.0163269418723535";"0.0961940891801817";"0"
"spinal_cord_human_pcw8_107B1";"CHD";"all_genes";"cluster_0";2778;4945;0.0321062618108947;1.34107858461243;0.495980544598171;"-0.0274227732146225";"0.031607179565158";"0"
"spinal_cord_human_pcw8_107B1";"CHD";"all_genes";"cluster_1";3052;5612;0.0457953594141431;1.86332286012046;1.0182248201062;"0.0296717138062055";"1.07783714983785";"0.232739109823589"
"spinal_cord_human_pcw8_107B1";"CHD";"all_genes";"cluster_2";2718.5;4351;0.0361059660417595;1.53466057582844;0.689562535814188;"-0.0100990855658422";"0.186062351640391";"0"
"spinal_cord_human_pcw8_107B1";"CHD";"all_genes";"cluster_3";4755;10795;0.0411822571845009;1.71901006002914;0.873912020014878;"0.0447205571676309";"1.50311377920365";"0.658015739189391"
"spinal_cord_human_pcw8_107B1";"CHD";"all_genes";"cluster_4";4315.5;9385.5;0.0363105224025489;1.44374092650958;0.598642886495319;"-0.0482800384124931";"0.00511069054682086";"0"
"spinal_cord_human_pcw8_107B1";"CHD";"all_genes";"cluster_5";3667;7526;0.0305513136939362;1.24188880530947;0.396790765295216;"-0.0596136139343804";"0.000130294860291272";"0"
"spinal_cord_human_pcw8_107B1";"CHD";"all_genes";"cluster_6";4285;9588;0.0329651620056861;1.34490499246548;0.499806952451224;"0.0170797294325045";"0.750355999471561";"0"
"spinal_cord_human_pcw8_107B1";"CHOL";"all_genes";"cluster_0";2778;4945;-0.0137333615063758;0.0609736773534384;0;"N/A";"N/A";"N/A"
"spinal_cord_human_pcw8_107B1";"CHOL";"all_genes";"cluster_1";3052;5612;-0.0147389437485024;0.0535420367072751;0;"N/A";"N/A";"N/A"
"spinal_cord_human_pcw8_107B1";"CHOL";"all_genes";"cluster_2";2718.5;4351;-0.00876009360747428;0.117803579258039;0;"N/A";"N/A";"N/A"
"spinal_cord_human_pcw8_107B1";"CHOL";"all_genes";"cluster_3";4755;10795;-0.0145705194511256;0.0529529630572407;0;"N/A";"N/A";"N/A"
"spinal_cord_human_pcw8_107B1";"CHOL";"all_genes";"cluster_4";4315.5;9385.5;-0.00810983425198836;0.128062073433493;0;"N/A";"N/A";"N/A"
"spinal_cord_human_pcw8_107B1";"CHOL";"all_genes";"cluster_5";3667;7526;-0.00972170751669248;0.109454759571375;0;"N/A";"N/A";"N/A"
"spinal_cord_human_pcw8_107B1";"CHOL";"all_genes";"cluster_6";4285;9588;-0.0151331553910408;0.0494838656650626;0;"N/A";"N/A";"N/A"
"spinal_cord_human_pcw8_107B1";"CIRR";"all_genes";"cluster_0";2778;4945;0.00612160417136343;0.517027007132731;0;"0.047589305029218";"1.66760496736126";"0.822506927347"
"spinal_cord_human_pcw8_107B1";"CIRR";"all_genes";"cluster_1";3052;5612;0.00630807491533564;0.51517439455646;0;"0.0866613068245041";"2.92086218122924";"2.07576414121498"
"spinal_cord_human_pcw8_107B1";"CIRR";"all_genes";"cluster_2";2718.5;4351;0.01301147346951;0.721289826324034;0;"0.0370251079577067";"1.43419560860334";"0.589097568589088"
"spinal_cord_human_pcw8_107B1";"CIRR";"all_genes";"cluster_3";4755;10795;0.0123742353670487;0.682188937945393;0;"0.0844565619135457";"3.00004342727686";"2.15494538726261"
"spinal_cord_human_pcw8_107B1";"CIRR";"all_genes";"cluster_4";4315.5;9385.5;-0.000455000411896569;0.329426540876537;0;"0.0546238944882902";"1.79592344462094";"0.950825404606681"
"spinal_cord_human_pcw8_107B1";"CIRR";"all_genes";"cluster_5";3667;7526;0.010769887972771;0.606643731983761;0;"0.0332894638077927";"1.18115801268285";"0.336059972668596"
"spinal_cord_human_pcw8_107B1";"CIRR";"all_genes";"cluster_6";4285;9588;0.0106204265307359;0.623101670130104;0;"0.0774766522608085";"2.50868173344259";"1.66358369342833"
"spinal_cord_human_pcw8_107B1";"CKD";"all_genes";"cluster_0";2778;4945;-0.000123713890841315;0.363254738242488;0;"0.136768420216258";"4.00004342727686";"3.15494538726261"
"spinal_cord_human_pcw8_107B1";"CKD";"all_genes";"cluster_1";3052;5612;0.00308809830563531;0.442536225371205;0;"0.171197217055202";"4.00004342727686";"3.15494538726261"
"spinal_cord_human_pcw8_107B1";"CKD";"all_genes";"cluster_2";2718.5;4351;-0.0225774708633975;0.027886891417369;0;"0.0960285102555183";"3.5229221725572";"2.67782413254294"
"spinal_cord_human_pcw8_107B1";"CKD";"all_genes";"cluster_3";4755;10795;-0.0204895075204808;0.0430590595341025;0;"0.120749553625691";"3.69901343161288";"2.85391539159862"
"spinal_cord_human_pcw8_107B1";"CKD";"all_genes";"cluster_4";4315.5;9385.5;-0.00533851283777589;0.239696348746956;0;"0.118598547242794";"4.00004342727686";"3.15494538726261"
"spinal_cord_human_pcw8_107B1";"CKD";"all_genes";"cluster_5";3667;7526;-0.000863758131189246;0.332590474386909;0;"0.129133259511283";"4.00004342727686";"3.15494538726261"
"spinal_cord_human_pcw8_107B1";"CKD";"all_genes";"cluster_6";4285;9588;-0.0252936134710762;0.0243359637396825;0;"0.141476400786599";"4.00004342727686";"3.15494538726261"
"spinal_cord_human_pcw8_107B1";"COPD";"all_genes";"cluster_0";2778;4945;0.00583500001193032;0.48722566871199;0;"0.119528230154805";"3.69901343161288";"2.85391539159862"
"spinal_cord_human_pcw8_107B1";"COPD";"all_genes";"cluster_1";3052;5612;0.0052735106044981;0.478251777637739;0;"0.161197690826232";"4.00004342727686";"3.15494538726261"
"spinal_cord_human_pcw8_107B1";"COPD";"all_genes";"cluster_2";2718.5;4351;0.00780005788043674;0.549486417858534;0;"0.0655845018680054";"2.61983218556526";"1.774734145551"
"spinal_cord_human_pcw8_107B1";"COPD";"all_genes";"cluster_3";4755;10795;0.00821841674675361;0.560552836887179;0;"0.0946499954626807";"3.5229221725572";"2.67782413254294"
"spinal_cord_human_pcw8_107B1";"COPD";"all_genes";"cluster_4";4315.5;9385.5;0.0113237905375289;0.651933358796625;0;"0.0921424272571739";"3.22189217689322";"2.37679413687896"
"spinal_cord_human_pcw8_107B1";"COPD";"all_genes";"cluster_5";3667;7526;0.0125134209779943;0.674322569257451;0;"0.110615066740186";"3.5229221725572";"2.67782413254294"
"spinal_cord_human_pcw8_107B1";"COPD";"all_genes";"cluster_6";4285;9588;0.0060183401819569;0.493673710181359;0;"0.116310743126857";"3.69901343161288";"2.85391539159862"
"spinal_cord_human_pcw8_107B1";"EPI";"all_genes";"cluster_0";2778;4945;0.0960220368809879;4.00004342727686;3.15494538726261;"0.733365575852194";"4.00004342727686";"3.15494538726261"
"spinal_cord_human_pcw8_107B1";"EPI";"all_genes";"cluster_1";3052;5612;0.105125549021894;4.00004342727686;3.15494538726261;"0.681085755504057";"4.00004342727686";"3.15494538726261"
"spinal_cord_human_pcw8_107B1";"EPI";"all_genes";"cluster_2";2718.5;4351;0.078461029712721;4.00004342727686;3.15494538726261;"0.636457189012247";"4.00004342727686";"3.15494538726261"
"spinal_cord_human_pcw8_107B1";"EPI";"all_genes";"cluster_3";4755;10795;0.0884985994504688;4.00004342727686;3.15494538726261;"0.611141799431645";"4.00004342727686";"3.15494538726261"
"spinal_cord_human_pcw8_107B1";"EPI";"all_genes";"cluster_4";4315.5;9385.5;0.0590331406952938;3.69901343161288;2.85391539159862;"0.706718354034986";"4.00004342727686";"3.15494538726261"
"spinal_cord_human_pcw8_107B1";"EPI";"all_genes";"cluster_5";3667;7526;0.0837111161394727;4.00004342727686;3.15494538726261;"0.768540444494007";"4.00004342727686";"3.15494538726261"
"spinal_cord_human_pcw8_107B1";"EPI";"all_genes";"cluster_6";4285;9588;0.0849418646063368;4.00004342727686;3.15494538726261;"0.682257025229192";"4.00004342727686";"3.15494538726261"
"spinal_cord_human_pcw8_107B1";"IBD";"all_genes";"cluster_0";2778;4945;0.0099871076518751;0.712913806557752;0;"0.0726014815871496";"2.74477092217356";"1.8996728821593"
"spinal_cord_human_pcw8_107B1";"IBD";"all_genes";"cluster_1";3052;5612;0.00790414342299592;0.615510811782614;0;"0.099574391307799";"3.69901343161288";"2.85391539159862"
"spinal_cord_human_pcw8_107B1";"IBD";"all_genes";"cluster_2";2718.5;4351;0.0120193619934701;0.835393211342566;0;"0.0385875825705586";"1.61622806129643";"0.771130021282175"
"spinal_cord_human_pcw8_107B1";"IBD";"all_genes";"cluster_3";4755;10795;0.0157579100795711;1.05753932110878;0.212441281094525;"0.0592627518224232";"2.50868173344259";"1.66358369342833"
"spinal_cord_human_pcw8_107B1";"IBD";"all_genes";"cluster_4";4315.5;9385.5;0.0194842702582598;1.33352544672198;0.488427406707725;"0.0355141612104958";"1.42601215954914";"0.580914119534887"
"spinal_cord_human_pcw8_107B1";"IBD";"all_genes";"cluster_5";3667;7526;0.0129468823177792;0.854847021162681;0.00974898114842394;"0.0585417984694591";"2.33728559559529";"1.49218755558103"
"spinal_cord_human_pcw8_107B1";"IBD";"all_genes";"cluster_6";4285;9588;0.0138965435932022;0.915467149342532;0.0703691093282748;"0.0692248409434726";"2.76959450589859";"1.92449646588433"
"spinal_cord_human_pcw8_107B1";"IKD";"all_genes";"cluster_0";2778;4945;0.00388089558384752;0.428218178236034;0;"0.535621227027355";"4.00004342727686";"3.15494538726261"
"spinal_cord_human_pcw8_107B1";"IKD";"all_genes";"cluster_1";3052;5612;0.00220308699669269;0.380324161665136;0;"0.500474631459645";"4.00004342727686";"3.15494538726261"
"spinal_cord_human_pcw8_107B1";"IKD";"all_genes";"cluster_2";2718.5;4351;-0.020931783058694;0.0258081498338363;0;"0.451227761407543";"4.00004342727686";"3.15494538726261"
"spinal_cord_human_pcw8_107B1";"IKD";"all_genes";"cluster_3";4755;10795;-0.0322691148524684;0.00217670103771794;0;"0.428524448347729";"4.00004342727686";"3.15494538726261"
"spinal_cord_human_pcw8_107B1";"IKD";"all_genes";"cluster_4";4315.5;9385.5;0.00378830918061898;0.430435459730038;0;"0.509934918158415";"4.00004342727686";"3.15494538726261"
"spinal_cord_human_pcw8_107B1";"IKD";"all_genes";"cluster_5";3667;7526;-0.0023759351777848;0.259917690311132;0;"0.561121454929685";"4.00004342727686";"3.15494538726261"
"spinal_cord_human_pcw8_107B1";"IKD";"all_genes";"cluster_6";4285;9588;-0.0348247209100874;0.00117406339451846;0;"0.485845226835872";"4.00004342727686";"3.15494538726261"
"spinal_cord_human_pcw8_107B1";"INS";"all_genes";"cluster_0";2778;4945;0.000505331444425328;0.370837770174559;0;"0.00664655356733168";"0.536449025089862";"0"
"spinal_cord_human_pcw8_107B1";"INS";"all_genes";"cluster_1";3052;5612;0.000404919656356376;0.370837770174559;0;"0.0450318300713765";"1.50035634465846";"0.655258304644202"
"spinal_cord_human_pcw8_107B1";"INS";"all_genes";"cluster_2";2718.5;4351;0.00722012197583105;0.544741655619786;0;"0.010800592932927";"0.630456536540518";"0"
"spinal_cord_human_pcw8_107B1";"INS";"all_genes";"cluster_3";4755;10795;0.00375694789081843;0.444344532557961;0;"0.0452298223800981";"1.51574358793008";"0.67064554791582"
"spinal_cord_human_pcw8_107B1";"INS";"all_genes";"cluster_4";4315.5;9385.5;-0.0117768547175402;0.14018490679587;0;"-0.0449929232274359";"0.00859582927305984";"0"
"spinal_cord_human_pcw8_107B1";"INS";"all_genes";"cluster_5";3667;7526;0.00164335743206777;0.38388311442928;0;"-0.0312972779664277";"0.0294641215620118";"0"
"spinal_cord_human_pcw8_107B1";"INS";"all_genes";"cluster_6";4285;9588;-0.00629582091326139;0.224287389432765;0;"0.0369752412559884";"1.22189217689322";"0.376794136878962"
"spinal_cord_human_pcw8_107B1";"LD";"all_genes";"cluster_0";2778;4945;0.00134739827573371;0.352660457162243;0;"0.0982008590679136";"4.00004342727686";"3.15494538726261"
"spinal_cord_human_pcw8_107B1";"LD";"all_genes";"cluster_1";3052;5612;-0.00211029174307188;0.263328293671252;0;"0.123054534826264";"4.00004342727686";"3.15494538726261"
"spinal_cord_human_pcw8_107B1";"LD";"all_genes";"cluster_2";2718.5;4351;-0.0016362216039225;0.271608476302608;0;"0.0812569718105829";"3.69901343161288";"2.85391539159862"
"spinal_cord_human_pcw8_107B1";"LD";"all_genes";"cluster_3";4755;10795;-0.00457405151432594;0.202222115912839;0;"0.0932834455551535";"4.00004342727686";"3.15494538726261"
"spinal_cord_human_pcw8_107B1";"LD";"all_genes";"cluster_4";4315.5;9385.5;0.00794094964365435;0.604717034207512;0;"0.0817613158169483";"4.00004342727686";"3.15494538726261"
"spinal_cord_human_pcw8_107B1";"LD";"all_genes";"cluster_5";3667;7526;0.00102997788235455;0.344904992465481;0;"0.100074869401449";"4.00004342727686";"3.15494538726261"
"spinal_cord_human_pcw8_107B1";"LD";"all_genes";"cluster_6";4285;9588;-0.000992085486300753;0.288573645402535;0;"0.0972147556560965";"4.00004342727686";"3.15494538726261"
"spinal_cord_human_pcw8_107B1";"LDL";"all_genes";"cluster_0";2778;4945;-0.00894371394392751;0.0913975883697493;0;"N/A";"N/A";"N/A"
"spinal_cord_human_pcw8_107B1";"LDL";"all_genes";"cluster_1";3052;5612;-0.0164080002884043;0.0216802801929797;0;"N/A";"N/A";"N/A"
"spinal_cord_human_pcw8_107B1";"LDL";"all_genes";"cluster_2";2718.5;4351;-0.00690772718885407;0.123133115932235;0;"N/A";"N/A";"N/A"
"spinal_cord_human_pcw8_107B1";"LDL";"all_genes";"cluster_3";4755;10795;-0.0178003911331991;0.0143475675870206;0;"N/A";"N/A";"N/A"
"spinal_cord_human_pcw8_107B1";"LDL";"all_genes";"cluster_4";4315.5;9385.5;-0.00884939041849742;0.0858589938536164;0;"N/A";"N/A";"N/A"
"spinal_cord_human_pcw8_107B1";"LDL";"all_genes";"cluster_5";3667;7526;-0.00832802946799055;0.1025812892638;0;"N/A";"N/A";"N/A"
"spinal_cord_human_pcw8_107B1";"LDL";"all_genes";"cluster_6";4285;9588;-0.0126820242815904;0.0459939805132681;0;"N/A";"N/A";"N/A"
"spinal_cord_human_pcw8_107B1";"LID";"all_genes";"cluster_0";2778;4945;0.0250585509387989;1.76959450589859;0.924496465884332;"0.106979827021816";"4.00004342727686";"3.15494538726261"
"spinal_cord_human_pcw8_107B1";"LID";"all_genes";"cluster_1";3052;5612;0.0227859661481454;1.58842372131363;0.743325681299376;"0.131283721444108";"4.00004342727686";"3.15494538726261"
"spinal_cord_human_pcw8_107B1";"LID";"all_genes";"cluster_2";2718.5;4351;0.0185906340225272;1.31162360527415;0.466525565259895;"0.082840462989102";"3.69901343161288";"2.85391539159862"
"spinal_cord_human_pcw8_107B1";"LID";"all_genes";"cluster_3";4755;10795;0.0199396298515378;1.41571220290933;0.570614162895075;"0.097690866237708";"4.00004342727686";"3.15494538726261"
"spinal_cord_human_pcw8_107B1";"LID";"all_genes";"cluster_4";4315.5;9385.5;0.0267025945108871;2.00440823267931;1.15931019266506;"0.10746959855917";"4.00004342727686";"3.15494538726261"
"spinal_cord_human_pcw8_107B1";"LID";"all_genes";"cluster_5";3667;7526;0.0255103438810406;1.8125227064404;0.967424666426143;"0.107750749425262";"4.00004342727686";"3.15494538726261"
"spinal_cord_human_pcw8_107B1";"LID";"all_genes";"cluster_6";4285;9588;0.0199493479893314;1.35560483780902;0.510506797794767;"0.101458375324034";"4.00004342727686";"3.15494538726261"
"spinal_cord_human_pcw8_107B1";"LUD";"all_genes";"cluster_0";2778;4945;-0.00377420511480753;0.229117812637864;0;"0.0910438958196569";"4.00004342727686";"3.15494538726261"
"spinal_cord_human_pcw8_107B1";"LUD";"all_genes";"cluster_1";3052;5612;-0.00473575845328088;0.206811980220342;0;"0.110376646804335";"4.00004342727686";"3.15494538726261"
"spinal_cord_human_pcw8_107B1";"LUD";"all_genes";"cluster_2";2718.5;4351;-0.00244086107100269;0.253487065866494;0;"0.0740764149502814";"4.00004342727686";"3.15494538726261"
"spinal_cord_human_pcw8_107B1";"LUD";"all_genes";"cluster_3";4755;10795;-0.00350931753241501;0.228529437297196;0;"0.0817737145886613";"4.00004342727686";"3.15494538726261"
"spinal_cord_human_pcw8_107B1";"LUD";"all_genes";"cluster_4";4315.5;9385.5;0.00643092404876414;0.522632739369611;0;"0.0957072894258737";"4.00004342727686";"3.15494538726261"
"spinal_cord_human_pcw8_107B1";"LUD";"all_genes";"cluster_5";3667;7526;0.00276843632093755;0.389489721959768;0;"0.099093824975744";"4.00004342727686";"3.15494538726261"
"spinal_cord_human_pcw8_107B1";"LUD";"all_genes";"cluster_6";4285;9588;-0.00701761005459445;0.164860357427819;0;"0.0834562091722877";"4.00004342727686";"3.15494538726261"
"spinal_cord_human_pcw8_107B1";"MDD";"all_genes";"cluster_0";2778;4945;0.00563755256283649;0.500081561680672;0;"0.0919780583674003";"3.30107342294084";"2.45597538292659"
"spinal_cord_human_pcw8_107B1";"MDD";"all_genes";"cluster_1";3052;5612;-0.00249201621510464;0.316456109704096;0;"0.139963960662173";"4.00004342727686";"3.15494538726261"
"spinal_cord_human_pcw8_107B1";"MDD";"all_genes";"cluster_2";2718.5;4351;0.00435054091474898;0.464622709220689;0;"0.0509091290412729";"2.07062450156257";"1.22552646154831"
"spinal_cord_human_pcw8_107B1";"MDD";"all_genes";"cluster_3";4755;10795;0.0185172231874035;0.874887597696333;0.0297895576820756;"0.0930921939199917";"3.30107342294084";"2.45597538292659"
"spinal_cord_human_pcw8_107B1";"MDD";"all_genes";"cluster_4";4315.5;9385.5;-0.0162985436658827;0.0948954254208466;0;"0.0518408377839948";"1.97885412820692";"1.13375608819267"
"spinal_cord_human_pcw8_107B1";"MDD";"all_genes";"cluster_5";3667;7526;-0.00397760877700498;0.269180435230369;0;"0.0676012093972779";"2.63831559125927";"1.79321755124501"
"spinal_cord_human_pcw8_107B1";"MDD";"all_genes";"cluster_6";4285;9588;0.0125136023209192;0.677824132542943;0;"0.102341595447005";"3.3979834359489";"2.55288539593464"
"spinal_cord_human_pcw8_107B1";"MI";"all_genes";"cluster_0";2778;4945;-0.0017608956222443;0.307901817910079;0;"0.0672936373015032";"2.16753451457063";"1.32243647455637"
"spinal_cord_human_pcw8_107B1";"MI";"all_genes";"cluster_1";3052;5612;-0.00279262951116302;0.290434306204214;0;"0.123391868220604";"3.69901343161288";"2.85391539159862"
"spinal_cord_human_pcw8_107B1";"MI";"all_genes";"cluster_2";2718.5;4351;-0.00326011564957875;0.273153286535041;0;"0.0598759701206897";"2.13081170754589";"1.28571366753163"
"spinal_cord_human_pcw8_107B1";"MI";"all_genes";"cluster_3";4755;10795;0.00598104465955313;0.492322450591249;0;"0.115891083752594";"3.5229221725572";"2.67782413254294"
"spinal_cord_human_pcw8_107B1";"MI";"all_genes";"cluster_4";4315.5;9385.5;0.019866184528248;0.91618262641029;0.0710845863960329;"0.0500932379998598";"1.5497943189575";"0.704696278943245"
"spinal_cord_human_pcw8_107B1";"MI";"all_genes";"cluster_5";3667;7526;0.00569892391279489;0.474609873848043;0;"0.0565605967199225";"1.76704731688471";"0.921949276870452"
"spinal_cord_human_pcw8_107B1";"MI";"all_genes";"cluster_6";4285;9588;0.00045641771972843;0.35817288180055;0;"0.10412515708649";"3.22189217689322";"2.37679413687896"
"spinal_cord_human_pcw8_107B1";"NAFLD";"all_genes";"cluster_0";2778;4945;-0.0203283218253098;0.0475900308538295;0;"0.104861045959754";"3.3979834359489";"2.55288539593464"
"spinal_cord_human_pcw8_107B1";"NAFLD";"all_genes";"cluster_1";3052;5612;-0.0216672590204738;0.0421010918314581;0;"0.147397348889601";"3.69901343161288";"2.85391539159862"
"spinal_cord_human_pcw8_107B1";"NAFLD";"all_genes";"cluster_2";2718.5;4351;-0.0233660776215472;0.0247035426714043;0;"0.0525044853984926";"2.09695344028492";"1.25185540027066"
"spinal_cord_human_pcw8_107B1";"NAFLD";"all_genes";"cluster_3";4755;10795;-0.0167638219365808;0.0730839388965869;0;"0.0771572514825504";"3.04580091783754";"2.20070287782328"
"spinal_cord_human_pcw8_107B1";"NAFLD";"all_genes";"cluster_4";4315.5;9385.5;-0.0146222053074463;0.117291271663783;0;"0.075937550272079";"2.79592344462094";"1.95082540460668"
"spinal_cord_human_pcw8_107B1";"NAFLD";"all_genes";"cluster_5";3667;7526;-0.0265622590934963;0.0236475906649829;0;"0.0916100838807035";"3.30107342294084";"2.45597538292659"
"spinal_cord_human_pcw8_107B1";"NAFLD";"all_genes";"cluster_6";4285;9588;-0.0150172643631357;0.102636287615282;0;"0.0987217087497874";"3.5229221725572";"2.67782413254294"
"spinal_cord_human_pcw8_107B1";"PAR";"all_genes";"cluster_0";2778;4945;0.0670665336143438;3.22189217689322;2.37679413687896;"-0.024010645912542";"0.026776991168334";"0"
"spinal_cord_human_pcw8_107B1";"PAR";"all_genes";"cluster_1";3052;5612;0.0817765259398289;3.69901343161288;2.85391539159862;"0.0173400736988959";"0.831840680434232";"0"
"spinal_cord_human_pcw8_107B1";"PAR";"all_genes";"cluster_2";2718.5;4351;0.0423915321669781;2.04580091783754;1.20070287782328;"-0.00962886040110973";"0.16887779336742";"0"
"spinal_cord_human_pcw8_107B1";"PAR";"all_genes";"cluster_3";4755;10795;0.0499128005225459;2.49489344895696;1.6497954089427;"0.0336280930755066";"1.37063382817414";"0.525535788159887"
"spinal_cord_human_pcw8_107B1";"PAR";"all_genes";"cluster_4";4315.5;9385.5;0.0522974422487023;2.56867966311788;1.72358162310362;"-0.0516272579627662";"0.00026062882272692";"0"
"spinal_cord_human_pcw8_107B1";"PAR";"all_genes";"cluster_5";3667;7526;0.0521787873158849;2.36657497169728;1.52147693168302;"-0.0513803863570076";"4.34272768626769e-05";"0"
"spinal_cord_human_pcw8_107B1";"PAR";"all_genes";"cluster_6";4285;9588;0.0547652543423187;2.60210341860483;1.75700537859057;"0.0198637012793675";"0.886434276203835";"0.0413362361895779"
"spinal_cord_human_pcw8_107B1";"SCZ";"all_genes";"cluster_0";2778;4945;0.00883719967249819;0.724271527111931;0;"0.144935189216921";"4.00004342727686";"3.15494538726261"
"spinal_cord_human_pcw8_107B1";"SCZ";"all_genes";"cluster_1";3052;5612;0.00542376062420311;0.540801762398781;0;"0.197526844305796";"4.00004342727686";"3.15494538726261"
"spinal_cord_human_pcw8_107B1";"SCZ";"all_genes";"cluster_2";2718.5;4351;0.0112545479885698;0.90872826757964;0.063630227565383;"0.114044966771497";"4.00004342727686";"3.15494538726261"
"spinal_cord_human_pcw8_107B1";"SCZ";"all_genes";"cluster_3";4755;10795;0.00881966264552342;0.739495054639883;0;"0.155343863196538";"4.00004342727686";"3.15494538726261"
"spinal_cord_human_pcw8_107B1";"SCZ";"all_genes";"cluster_4";4315.5;9385.5;-0.000857811381939549;0.279388070725138;0;"0.120478953749365";"4.00004342727686";"3.15494538726261"
"spinal_cord_human_pcw8_107B1";"SCZ";"all_genes";"cluster_5";3667;7526;0.00979810915779272;0.770617579356168;0;"0.126206689583109";"4.00004342727686";"3.15494538726261"
"spinal_cord_human_pcw8_107B1";"SCZ";"all_genes";"cluster_6";4285;9588;0.00802320554587632;0.679066749934039;0;"0.172750392433038";"4.00004342727686";"3.15494538726261"
"spinal_cord_human_pcw8_107B1";"T1D";"all_genes";"cluster_0";2778;4945;0.0128354619501386;0.705797711138744;0;"0.117067159346842";"3.69901343161288";"2.85391539159862"
"spinal_cord_human_pcw8_107B1";"T1D";"all_genes";"cluster_1";3052;5612;0.00127477903971782;0.367687381037789;0;"0.137184651842097";"3.69901343161288";"2.85391539159862"
"spinal_cord_human_pcw8_107B1";"T1D";"all_genes";"cluster_2";2718.5;4351;0.00801704964554972;0.558977020637599;0;"0.0386106068982999";"1.50173287348726";"0.656634833473005"
"spinal_cord_human_pcw8_107B1";"T1D";"all_genes";"cluster_3";4755;10795;-0.00194258244528878;0.287899013061977;0;"0.0532152673183546";"1.94696498379344";"1.10186694377919"
"spinal_cord_human_pcw8_107B1";"T1D";"all_genes";"cluster_4";4315.5;9385.5;0.0102170432235155;0.618747804273037;0;"0.0805226970920124";"2.67782413254294";"1.83272609252869"
"spinal_cord_human_pcw8_107B1";"T1D";"all_genes";"cluster_5";3667;7526;0.0126490613331157;0.681562702102345;0;"0.0940594704826684";"3.22189217689322";"2.37679413687896"
"spinal_cord_human_pcw8_107B1";"T1D";"all_genes";"cluster_6";4285;9588;0.00199947973500844;0.380428421534056;0;"0.0754184451509532";"2.5229221725572";"1.67782413254294"
"spinal_cord_human_pcw8_107B1";"T2D";"all_genes";"cluster_0";2778;4945;-0.00601040642964901;0.118202458951935;0;"0.0660136949305208";"2.53764542937791";"1.69254738936365"
"spinal_cord_human_pcw8_107B1";"T2D";"all_genes";"cluster_1";3052;5612;-0.00847326654908605;0.0708800440717983;0;"0.10216324083742";"3.69901343161288";"2.85391539159862"
"spinal_cord_human_pcw8_107B1";"T2D";"all_genes";"cluster_2";2718.5;4351;-0.00469038771404208;0.145191064859029;0;"0.0570653890102435";"2.34683091350152";"1.50173287348726"
"spinal_cord_human_pcw8_107B1";"T2D";"all_genes";"cluster_3";4755;10795;-0.00640648776673397;0.104068694917798;0;"0.0797582780631597";"3.00004342727686";"2.15494538726261"
"spinal_cord_human_pcw8_107B1";"T2D";"all_genes";"cluster_4";4315.5;9385.5;-0.00575149157251809;0.11507822907613;0;"0.0580469105580276";"2.11922983499607";"1.27413179498181"
"spinal_cord_human_pcw8_107B1";"T2D";"all_genes";"cluster_5";3667;7526;-0.00365429502661398;0.175397012558511;0;"0.0494831560304624";"1.84168093518161";"0.996582895167356"
"spinal_cord_human_pcw8_107B1";"T2D";"all_genes";"cluster_6";4285;9588;-0.00711281616152348;0.0932775377361349;0;"0.07965684982821";"2.88610007497003";"2.04100203495577"
"spinal_cord_human_pcw8_107B1";"UC";"all_genes";"cluster_0";2778;4945;0.0134718269943752;0.760994334136671;0;"0.125523629530438";"3.69901343161288";"2.85391539159862"
"spinal_cord_human_pcw8_107B1";"UC";"all_genes";"cluster_1";3052;5612;0.0115488575637993;0.685544199303711;0;"0.159637462788095";"4.00004342727686";"3.15494538726261"
"spinal_cord_human_pcw8_107B1";"UC";"all_genes";"cluster_2";2718.5;4351;0.0142813978938677;0.813652211581369;0;"0.0648420749211571";"2.61983218556526";"1.774734145551"
"spinal_cord_human_pcw8_107B1";"UC";"all_genes";"cluster_3";4755;10795;0.0202772625292834;1.08995288168279;0.244854841668538;"0.0900406421814457";"3.30107342294084";"2.45597538292659"
"spinal_cord_human_pcw8_107B1";"UC";"all_genes";"cluster_4";4315.5;9385.5;0.0157723706966062;0.872614649425264;0.0275166094110069;"0.0996832716026833";"3.5229221725572";"2.67782413254294"
"spinal_cord_human_pcw8_107B1";"UC";"all_genes";"cluster_5";3667;7526;0.0113382992466662;0.66238453625072;0;"0.110216746142097";"3.5229221725572";"2.67782413254294"
"spinal_cord_human_pcw8_107B1";"UC";"all_genes";"cluster_6";4285;9588;0.0203060441572586;1.05457484214504;0.209476802130786;"0.11044928003135";"3.69901343161288";"2.85391539159862"
"brain_mouse_10X";"CAD";"top80_genes";"cluster_0";6595.5;38043.5;-0.0498259094360726;0.014168069968469;0;"N/A";"N/A";"N/A"
"brain_mouse_10X";"CAD";"top80_genes";"cluster_1";5165.5;23182;0.0560308728670997;1.33165751058686;0.0529039096340335;"N/A";"N/A";"N/A"
"brain_mouse_10X";"CAD";"top80_genes";"cluster_2";4805;21052.5;-0.012212983267649;0.215711479254714;0;"N/A";"N/A";"N/A"
"brain_mouse_10X";"CAD";"top80_genes";"cluster_3";5370;23638;0.0547254548621134;1.1952227485557;0;"N/A";"N/A";"N/A"
"brain_mouse_10X";"CAD";"top80_genes";"cluster_4";5534;25287;-2.66648781266365e-05;0.3411738350749;0;"N/A";"N/A";"N/A"
"brain_mouse_10X";"CAD";"top80_genes";"cluster_5";6340;32458;0.0074032305894558;0.465509671271747;0;"N/A";"N/A";"N/A"
"brain_mouse_10X";"CAD";"top80_genes";"cluster_6";4012;15712;0.0451734929335248;1.12730459980419;0;"N/A";"N/A";"N/A"
"brain_mouse_10X";"CAD";"top80_genes";"cluster_7";6226;30340;0.0489541107938606;1.15805862268675;0;"N/A";"N/A";"N/A"
"brain_mouse_10X";"CAD";"top80_genes";"cluster_8";6803;36674;0.00212229272289455;0.371348044562839;0;"N/A";"N/A";"N/A"
"brain_mouse_10X";"CAD";"top80_genes";"cluster_9";6377.5;31876;0.00064910234522797;0.347120539708921;0;"N/A";"N/A";"N/A"
"brain_mouse_10X";"CAD";"top80_genes";"cluster_10";6103;31806;0.0114135166174991;0.49110990122683;0;"N/A";"N/A";"N/A"
"brain_mouse_10X";"CAD";"top80_genes";"cluster_11";6988;41195;0.0180150043837231;0.61533168433858;0;"N/A";"N/A";"N/A"
"brain_mouse_10X";"CAD";"top80_genes";"cluster_12";7771;56006;-0.0396267560740376;0.0472025706011611;0;"N/A";"N/A";"N/A"
"brain_mouse_10X";"CAD";"top80_genes";"cluster_13";6581.5;35309.5;0.0208285570215613;0.63793810798309;0;"N/A";"N/A";"N/A"
"brain_mouse_10X";"CAD";"top80_genes";"cluster_14";5770;26893;0.108769353281477;2.27576755767607;0.997013956723245;"N/A";"N/A";"N/A"
"brain_mouse_10X";"CAD";"top80_genes";"cluster_15";8086;60122;-0.0368076562649294;0.0698587749782428;0;"N/A";"N/A";"N/A"
"brain_mouse_10X";"CAD";"top80_genes";"cluster_16";8319;66466;-0.0557097041196358;0.0363972407920193;0;"N/A";"N/A";"N/A"
"brain_mouse_10X";"CAD";"top80_genes";"cluster_17";7644.5;50543;0.00482414079157609;0.356393389059533;0;"N/A";"N/A";"N/A"
"brain_mouse_10X";"CAD";"top80_genes";"cluster_18";9295.5;79652.5;0.00139388710635852;0.333993688796347;0;"N/A";"N/A";"N/A"
"brain_mouse_10X";"CHD";"top80_genes";"cluster_0";6595.5;38043.5;-0.0105303257265972;0.218359842769512;0;"N/A";"N/A";"N/A"
"brain_mouse_10X";"CHD";"top80_genes";"cluster_1";5165.5;23182;0.034771525633725;0.953938640030824;0;"N/A";"N/A";"N/A"
"brain_mouse_10X";"CHD";"top80_genes";"cluster_2";4805;21052.5;0.00411881282221949;0.374833901894982;0;"N/A";"N/A";"N/A"
"brain_mouse_10X";"CHD";"top80_genes";"cluster_3";5370;23638;0.0525365356851394;1.15494538726261;0;"N/A";"N/A";"N/A"
"brain_mouse_10X";"CHD";"top80_genes";"cluster_4";5534;25287;0.00438561053815711;0.403666283279264;0;"N/A";"N/A";"N/A"
"brain_mouse_10X";"CHD";"top80_genes";"cluster_5";6340;32458;0.0047342016269597;0.424278446740143;0;"N/A";"N/A";"N/A"
"brain_mouse_10X";"CHD";"top80_genes";"cluster_6";4012;15712;0.0253698686922766;0.773701340113232;0;"N/A";"N/A";"N/A"
"brain_mouse_10X";"CHD";"top80_genes";"cluster_7";6226;30340;0.0358110774491214;0.931857565530701;0;"N/A";"N/A";"N/A"
"brain_mouse_10X";"CHD";"top80_genes";"cluster_8";6803;36674;0.00557939194678553;0.420145557673759;0;"N/A";"N/A";"N/A"
"brain_mouse_10X";"CHD";"top80_genes";"cluster_9";6377.5;31876;0.0171570439895769;0.593503246842908;0;"N/A";"N/A";"N/A"
"brain_mouse_10X";"CHD";"top80_genes";"cluster_10";6103;31806;0.0115123341058871;0.492187555581032;0;"N/A";"N/A";"N/A"
"brain_mouse_10X";"CHD";"top80_genes";"cluster_11";6988;41195;0.0459823841936678;1.11922983499607;0;"N/A";"N/A";"N/A"
"brain_mouse_10X";"CHD";"top80_genes";"cluster_12";7771;56006;0.018719692194447;0.577289485975514;0;"N/A";"N/A";"N/A"
"brain_mouse_10X";"CHD";"top80_genes";"cluster_13";6581.5;35309.5;0.0604027777630672;1.31251446606223;0.0337608651093994;"N/A";"N/A";"N/A"
"brain_mouse_10X";"CHD";"top80_genes";"cluster_14";5770;26893;0.0483666077166437;1.10241633598642;0;"N/A";"N/A";"N/A"
"brain_mouse_10X";"CHD";"top80_genes";"cluster_15";8086;60122;0.0552713053105281;1.12324845107616;0;"N/A";"N/A";"N/A"
"brain_mouse_10X";"CHD";"top80_genes";"cluster_16";8319;66466;0.0231199122868373;0.576142508748446;0;"N/A";"N/A";"N/A"
"brain_mouse_10X";"CHD";"top80_genes";"cluster_17";7644.5;50543;0.11409193216782;1.82395216822118;0.545198567268352;"N/A";"N/A";"N/A"
"brain_mouse_10X";"CHD";"top80_genes";"cluster_18";9295.5;79652.5;0.0444201798661224;0.859535384238683;0;"N/A";"N/A";"N/A"
"brain_mouse_10X";"CHOL";"top80_genes";"cluster_0";6595.5;38043.5;-0.0372516969724709;0.0446443406375956;0;"N/A";"N/A";"N/A"
"brain_mouse_10X";"CHOL";"top80_genes";"cluster_1";5165.5;23182;-0.00395520305252001;0.301594889261534;0;"N/A";"N/A";"N/A"
"brain_mouse_10X";"CHOL";"top80_genes";"cluster_2";4805;21052.5;0.019940272388708;0.568679663117875;0;"N/A";"N/A";"N/A"
"brain_mouse_10X";"CHOL";"top80_genes";"cluster_3";5370;23638;0.0599791964890061;1.28992606216505;0.0111724612122174;"N/A";"N/A";"N/A"
"brain_mouse_10X";"CHOL";"top80_genes";"cluster_4";5534;25287;0.00692909406828079;0.440495871696428;0;"N/A";"N/A";"N/A"
"brain_mouse_10X";"CHOL";"top80_genes";"cluster_5";6340;32458;-0.0254975438506441;0.0851716097368123;0;"N/A";"N/A";"N/A"
"brain_mouse_10X";"CHOL";"top80_genes";"cluster_6";4012;15712;0.0105760466820387;0.528311775796812;0;"N/A";"N/A";"N/A"
"brain_mouse_10X";"CHOL";"top80_genes";"cluster_7";6226;30340;-0.0192807659140642;0.139346153224824;0;"N/A";"N/A";"N/A"
"brain_mouse_10X";"CHOL";"top80_genes";"cluster_8";6803;36674;-0.0336282785954395;0.0503119749611556;0;"N/A";"N/A";"N/A"
"brain_mouse_10X";"CHOL";"top80_genes";"cluster_9";6377.5;31876;-0.0263724911495905;0.0917729277811388;0;"N/A";"N/A";"N/A"
"brain_mouse_10X";"CHOL";"top80_genes";"cluster_10";6103;31806;0.0121180893311018;0.502146684363642;0;"N/A";"N/A";"N/A"
"brain_mouse_10X";"CHOL";"top80_genes";"cluster_11";6988;41195;-0.0367009060335081;0.0422446523468648;0;"N/A";"N/A";"N/A"
"brain_mouse_10X";"CHOL";"top80_genes";"cluster_12";7771;56006;-0.0520328448667662;0.0180889828068891;0;"N/A";"N/A";"N/A"
"brain_mouse_10X";"CHOL";"top80_genes";"cluster_13";6581.5;35309.5;-0.0276985950222784;0.0842216396564639;0;"N/A";"N/A";"N/A"
"brain_mouse_10X";"CHOL";"top80_genes";"cluster_14";5770;26893;0.0894356234452741;1.9318575655307;0.653103964577872;"N/A";"N/A";"N/A"
"brain_mouse_10X";"CHOL";"top80_genes";"cluster_15";8086;60122;-0.00350384641628854;0.293581689645508;0;"N/A";"N/A";"N/A"
"brain_mouse_10X";"CHOL";"top80_genes";"cluster_16";8319;66466;-0.0462806784806965;0.0576384864207559;0;"N/A";"N/A";"N/A"
"brain_mouse_10X";"CHOL";"top80_genes";"cluster_17";7644.5;50543;0.0235380432948488;0.530810684770251;0;"N/A";"N/A";"N/A"
"brain_mouse_10X";"CHOL";"top80_genes";"cluster_18";9295.5;79652.5;-0.0514606189155565;0.0416706947982554;0;"N/A";"N/A";"N/A"
"brain_mouse_10X";"CKD";"top120_genes";"cluster_0";6595.5;38043.5;0.0367627332863346;0.950437814681889;0;"N/A";"N/A";"N/A"
"brain_mouse_10X";"CKD";"top120_genes";"cluster_1";5165.5;23182;0.0656982027216871;1.61265360093813;0.333899999985304;"N/A";"N/A";"N/A"
"brain_mouse_10X";"CKD";"top120_genes";"cluster_2";4805;21052.5;0.0747879711045863;1.60559174645065;0.326838145497817;"N/A";"N/A";"N/A"
"brain_mouse_10X";"CKD";"top120_genes";"cluster_3";5370;23638;0.0578464184846995;1.32794556934115;0.0491919683883163;"N/A";"N/A";"N/A"
"brain_mouse_10X";"CKD";"top120_genes";"cluster_4";5534;25287;0.0621454716796944;1.49084090494576;0.212087303992931;"N/A";"N/A";"N/A"
"brain_mouse_10X";"CKD";"top120_genes";"cluster_5";6340;32458;0.0384566503585113;1.01014886355809;0;"N/A";"N/A";"N/A"
"brain_mouse_10X";"CKD";"top120_genes";"cluster_6";4012;15712;0.0698528769458969;1.67370756634811;0.394953965395282;"N/A";"N/A";"N/A"
"brain_mouse_10X";"CKD";"top120_genes";"cluster_7";6226;30340;0.0491012676375654;1.22334224328845;0;"N/A";"N/A";"N/A"
"brain_mouse_10X";"CKD";"top120_genes";"cluster_8";6803;36674;0.0317400284182805;0.863322860120456;0;"N/A";"N/A";"N/A"
"brain_mouse_10X";"CKD";"top120_genes";"cluster_9";6377.5;31876;0.0453259937349763;1.11980165138138;0;"N/A";"N/A";"N/A"
"brain_mouse_10X";"CKD";"top120_genes";"cluster_10";6103;31806;0.0482328474132291;1.16498732555675;0;"N/A";"N/A";"N/A"
"brain_mouse_10X";"CKD";"top120_genes";"cluster_11";6988;41195;0.041215175372327;1.06605026344562;0;"N/A";"N/A";"N/A"
"brain_mouse_10X";"CKD";"top120_genes";"cluster_12";7771;56006;0.0220781567161641;0.655062013349605;0;"N/A";"N/A";"N/A"
"brain_mouse_10X";"CKD";"top120_genes";"cluster_13";6581.5;35309.5;0.0671959025192975;1.56707413640246;0.288320535449628;"N/A";"N/A";"N/A"
"brain_mouse_10X";"CKD";"top120_genes";"cluster_14";5770;26893;0.12584984936156;3.09695344028492;1.81819983933209;"N/A";"N/A";"N/A"
"brain_mouse_10X";"CKD";"top120_genes";"cluster_15";8086;60122;0.045403931991028;1.01551611393307;0;"N/A";"N/A";"N/A"
"brain_mouse_10X";"CKD";"top120_genes";"cluster_16";8319;66466;0.0366976659578354;0.810833937694557;0;"N/A";"N/A";"N/A"
"brain_mouse_10X";"CKD";"top120_genes";"cluster_17";7644.5;50543;0.136440520208459;2.79592344462094;1.51716984366811;"N/A";"N/A";"N/A"
"brain_mouse_10X";"CKD";"top120_genes";"cluster_18";9295.5;79652.5;0.0524101061353594;1.08044240349275;0;"N/A";"N/A";"N/A"
"brain_mouse_10X";"COPD";"top80_genes";"cluster_0";6595.5;38043.5;-0.0165788374881037;0.16239186943047;0;"N/A";"N/A";"N/A"
"brain_mouse_10X";"COPD";"top80_genes";"cluster_1";5165.5;23182;-0.0236940495159579;0.0990758033577384;0;"N/A";"N/A";"N/A"
"brain_mouse_10X";"COPD";"top80_genes";"cluster_2";4805;21052.5;0.0239624817831786;0.620013179309032;0;"N/A";"N/A";"N/A"
"brain_mouse_10X";"COPD";"top80_genes";"cluster_3";5370;23638;0.0448654191724953;1.00660719677925;0;"N/A";"N/A";"N/A"
"brain_mouse_10X";"COPD";"top80_genes";"cluster_4";5534;25287;-0.00262317180374794;0.308254902874164;0;"N/A";"N/A";"N/A"
"brain_mouse_10X";"COPD";"top80_genes";"cluster_5";6340;32458;-0.0375670174576732;0.0348417262509506;0;"N/A";"N/A";"N/A"
"brain_mouse_10X";"COPD";"top80_genes";"cluster_6";4012;15712;-0.00491902634377078;0.296322267349843;0;"N/A";"N/A";"N/A"
"brain_mouse_10X";"COPD";"top80_genes";"cluster_7";6226;30340;-0.0319981108937334;0.0603744437545361;0;"N/A";"N/A";"N/A"
"brain_mouse_10X";"COPD";"top80_genes";"cluster_8";6803;36674;-0.0232263971729102;0.104565631001148;0;"N/A";"N/A";"N/A"
"brain_mouse_10X";"COPD";"top80_genes";"cluster_9";6377.5;31876;-0.0321578128079958;0.0635799532721158;0;"N/A";"N/A";"N/A"
"brain_mouse_10X";"COPD";"top80_genes";"cluster_10";6103;31806;-0.00108840337494143;0.326838145497817;0;"N/A";"N/A";"N/A"
"brain_mouse_10X";"COPD";"top80_genes";"cluster_11";6988;41195;-0.0388217446961427;0.0355009611977259;0;"N/A";"N/A";"N/A"
"brain_mouse_10X";"COPD";"top80_genes";"cluster_12";7771;56006;-0.0294993465508658;0.0898460573108616;0;"N/A";"N/A";"N/A"
"brain_mouse_10X";"COPD";"top80_genes";"cluster_13";6581.5;35309.5;-0.00697033206121689;0.253020249825235;0;"N/A";"N/A";"N/A"
"brain_mouse_10X";"COPD";"top80_genes";"cluster_14";5770;26893;0.0406825925965623;0.961820788908144;0;"N/A";"N/A";"N/A"
"brain_mouse_10X";"COPD";"top80_genes";"cluster_15";8086;60122;-0.0466069448294061;0.0392873363750899;0;"N/A";"N/A";"N/A"
"brain_mouse_10X";"COPD";"top80_genes";"cluster_16";8319;66466;-0.0893536839050282;0.00423279560081989;0;"N/A";"N/A";"N/A"
"brain_mouse_10X";"COPD";"top80_genes";"cluster_17";7644.5;50543;0.0623296808357801;0.988472983679584;0;"N/A";"N/A";"N/A"
"brain_mouse_10X";"COPD";"top80_genes";"cluster_18";9295.5;79652.5;-0.03313531135683;0.101812042763766;0;"N/A";"N/A";"N/A"
"brain_mouse_10X";"IKD";"top50_genes";"cluster_0";6595.5;38043.5;-0.00834331928519494;0.258183033211599;0;"N/A";"N/A";"N/A"
"brain_mouse_10X";"IKD";"top50_genes";"cluster_1";5165.5;23182;-0.0173378658077587;0.167470652430683;0;"N/A";"N/A";"N/A"
"brain_mouse_10X";"IKD";"top50_genes";"cluster_2";4805;21052.5;0.00257961650465505;0.366574971697276;0;"N/A";"N/A";"N/A"
"brain_mouse_10X";"IKD";"top50_genes";"cluster_3";5370;23638;-0.0157503016533925;0.203191678226976;0;"N/A";"N/A";"N/A"
"brain_mouse_10X";"IKD";"top50_genes";"cluster_4";5534;25287;-0.0145924065052624;0.184864297137444;0;"N/A";"N/A";"N/A"
"brain_mouse_10X";"IKD";"top50_genes";"cluster_5";6340;32458;-0.00231635262140745;0.338609376882943;0;"N/A";"N/A";"N/A"
"brain_mouse_10X";"IKD";"top50_genes";"cluster_6";4012;15712;-0.0106505469047195;0.24272333073019;0;"N/A";"N/A";"N/A"
"brain_mouse_10X";"IKD";"top50_genes";"cluster_7";6226;30340;-0.00834200422317533;0.25716125583959;0;"N/A";"N/A";"N/A"
"brain_mouse_10X";"IKD";"top50_genes";"cluster_8";6803;36674;-0.00875893762318439;0.252320965241354;0;"N/A";"N/A";"N/A"
"brain_mouse_10X";"IKD";"top50_genes";"cluster_9";6377.5;31876;-0.00690922886067791;0.272664857825374;0;"N/A";"N/A";"N/A"
"brain_mouse_10X";"IKD";"top50_genes";"cluster_10";6103;31806;-0.0103650081701042;0.233928144055449;0;"N/A";"N/A";"N/A"
"brain_mouse_10X";"IKD";"top50_genes";"cluster_11";6988;41195;-0.0196829411957475;0.149764874758826;0;"N/A";"N/A";"N/A"
"brain_mouse_10X";"IKD";"top50_genes";"cluster_12";7771;56006;-0.00674943990566729;0.272176977809373;0;"N/A";"N/A";"N/A"
"brain_mouse_10X";"IKD";"top50_genes";"cluster_13";6581.5;35309.5;-0.0168239023678957;0.176308438878131;0;"N/A";"N/A";"N/A"
"brain_mouse_10X";"IKD";"top50_genes";"cluster_14";5770;26893;0.025560103167528;0.686387080658831;0;"N/A";"N/A";"N/A"
"brain_mouse_10X";"IKD";"top50_genes";"cluster_15";8086;60122;-0.0119616847876982;0.233556221037169;0;"N/A";"N/A";"N/A"
"brain_mouse_10X";"IKD";"top50_genes";"cluster_16";8319;66466;-0.0122333723617156;0.241661485502187;0;"N/A";"N/A";"N/A"
"brain_mouse_10X";"IKD";"top50_genes";"cluster_17";7644.5;50543;0.100514244771133;1.30281408451715;0.0240604835643162;"N/A";"N/A";"N/A"
"brain_mouse_10X";"IKD";"top50_genes";"cluster_18";9295.5;79652.5;0.011476669231244;0.4175255436728;0;"N/A";"N/A";"N/A"
"brain_mouse_10X";"LD";"top70_genes";"cluster_0";6595.5;38043.5;-0.0477230621078346;0.0204040150539554;0;"N/A";"N/A";"N/A"
"brain_mouse_10X";"LD";"top70_genes";"cluster_1";5165.5;23182;-0.033953531380908;0.0436348560810301;0;"N/A";"N/A";"N/A"
"brain_mouse_10X";"LD";"top70_genes";"cluster_2";4805;21052.5;0.0401336373372302;0.83450235055449;0;"N/A";"N/A";"N/A"
"brain_mouse_10X";"LD";"top70_genes";"cluster_3";5370;23638;-0.00515131725808388;0.281957132493771;0;"N/A";"N/A";"N/A"
"brain_mouse_10X";"LD";"top70_genes";"cluster_4";5534;25287;-0.0246400062499287;0.0984216631835055;0;"N/A";"N/A";"N/A"
"brain_mouse_10X";"LD";"top70_genes";"cluster_5";6340;32458;-0.0437082296859838;0.0202219972466375;0;"N/A";"N/A";"N/A"
"brain_mouse_10X";"LD";"top70_genes";"cluster_6";4012;15712;-0.0299907103625628;0.0629771152594345;0;"N/A";"N/A";"N/A"
"brain_mouse_10X";"LD";"top70_genes";"cluster_7";6226;30340;-0.0553323844714139;0.00828588774251458;0;"N/A";"N/A";"N/A"
"brain_mouse_10X";"LD";"top70_genes";"cluster_8";6803;36674;-0.0296614233738827;0.0712892251002094;0;"N/A";"N/A";"N/A"
"brain_mouse_10X";"LD";"top70_genes";"cluster_9";6377.5;31876;-0.050069049677238;0.0155161139330701;0;"N/A";"N/A";"N/A"
"brain_mouse_10X";"LD";"top70_genes";"cluster_10";6103;31806;-0.0309541198531516;0.0721087455356832;0;"N/A";"N/A";"N/A"
"brain_mouse_10X";"LD";"top70_genes";"cluster_11";6988;41195;-0.0356898292801558;0.0500195207535362;0;"N/A";"N/A";"N/A"
"brain_mouse_10X";"LD";"top70_genes";"cluster_12";7771;56006;-0.0610349842394523;0.0108161535463258;0;"N/A";"N/A";"N/A"
"brain_mouse_10X";"LD";"top70_genes";"cluster_13";6581.5;35309.5;-0.029037954590763;0.0818033370554477;0;"N/A";"N/A";"N/A"
"brain_mouse_10X";"LD";"top70_genes";"cluster_14";5770;26893;-0.0171478137552043;0.164479675607766;0;"N/A";"N/A";"N/A"
"brain_mouse_10X";"LD";"top70_genes";"cluster_15";8086;60122;-0.0607117940391624;0.0198581903295276;0;"N/A";"N/A";"N/A"
"brain_mouse_10X";"LD";"top70_genes";"cluster_16";8319;66466;-0.0595480730499151;0.0326358706793899;0;"N/A";"N/A";"N/A"
"brain_mouse_10X";"LD";"top70_genes";"cluster_17";7644.5;50543;0.097470075620105;1.4425362253712;0.163782624418376;"N/A";"N/A";"N/A"
"brain_mouse_10X";"LD";"top70_genes";"cluster_18";9295.5;79652.5;-0.0643957516146981;0.0226856977315613;0;"N/A";"N/A";"N/A"
"brain_mouse_10X";"LDL";"top100_genes";"cluster_0";6595.5;38043.5;-0.0409663353674524;0.0272853433733234;0;"N/A";"N/A";"N/A"
"brain_mouse_10X";"LDL";"top100_genes";"cluster_1";5165.5;23182;-0.00693222052711176;0.261262868792494;0;"N/A";"N/A";"N/A"
"brain_mouse_10X";"LDL";"top100_genes";"cluster_2";4805;21052.5;-0.0043864817991946;0.283706139387314;0;"N/A";"N/A";"N/A"
"brain_mouse_10X";"LDL";"top100_genes";"cluster_3";5370;23638;0.0361813989285142;0.887103451192783;0;"N/A";"N/A";"N/A"
"brain_mouse_10X";"LDL";"top100_genes";"cluster_4";5534;25287;-0.00261875474776035;0.307196507999633;0;"N/A";"N/A";"N/A"
"brain_mouse_10X";"LDL";"top100_genes";"cluster_5";6340;32458;-0.0171831883821654;0.149826185478473;0;"N/A";"N/A";"N/A"
"brain_mouse_10X";"LDL";"top100_genes";"cluster_6";4012;15712;0.00306800890319314;0.401252920513748;0;"N/A";"N/A";"N/A"
"brain_mouse_10X";"LDL";"top100_genes";"cluster_7";6226;30340;-0.0199529015592557;0.135117235737857;0;"N/A";"N/A";"N/A"
"brain_mouse_10X";"LDL";"top100_genes";"cluster_8";6803;36674;-0.0334944147813657;0.0490947128774623;0;"N/A";"N/A";"N/A"
"brain_mouse_10X";"LDL";"top100_genes";"cluster_9";6377.5;31876;-0.0188076243018865;0.143798026486808;0;"N/A";"N/A";"N/A"
"brain_mouse_10X";"LDL";"top100_genes";"cluster_10";6103;31806;-0.00102759459910509;0.326745987517227;0;"N/A";"N/A";"N/A"
"brain_mouse_10X";"LDL";"top100_genes";"cluster_11";6988;41195;-0.0331525569006008;0.051141666306649;0;"N/A";"N/A";"N/A"
"brain_mouse_10X";"LDL";"top100_genes";"cluster_12";7771;56006;-0.0589090183625208;0.00726906302150713;0;"N/A";"N/A";"N/A"
"brain_mouse_10X";"LDL";"top100_genes";"cluster_13";6581.5;35309.5;-0.0273775641995624;0.0812793962488636;0;"N/A";"N/A";"N/A"
"brain_mouse_10X";"LDL";"top100_genes";"cluster_14";5770;26893;0.0322344981985005;0.850824314621483;0;"N/A";"N/A";"N/A"
"brain_mouse_10X";"LDL";"top100_genes";"cluster_15";8086;60122;-0.00476524670083761;0.280463569563139;0;"N/A";"N/A";"N/A"
"brain_mouse_10X";"LDL";"top100_genes";"cluster_16";8319;66466;-0.0360031751470806;0.082537917724316;0;"N/A";"N/A";"N/A"
"brain_mouse_10X";"LDL";"top100_genes";"cluster_17";7644.5;50543;0.0378016516475408;0.73806723587905;0;"N/A";"N/A";"N/A"
"brain_mouse_10X";"LDL";"top100_genes";"cluster_18";9295.5;79652.5;-0.0462993973826466;0.0464286855862221;0;"N/A";"N/A";"N/A"
"brain_mouse_10X";"LID";"top170_genes";"cluster_0";6595.5;38043.5;-0.0734019774044715;0.000130294860291272;0;"N/A";"N/A";"N/A"
"brain_mouse_10X";"LID";"top170_genes";"cluster_1";5165.5;23182;-0.0553821901671216;0.00318165878618925;0;"N/A";"N/A";"N/A"
"brain_mouse_10X";"LID";"top170_genes";"cluster_2";4805;21052.5;-0.0282525389799585;0.086229574893146;0;"N/A";"N/A";"N/A"
"brain_mouse_10X";"LID";"top170_genes";"cluster_3";5370;23638;-0.0206466908409876;0.129288482386723;0;"N/A";"N/A";"N/A"
"brain_mouse_10X";"LID";"top170_genes";"cluster_4";5534;25287;-0.0451764466523608;0.014168069968469;0;"N/A";"N/A";"N/A"
"brain_mouse_10X";"LID";"top170_genes";"cluster_5";6340;32458;-0.0708468161288487;0.00021717982245024;0;"N/A";"N/A";"N/A"
"brain_mouse_10X";"LID";"top170_genes";"cluster_6";4012;15712;-0.0420919922097361;0.0184513100627813;0;"N/A";"N/A";"N/A"
"brain_mouse_10X";"LID";"top170_genes";"cluster_7";6226;30340;-0.0617988987860718;0.00191492014859626;0;"N/A";"N/A";"N/A"
"brain_mouse_10X";"LID";"top170_genes";"cluster_8";6803;36674;-0.0737296250398771;0.000173735168594841;0;"N/A";"N/A";"N/A"
"brain_mouse_10X";"LID";"top170_genes";"cluster_9";6377.5;31876;-0.0714926734009589;0.000434468305445637;0;"N/A";"N/A";"N/A"
"brain_mouse_10X";"LID";"top170_genes";"cluster_10";6103;31806;-0.0418512493431336;0.0250714329787937;0;"N/A";"N/A";"N/A"
"brain_mouse_10X";"LID";"top170_genes";"cluster_11";6988;41195;-0.080021277210362;8.68588966701944e-05;0;"N/A";"N/A";"N/A"
"brain_mouse_10X";"LID";"top170_genes";"cluster_12";7771;56006;-0.0916888074358436;0;0;"N/A";"N/A";"N/A"
"brain_mouse_10X";"LID";"top170_genes";"cluster_13";6581.5;35309.5;-0.0675114362138502;0.000608377400532855;0;"N/A";"N/A";"N/A"
"brain_mouse_10X";"LID";"top170_genes";"cluster_14";5770;26893;-0.0117115833781791;0.195631368139149;0;"N/A";"N/A";"N/A"
"brain_mouse_10X";"LID";"top170_genes";"cluster_15";8086;60122;-0.0881637793544406;0.00021717982245024;0;"N/A";"N/A";"N/A"
"brain_mouse_10X";"LID";"top170_genes";"cluster_16";8319;66466;-0.0721488851046229;0.00436436676524049;0;"N/A";"N/A";"N/A"
"brain_mouse_10X";"LID";"top170_genes";"cluster_17";7644.5;50543;-0.0616777140252664;0.0118413270180818;0;"N/A";"N/A";"N/A"
"brain_mouse_10X";"LID";"top170_genes";"cluster_18";9295.5;79652.5;-0.1118350241897;4.34272768626769e-05;0;"N/A";"N/A";"N/A"
"brain_mouse_10X";"LUD";"top170_genes";"cluster_0";6595.5;38043.5;-0.0413166393071945;0.0230518819707121;0;"N/A";"N/A";"N/A"
"brain_mouse_10X";"LUD";"top170_genes";"cluster_1";5165.5;23182;-0.0446331238495852;0.0137196502260973;0;"N/A";"N/A";"N/A"
"brain_mouse_10X";"LUD";"top170_genes";"cluster_2";4805;21052.5;0.0103421417590593;0.463611251454849;0;"N/A";"N/A";"N/A"
"brain_mouse_10X";"LUD";"top170_genes";"cluster_3";5370;23638;0.00984115516137257;0.466652719259311;0;"N/A";"N/A";"N/A"
"brain_mouse_10X";"LUD";"top170_genes";"cluster_4";5534;25287;-0.0244069914874204;0.0923634030344427;0;"N/A";"N/A";"N/A"
"brain_mouse_10X";"LUD";"top170_genes";"cluster_5";6340;32458;-0.0525410510821815;0.00577027830369229;0;"N/A";"N/A";"N/A"
"brain_mouse_10X";"LUD";"top170_genes";"cluster_6";4012;15712;-0.0301384848484053;0.061924158082551;0;"N/A";"N/A";"N/A"
"brain_mouse_10X";"LUD";"top170_genes";"cluster_7";6226;30340;-0.0499053599080271;0.0102822395580845;0;"N/A";"N/A";"N/A"
"brain_mouse_10X";"LUD";"top170_genes";"cluster_8";6803;36674;-0.0431480399824326;0.0209961003288979;0;"N/A";"N/A";"N/A"
"brain_mouse_10X";"LUD";"top170_genes";"cluster_9";6377.5;31876;-0.050164835669932;0.0113953020411115;0;"N/A";"N/A";"N/A"
"brain_mouse_10X";"LUD";"top170_genes";"cluster_10";6103;31806;-0.0292839863636677;0.0713915806231681;0;"N/A";"N/A";"N/A"
"brain_mouse_10X";"LUD";"top170_genes";"cluster_11";6988;41195;-0.0611820373875141;0.00174048717832151;0;"N/A";"N/A";"N/A"
"brain_mouse_10X";"LUD";"top170_genes";"cluster_12";7771;56006;-0.0491268040496766;0.014616953193861;0;"N/A";"N/A";"N/A"
"brain_mouse_10X";"LUD";"top170_genes";"cluster_13";6581.5;35309.5;-0.0401288094434061;0.0271928714296326;0;"N/A";"N/A";"N/A"
"brain_mouse_10X";"LUD";"top170_genes";"cluster_14";5770;26893;0.00244872481106229;0.361853787086026;0;"N/A";"N/A";"N/A"
"brain_mouse_10X";"LUD";"top170_genes";"cluster_15";8086;60122;-0.0673632447294118;0.00335667167669115;0;"N/A";"N/A";"N/A"
"brain_mouse_10X";"LUD";"top170_genes";"cluster_16";8319;66466;-0.068847128082525;0.00638679866140064;0;"N/A";"N/A";"N/A"
"brain_mouse_10X";"LUD";"top170_genes";"cluster_17";7644.5;50543;0.0148602201346346;0.494893448956957;0;"N/A";"N/A";"N/A"
"brain_mouse_10X";"LUD";"top170_genes";"cluster_18";9295.5;79652.5;-0.0531324270959342;0.0194038598331255;0;"N/A";"N/A";"N/A"
"brain_mouse_10X";"MI";"top80_genes";"cluster_0";6595.5;38043.5;-0.0527938956961323;0.0106826135006152;0;"N/A";"N/A";"N/A"
"brain_mouse_10X";"MI";"top80_genes";"cluster_1";5165.5;23182;0.0243301730287583;0.764262556949302;0;"N/A";"N/A";"N/A"
"brain_mouse_10X";"MI";"top80_genes";"cluster_2";4805;21052.5;-0.0128019782847223;0.211309568449155;0;"N/A";"N/A";"N/A"
"brain_mouse_10X";"MI";"top80_genes";"cluster_3";5370;23638;-0.026120907144824;0.106170748481781;0;"N/A";"N/A";"N/A"
"brain_mouse_10X";"MI";"top80_genes";"cluster_4";5534;25287;-0.0288250048315962;0.071186893694952;0;"N/A";"N/A";"N/A"
"brain_mouse_10X";"MI";"top80_genes";"cluster_5";6340;32458;-0.0154251435340915;0.163213140787984;0;"N/A";"N/A";"N/A"
"brain_mouse_10X";"MI";"top80_genes";"cluster_6";4012;15712;0.0146235627472775;0.591803461965013;0;"N/A";"N/A";"N/A"
"brain_mouse_10X";"MI";"top80_genes";"cluster_7";6226;30340;0.00308504421019495;0.391303508208075;0;"N/A";"N/A";"N/A"
"brain_mouse_10X";"MI";"top80_genes";"cluster_8";6803;36674;-0.0256750960722457;0.0896324873621745;0;"N/A";"N/A";"N/A"
"brain_mouse_10X";"MI";"top80_genes";"cluster_9";6377.5;31876;-0.0215635503461416;0.123190779675519;0;"N/A";"N/A";"N/A"
"brain_mouse_10X";"MI";"top80_genes";"cluster_10";6103;31806;-0.0575582234763033;0.00625461345815733;0;"N/A";"N/A";"N/A"
"brain_mouse_10X";"MI";"top80_genes";"cluster_11";6988;41195;-0.0132217174210698;0.191562370710912;0;"N/A";"N/A";"N/A"
"brain_mouse_10X";"MI";"top80_genes";"cluster_12";7771;56006;-0.0732732850826838;0.0022639964112587;0;"N/A";"N/A";"N/A"
"brain_mouse_10X";"MI";"top80_genes";"cluster_13";6581.5;35309.5;0.01628132327135;0.566593633515267;0;"N/A";"N/A";"N/A"
"brain_mouse_10X";"MI";"top80_genes";"cluster_14";5770;26893;0.0698838396610585;1.51716984366811;0.23841624271528;"N/A";"N/A";"N/A"
"brain_mouse_10X";"MI";"top80_genes";"cluster_15";8086;60122;-0.0700232780616531;0.00735738811473476;0;"N/A";"N/A";"N/A"
"brain_mouse_10X";"MI";"top80_genes";"cluster_16";8319;66466;-0.036829328256894;0.0893656725341574;0;"N/A";"N/A";"N/A"
"brain_mouse_10X";"MI";"top80_genes";"cluster_17";7644.5;50543;0.0812696769486456;1.25889182842508;0;"N/A";"N/A";"N/A"
"brain_mouse_10X";"MI";"top80_genes";"cluster_18";9295.5;79652.5;-0.0891182945888436;0.00305044538615699;0;"N/A";"N/A";"N/A"
"brain_mouse_10X";"NAFLD";"top90_genes";"cluster_0";6595.5;38043.5;-0.00912255038607654;0.236016819584825;0;"N/A";"N/A";"N/A"
"brain_mouse_10X";"NAFLD";"top90_genes";"cluster_1";5165.5;23182;-0.0170048605389476;0.15625022895095;0;"N/A";"N/A";"N/A"
"brain_mouse_10X";"NAFLD";"top90_genes";"cluster_2";4805;21052.5;0.00137336517076528;0.348280979896752;0;"N/A";"N/A";"N/A"
"brain_mouse_10X";"NAFLD";"top90_genes";"cluster_3";5370;23638;0.0202600035962365;0.617306161515532;0;"N/A";"N/A";"N/A"
"brain_mouse_10X";"NAFLD";"top90_genes";"cluster_4";5534;25287;0.00127772926519848;0.36395691217379;0;"N/A";"N/A";"N/A"
"brain_mouse_10X";"NAFLD";"top90_genes";"cluster_5";6340;32458;-0.0271720499677204;0.0787732417670501;0;"N/A";"N/A";"N/A"
"brain_mouse_10X";"NAFLD";"top90_genes";"cluster_6";4012;15712;-0.0106121107849268;0.227868466452248;0;"N/A";"N/A";"N/A"
"brain_mouse_10X";"NAFLD";"top90_genes";"cluster_7";6226;30340;-0.0228532075559267;0.112538653041485;0;"N/A";"N/A";"N/A"
"brain_mouse_10X";"NAFLD";"top90_genes";"cluster_8";6803;36674;-0.0191254327633352;0.137018131047392;0;"N/A";"N/A";"N/A"
"brain_mouse_10X";"NAFLD";"top90_genes";"cluster_9";6377.5;31876;-0.0197901064573185;0.136542126635413;0;"N/A";"N/A";"N/A"
"brain_mouse_10X";"NAFLD";"top90_genes";"cluster_10";6103;31806;0.0021933808713594;0.363254738242488;0;"N/A";"N/A";"N/A"
"brain_mouse_10X";"NAFLD";"top90_genes";"cluster_11";6988;41195;-0.0241936413498007;0.102141553008635;0;"N/A";"N/A";"N/A"
"brain_mouse_10X";"NAFLD";"top90_genes";"cluster_12";7771;56006;-0.00717908289374736;0.254890532199962;0;"N/A";"N/A";"N/A"
"brain_mouse_10X";"NAFLD";"top90_genes";"cluster_13";6581.5;35309.5;-0.0186999074607676;0.14319374855169;0;"N/A";"N/A";"N/A"
"brain_mouse_10X";"NAFLD";"top90_genes";"cluster_14";5770;26893;-0.00435265746490998;0.282789114514313;0;"N/A";"N/A";"N/A"
"brain_mouse_10X";"NAFLD";"top90_genes";"cluster_15";8086;60122;-0.0194021327775022;0.163719311570111;0;"N/A";"N/A";"N/A"
"brain_mouse_10X";"NAFLD";"top90_genes";"cluster_16";8319;66466;-0.022410280762151;0.15413958837808;0;"N/A";"N/A";"N/A"
"brain_mouse_10X";"NAFLD";"top90_genes";"cluster_17";7644.5;50543;0.0224322676918503;0.531400758885351;0;"N/A";"N/A";"N/A"
"brain_mouse_10X";"NAFLD";"top90_genes";"cluster_18";9295.5;79652.5;-0.00958492815137474;0.23819073281048;0;"N/A";"N/A";"N/A"
"brain_mouse_10X";"T1D";"top50_genes";"cluster_0";6595.5;38043.5;-0.0538403025084469;0.0194038598331255;0;"N/A";"N/A";"N/A"
"brain_mouse_10X";"T1D";"top50_genes";"cluster_1";5165.5;23182;0.0102457345819834;0.537945046141707;0;"N/A";"N/A";"N/A"
"brain_mouse_10X";"T1D";"top50_genes";"cluster_2";4805;21052.5;0.000572483904059673;0.346445045433573;0;"N/A";"N/A";"N/A"
"brain_mouse_10X";"T1D";"top50_genes";"cluster_3";5370;23638;0.0667813062553947;1.30368703854353;0.0249334375907016;"N/A";"N/A";"N/A"
"brain_mouse_10X";"T1D";"top50_genes";"cluster_4";5534;25287;-0.00819062954432354;0.252165721457073;0;"N/A";"N/A";"N/A"
"brain_mouse_10X";"T1D";"top50_genes";"cluster_5";6340;32458;-0.0155490521601999;0.182676410989269;0;"N/A";"N/A";"N/A"
"brain_mouse_10X";"T1D";"top50_genes";"cluster_6";4012;15712;0.0260794354861963;0.811959053561925;0;"N/A";"N/A";"N/A"
"brain_mouse_10X";"T1D";"top50_genes";"cluster_7";6226;30340;-0.0183184872656587;0.161383201287921;0;"N/A";"N/A";"N/A"
"brain_mouse_10X";"T1D";"top50_genes";"cluster_8";6803;36674;-0.0122072987869034;0.215640125523854;0;"N/A";"N/A";"N/A"
"brain_mouse_10X";"T1D";"top50_genes";"cluster_9";6377.5;31876;-0.018760511018241;0.159184873234983;0;"N/A";"N/A";"N/A"
"brain_mouse_10X";"T1D";"top50_genes";"cluster_10";6103;31806;0.00932470624982512;0.460590935727402;0;"N/A";"N/A";"N/A"
"brain_mouse_10X";"T1D";"top50_genes";"cluster_11";6988;41195;-0.0212948991533551;0.137912047963825;0;"N/A";"N/A";"N/A"
"brain_mouse_10X";"T1D";"top50_genes";"cluster_12";7771;56006;-0.104822339300221;0.000347539866023441;0;"N/A";"N/A";"N/A"
"brain_mouse_10X";"T1D";"top50_genes";"cluster_13";6581.5;35309.5;-0.0137551729255217;0.203399723491746;0;"N/A";"N/A";"N/A"
"brain_mouse_10X";"T1D";"top50_genes";"cluster_14";5770;26893;0.0497309145816943;1.05654891137076;0;"N/A";"N/A";"N/A"
"brain_mouse_10X";"T1D";"top50_genes";"cluster_15";8086;60122;0.0210737553520235;0.554594913010813;0;"N/A";"N/A";"N/A"
"brain_mouse_10X";"T1D";"top50_genes";"cluster_16";8319;66466;-0.0129317830506931;0.236989986977248;0;"N/A";"N/A";"N/A"
"brain_mouse_10X";"T1D";"top50_genes";"cluster_17";7644.5;50543;-0.00752188939365303;0.272502170248306;0;"N/A";"N/A";"N/A"
"brain_mouse_10X";"T1D";"top50_genes";"cluster_18";9295.5;79652.5;-0.0246162944823388;0.164796887280552;0;"N/A";"N/A";"N/A"
"brain_mouse_10X";"T2D";"top50_genes";"cluster_0";6595.5;38043.5;-0.076257167741384;0.00305044538615699;0;"N/A";"N/A";"N/A"
"brain_mouse_10X";"T2D";"top50_genes";"cluster_1";5165.5;23182;0.0356914182017654;0.988472983679584;0;"N/A";"N/A";"N/A"
"brain_mouse_10X";"T2D";"top50_genes";"cluster_2";4805;21052.5;-0.0449970222703431;0.0623751128778576;0;"N/A";"N/A";"N/A"
"brain_mouse_10X";"T2D";"top50_genes";"cluster_3";5370;23638;0.0425557786999261;0.932228916115023;0;"N/A";"N/A";"N/A"
"brain_mouse_10X";"T2D";"top50_genes";"cluster_4";5534;25287;-0.0484668528264583;0.0203129966145772;0;"N/A";"N/A";"N/A"
"brain_mouse_10X";"T2D";"top50_genes";"cluster_5";6340;32458;0.0113529175893406;0.533620704843071;0;"N/A";"N/A";"N/A"
"brain_mouse_10X";"T2D";"top50_genes";"cluster_6";4012;15712;0.034859989675693;0.942757782858648;0;"N/A";"N/A";"N/A"
"brain_mouse_10X";"T2D";"top50_genes";"cluster_7";6226;30340;0.0171469662838687;0.608226503663614;0;"N/A";"N/A";"N/A"
"brain_mouse_10X";"T2D";"top50_genes";"cluster_8";6803;36674;-0.0157124635615963;0.181158012682853;0;"N/A";"N/A";"N/A"
"brain_mouse_10X";"T2D";"top50_genes";"cluster_9";6377.5;31876;0.0245429758924072;0.696199652388208;0;"N/A";"N/A";"N/A"
"brain_mouse_10X";"T2D";"top50_genes";"cluster_10";6103;31806;-0.0184163461972776;0.165559141942057;0;"N/A";"N/A";"N/A"
"brain_mouse_10X";"T2D";"top50_genes";"cluster_11";6988;41195;0.0324202238829465;0.839574896157825;0;"N/A";"N/A";"N/A"
"brain_mouse_10X";"T2D";"top50_genes";"cluster_12";7771;56006;-0.0705750209942502;0.00983781209205602;0;"N/A";"N/A";"N/A"
"brain_mouse_10X";"T2D";"top50_genes";"cluster_13";6581.5;35309.5;0.00307515764854521;0.382204679559859;0;"N/A";"N/A";"N/A"
"brain_mouse_10X";"T2D";"top50_genes";"cluster_14";5770;26893;-0.000773764705180091;0.334931690201811;0;"N/A";"N/A";"N/A"
"brain_mouse_10X";"T2D";"top50_genes";"cluster_15";8086;60122;0.0532167316713603;0.976379509079069;0;"N/A";"N/A";"N/A"
"brain_mouse_10X";"T2D";"top50_genes";"cluster_16";8319;66466;0.104438005101428;1.66962965392767;0.390876052974843;"N/A";"N/A";"N/A"
"brain_mouse_10X";"T2D";"top50_genes";"cluster_17";7644.5;50543;-0.157427624505202;0.000434468305445637;0;"N/A";"N/A";"N/A"
"brain_mouse_10X";"T2D";"top50_genes";"cluster_18";9295.5;79652.5;-0.0362885461937933;0.110685690387931;0;"N/A";"N/A";"N/A"
"heart_human_adult_ACH003";"ALZ";"top60_genes";"cluster_0";1499.5;5228.5;0.0528146523496566;1.25496863569481;0.409870595680548;"N/A";"N/A";"N/A"
"heart_human_adult_ACH003";"ALZ";"top60_genes";"cluster_1";1510;4515.5;0.0514453356404912;1.26047108282677;0.415373042812514;"N/A";"N/A";"N/A"
"heart_human_adult_ACH003";"ALZ";"top60_genes";"cluster_2";1583.5;4852;0.0557837287466062;1.34973590414493;0.504637864130669;"N/A";"N/A";"N/A"
"heart_human_adult_ACH003";"ALZ";"top60_genes";"cluster_3";1869;5551.5;0.0502928843391985;1.28571366753163;0.440615627517373;"N/A";"N/A";"N/A"
"heart_human_adult_ACH003";"ALZ";"top60_genes";"cluster_4";1614.5;4831.5;0.0665822308087704;1.57843950040703;0.733341460392775;"N/A";"N/A";"N/A"
"heart_human_adult_ACH003";"ALZ";"top60_genes";"cluster_5";1555.5;5142;0.0468257800830982;1.18981090928178;0.344712869267522;"N/A";"N/A";"N/A"
"heart_human_adult_ACH003";"ALZ";"top60_genes";"cluster_6";2807;8046.5;0.0471017591250313;1.08729012360554;0.242192083591283;"N/A";"N/A";"N/A"
"heart_human_adult_ACH003";"BRD";"top70_genes";"cluster_0";1499.5;5228.5;-0.0133920422242423;0.191629875876495;0;"N/A";"N/A";"N/A"
"heart_human_adult_ACH003";"BRD";"top70_genes";"cluster_1";1510;4515.5;-0.0139796981603209;0.182147670115067;0;"N/A";"N/A";"N/A"
"heart_human_adult_ACH003";"BRD";"top70_genes";"cluster_2";1583.5;4852;-0.012029960134415;0.207511665375555;0;"N/A";"N/A";"N/A"
"heart_human_adult_ACH003";"BRD";"top70_genes";"cluster_3";1869;5551.5;-0.0113618242651544;0.213860081709229;0;"N/A";"N/A";"N/A"
"heart_human_adult_ACH003";"BRD";"top70_genes";"cluster_4";1614.5;4831.5;-0.00406045901598485;0.350221964052297;0;"N/A";"N/A";"N/A"
"heart_human_adult_ACH003";"BRD";"top70_genes";"cluster_5";1555.5;5142;-0.0219648289088857;0.0766957707790371;0;"N/A";"N/A";"N/A"
"heart_human_adult_ACH003";"BRD";"top70_genes";"cluster_6";2807;8046.5;0.052669342111855;1.24799497945742;0.402896939443167;"N/A";"N/A";"N/A"
"heart_human_adult_ACH003";"CD";"top150_genes";"cluster_0";1499.5;5228.5;-0.0337733564165197;0.00191492014859626;0;"N/A";"N/A";"N/A"
"heart_human_adult_ACH003";"CD";"top150_genes";"cluster_1";1510;4515.5;-0.0314339949061627;0.00445210302450925;0;"N/A";"N/A";"N/A"
"heart_human_adult_ACH003";"CD";"top150_genes";"cluster_2";1583.5;4852;-0.0299009727721333;0.00819737363196599;0;"N/A";"N/A";"N/A"
"heart_human_adult_ACH003";"CD";"top150_genes";"cluster_3";1869;5551.5;-0.0145762030047378;0.129346969287613;0;"N/A";"N/A";"N/A"
"heart_human_adult_ACH003";"CD";"top150_genes";"cluster_4";1614.5;4831.5;-0.0187317309329026;0.0795027107743829;0;"N/A";"N/A";"N/A"
"heart_human_adult_ACH003";"CD";"top150_genes";"cluster_5";1555.5;5142;-0.0336433144654499;0.00305044538615699;0;"N/A";"N/A";"N/A"
"heart_human_adult_ACH003";"CD";"top150_genes";"cluster_6";2807;8046.5;0.0380631799794492;1.13731589895889;0.292217858944631;"N/A";"N/A";"N/A"
"heart_human_adult_ACH003";"CHOL";"top80_genes";"cluster_0";1499.5;5228.5;-0.0241606121018215;0.047493133378661;0;"N/A";"N/A";"N/A"
"heart_human_adult_ACH003";"CHOL";"top80_genes";"cluster_1";1510;4515.5;-0.0163548057462942;0.136601598663154;0;"N/A";"N/A";"N/A"
"heart_human_adult_ACH003";"CHOL";"top80_genes";"cluster_2";1583.5;4852;-0.0126742222843381;0.191629875876495;0;"N/A";"N/A";"N/A"
"heart_human_adult_ACH003";"CHOL";"top80_genes";"cluster_3";1869;5551.5;0.00801944053254283;0.59538072640314;0;"N/A";"N/A";"N/A"
"heart_human_adult_ACH003";"CHOL";"top80_genes";"cluster_4";1614.5;4831.5;-0.00849090829467272;0.264364701370958;0;"N/A";"N/A";"N/A"
"heart_human_adult_ACH003";"CHOL";"top80_genes";"cluster_5";1555.5;5142;-0.0269494282243393;0.0313270498100769;0;"N/A";"N/A";"N/A"
"heart_human_adult_ACH003";"CHOL";"top80_genes";"cluster_6";2807;8046.5;0.0464948473403237;1.17656919810656;0.331471158092305;"N/A";"N/A";"N/A"
"heart_human_adult_ACH003";"IBD";"top210_genes";"cluster_0";1499.5;5228.5;-0.034074293754617;0.00121760823657663;0;"N/A";"N/A";"N/A"
"heart_human_adult_ACH003";"IBD";"top210_genes";"cluster_1";1510;4515.5;-0.0328547890997835;0.00296299180513184;0;"N/A";"N/A";"N/A"
"heart_human_adult_ACH003";"IBD";"top210_genes";"cluster_2";1583.5;4852;-0.0296562105756867;0.00859582927305984;0;"N/A";"N/A";"N/A"
"heart_human_adult_ACH003";"IBD";"top210_genes";"cluster_3";1869;5551.5;-0.0164680205243133;0.0981493953030419;0;"N/A";"N/A";"N/A"
"heart_human_adult_ACH003";"IBD";"top210_genes";"cluster_4";1614.5;4831.5;-0.017721312152474;0.0813841338550394;0;"N/A";"N/A";"N/A"
"heart_human_adult_ACH003";"IBD";"top210_genes";"cluster_5";1555.5;5142;-0.0342251745338741;0.00187130533742199;0;"N/A";"N/A";"N/A"
"heart_human_adult_ACH003";"IBD";"top210_genes";"cluster_6";2807;8046.5;0.040924596457212;1.33165751058686;0.486559470572606;"N/A";"N/A";"N/A"
"heart_human_adult_ACH003";"IKD";"top250_genes";"cluster_0";1499.5;5228.5;0.168775252484929;4.00004342727686;3.15494538726261;"N/A";"N/A";"N/A"
"heart_human_adult_ACH003";"IKD";"top250_genes";"cluster_1";1510;4515.5;0.160776691178266;4.00004342727686;3.15494538726261;"N/A";"N/A";"N/A"
"heart_human_adult_ACH003";"IKD";"top250_genes";"cluster_2";1583.5;4852;0.168413157778799;4.00004342727686;3.15494538726261;"N/A";"N/A";"N/A"
"heart_human_adult_ACH003";"IKD";"top250_genes";"cluster_3";1869;5551.5;0.162670105735862;4.00004342727686;3.15494538726261;"N/A";"N/A";"N/A"
"heart_human_adult_ACH003";"IKD";"top250_genes";"cluster_4";1614.5;4831.5;0.161584205562011;4.00004342727686;3.15494538726261;"N/A";"N/A";"N/A"
"heart_human_adult_ACH003";"IKD";"top250_genes";"cluster_5";1555.5;5142;0.165252265026587;4.00004342727686;3.15494538726261;"N/A";"N/A";"N/A"
"heart_human_adult_ACH003";"IKD";"top250_genes";"cluster_6";2807;8046.5;0.149453799805446;4.00004342727686;3.15494538726261;"N/A";"N/A";"N/A"
"heart_human_adult_ACH003";"LID";"top130_genes";"cluster_0";1499.5;5228.5;0.131222977293326;4.00004342727686;3.15494538726261;"N/A";"N/A";"N/A"
"heart_human_adult_ACH003";"LID";"top130_genes";"cluster_1";1510;4515.5;0.125941640013035;4.00004342727686;3.15494538726261;"N/A";"N/A";"N/A"
"heart_human_adult_ACH003";"LID";"top130_genes";"cluster_2";1583.5;4852;0.129569146932385;4.00004342727686;3.15494538726261;"N/A";"N/A";"N/A"
"heart_human_adult_ACH003";"LID";"top130_genes";"cluster_3";1869;5551.5;0.115846757269257;3.3979834359489;2.55288539593464;"N/A";"N/A";"N/A"
"heart_human_adult_ACH003";"LID";"top130_genes";"cluster_4";1614.5;4831.5;0.124086066011165;3.5229221725572;2.67782413254294;"N/A";"N/A";"N/A"
"heart_human_adult_ACH003";"LID";"top130_genes";"cluster_5";1555.5;5142;0.123144725816611;4.00004342727686;3.15494538726261;"N/A";"N/A";"N/A"
"heart_human_adult_ACH003";"LID";"top130_genes";"cluster_6";2807;8046.5;0.105150578517517;3.22189217689322;2.37679413687896;"N/A";"N/A";"N/A"
"heart_human_adult_ACH003";"PAR";"top90_genes";"cluster_0";1499.5;5228.5;0.386592906638646;4.00004342727686;3.15494538726261;"N/A";"N/A";"N/A"
"heart_human_adult_ACH003";"PAR";"top90_genes";"cluster_1";1510;4515.5;0.371614442652192;4.00004342727686;3.15494538726261;"N/A";"N/A";"N/A"
"heart_human_adult_ACH003";"PAR";"top90_genes";"cluster_2";1583.5;4852;0.378435682669005;4.00004342727686;3.15494538726261;"N/A";"N/A";"N/A"
"heart_human_adult_ACH003";"PAR";"top90_genes";"cluster_3";1869;5551.5;0.35661201501551;4.00004342727686;3.15494538726261;"N/A";"N/A";"N/A"
"heart_human_adult_ACH003";"PAR";"top90_genes";"cluster_4";1614.5;4831.5;0.385039595899255;4.00004342727686;3.15494538726261;"N/A";"N/A";"N/A"
"heart_human_adult_ACH003";"PAR";"top90_genes";"cluster_5";1555.5;5142;0.375061997038881;4.00004342727686;3.15494538726261;"N/A";"N/A";"N/A"
"heart_human_adult_ACH003";"PAR";"top90_genes";"cluster_6";2807;8046.5;0.250566728416257;4.00004342727686;3.15494538726261;"N/A";"N/A";"N/A"
"heart_human_adult_ACH003";"T1D";"top210_genes";"cluster_0";1499.5;5228.5;-0.00553556119341932;0.253798555556664;0;"N/A";"N/A";"N/A"
"heart_human_adult_ACH003";"T1D";"top210_genes";"cluster_1";1510;4515.5;-0.00654124714213575;0.236465702810217;0;"N/A";"N/A";"N/A"
"heart_human_adult_ACH003";"T1D";"top210_genes";"cluster_2";1583.5;4852;-0.00092420370532463;0.343466135880749;0;"N/A";"N/A";"N/A"
"heart_human_adult_ACH003";"T1D";"top210_genes";"cluster_3";1869;5551.5;0.00355458239888783;0.43384170842195;0;"N/A";"N/A";"N/A"
"heart_human_adult_ACH003";"T1D";"top210_genes";"cluster_4";1614.5;4831.5;0.00708869180835041;0.51845749090924;0;"N/A";"N/A";"N/A"
"heart_human_adult_ACH003";"T1D";"top210_genes";"cluster_5";1555.5;5142;-0.00462917014413309;0.271121780904003;0;"N/A";"N/A";"N/A"
"heart_human_adult_ACH003";"T1D";"top210_genes";"cluster_6";2807;8046.5;-0.00404114987191317;0.267569249995669;0;"N/A";"N/A";"N/A"
"heart_human_adult_ACH003";"UC";"top90_genes";"cluster_0";1499.5;5228.5;-0.0280428319120371;0.0200855339361971;0;"N/A";"N/A";"N/A"
"heart_human_adult_ACH003";"UC";"top90_genes";"cluster_1";1510;4515.5;-0.0288330612763945;0.0181795362855123;0;"N/A";"N/A";"N/A"
"heart_human_adult_ACH003";"UC";"top90_genes";"cluster_2";1583.5;4852;-0.02319644085135;0.04890026716931;0;"N/A";"N/A";"N/A"
"heart_human_adult_ACH003";"UC";"top90_genes";"cluster_3";1869;5551.5;-0.00824458642594421;0.247150272392269;0;"N/A";"N/A";"N/A"
"heart_human_adult_ACH003";"UC";"top90_genes";"cluster_4";1614.5;4831.5;-0.0179350981222852;0.108394483406304;0;"N/A";"N/A";"N/A"
"heart_human_adult_ACH003";"UC";"top90_genes";"cluster_5";1555.5;5142;-0.0292023119288763;0.0166878129450744;0;"N/A";"N/A";"N/A"
"heart_human_adult_ACH003";"UC";"top90_genes";"cluster_6";2807;8046.5;0.0468730005076886;1.22189217689322;0.376794136878962;"N/A";"N/A";"N/A"
"intestine_human_adult_HFGA_A1";"ALZ";"top60_genes";"cluster_0";921.5;1516.5;0.0138317227382028;0.767047316884709;0;"N/A";"N/A";"N/A"
"intestine_human_adult_HFGA_A1";"ALZ";"top60_genes";"cluster_1";759.5;1311.5;0.0108244443213604;0.695337529064097;0;"N/A";"N/A";"N/A"
"intestine_human_adult_HFGA_A1";"ALZ";"top60_genes";"cluster_2";1782;3195;-0.0138492166995312;0.127188182572052;0;"N/A";"N/A";"N/A"
"intestine_human_adult_HFGA_A1";"ALZ";"top60_genes";"cluster_3";2031;5326.5;0.0385799361759112;1.17138353074154;0.129990845583318;"N/A";"N/A";"N/A"
"intestine_human_adult_HFGA_A1";"ALZ";"top60_genes";"cluster_4";1129.5;2259;-0.000564372503160507;0.379178952011742;0;"N/A";"N/A";"N/A"
"intestine_human_adult_HFGA_A1";"ALZ";"top60_genes";"cluster_5";940;1809;0.0161583696600868;0.766793417735762;0;"N/A";"N/A";"N/A"
"intestine_human_adult_HFGA_A1";"ALZ";"top60_genes";"cluster_6";1724;3627;0.00656795345746719;0.502284708989595;0;"N/A";"N/A";"N/A"
"intestine_human_adult_HFGA_A1";"ALZ";"top60_genes";"cluster_7";1235;2301;0.0185812378411216;0.827148729524687;0;"N/A";"N/A";"N/A"
"intestine_human_adult_HFGA_A1";"ALZ";"top60_genes";"cluster_8";2521.5;7207;0.0310518430428528;0.975968439969436;0;"N/A";"N/A";"N/A"
"intestine_human_adult_HFGA_A1";"ALZ";"top60_genes";"cluster_9";909.5;1815;0.022106283878018;0.864910775900088;0;"N/A";"N/A";"N/A"
"intestine_human_adult_HFGA_A1";"ALZ";"top60_genes";"cluster_10";1812;4030.5;0.0811862655146417;2.17396862457604;1.13257593941781;"N/A";"N/A";"N/A"
"intestine_human_adult_HFGA_A1";"AST";"top150_genes";"cluster_0";921.5;1516.5;-0.00100291583638611;0.354424689034168;0;"N/A";"N/A";"N/A"
"intestine_human_adult_HFGA_A1";"AST";"top150_genes";"cluster_1";759.5;1311.5;-0.0118840061791583;0.123306130136198;0;"N/A";"N/A";"N/A"
"intestine_human_adult_HFGA_A1";"AST";"top150_genes";"cluster_2";1782;3195;-0.00632942547534976;0.211450871356503;0;"N/A";"N/A";"N/A"
"intestine_human_adult_HFGA_A1";"AST";"top150_genes";"cluster_3";2031;5326.5;0.0214362873402226;0.983010087978082;0;"N/A";"N/A";"N/A"
"intestine_human_adult_HFGA_A1";"AST";"top150_genes";"cluster_4";1129.5;2259;-0.0270888241651652;0.007931939489913;0;"N/A";"N/A";"N/A"
"intestine_human_adult_HFGA_A1";"AST";"top150_genes";"cluster_5";940;1809;-0.0225989709602313;0.0172296651450002;0;"N/A";"N/A";"N/A"
"intestine_human_adult_HFGA_A1";"AST";"top150_genes";"cluster_6";1724;3627;-0.0293802856382837;0.00713660905355017;0;"N/A";"N/A";"N/A"
"intestine_human_adult_HFGA_A1";"AST";"top150_genes";"cluster_7";1235;2301;-0.0170213327024303;0.0587805179579129;0;"N/A";"N/A";"N/A"
"intestine_human_adult_HFGA_A1";"AST";"top150_genes";"cluster_8";2521.5;7207;0.0162889008235798;0.774217435814969;0;"N/A";"N/A";"N/A"
"intestine_human_adult_HFGA_A1";"AST";"top150_genes";"cluster_9";909.5;1815;-0.00425489878455695;0.275194339647477;0;"N/A";"N/A";"N/A"
"intestine_human_adult_HFGA_A1";"AST";"top150_genes";"cluster_10";1812;4030.5;-0.00120285693899475;0.320433855497107;0;"N/A";"N/A";"N/A"
"intestine_human_adult_HFGA_A1";"BIP";"top230_genes";"cluster_0";921.5;1516.5;0.00402545975946373;0.479690923193545;0;"N/A";"N/A";"N/A"
"intestine_human_adult_HFGA_A1";"BIP";"top230_genes";"cluster_1";759.5;1311.5;0.0036549762755966;0.462980284495245;0;"N/A";"N/A";"N/A"
"intestine_human_adult_HFGA_A1";"BIP";"top230_genes";"cluster_2";1782;3195;0.00867045727693908;0.62237298794254;0;"N/A";"N/A";"N/A"
"intestine_human_adult_HFGA_A1";"BIP";"top230_genes";"cluster_3";2031;5326.5;-0.00757562299381059;0.18148764797906;0;"N/A";"N/A";"N/A"
"intestine_human_adult_HFGA_A1";"BIP";"top230_genes";"cluster_4";1129.5;2259;0.00444957100992961;0.470356473503946;0;"N/A";"N/A";"N/A"
"intestine_human_adult_HFGA_A1";"BIP";"top230_genes";"cluster_5";940;1809;0.00285985845117284;0.432899382081205;0;"N/A";"N/A";"N/A"
"intestine_human_adult_HFGA_A1";"BIP";"top230_genes";"cluster_6";1724;3627;0.00237125401792762;0.403556293540318;0;"N/A";"N/A";"N/A"
"intestine_human_adult_HFGA_A1";"BIP";"top230_genes";"cluster_7";1235;2301;-0.000148126134666166;0.343370381392012;0;"N/A";"N/A";"N/A"
"intestine_human_adult_HFGA_A1";"BIP";"top230_genes";"cluster_8";2521.5;7207;-0.0147297728596991;0.086971686967612;0;"N/A";"N/A";"N/A"
"intestine_human_adult_HFGA_A1";"BIP";"top230_genes";"cluster_9";909.5;1815;-0.00170873907065812;0.311356702992739;0;"N/A";"N/A";"N/A"
"intestine_human_adult_HFGA_A1";"BIP";"top230_genes";"cluster_10";1812;4030.5;0.00589952566637005;0.494079909258737;0;"N/A";"N/A";"N/A"
"intestine_human_adult_HFGA_A1";"CAD";"top60_genes";"cluster_0";921.5;1516.5;-0.0100020328419956;0.196654602293249;0;"N/A";"N/A";"N/A"
"intestine_human_adult_HFGA_A1";"CAD";"top60_genes";"cluster_1";759.5;1311.5;-0.00821122540320985;0.240828996042619;0;"N/A";"N/A";"N/A"
"intestine_human_adult_HFGA_A1";"CAD";"top60_genes";"cluster_2";1782;3195;-0.0327873568528767;0.00603439415324939;0;"N/A";"N/A";"N/A"
"intestine_human_adult_HFGA_A1";"CAD";"top60_genes";"cluster_3";2031;5326.5;0.0092529056076394;0.560868687433394;0;"N/A";"N/A";"N/A"
"intestine_human_adult_HFGA_A1";"CAD";"top60_genes";"cluster_4";1129.5;2259;-0.0116536748912783;0.182345872513839;0;"N/A";"N/A";"N/A"
"intestine_human_adult_HFGA_A1";"CAD";"top60_genes";"cluster_5";940;1809;-0.0154212444033745;0.127129985656467;0;"N/A";"N/A";"N/A"
"intestine_human_adult_HFGA_A1";"CAD";"top60_genes";"cluster_6";1724;3627;0.0632874779838963;1.87619178630978;0.834799101151552;"N/A";"N/A";"N/A"
"intestine_human_adult_HFGA_A1";"CAD";"top60_genes";"cluster_7";1235;2301;0.0291573624895345;1.08782137074445;0.0464286855862222;"N/A";"N/A";"N/A"
"intestine_human_adult_HFGA_A1";"CAD";"top60_genes";"cluster_8";2521.5;7207;0.0285776269928274;0.919416940355057;0;"N/A";"N/A";"N/A"
"intestine_human_adult_HFGA_A1";"CAD";"top60_genes";"cluster_9";909.5;1815;-0.00105151802985478;0.404988337517559;0;"N/A";"N/A";"N/A"
"intestine_human_adult_HFGA_A1";"CAD";"top60_genes";"cluster_10";1812;4030.5;-0.00181216469623525;0.333806331381058;0;"N/A";"N/A";"N/A"
"intestine_human_adult_HFGA_A1";"CHD";"top50_genes";"cluster_0";921.5;1516.5;-0.0174151285483869;0.0897926549767147;0;"N/A";"N/A";"N/A"
"intestine_human_adult_HFGA_A1";"CHD";"top50_genes";"cluster_1";759.5;1311.5;0.0123032459621573;0.721518462539845;0;"N/A";"N/A";"N/A"
"intestine_human_adult_HFGA_A1";"CHD";"top50_genes";"cluster_2";1782;3195;-0.0144398667384907;0.130108016630003;0;"N/A";"N/A";"N/A"
"intestine_human_adult_HFGA_A1";"CHD";"top50_genes";"cluster_3";2031;5326.5;-0.0398756388133785;0.0111724612122174;0;"N/A";"N/A";"N/A"
"intestine_human_adult_HFGA_A1";"CHD";"top50_genes";"cluster_4";1129.5;2259;0.035519674927916;1.12382558668522;0.0824329015269954;"N/A";"N/A";"N/A"
"intestine_human_adult_HFGA_A1";"CHD";"top50_genes";"cluster_5";940;1809;0.0174716300305214;0.777326956129279;0;"N/A";"N/A";"N/A"
"intestine_human_adult_HFGA_A1";"CHD";"top50_genes";"cluster_6";1724;3627;0.115831688861234;2.95865074211864;1.91725805696041;"N/A";"N/A";"N/A"
"intestine_human_adult_HFGA_A1";"CHD";"top50_genes";"cluster_7";1235;2301;0.0438901708196331;1.39258840406219;0.351195718903969;"N/A";"N/A";"N/A"
"intestine_human_adult_HFGA_A1";"CHD";"top50_genes";"cluster_8";2521.5;7207;-0.050502469712881;0.00493496953212205;0;"N/A";"N/A";"N/A"
"intestine_human_adult_HFGA_A1";"CHD";"top50_genes";"cluster_9";909.5;1815;-0.0334194710799371;0.0135404118901222;0;"N/A";"N/A";"N/A"
"intestine_human_adult_HFGA_A1";"CHD";"top50_genes";"cluster_10";1812;4030.5;-0.0316685020484891;0.0546733327865589;0;"N/A";"N/A";"N/A"
"intestine_human_adult_HFGA_A1";"CHOL";"top70_genes";"cluster_0";921.5;1516.5;0.0107499350622493;0.697712498592463;0;"N/A";"N/A";"N/A"
"intestine_human_adult_HFGA_A1";"CHOL";"top70_genes";"cluster_1";759.5;1311.5;0.00559656552982305;0.564199061292421;0;"N/A";"N/A";"N/A"
"intestine_human_adult_HFGA_A1";"CHOL";"top70_genes";"cluster_2";1782;3195;0.0020637008848654;0.430435459730038;0;"N/A";"N/A";"N/A"
"intestine_human_adult_HFGA_A1";"CHOL";"top70_genes";"cluster_3";2031;5326.5;0.0360090125446844;1.17852989887209;0.137137213713864;"N/A";"N/A";"N/A"
"intestine_human_adult_HFGA_A1";"CHOL";"top70_genes";"cluster_4";1129.5;2259;0.00603365353500198;0.524517512237582;0;"N/A";"N/A";"N/A"
"intestine_human_adult_HFGA_A1";"CHOL";"top70_genes";"cluster_5";940;1809;0.00831620011166619;0.601409102738471;0;"N/A";"N/A";"N/A"
"intestine_human_adult_HFGA_A1";"CHOL";"top70_genes";"cluster_6";1724;3627;0.0312418698356399;1.08253791772432;0.041145232566091;"N/A";"N/A";"N/A"
"intestine_human_adult_HFGA_A1";"CHOL";"top70_genes";"cluster_7";1235;2301;0.0169876598430936;0.804143774867629;0;"N/A";"N/A";"N/A"
"intestine_human_adult_HFGA_A1";"CHOL";"top70_genes";"cluster_8";2521.5;7207;0.0479089789023024;1.41684465330824;0.375451968150015;"N/A";"N/A";"N/A"
"intestine_human_adult_HFGA_A1";"CHOL";"top70_genes";"cluster_9";909.5;1815;0.0274053678550882;0.985522888518939;0;"N/A";"N/A";"N/A"
"intestine_human_adult_HFGA_A1";"CHOL";"top70_genes";"cluster_10";1812;4030.5;-0.00119320786730208;0.341269106432506;0;"N/A";"N/A";"N/A"
"intestine_human_adult_HFGA_A1";"CIRR";"top70_genes";"cluster_0";921.5;1516.5;0.0392486155299896;1.46474930723409;0.423356622075867;"N/A";"N/A";"N/A"
"intestine_human_adult_HFGA_A1";"CIRR";"top70_genes";"cluster_1";759.5;1311.5;0.0268075268909425;1.05408272369929;0.012690038541069;"N/A";"N/A";"N/A"
"intestine_human_adult_HFGA_A1";"CIRR";"top70_genes";"cluster_2";1782;3195;0.0378569115594297;1.44981507422177;0.408422389063544;"N/A";"N/A";"N/A"
"intestine_human_adult_HFGA_A1";"CIRR";"top70_genes";"cluster_3";2031;5326.5;0.0498680982932505;1.52003648431971;0.478643799161487;"N/A";"N/A";"N/A"
"intestine_human_adult_HFGA_A1";"CIRR";"top70_genes";"cluster_4";1129.5;2259;0.0239418386209469;0.941997196881581;0;"N/A";"N/A";"N/A"
"intestine_human_adult_HFGA_A1";"CIRR";"top70_genes";"cluster_5";940;1809;0.0271180189692684;1.02691557367716;0;"N/A";"N/A";"N/A"
"intestine_human_adult_HFGA_A1";"CIRR";"top70_genes";"cluster_6";1724;3627;0.000590528573094329;0.386730265821403;0;"N/A";"N/A";"N/A"
"intestine_human_adult_HFGA_A1";"CIRR";"top70_genes";"cluster_7";1235;2301;0.0110073507138509;0.653103964577872;0;"N/A";"N/A";"N/A"
"intestine_human_adult_HFGA_A1";"CIRR";"top70_genes";"cluster_8";2521.5;7207;0.0490099597270847;1.4425362253712;0.40114354021298;"N/A";"N/A";"N/A"
"intestine_human_adult_HFGA_A1";"CIRR";"top70_genes";"cluster_9";909.5;1815;0.0442047934219308;1.41684465330824;0.375451968150015;"N/A";"N/A";"N/A"
"intestine_human_adult_HFGA_A1";"CIRR";"top70_genes";"cluster_10";1812;4030.5;0.0811353905360413;2.38725957055713;1.3458668853989;"N/A";"N/A";"N/A"
"intestine_human_adult_HFGA_A1";"EPI";"top130_genes";"cluster_0";921.5;1516.5;0.162797270269238;4.00004342727686;2.95865074211864;"N/A";"N/A";"N/A"
"intestine_human_adult_HFGA_A1";"EPI";"top130_genes";"cluster_1";759.5;1311.5;0.185630294282534;4.00004342727686;2.95865074211864;"N/A";"N/A";"N/A"
"intestine_human_adult_HFGA_A1";"EPI";"top130_genes";"cluster_2";1782;3195;0.120425194800061;4.00004342727686;2.95865074211864;"N/A";"N/A";"N/A"
"intestine_human_adult_HFGA_A1";"EPI";"top130_genes";"cluster_3";2031;5326.5;0.196554274221975;4.00004342727686;2.95865074211864;"N/A";"N/A";"N/A"
"intestine_human_adult_HFGA_A1";"EPI";"top130_genes";"cluster_4";1129.5;2259;0.141302004086284;4.00004342727686;2.95865074211864;"N/A";"N/A";"N/A"
"intestine_human_adult_HFGA_A1";"EPI";"top130_genes";"cluster_5";940;1809;0.171782729884804;4.00004342727686;2.95865074211864;"N/A";"N/A";"N/A"
"intestine_human_adult_HFGA_A1";"EPI";"top130_genes";"cluster_6";1724;3627;0.1310083169175;4.00004342727686;2.95865074211864;"N/A";"N/A";"N/A"
"intestine_human_adult_HFGA_A1";"EPI";"top130_genes";"cluster_7";1235;2301;0.152909136217567;4.00004342727686;2.95865074211864;"N/A";"N/A";"N/A"
"intestine_human_adult_HFGA_A1";"EPI";"top130_genes";"cluster_8";2521.5;7207;0.173215358937403;4.00004342727686;2.95865074211864;"N/A";"N/A";"N/A"
"intestine_human_adult_HFGA_A1";"EPI";"top130_genes";"cluster_9";909.5;1815;0.199220742092002;4.00004342727686;2.95865074211864;"N/A";"N/A";"N/A"
"intestine_human_adult_HFGA_A1";"EPI";"top130_genes";"cluster_10";1812;4030.5;0.0750714889923736;2.92086218122924;1.87946949607101;"N/A";"N/A";"N/A"
"intestine_human_adult_HFGA_A1";"IKD";"top240_genes";"cluster_0";921.5;1516.5;0.102658221800691;4.00004342727686;2.95865074211864;"N/A";"N/A";"N/A"
"intestine_human_adult_HFGA_A1";"IKD";"top240_genes";"cluster_1";759.5;1311.5;0.113532958600398;4.00004342727686;2.95865074211864;"N/A";"N/A";"N/A"
"intestine_human_adult_HFGA_A1";"IKD";"top240_genes";"cluster_2";1782;3195;0.0762687562819193;4.00004342727686;2.95865074211864;"N/A";"N/A";"N/A"
"intestine_human_adult_HFGA_A1";"IKD";"top240_genes";"cluster_3";2031;5326.5;0.125501113470143;4.00004342727686;2.95865074211864;"N/A";"N/A";"N/A"
"intestine_human_adult_HFGA_A1";"IKD";"top240_genes";"cluster_4";1129.5;2259;0.0895280863138175;4.00004342727686;2.95865074211864;"N/A";"N/A";"N/A"
"intestine_human_adult_HFGA_A1";"IKD";"top240_genes";"cluster_5";940;1809;0.103326272944648;4.00004342727686;2.95865074211864;"N/A";"N/A";"N/A"
"intestine_human_adult_HFGA_A1";"IKD";"top240_genes";"cluster_6";1724;3627;0.0881587241815096;4.00004342727686;2.95865074211864;"N/A";"N/A";"N/A"
"intestine_human_adult_HFGA_A1";"IKD";"top240_genes";"cluster_7";1235;2301;0.110905574764985;4.00004342727686;2.95865074211864;"N/A";"N/A";"N/A"
"intestine_human_adult_HFGA_A1";"IKD";"top240_genes";"cluster_8";2521.5;7207;0.112810304742455;4.00004342727686;2.95865074211864;"N/A";"N/A";"N/A"
"intestine_human_adult_HFGA_A1";"IKD";"top240_genes";"cluster_9";909.5;1815;0.122607622670979;4.00004342727686;2.95865074211864;"N/A";"N/A";"N/A"
"intestine_human_adult_HFGA_A1";"IKD";"top240_genes";"cluster_10";1812;4030.5;0.0629077141499969;3.30107342294084;2.25968073778262;"N/A";"N/A";"N/A"
"intestine_human_adult_HFGA_A1";"LD";"top120_genes";"cluster_0";921.5;1516.5;0.0131231056747727;0.775769412982605;0;"N/A";"N/A";"N/A"
"intestine_human_adult_HFGA_A1";"LD";"top120_genes";"cluster_1";759.5;1311.5;-0.000524284222050621;0.381054506911929;0;"N/A";"N/A";"N/A"
"intestine_human_adult_HFGA_A1";"LD";"top120_genes";"cluster_2";1782;3195;-2.84470283319627e-05;0.368396764318443;0;"N/A";"N/A";"N/A"
"intestine_human_adult_HFGA_A1";"LD";"top120_genes";"cluster_3";2031;5326.5;0.0458692084835017;1.72358162310362;0.682188937945393;"N/A";"N/A";"N/A"
"intestine_human_adult_HFGA_A1";"LD";"top120_genes";"cluster_4";1129.5;2259;-0.0102500159280548;0.167342956316295;0;"N/A";"N/A";"N/A"
"intestine_human_adult_HFGA_A1";"LD";"top120_genes";"cluster_5";940;1809;-0.00462566166613645;0.277574041392832;0;"N/A";"N/A";"N/A"
"intestine_human_adult_HFGA_A1";"LD";"top120_genes";"cluster_6";1724;3627;-0.0254050379690967;0.0253935928381406;0;"N/A";"N/A";"N/A"
"intestine_human_adult_HFGA_A1";"LD";"top120_genes";"cluster_7";1235;2301;-0.00831786530040207;0.194338722842998;0;"N/A";"N/A";"N/A"
"intestine_human_adult_HFGA_A1";"LD";"top120_genes";"cluster_8";2521.5;7207;0.0507643720812134;1.83569057149243;0.794297886334201;"N/A";"N/A";"N/A"
"intestine_human_adult_HFGA_A1";"LD";"top120_genes";"cluster_9";909.5;1815;0.023627656670879;1.03343244059493;0;"N/A";"N/A";"N/A"
"intestine_human_adult_HFGA_A1";"LD";"top120_genes";"cluster_10";1812;4030.5;0.00153846645549234;0.381890693898343;0;"N/A";"N/A";"N/A"
"intestine_human_adult_HFGA_A1";"LDL";"top70_genes";"cluster_0";921.5;1516.5;0.0167161309491293;0.836882052299844;0;"N/A";"N/A";"N/A"
"intestine_human_adult_HFGA_A1";"LDL";"top70_genes";"cluster_1";759.5;1311.5;0.00898590452020672;0.647089515566775;0;"N/A";"N/A";"N/A"
"intestine_human_adult_HFGA_A1";"LDL";"top70_genes";"cluster_2";1782;3195;0.0126846765809708;0.700972167249453;0;"N/A";"N/A";"N/A"
"intestine_human_adult_HFGA_A1";"LDL";"top70_genes";"cluster_3";2031;5326.5;0.044482562855153;1.38409337562046;0.342700690462237;"N/A";"N/A";"N/A"
"intestine_human_adult_HFGA_A1";"LDL";"top70_genes";"cluster_4";1129.5;2259;0.00426637454834189;0.488026457780736;0;"N/A";"N/A";"N/A"
"intestine_human_adult_HFGA_A1";"LDL";"top70_genes";"cluster_5";940;1809;0.00558343243429862;0.538995335606205;0;"N/A";"N/A";"N/A"
"intestine_human_adult_HFGA_A1";"LDL";"top70_genes";"cluster_6";1724;3627;0.0390787819061962;1.28404008364206;0.242647398483839;"N/A";"N/A";"N/A"
"intestine_human_adult_HFGA_A1";"LDL";"top70_genes";"cluster_7";1235;2301;0.0266121403701905;1.06152370210037;0.0201310169421458;"N/A";"N/A";"N/A"
"intestine_human_adult_HFGA_A1";"LDL";"top70_genes";"cluster_8";2521.5;7207;0.0631323164272766;1.80971172910657;0.768319043948346;"N/A";"N/A";"N/A"
"intestine_human_adult_HFGA_A1";"LDL";"top70_genes";"cluster_9";909.5;1815;0.0243249521013248;0.919777799937018;0;"N/A";"N/A";"N/A"
"intestine_human_adult_HFGA_A1";"LDL";"top70_genes";"cluster_10";1812;4030.5;-0.00518019396688393;0.278562572506813;0;"N/A";"N/A";"N/A"
"intestine_human_adult_HFGA_A1";"LUD";"top190_genes";"cluster_0";921.5;1516.5;0.0236078618347812;1.25968073778262;0.218288052624394;"N/A";"N/A";"N/A"
"intestine_human_adult_HFGA_A1";"LUD";"top190_genes";"cluster_1";759.5;1311.5;0.0189582422445134;1.02004005569312;0;"N/A";"N/A";"N/A"
"intestine_human_adult_HFGA_A1";"LUD";"top190_genes";"cluster_2";1782;3195;0.0175134201672573;0.981342928610619;0;"N/A";"N/A";"N/A"
"intestine_human_adult_HFGA_A1";"LUD";"top190_genes";"cluster_3";2031;5326.5;0.0471708057459148;2.18713007063401;1.14573738547578;"N/A";"N/A";"N/A"
"intestine_human_adult_HFGA_A1";"LUD";"top190_genes";"cluster_4";1129.5;2259;0.0198614471255566;0.983427879719685;0;"N/A";"N/A";"N/A"
"intestine_human_adult_HFGA_A1";"LUD";"top190_genes";"cluster_5";940;1809;0.0238944497629946;1.17073965444584;0.129346969287613;"N/A";"N/A";"N/A"
"intestine_human_adult_HFGA_A1";"LUD";"top190_genes";"cluster_6";1724;3627;0.0111541736935194;0.67761737487091;0;"N/A";"N/A";"N/A"
"intestine_human_adult_HFGA_A1";"LUD";"top190_genes";"cluster_7";1235;2301;0.0131698123885327;0.794568390535972;0;"N/A";"N/A";"N/A"
"intestine_human_adult_HFGA_A1";"LUD";"top190_genes";"cluster_8";2521.5;7207;0.0361481619405358;1.54825699175257;0.506864306594347;"N/A";"N/A";"N/A"
"intestine_human_adult_HFGA_A1";"LUD";"top190_genes";"cluster_9";909.5;1815;0.0383457197061902;1.83272609252869;0.791333407370462;"N/A";"N/A";"N/A"
"intestine_human_adult_HFGA_A1";"LUD";"top190_genes";"cluster_10";1812;4030.5;-0.011878099157958;0.130166614010096;0;"N/A";"N/A";"N/A"
"intestine_human_adult_HFGA_A1";"PAR";"top80_genes";"cluster_0";921.5;1516.5;0.152876721030944;4.00004342727686;2.95865074211864;"N/A";"N/A";"N/A"
"intestine_human_adult_HFGA_A1";"PAR";"top80_genes";"cluster_1";759.5;1311.5;0.192325617444515;4.00004342727686;2.95865074211864;"N/A";"N/A";"N/A"
"intestine_human_adult_HFGA_A1";"PAR";"top80_genes";"cluster_2";1782;3195;0.115237884040276;4.00004342727686;2.95865074211864;"N/A";"N/A";"N/A"
"intestine_human_adult_HFGA_A1";"PAR";"top80_genes";"cluster_3";2031;5326.5;0.165477260011267;4.00004342727686;2.95865074211864;"N/A";"N/A";"N/A"
"intestine_human_adult_HFGA_A1";"PAR";"top80_genes";"cluster_4";1129.5;2259;0.137720576512683;4.00004342727686;2.95865074211864;"N/A";"N/A";"N/A"
"intestine_human_adult_HFGA_A1";"PAR";"top80_genes";"cluster_5";940;1809;0.157673800793678;4.00004342727686;2.95865074211864;"N/A";"N/A";"N/A"
"intestine_human_adult_HFGA_A1";"PAR";"top80_genes";"cluster_6";1724;3627;0.163873150881163;4.00004342727686;2.95865074211864;"N/A";"N/A";"N/A"
"intestine_human_adult_HFGA_A1";"PAR";"top80_genes";"cluster_7";1235;2301;0.177730075303165;4.00004342727686;2.95865074211864;"N/A";"N/A";"N/A"
"intestine_human_adult_HFGA_A1";"PAR";"top80_genes";"cluster_8";2521.5;7207;0.136916374796253;4.00004342727686;2.95865074211864;"N/A";"N/A";"N/A"
"intestine_human_adult_HFGA_A1";"PAR";"top80_genes";"cluster_9";909.5;1815;0.181280312690291;4.00004342727686;2.95865074211864;"N/A";"N/A";"N/A"
"intestine_human_adult_HFGA_A1";"PAR";"top80_genes";"cluster_10";1812;4030.5;0.119848272149911;3.69901343161288;2.65762074645466;"N/A";"N/A";"N/A"
"intestine_human_adult_HFGA_A1";"T1D";"top90_genes";"cluster_0";921.5;1516.5;-0.00139306650808971;0.37226805204756;0;"N/A";"N/A";"N/A"
"intestine_human_adult_HFGA_A1";"T1D";"top90_genes";"cluster_1";759.5;1311.5;-0.00492477077322304;0.294265214448265;0;"N/A";"N/A";"N/A"
"intestine_human_adult_HFGA_A1";"T1D";"top90_genes";"cluster_2";1782;3195;-0.0068599060366262;0.225964626524344;0;"N/A";"N/A";"N/A"
"intestine_human_adult_HFGA_A1";"T1D";"top90_genes";"cluster_3";2031;5326.5;0.0270948689164363;1.02277721484957;0;"N/A";"N/A";"N/A"
"intestine_human_adult_HFGA_A1";"T1D";"top90_genes";"cluster_4";1129.5;2259;-0.0140745195807263;0.125329738519084;0;"N/A";"N/A";"N/A"
"intestine_human_adult_HFGA_A1";"T1D";"top90_genes";"cluster_5";940;1809;-0.00784487570572377;0.230813845540269;0;"N/A";"N/A";"N/A"
"intestine_human_adult_HFGA_A1";"T1D";"top90_genes";"cluster_6";1724;3627;-0.0110945830862189;0.172157444487007;0;"N/A";"N/A";"N/A"
"intestine_human_adult_HFGA_A1";"T1D";"top90_genes";"cluster_7";1235;2301;-0.00196513010105487;0.343178935727945;0;"N/A";"N/A";"N/A"
"intestine_human_adult_HFGA_A1";"T1D";"top90_genes";"cluster_8";2521.5;7207;0.0188681257775953;0.774475713837392;0;"N/A";"N/A";"N/A"
"intestine_human_adult_HFGA_A1";"T1D";"top90_genes";"cluster_9";909.5;1815;0.0040552162601557;0.489632479266686;0;"N/A";"N/A";"N/A"
"intestine_human_adult_HFGA_A1";"T1D";"top90_genes";"cluster_10";1812;4030.5;0.033717522039943;1.16817365299636;0.126780967838136;"N/A";"N/A";"N/A"
"kidney_mouse_10X";"AHD";"top120_genes";"cluster_0";7363.5;58439;0.0214644676663668;0.587246998560319;0;"N/A";"N/A";"N/A"
"kidney_mouse_10X";"AHD";"top120_genes";"cluster_1";5645.5;31699.5;0.0797597103821163;1.59180346196501;0.550410776806788;"N/A";"N/A";"N/A"
"kidney_mouse_10X";"AHD";"top120_genes";"cluster_2";5552;25019;0.0844721090837562;1.77215672266319;0.730764037504964;"N/A";"N/A";"N/A"
"kidney_mouse_10X";"AHD";"top120_genes";"cluster_3";7785.5;72409.5;0.0683742610031033;1.34876541327872;0.307372728120494;"N/A";"N/A";"N/A"
"kidney_mouse_10X";"AHD";"top120_genes";"cluster_4";5381;25742;0.0870730666067807;1.77993533923681;0.738542654078583;"N/A";"N/A";"N/A"
"kidney_mouse_10X";"AHD";"top120_genes";"cluster_5";4117;14447;0.0821780060056831;1.66962965392767;0.628236968769447;"N/A";"N/A";"N/A"
"kidney_mouse_10X";"AHD";"top120_genes";"cluster_6";7081.5;52663.5;0.0733055198804687;1.50035634465846;0.458963659500234;"N/A";"N/A";"N/A"
"kidney_mouse_10X";"AHD";"top120_genes";"cluster_7";7331;52297;0.0775101314231708;1.6497954089427;0.608402723784475;"N/A";"N/A";"N/A"
"kidney_mouse_10X";"AHD";"top120_genes";"cluster_8";6445.5;40899;0.0589534954358716;1.24493116088179;0.203538475723566;"N/A";"N/A";"N/A"
"kidney_mouse_10X";"AHD";"top120_genes";"cluster_9";5991;27353.5;0.0712291423358298;1.51149271077642;0.470100025618193;"N/A";"N/A";"N/A"
"kidney_mouse_10X";"AHD";"top120_genes";"cluster_10";4668;24030;0.0880506327264253;1.81535199645926;0.773959311301039;"N/A";"N/A";"N/A"
"kidney_mouse_10X";"ALS";"top90_genes";"cluster_0";7363.5;58439;0.0406390622309336;0.826565783823868;0;"N/A";"N/A";"N/A"
"kidney_mouse_10X";"ALS";"top90_genes";"cluster_1";5645.5;31699.5;0.128047838771163;2.38725957055713;1.3458668853989;"N/A";"N/A";"N/A"
"kidney_mouse_10X";"ALS";"top90_genes";"cluster_2";5552;25019;0.11837717507248;2.38725957055713;1.3458668853989;"N/A";"N/A";"N/A"
"kidney_mouse_10X";"ALS";"top90_genes";"cluster_3";7785.5;72409.5;0.092051981011834;1.71448611826909;0.673093433110864;"N/A";"N/A";"N/A"
"kidney_mouse_10X";"ALS";"top90_genes";"cluster_4";5381;25742;0.124531546871492;2.44374092650958;1.40234824135135;"N/A";"N/A";"N/A"
"kidney_mouse_10X";"ALS";"top90_genes";"cluster_5";4117;14447;0.123264935060668;2.36657497169728;1.32518228653905;"N/A";"N/A";"N/A"
"kidney_mouse_10X";"ALS";"top90_genes";"cluster_6";7081.5;52663.5;0.10924851783679;2.10241633598642;1.0610236508282;"N/A";"N/A";"N/A"
"kidney_mouse_10X";"ALS";"top90_genes";"cluster_7";7331;52297;0.114763781082095;2.30107342294084;1.25968073778262;"N/A";"N/A";"N/A"
"kidney_mouse_10X";"ALS";"top90_genes";"cluster_8";6445.5;40899;0.101682707649827;1.99572205349422;0.954329368335995;"N/A";"N/A";"N/A"
"kidney_mouse_10X";"ALS";"top90_genes";"cluster_9";5991;27353.5;0.10027134760704;1.95865074211864;0.917258056960413;"N/A";"N/A";"N/A"
"kidney_mouse_10X";"ALS";"top90_genes";"cluster_10";4668;24030;0.102268241184316;2.02231982198801;0.98092713682979;"N/A";"N/A";"N/A"
"kidney_mouse_10X";"ALZ";"top60_genes";"cluster_0";7363.5;58439;0.0207966508830301;0.532435321693229;0;"N/A";"N/A";"N/A"
"kidney_mouse_10X";"ALZ";"top60_genes";"cluster_1";5645.5;31699.5;0.0542999960097955;1.08622957489315;0.0448368897349209;"N/A";"N/A";"N/A"
"kidney_mouse_10X";"ALZ";"top60_genes";"cluster_2";5552;25019;0.0868969315510666;1.63082756986672;0.589434884708495;"N/A";"N/A";"N/A"
"kidney_mouse_10X";"ALZ";"top60_genes";"cluster_3";7785.5;72409.5;0.0405229372778576;0.80138634032244;0;"N/A";"N/A";"N/A"
"kidney_mouse_10X";"ALZ";"top60_genes";"cluster_4";5381;25742;0.0773888820879497;1.50728303825003;0.4658903530918;"N/A";"N/A";"N/A"
"kidney_mouse_10X";"ALZ";"top60_genes";"cluster_5";4117;14447;0.0768836490496131;1.53169609686471;0.49030341170648;"N/A";"N/A";"N/A"
"kidney_mouse_10X";"ALZ";"top60_genes";"cluster_6";7081.5;52663.5;0.0641101376773977;1.2147135922661;0.173320907107871;"N/A";"N/A";"N/A"
"kidney_mouse_10X";"ALZ";"top60_genes";"cluster_7";7331;52297;0.0806867825560466;1.60036970579582;0.558977020637599;"N/A";"N/A";"N/A"
"kidney_mouse_10X";"ALZ";"top60_genes";"cluster_8";6445.5;40899;0.0441726572495931;0.937085593192352;0;"N/A";"N/A";"N/A"
"kidney_mouse_10X";"ALZ";"top60_genes";"cluster_9";5991;27353.5;0.0894218908073073;1.69901343161288;0.657620746454656;"N/A";"N/A";"N/A"
"kidney_mouse_10X";"ALZ";"top60_genes";"cluster_10";4668;24030;0.105624515817048;1.87946949607101;0.838076810912788;"N/A";"N/A";"N/A"
"kidney_mouse_10X";"CAD";"top90_genes";"cluster_0";7363.5;58439;-0.0218870113352317;0.156935285277256;0;"N/A";"N/A";"N/A"
"kidney_mouse_10X";"CAD";"top90_genes";"cluster_1";5645.5;31699.5;0.0306098136538843;0.744288640633818;0;"N/A";"N/A";"N/A"
"kidney_mouse_10X";"CAD";"top90_genes";"cluster_2";5552;25019;0.0177270541241504;0.570937418944166;0;"N/A";"N/A";"N/A"
"kidney_mouse_10X";"CAD";"top90_genes";"cluster_3";7785.5;72409.5;0.0168658532866475;0.530958128153742;0;"N/A";"N/A";"N/A"
"kidney_mouse_10X";"CAD";"top90_genes";"cluster_4";5381;25742;0.0335389313285614;0.823952168221181;0;"N/A";"N/A";"N/A"
"kidney_mouse_10X";"CAD";"top90_genes";"cluster_5";4117;14447;0.0501540637054098;1.10022292484977;0.0588302396915413;"N/A";"N/A";"N/A"
"kidney_mouse_10X";"CAD";"top90_genes";"cluster_6";7081.5;52663.5;0.0451403295916194;0.971472174584325;0;"N/A";"N/A";"N/A"
"kidney_mouse_10X";"CAD";"top90_genes";"cluster_7";7331;52297;0.0435487630831257;1.00309417878148;0;"N/A";"N/A";"N/A"
"kidney_mouse_10X";"CAD";"top90_genes";"cluster_8";6445.5;40899;0.0240870008049568;0.66118868102454;0;"N/A";"N/A";"N/A"
"kidney_mouse_10X";"CAD";"top90_genes";"cluster_9";5991;27353.5;0.107828100636516;2.10794882458638;1.06655613942816;"N/A";"N/A";"N/A"
"kidney_mouse_10X";"CAD";"top90_genes";"cluster_10";4668;24030;0.0376640465218233;0.862056694553331;0;"N/A";"N/A";"N/A"
"kidney_mouse_10X";"CD";"top310_genes";"cluster_0";7363.5;58439;0.000739940882928281;0.329055824266828;0;"N/A";"N/A";"N/A"
"kidney_mouse_10X";"CD";"top310_genes";"cluster_1";5645.5;31699.5;0.0269081048893029;0.667807011785419;0;"N/A";"N/A";"N/A"
"kidney_mouse_10X";"CD";"top310_genes";"cluster_2";5552;25019;0.0119681878872109;0.460716363737488;0;"N/A";"N/A";"N/A"
"kidney_mouse_10X";"CD";"top310_genes";"cluster_3";7785.5;72409.5;-0.0130034787657393;0.2009097339748;0;"N/A";"N/A";"N/A"
"kidney_mouse_10X";"CD";"top310_genes";"cluster_4";5381;25742;0.0274014954682339;0.681980092314101;0;"N/A";"N/A";"N/A"
"kidney_mouse_10X";"CD";"top310_genes";"cluster_5";4117;14447;0.0199191159372833;0.565953788858972;0;"N/A";"N/A";"N/A"
"kidney_mouse_10X";"CD";"top310_genes";"cluster_6";7081.5;52663.5;-0.00585996894625912;0.262532736603386;0;"N/A";"N/A";"N/A"
"kidney_mouse_10X";"CD";"top310_genes";"cluster_7";7331;52297;0.0523401803797239;1.19183245435264;0.150439769194415;"N/A";"N/A";"N/A"
"kidney_mouse_10X";"CD";"top310_genes";"cluster_8";6445.5;40899;0.0149982967104904;0.49720678865586;0;"N/A";"N/A";"N/A"
"kidney_mouse_10X";"CD";"top310_genes";"cluster_9";5991;27353.5;0.0493761787289339;1.10906383028717;0.0676711451289487;"N/A";"N/A";"N/A"
"kidney_mouse_10X";"CD";"top310_genes";"cluster_10";4668;24030;0.0311952479884657;0.772413777705854;0;"N/A";"N/A";"N/A"
"kidney_mouse_10X";"CHD";"top50_genes";"cluster_0";7363.5;58439;0.0365562366272889;0.698362477983286;0;"N/A";"N/A";"N/A"
"kidney_mouse_10X";"CHD";"top50_genes";"cluster_1";5645.5;31699.5;-0.048348775060651;0.0385748719260763;0;"N/A";"N/A";"N/A"
"kidney_mouse_10X";"CHD";"top50_genes";"cluster_2";5552;25019;0.0725195908983831;1.35560483780902;0.314212152650799;"N/A";"N/A";"N/A"
"kidney_mouse_10X";"CHD";"top50_genes";"cluster_3";7785.5;72409.5;-0.050864683626458;0.0479778370918124;0;"N/A";"N/A";"N/A"
"kidney_mouse_10X";"CHD";"top50_genes";"cluster_4";5381;25742;0.0210122493492253;0.624379813315977;0;"N/A";"N/A";"N/A"
"kidney_mouse_10X";"CHD";"top50_genes";"cluster_5";4117;14447;-0.00238025998028579;0.343945225264031;0;"N/A";"N/A";"N/A"
"kidney_mouse_10X";"CHD";"top50_genes";"cluster_6";7081.5;52663.5;-0.0277352684336108;0.122154001905379;0;"N/A";"N/A";"N/A"
"kidney_mouse_10X";"CHD";"top50_genes";"cluster_7";7331;52297;-0.0119459992198936;0.220735599693277;0;"N/A";"N/A";"N/A"
"kidney_mouse_10X";"CHD";"top50_genes";"cluster_8";6445.5;40899;-0.0140977706012598;0.204998056855738;0;"N/A";"N/A";"N/A"
"kidney_mouse_10X";"CHD";"top50_genes";"cluster_9";5991;27353.5;0.092243350591855;1.71000881591434;0.66861613075612;"N/A";"N/A";"N/A"
"kidney_mouse_10X";"CHD";"top50_genes";"cluster_10";4668;24030;0.00980982422532473;0.462350232909472;0;"N/A";"N/A";"N/A"
"kidney_mouse_10X";"CHOL";"top50_genes";"cluster_0";7363.5;58439;-0.0893696674709675;0.0113953020411115;0;"N/A";"N/A";"N/A"
"kidney_mouse_10X";"CHOL";"top50_genes";"cluster_1";5645.5;31699.5;0.0201562187974335;0.578439500407032;0;"N/A";"N/A";"N/A"
"kidney_mouse_10X";"CHOL";"top50_genes";"cluster_2";5552;25019;-0.0370753835862477;0.0728784529774928;0;"N/A";"N/A";"N/A"
"kidney_mouse_10X";"CHOL";"top50_genes";"cluster_3";7785.5;72409.5;0.1036671032414;1.67989714116581;0.638504456007584;"N/A";"N/A";"N/A"
"kidney_mouse_10X";"CHOL";"top50_genes";"cluster_4";5381;25742;0.00492934483878904;0.415373042812514;0;"N/A";"N/A";"N/A"
"kidney_mouse_10X";"CHOL";"top50_genes";"cluster_5";4117;14447;0.0271804098404989;0.735934270971054;0;"N/A";"N/A";"N/A"
"kidney_mouse_10X";"CHOL";"top50_genes";"cluster_6";7081.5;52663.5;0.123295619357721;2.13672056715641;1.09532788199818;"N/A";"N/A";"N/A"
"kidney_mouse_10X";"CHOL";"top50_genes";"cluster_7";7331;52297;0.0146718309990848;0.528605019887563;0;"N/A";"N/A";"N/A"
"kidney_mouse_10X";"CHOL";"top50_genes";"cluster_8";6445.5;40899;0.0163051273298626;0.538394859213408;0;"N/A";"N/A";"N/A"
"kidney_mouse_10X";"CHOL";"top50_genes";"cluster_9";5991;27353.5;-0.015604003679515;0.202568139739528;0;"N/A";"N/A";"N/A"
"kidney_mouse_10X";"CHOL";"top50_genes";"cluster_10";4668;24030;-0.000214082560024142;0.350903363132644;0;"N/A";"N/A";"N/A"
"kidney_mouse_10X";"CIRR";"top50_genes";"cluster_0";7363.5;58439;-0.0390785286430124;0.103021471216499;0;"N/A";"N/A";"N/A"
"kidney_mouse_10X";"CIRR";"top50_genes";"cluster_1";5645.5;31699.5;0.0322131415635228;0.738542654078583;0;"N/A";"N/A";"N/A"
"kidney_mouse_10X";"CIRR";"top50_genes";"cluster_2";5552;25019;0.0311139456746896;0.74646313771468;0;"N/A";"N/A";"N/A"
"kidney_mouse_10X";"CIRR";"top50_genes";"cluster_3";7785.5;72409.5;0.0036639499213984;0.370531893076409;0;"N/A";"N/A";"N/A"
"kidney_mouse_10X";"CIRR";"top50_genes";"cluster_4";5381;25742;0.0103325604130562;0.48869491178665;0;"N/A";"N/A";"N/A"
"kidney_mouse_10X";"CIRR";"top50_genes";"cluster_5";4117;14447;0.0304857114773011;0.785199579229165;0;"N/A";"N/A";"N/A"
"kidney_mouse_10X";"CIRR";"top50_genes";"cluster_6";7081.5;52663.5;0.0126791329258493;0.476817385311162;0;"N/A";"N/A";"N/A"
"kidney_mouse_10X";"CIRR";"top50_genes";"cluster_7";7331;52297;0.0640847030106166;1.30368703854353;0.262294353385306;"N/A";"N/A";"N/A"
"kidney_mouse_10X";"CIRR";"top50_genes";"cluster_8";6445.5;40899;0.0275292453918417;0.692761380243517;0;"N/A";"N/A";"N/A"
"kidney_mouse_10X";"CIRR";"top50_genes";"cluster_9";5991;27353.5;0.0410146300604958;0.892833457628994;0;"N/A";"N/A";"N/A"
"kidney_mouse_10X";"CIRR";"top50_genes";"cluster_10";4668;24030;0.0333147244964259;0.761997324148067;0;"N/A";"N/A";"N/A"
"kidney_mouse_10X";"EPI";"top190_genes";"cluster_0";7363.5;58439;0.16553641224807;3.30107342294084;2.25968073778262;"N/A";"N/A";"N/A"
"kidney_mouse_10X";"EPI";"top190_genes";"cluster_1";5645.5;31699.5;0.22093211196299;4.00004342727686;2.95865074211864;"N/A";"N/A";"N/A"
"kidney_mouse_10X";"EPI";"top190_genes";"cluster_2";5552;25019;0.213010480789772;4.00004342727686;2.95865074211864;"N/A";"N/A";"N/A"
"kidney_mouse_10X";"EPI";"top190_genes";"cluster_3";7785.5;72409.5;0.194726271900077;4.00004342727686;2.95865074211864;"N/A";"N/A";"N/A"
"kidney_mouse_10X";"EPI";"top190_genes";"cluster_4";5381;25742;0.224573104838214;4.00004342727686;2.95865074211864;"N/A";"N/A";"N/A"
"kidney_mouse_10X";"EPI";"top190_genes";"cluster_5";4117;14447;0.223000456182473;4.00004342727686;2.95865074211864;"N/A";"N/A";"N/A"
"kidney_mouse_10X";"EPI";"top190_genes";"cluster_6";7081.5;52663.5;0.206415745782219;4.00004342727686;2.95865074211864;"N/A";"N/A";"N/A"
"kidney_mouse_10X";"EPI";"top190_genes";"cluster_7";7331;52297;0.149079382931688;3.30107342294084;2.25968073778262;"N/A";"N/A";"N/A"
"kidney_mouse_10X";"EPI";"top190_genes";"cluster_8";6445.5;40899;0.207730637272999;4.00004342727686;2.95865074211864;"N/A";"N/A";"N/A"
"kidney_mouse_10X";"EPI";"top190_genes";"cluster_9";5991;27353.5;0.187727579415054;3.69901343161288;2.65762074645466;"N/A";"N/A";"N/A"
"kidney_mouse_10X";"EPI";"top190_genes";"cluster_10";4668;24030;0.207041377997796;4.00004342727686;2.95865074211864;"N/A";"N/A";"N/A"
"kidney_mouse_10X";"LD";"top70_genes";"cluster_0";7363.5;58439;-0.143542917814381;4.34272768626769e-05;0;"N/A";"N/A";"N/A"
"kidney_mouse_10X";"LD";"top70_genes";"cluster_1";5645.5;31699.5;0.0288515996258191;0.71516171262141;0;"N/A";"N/A";"N/A"
"kidney_mouse_10X";"LD";"top70_genes";"cluster_2";5552;25019;-0.0352825470073435;0.0715963640676807;0;"N/A";"N/A";"N/A"
"kidney_mouse_10X";"LD";"top70_genes";"cluster_3";7785.5;72409.5;0.065405946491278;1.19250839920801;0.151115714049784;"N/A";"N/A";"N/A"
"kidney_mouse_10X";"LD";"top70_genes";"cluster_4";5381;25742;-0.0293907700212026;0.0948413986145441;0;"N/A";"N/A";"N/A"
"kidney_mouse_10X";"LD";"top70_genes";"cluster_5";4117;14447;-0.00248875443833352;0.33446243625891;0;"N/A";"N/A";"N/A"
"kidney_mouse_10X";"LD";"top70_genes";"cluster_6";7081.5;52663.5;0.0758726019849263;1.41911845160124;0.377725766443018;"N/A";"N/A";"N/A"
"kidney_mouse_10X";"LD";"top70_genes";"cluster_7";7331;52297;0.0256530275464892;0.707787355920387;0;"N/A";"N/A";"N/A"
"kidney_mouse_10X";"LD";"top70_genes";"cluster_8";6445.5;40899;0.0194522215473877;0.598470581600417;0;"N/A";"N/A";"N/A"
"kidney_mouse_10X";"LD";"top70_genes";"cluster_9";5991;27353.5;-0.0367937267432656;0.0652925526132836;0;"N/A";"N/A";"N/A"
"kidney_mouse_10X";"LD";"top70_genes";"cluster_10";4668;24030;-0.0344121398845457;0.0851187790717142;0;"N/A";"N/A";"N/A"
"kidney_mouse_10X";"LDL";"top150_genes";"cluster_0";7363.5;58439;-0.10031450763867;0.00026062882272692;0;"N/A";"N/A";"N/A"
"kidney_mouse_10X";"LDL";"top150_genes";"cluster_1";5645.5;31699.5;0.0273437313279085;0.69966536240616;0;"N/A";"N/A";"N/A"
"kidney_mouse_10X";"LDL";"top150_genes";"cluster_2";5552;25019;-0.0281734098208435;0.102361365480443;0;"N/A";"N/A";"N/A"
"kidney_mouse_10X";"LDL";"top150_genes";"cluster_3";7785.5;72409.5;0.0663619275786095;1.34394522526403;0.302552540105806;"N/A";"N/A";"N/A"
"kidney_mouse_10X";"LDL";"top150_genes";"cluster_4";5381;25742;-0.00387730815361875;0.297785264114768;0;"N/A";"N/A";"N/A"
"kidney_mouse_10X";"LDL";"top150_genes";"cluster_5";4117;14447;0.0330144541307731;0.804420483689926;0;"N/A";"N/A";"N/A"
"kidney_mouse_10X";"LDL";"top150_genes";"cluster_6";7081.5;52663.5;0.0787217181227179;1.59864288649532;0.557250201337093;"N/A";"N/A";"N/A"
"kidney_mouse_10X";"LDL";"top150_genes";"cluster_7";7331;52297;0.00312483250938167;0.379490982547427;0;"N/A";"N/A";"N/A"
"kidney_mouse_10X";"LDL";"top150_genes";"cluster_8";6445.5;40899;0.014085129452939;0.512763610833794;0;"N/A";"N/A";"N/A"
"kidney_mouse_10X";"LDL";"top150_genes";"cluster_9";5991;27353.5;-0.00541862918489605;0.280049600909259;0;"N/A";"N/A";"N/A"
"kidney_mouse_10X";"LDL";"top150_genes";"cluster_10";4668;24030;0.00895794379123904;0.449570470170299;0;"N/A";"N/A";"N/A"
"kidney_mouse_10X";"LUD";"top90_genes";"cluster_0";7363.5;58439;-0.0382049377359494;0.0811223371855269;0;"N/A";"N/A";"N/A"
"kidney_mouse_10X";"LUD";"top90_genes";"cluster_1";5645.5;31699.5;0.00754723340306596;0.429967721955259;0;"N/A";"N/A";"N/A"
"kidney_mouse_10X";"LUD";"top90_genes";"cluster_2";5552;25019;0.0615654090173501;1.27988412387091;0.238491438712681;"N/A";"N/A";"N/A"
"kidney_mouse_10X";"LUD";"top90_genes";"cluster_3";7785.5;72409.5;0.0178102688930342;0.542312879030864;0;"N/A";"N/A";"N/A"
"kidney_mouse_10X";"LUD";"top90_genes";"cluster_4";5381;25742;0.022481016008118;0.651349237011322;0;"N/A";"N/A";"N/A"
"kidney_mouse_10X";"LUD";"top90_genes";"cluster_5";4117;14447;0.0269806831811229;0.723811469355029;0;"N/A";"N/A";"N/A"
"kidney_mouse_10X";"LUD";"top90_genes";"cluster_6";7081.5;52663.5;0.0264349452416567;0.669426759982424;0;"N/A";"N/A";"N/A"
"kidney_mouse_10X";"LUD";"top90_genes";"cluster_7";7331;52297;-0.0137014331693548;0.197748715879399;0;"N/A";"N/A";"N/A"
"kidney_mouse_10X";"LUD";"top90_genes";"cluster_8";6445.5;40899;0.026400122649716;0.695768376799734;0;"N/A";"N/A";"N/A"
"kidney_mouse_10X";"LUD";"top90_genes";"cluster_9";5991;27353.5;0.0151006929941461;0.530074217776903;0;"N/A";"N/A";"N/A"
"kidney_mouse_10X";"LUD";"top90_genes";"cluster_10";4668;24030;-0.024639598223883;0.131105248943951;0;"N/A";"N/A";"N/A"
"kidney_mouse_10X";"MI";"top50_genes";"cluster_0";7363.5;58439;0.0472525011535369;0.82511183374842;0;"N/A";"N/A";"N/A"
"kidney_mouse_10X";"MI";"top50_genes";"cluster_1";5645.5;31699.5;0.0350047102917933;0.773443522069505;0;"N/A";"N/A";"N/A"
"kidney_mouse_10X";"MI";"top50_genes";"cluster_2";5552;25019;0.0249853600897434;0.669223960781026;0;"N/A";"N/A";"N/A"
"kidney_mouse_10X";"MI";"top50_genes";"cluster_3";7785.5;72409.5;0.013063373039095;0.462854201033218;0;"N/A";"N/A";"N/A"
"kidney_mouse_10X";"MI";"top50_genes";"cluster_4";5381;25742;0.0506178157296296;1.06554497603329;0.0241522908750699;"N/A";"N/A";"N/A"
"kidney_mouse_10X";"MI";"top50_genes";"cluster_5";4117;14447;0.0728900435189009;1.39907053159011;0.357677846431889;"N/A";"N/A";"N/A"
"kidney_mouse_10X";"MI";"top50_genes";"cluster_6";7081.5;52663.5;0.0307936668405721;0.69254738936365;0;"N/A";"N/A";"N/A"
"kidney_mouse_10X";"MI";"top50_genes";"cluster_7";7331;52297;0.0484773862113578;1.05211980744514;0.0107271222869112;"N/A";"N/A";"N/A"
"kidney_mouse_10X";"MI";"top50_genes";"cluster_8";6445.5;40899;0.0336063450440486;0.779151178057343;0;"N/A";"N/A";"N/A"
"kidney_mouse_10X";"MI";"top50_genes";"cluster_9";5991;27353.5;0.140757292188177;2.45597538292659;1.41458269776836;"N/A";"N/A";"N/A"
"kidney_mouse_10X";"MI";"top50_genes";"cluster_10";4668;24030;0.0734946765568822;1.31609629652535;0.274703611367126;"N/A";"N/A";"N/A"
"kidney_mouse_10X";"MS";"top50_genes";"cluster_0";7363.5;58439;-0.0326048387907217;0.130049427155121;0;"N/A";"N/A";"N/A"
"kidney_mouse_10X";"MS";"top50_genes";"cluster_1";5645.5;31699.5;0.0336225280810927;0.756509325444801;0;"N/A";"N/A";"N/A"
"kidney_mouse_10X";"MS";"top50_genes";"cluster_2";5552;25019;0.0104354431566669;0.487492434372652;0;"N/A";"N/A";"N/A"
"kidney_mouse_10X";"MS";"top50_genes";"cluster_3";7785.5;72409.5;-0.0537521257477114;0.0414795440548952;0;"N/A";"N/A";"N/A"
"kidney_mouse_10X";"MS";"top50_genes";"cluster_4";5381;25742;0.0126059200203884;0.517027007132731;0;"N/A";"N/A";"N/A"
"kidney_mouse_10X";"MS";"top50_genes";"cluster_5";4117;14447;0.0292943039719989;0.770105741368929;0;"N/A";"N/A";"N/A"
"kidney_mouse_10X";"MS";"top50_genes";"cluster_6";7081.5;52663.5;-0.0133583999466668;0.218288052624394;0;"N/A";"N/A";"N/A"
"kidney_mouse_10X";"MS";"top50_genes";"cluster_7";7331;52297;0.0187322325472608;0.583402919938582;0;"N/A";"N/A";"N/A"
"kidney_mouse_10X";"MS";"top50_genes";"cluster_8";6445.5;40899;0.012765438374666;0.490437722665307;0;"N/A";"N/A";"N/A"
"kidney_mouse_10X";"MS";"top50_genes";"cluster_9";5991;27353.5;0.0687432232861827;1.31880218990128;0.27740950474305;"N/A";"N/A";"N/A"
"kidney_mouse_10X";"MS";"top50_genes";"cluster_10";4668;24030;0.0179537629488525;0.560079491355958;0;"N/A";"N/A";"N/A"
"kidney_mouse_10X";"NAFLD";"top60_genes";"cluster_0";7363.5;58439;-0.00933464530979894;0.249998115265095;0;"N/A";"N/A";"N/A"
"kidney_mouse_10X";"NAFLD";"top60_genes";"cluster_1";5645.5;31699.5;0.00864092420948315;0.438942043627807;0;"N/A";"N/A";"N/A"
"kidney_mouse_10X";"NAFLD";"top60_genes";"cluster_2";5552;25019;0.0195783022304954;0.589941350634002;0;"N/A";"N/A";"N/A"
"kidney_mouse_10X";"NAFLD";"top60_genes";"cluster_3";7785.5;72409.5;-0.0460824662739803;0.05615337902839;0;"N/A";"N/A";"N/A"
"kidney_mouse_10X";"NAFLD";"top60_genes";"cluster_4";5381;25742;0.0147552043104049;0.536598395506435;0;"N/A";"N/A";"N/A"
"kidney_mouse_10X";"NAFLD";"top60_genes";"cluster_5";4117;14447;0.012810258780553;0.52728697795965;0;"N/A";"N/A";"N/A"
"kidney_mouse_10X";"NAFLD";"top60_genes";"cluster_6";7081.5;52663.5;-0.0102572864075328;0.239771766734799;0;"N/A";"N/A";"N/A"
"kidney_mouse_10X";"NAFLD";"top60_genes";"cluster_7";7331;52297;0.00888853196076167;0.449448219787535;0;"N/A";"N/A";"N/A"
"kidney_mouse_10X";"NAFLD";"top60_genes";"cluster_8";6445.5;40899;-0.00160249771028825;0.323166995303726;0;"N/A";"N/A";"N/A"
"kidney_mouse_10X";"NAFLD";"top60_genes";"cluster_9";5991;27353.5;0.0142446091697392;0.511915931029404;0;"N/A";"N/A";"N/A"
"kidney_mouse_10X";"NAFLD";"top60_genes";"cluster_10";4668;24030;0.0514354655717242;1.02186291033945;0;"N/A";"N/A";"N/A"
"kidney_mouse_10X";"PAR";"top100_genes";"cluster_0";7363.5;58439;0.247994616728405;3.69901343161288;2.65762074645466;"N/A";"N/A";"N/A"
"kidney_mouse_10X";"PAR";"top100_genes";"cluster_1";5645.5;31699.5;0.256229073324383;4.00004342727686;2.95865074211864;"N/A";"N/A";"N/A"
"kidney_mouse_10X";"PAR";"top100_genes";"cluster_2";5552;25019;0.258261216703978;4.00004342727686;2.95865074211864;"N/A";"N/A";"N/A"
"kidney_mouse_10X";"PAR";"top100_genes";"cluster_3";7785.5;72409.5;0.197505686950235;3.5229221725572;2.48152948739898;"N/A";"N/A";"N/A"
"kidney_mouse_10X";"PAR";"top100_genes";"cluster_4";5381;25742;0.266500954750505;4.00004342727686;2.95865074211864;"N/A";"N/A";"N/A"
"kidney_mouse_10X";"PAR";"top100_genes";"cluster_5";4117;14447;0.259751246625192;4.00004342727686;2.95865074211864;"N/A";"N/A";"N/A"
"kidney_mouse_10X";"PAR";"top100_genes";"cluster_6";7081.5;52663.5;0.22661873666052;3.69901343161288;2.65762074645466;"N/A";"N/A";"N/A"
"kidney_mouse_10X";"PAR";"top100_genes";"cluster_7";7331;52297;0.223778031363661;3.5229221725572;2.48152948739898;"N/A";"N/A";"N/A"
"kidney_mouse_10X";"PAR";"top100_genes";"cluster_8";6445.5;40899;0.236743891571962;4.00004342727686;2.95865074211864;"N/A";"N/A";"N/A"
"kidney_mouse_10X";"PAR";"top100_genes";"cluster_9";5991;27353.5;0.26944537994271;4.00004342727686;2.95865074211864;"N/A";"N/A";"N/A"
"kidney_mouse_10X";"PAR";"top100_genes";"cluster_10";4668;24030;0.258926672841585;4.00004342727686;2.95865074211864;"N/A";"N/A";"N/A"
"liver_mouse_JBO002";"AHD";"top70_genes";"cluster_0";4162;25321;0.0385939079551874;0.854225712785035;0.0760744624013914;"N/A";"N/A";"N/A"
"liver_mouse_JBO002";"AHD";"top70_genes";"cluster_1";4374.5;27910;0.0651918447363539;1.2132920051313;0.435140754747658;"N/A";"N/A";"N/A"
"liver_mouse_JBO002";"AHD";"top70_genes";"cluster_2";4350;27696.5;0.0461564447354054;0.961820788908144;0.183669538524501;"N/A";"N/A";"N/A"
"liver_mouse_JBO002";"AHD";"top70_genes";"cluster_3";4612;31261;0.0797107046323883;1.36455968046195;0.586408430078307;"N/A";"N/A";"N/A"
"liver_mouse_JBO002";"AHD";"top70_genes";"cluster_4";4095;23806;0.0216659238197007;0.620375393243209;0;"N/A";"N/A";"N/A"
"liver_mouse_JBO002";"AHD";"top70_genes";"cluster_5";4526;30282;0.0579619895681116;1.08201309049198;0.303861840108339;"N/A";"N/A";"N/A"
"liver_mouse_JBO002";"ALS";"top50_genes";"cluster_0";4162;25321;0.0553028454578993;1.05704383391082;0.278892583527178;"N/A";"N/A";"N/A"
"liver_mouse_JBO002";"ALS";"top50_genes";"cluster_1";4374.5;27910;0.0916181238274433;1.51432200079528;0.736170750411639;"N/A";"N/A";"N/A"
"liver_mouse_JBO002";"ALS";"top50_genes";"cluster_2";4350;27696.5;0.0625129419783887;1.146953897425;0.368802647041353;"N/A";"N/A";"N/A"
"liver_mouse_JBO002";"ALS";"top50_genes";"cluster_3";4612;31261;0.0984981541037683;1.5751617906458;0.797010540262152;"N/A";"N/A";"N/A"
"liver_mouse_JBO002";"ALS";"top50_genes";"cluster_4";4095;23806;0.0483761010786835;0.94390116521781;0.165749914834167;"N/A";"N/A";"N/A"
"liver_mouse_JBO002";"ALS";"top50_genes";"cluster_5";4526;30282;0.0698028082675627;1.20416340993279;0.426012159549144;"N/A";"N/A";"N/A"
"liver_mouse_JBO002";"ALZ";"top70_genes";"cluster_0";4162;25321;0.158168007643239;2.5229221725572;1.74477092217356;"N/A";"N/A";"N/A"
"liver_mouse_JBO002";"ALZ";"top70_genes";"cluster_1";4374.5;27910;0.148001335587172;2.35659075079068;1.57843950040703;"N/A";"N/A";"N/A"
"liver_mouse_JBO002";"ALZ";"top70_genes";"cluster_2";4350;27696.5;0.152282913324031;2.44374092650958;1.66558967612593;"N/A";"N/A";"N/A"
"liver_mouse_JBO002";"ALZ";"top70_genes";"cluster_3";4612;31261;0.162311031475475;2.5229221725572;1.74477092217356;"N/A";"N/A";"N/A"
"liver_mouse_JBO002";"ALZ";"top70_genes";"cluster_4";4095;23806;0.168205968887064;2.60210341860483;1.82395216822118;"N/A";"N/A";"N/A"
"liver_mouse_JBO002";"ALZ";"top70_genes";"cluster_5";4526;30282;0.154752993182682;2.40897882025036;1.63082756986672;"N/A";"N/A";"N/A"
"liver_mouse_JBO002";"CKD";"top80_genes";"cluster_0";4162;25321;0.111791831673412;1.85702862702277;1.07887737663912;"N/A";"N/A";"N/A"
"liver_mouse_JBO002";"CKD";"top80_genes";"cluster_1";4374.5;27910;0.0974895893979906;1.65369045282622;0.87553920244258;"N/A";"N/A";"N/A"
"liver_mouse_JBO002";"CKD";"top80_genes";"cluster_2";4350;27696.5;0.106568318055594;1.78519957922916;1.00704832884552;"N/A";"N/A";"N/A"
"liver_mouse_JBO002";"CKD";"top80_genes";"cluster_3";4612;31261;0.101031813078339;1.72128982632403;0.94313857594039;"N/A";"N/A";"N/A"
"liver_mouse_JBO002";"CKD";"top80_genes";"cluster_4";4095;23806;0.116406278682215;1.92086218122924;1.14271093084559;"N/A";"N/A";"N/A"
"liver_mouse_JBO002";"CKD";"top80_genes";"cluster_5";4526;30282;0.0911320699142926;1.54672508722983;0.768573836846181;"N/A";"N/A";"N/A"
"liver_mouse_JBO002";"COPD";"top50_genes";"cluster_0";4162;25321;0.0830189451684521;1.39689905465668;0.618747804273037;"N/A";"N/A";"N/A"
"liver_mouse_JBO002";"COPD";"top50_genes";"cluster_1";4374.5;27910;0.0699838314762662;1.23736486354943;0.459213613165783;"N/A";"N/A";"N/A"
"liver_mouse_JBO002";"COPD";"top50_genes";"cluster_2";4350;27696.5;0.0861299132511289;1.44013680224075;0.661985551857107;"N/A";"N/A";"N/A"
"liver_mouse_JBO002";"COPD";"top50_genes";"cluster_3";4612;31261;0.0564812353998557;1.03343244059493;0.255281190211285;"N/A";"N/A";"N/A"
"liver_mouse_JBO002";"COPD";"top50_genes";"cluster_4";4095;23806;0.0891713868976522;1.4413348567437;0.663183606360053;"N/A";"N/A";"N/A"
"liver_mouse_JBO002";"COPD";"top50_genes";"cluster_5";4526;30282;0.0521725093301714;0.973510162753566;0.195358912369922;"N/A";"N/A";"N/A"
"liver_mouse_JBO002";"EPI";"top190_genes";"cluster_0";4162;25321;0.151208083778286;2.95865074211864;2.18049949173499;"N/A";"N/A";"N/A"
"liver_mouse_JBO002";"EPI";"top190_genes";"cluster_1";4374.5;27910;0.155852646466531;3.00004342727686;2.22189217689322;"N/A";"N/A";"N/A"
"liver_mouse_JBO002";"EPI";"top190_genes";"cluster_2";4350;27696.5;0.154545722437891;3.00004342727686;2.22189217689322;"N/A";"N/A";"N/A"
"liver_mouse_JBO002";"EPI";"top190_genes";"cluster_3";4612;31261;0.186098312232751;4.00004342727686;3.22189217689322;"N/A";"N/A";"N/A"
"liver_mouse_JBO002";"EPI";"top190_genes";"cluster_4";4095;23806;0.146715454606584;2.82395216822118;2.04580091783754;"N/A";"N/A";"N/A"
"liver_mouse_JBO002";"EPI";"top190_genes";"cluster_5";4526;30282;0.151413747316688;2.88610007497003;2.10794882458638;"N/A";"N/A";"N/A"
"liver_mouse_JBO002";"IKD";"top130_genes";"cluster_0";4162;25321;0.138003035641407;2.42025983066005;1.64210858027641;"N/A";"N/A";"N/A"
"liver_mouse_JBO002";"IKD";"top130_genes";"cluster_1";4374.5;27910;0.109155001062961;1.8827721316211;1.10462088123745;"N/A";"N/A";"N/A"
"liver_mouse_JBO002";"IKD";"top130_genes";"cluster_2";4350;27696.5;0.128664188258748;2.2147135922661;1.43656234188245;"N/A";"N/A";"N/A"
"liver_mouse_JBO002";"IKD";"top130_genes";"cluster_3";4612;31261;0.109091054549406;1.92086218122924;1.14271093084559;"N/A";"N/A";"N/A"
"liver_mouse_JBO002";"IKD";"top130_genes";"cluster_4";4095;23806;0.148276250771982;2.61983218556526;1.84168093518161;"N/A";"N/A";"N/A"
"liver_mouse_JBO002";"IKD";"top130_genes";"cluster_5";4526;30282;0.107820324128152;1.88610007497003;1.10794882458638;"N/A";"N/A";"N/A"
"liver_mouse_JBO002";"PAR";"top80_genes";"cluster_0";4162;25321;0.110569912880269;1.83867542504189;1.06052417465824;"N/A";"N/A";"N/A"
"liver_mouse_JBO002";"PAR";"top80_genes";"cluster_1";4374.5;27910;0.112564351427974;1.91725805696041;1.13910680657677;"N/A";"N/A";"N/A"
"liver_mouse_JBO002";"PAR";"top80_genes";"cluster_2";4350;27696.5;0.109534509565114;1.82395216822118;1.04580091783754;"N/A";"N/A";"N/A"
"liver_mouse_JBO002";"PAR";"top80_genes";"cluster_3";4612;31261;0.146810047371761;2.37679413687896;1.59864288649532;"N/A";"N/A";"N/A"
"liver_mouse_JBO002";"PAR";"top80_genes";"cluster_4";4095;23806;0.119939660875436;2.00881735158437;1.23066610120072;"N/A";"N/A";"N/A"
"liver_mouse_JBO002";"PAR";"top80_genes";"cluster_5";4526;30282;0.114705232953102;1.88945371697761;1.11130246659397;"N/A";"N/A";"N/A"
"lung_bronchi_human_A50";"ALZ";"top50_genes";"cluster_0";1713;3700;0.0394480104318407;1.11524806332788;0.416278058991863;"N/A";"N/A";"N/A"
"lung_bronchi_human_A50";"ALZ";"top50_genes";"cluster_1";5994;38503;-0.0470327625099802;0.0471541623659325;0;"N/A";"N/A";"N/A"
"lung_bronchi_human_A50";"ALZ";"top50_genes";"cluster_2";1346;2732.5;0.079916932044436;1.73522560426733;1.03625559993131;"N/A";"N/A";"N/A"
"lung_bronchi_human_A50";"ALZ";"top50_genes";"cluster_3";3425.5;12152.5;0.0207916556004626;0.684702950649574;0;"N/A";"N/A";"N/A"
"lung_bronchi_human_A50";"ALZ";"top50_genes";"cluster_4";1851;4108;0.0308750788175914;0.812240788558443;0.113270784222425;"N/A";"N/A";"N/A"
"lung_bronchi_human_A50";"EPI";"top120_genes";"cluster_0";1713;3700;0.202545666950394;4.00004342727686;3.30107342294084;"N/A";"N/A";"N/A"
"lung_bronchi_human_A50";"EPI";"top120_genes";"cluster_1";5994;38503;0.186772422942671;4.00004342727686;3.30107342294084;"N/A";"N/A";"N/A"
"lung_bronchi_human_A50";"EPI";"top120_genes";"cluster_2";1346;2732.5;0.249348701330653;4.00004342727686;3.30107342294084;"N/A";"N/A";"N/A"
"lung_bronchi_human_A50";"EPI";"top120_genes";"cluster_3";3425.5;12152.5;0.194420738871181;4.00004342727686;3.30107342294084;"N/A";"N/A";"N/A"
"lung_bronchi_human_A50";"EPI";"top120_genes";"cluster_4";1851;4108;0.199999460167928;4.00004342727686;3.30107342294084;"N/A";"N/A";"N/A"
"lung_bronchi_human_A50";"IKD";"top100_genes";"cluster_0";1713;3700;0.024078270004057;0.821066479983693;0.122096475647674;"N/A";"N/A";"N/A"
"lung_bronchi_human_A50";"IKD";"top100_genes";"cluster_1";5994;38503;0.00542264827984407;0.404547205451289;0;"N/A";"N/A";"N/A"
"lung_bronchi_human_A50";"IKD";"top100_genes";"cluster_2";1346;2732.5;0.0111175905395923;0.55881975303425;0;"N/A";"N/A";"N/A"
"lung_bronchi_human_A50";"IKD";"top100_genes";"cluster_3";3425.5;12152.5;0.00444611170857537;0.431255214961516;0;"N/A";"N/A";"N/A"
"lung_bronchi_human_A50";"IKD";"top100_genes";"cluster_4";1851;4108;0.0564664764933415;1.4413348567437;0.742364852407678;"N/A";"N/A";"N/A"
"lung_bronchi_human_A50";"LD";"top70_genes";"cluster_0";1713;3700;-0.0113270108834632;0.211733615169813;0;"N/A";"N/A";"N/A"
"lung_bronchi_human_A50";"LD";"top70_genes";"cluster_1";5994;38503;-0.0231597493171911;0.128237062818133;0;"N/A";"N/A";"N/A"
"lung_bronchi_human_A50";"LD";"top70_genes";"cluster_2";1346;2732.5;0.0144768714989601;0.611232013803339;0;"N/A";"N/A";"N/A"
"lung_bronchi_human_A50";"LD";"top70_genes";"cluster_3";3425.5;12152.5;0.00600281620424672;0.450917500518752;0;"N/A";"N/A";"N/A"
"lung_bronchi_human_A50";"LD";"top70_genes";"cluster_4";1851;4108;0.0513272565346006;1.21900648865573;0.520036484319712;"N/A";"N/A";"N/A"
"lung_bronchi_human_A50";"LDL";"top70_genes";"cluster_0";1713;3700;0.0260546213172759;0.854225712785035;0.155255708449016;"N/A";"N/A";"N/A"
"lung_bronchi_human_A50";"LDL";"top70_genes";"cluster_1";5994;38503;-0.0494982231412418;0.0280258286028473;0;"N/A";"N/A";"N/A"
"lung_bronchi_human_A50";"LDL";"top70_genes";"cluster_2";1346;2732.5;0.0343448082865491;0.969848641920111;0.270878637584093;"N/A";"N/A";"N/A"
"lung_bronchi_human_A50";"LDL";"top70_genes";"cluster_3";3425.5;12152.5;0.0542732736112441;1.33352544672198;0.634555442385963;"N/A";"N/A";"N/A"
"lung_bronchi_human_A50";"LDL";"top70_genes";"cluster_4";1851;4108;0.083332503685954;1.84775508289381;1.14878507855779;"N/A";"N/A";"N/A"
"lung_bronchi_human_A50";"LID";"top110_genes";"cluster_0";1713;3700;0.0594773452977664;1.64401757008374;0.945047565747721;"N/A";"N/A";"N/A"
"lung_bronchi_human_A50";"LID";"top110_genes";"cluster_1";5994;38503;0.0261052900071997;0.733576531836621;0.0346065275006024;"N/A";"N/A";"N/A"
"lung_bronchi_human_A50";"LID";"top110_genes";"cluster_2";1346;2732.5;0.0960747651242899;2.5229221725572;1.82395216822118;"N/A";"N/A";"N/A"
"lung_bronchi_human_A50";"LID";"top110_genes";"cluster_3";3425.5;12152.5;0.0540556367684924;1.407866669881;0.708896665544977;"N/A";"N/A";"N/A"
"lung_bronchi_human_A50";"LID";"top110_genes";"cluster_4";1851;4108;0.061707533220095;1.58842372131363;0.889453716977614;"N/A";"N/A";"N/A"
"lung_bronchi_human_A50";"MI";"top50_genes";"cluster_0";1713;3700;0.00446288735030939;0.468820052743836;0;"N/A";"N/A";"N/A"
"lung_bronchi_human_A50";"MI";"top50_genes";"cluster_1";5994;38503;-0.0540117860800898;0.0317473122306072;0;"N/A";"N/A";"N/A"
"lung_bronchi_human_A50";"MI";"top50_genes";"cluster_2";1346;2732.5;0.0337671908876616;0.934463712548414;0.235493708212395;"N/A";"N/A";"N/A"
"lung_bronchi_human_A50";"MI";"top50_genes";"cluster_3";3425.5;12152.5;0.0680779329349187;1.50035634465846;0.80138634032244;"N/A";"N/A";"N/A"
"lung_bronchi_human_A50";"MI";"top50_genes";"cluster_4";1851;4108;0.0568220512296825;1.21828805262439;0.519318048288375;"N/A";"N/A";"N/A"
"lung_bronchi_human_A50";"PAR";"top80_genes";"cluster_0";1713;3700;0.230970330834449;4.00004342727686;3.30107342294084;"N/A";"N/A";"N/A"
"lung_bronchi_human_A50";"PAR";"top80_genes";"cluster_1";5994;38503;0.156628437700741;3.5229221725572;2.82395216822118;"N/A";"N/A";"N/A"
"lung_bronchi_human_A50";"PAR";"top80_genes";"cluster_2";1346;2732.5;0.300663574913118;4.00004342727686;3.30107342294084;"N/A";"N/A";"N/A"
"lung_bronchi_human_A50";"PAR";"top80_genes";"cluster_3";3425.5;12152.5;0.255130172863521;4.00004342727686;3.30107342294084;"N/A";"N/A";"N/A"
"lung_bronchi_human_A50";"PAR";"top80_genes";"cluster_4";1851;4108;0.225479067840863;4.00004342727686;3.30107342294084;"N/A";"N/A";"N/A"
"pancreas_human_15PCW_S1";"AHD";"top60_genes";"cluster_0";1555.5;2701.5;0.00200327115001279;0.444102989458352;0;"N/A";"N/A";"N/A"
"pancreas_human_15PCW_S1";"AHD";"top60_genes";"cluster_1";1802.5;3336.5;0.00766980959403957;0.577289485975514;0;"N/A";"N/A";"N/A"
"pancreas_human_15PCW_S1";"AHD";"top60_genes";"cluster_2";2125;4719;-0.00942572622565102;0.230887736562464;0;"N/A";"N/A";"N/A"
"pancreas_human_15PCW_S1";"AHD";"top60_genes";"cluster_3";3122;6802.5;0.0730132526875636;2.13672056715641;1.29162252714215;"N/A";"N/A";"N/A"
"pancreas_human_15PCW_S1";"AHD";"top60_genes";"cluster_4";2420;5311;-0.016025640866803;0.131751739259007;0;"N/A";"N/A";"N/A"
"pancreas_human_15PCW_S1";"AHD";"top60_genes";"cluster_5";599.5;809;0.0116078571978148;0.69966536240616;0;"N/A";"N/A";"N/A"
"pancreas_human_15PCW_S1";"AHD";"top60_genes";"cluster_6";2430;4895;0.0310833246227473;0.941997196881581;0.0968991568673241;"N/A";"N/A";"N/A"
"pancreas_human_15PCW_S1";"ALS";"top60_genes";"cluster_0";1555.5;2701.5;-0.00537265782193054;0.286804965731201;0;"N/A";"N/A";"N/A"
"pancreas_human_15PCW_S1";"ALS";"top60_genes";"cluster_1";1802.5;3336.5;-0.0137203950574429;0.163023478735954;0;"N/A";"N/A";"N/A"
"pancreas_human_15PCW_S1";"ALS";"top60_genes";"cluster_2";2125;4719;-0.00775288518782979;0.255515753804296;0;"N/A";"N/A";"N/A"
"pancreas_human_15PCW_S1";"ALS";"top60_genes";"cluster_3";3122;6802.5;0.0587302776050513;1.75700537859057;0.911907338576311;"N/A";"N/A";"N/A"
"pancreas_human_15PCW_S1";"ALS";"top60_genes";"cluster_4";2420;5311;-0.027168883849336;0.0409543129094705;0;"N/A";"N/A";"N/A"
"pancreas_human_15PCW_S1";"ALS";"top60_genes";"cluster_5";599.5;809;0.0024996568245754;0.483904850559788;0;"N/A";"N/A";"N/A"
"pancreas_human_15PCW_S1";"ALS";"top60_genes";"cluster_6";2430;4895;0.0335201584615157;1.00004342727686;0.154945387262606;"N/A";"N/A";"N/A"
"pancreas_human_15PCW_S1";"CAD";"top50_genes";"cluster_0";1555.5;2701.5;0.0316460408059207;1.06052417465824;0.215426134643987;"N/A";"N/A";"N/A"
"pancreas_human_15PCW_S1";"CAD";"top50_genes";"cluster_1";1802.5;3336.5;0.0346258945290131;1.12267208140709;0.277574041392832;"N/A";"N/A";"N/A"
"pancreas_human_15PCW_S1";"CAD";"top50_genes";"cluster_2";2125;4719;-0.0191681952277211;0.124924261814294;0;"N/A";"N/A";"N/A"
"pancreas_human_15PCW_S1";"CAD";"top50_genes";"cluster_3";3122;6802.5;-0.0485357952720572;0.00625461345815733;0;"N/A";"N/A";"N/A"
"pancreas_human_15PCW_S1";"CAD";"top50_genes";"cluster_4";2420;5311;0.0625012149390697;1.63643144738472;0.791333407370462;"N/A";"N/A";"N/A"
"pancreas_human_15PCW_S1";"CAD";"top50_genes";"cluster_5";599.5;809;0.00319869074924224;0.509242475266008;0;"N/A";"N/A";"N/A"
"pancreas_human_15PCW_S1";"CAD";"top50_genes";"cluster_6";2430;4895;0.0225069704293868;0.741645623181354;0;"N/A";"N/A";"N/A"
"pancreas_human_15PCW_S1";"CHD";"top50_genes";"cluster_0";1555.5;2701.5;0.0329730801451467;1.08888581853689;0.243787778522629;"N/A";"N/A";"N/A"
"pancreas_human_15PCW_S1";"CHD";"top50_genes";"cluster_1";1802.5;3336.5;0.0346021870990816;1.12267208140709;0.277574041392832;"N/A";"N/A";"N/A"
"pancreas_human_15PCW_S1";"CHD";"top50_genes";"cluster_2";2125;4719;0.00280781204120556;0.443258644969837;0;"N/A";"N/A";"N/A"
"pancreas_human_15PCW_S1";"CHD";"top50_genes";"cluster_3";3122;6802.5;0.017091705600988;0.670849012188412;0;"N/A";"N/A";"N/A"
"pancreas_human_15PCW_S1";"CHD";"top50_genes";"cluster_4";2420;5311;0.0623213769081008;1.63268750625084;0.787589466236587;"N/A";"N/A";"N/A"
"pancreas_human_15PCW_S1";"CHD";"top50_genes";"cluster_5";599.5;809;0.0287948515224812;1.06605026344562;0.220952223431364;"N/A";"N/A";"N/A"
"pancreas_human_15PCW_S1";"CHD";"top50_genes";"cluster_6";2430;4895;0.0396399526458754;1.08888581853689;0.243787778522629;"N/A";"N/A";"N/A"
"pancreas_human_15PCW_S1";"CHOL";"top70_genes";"cluster_0";1555.5;2701.5;0.0262152390602819;1.00793193948991;0.162833899475656;"N/A";"N/A";"N/A"
"pancreas_human_15PCW_S1";"CHOL";"top70_genes";"cluster_1";1802.5;3336.5;0.0246450185791999;0.968634963025239;0.123536923010982;"N/A";"N/A";"N/A"
"pancreas_human_15PCW_S1";"CHOL";"top70_genes";"cluster_2";2125;4719;0.0132302179758402;0.64401757008374;0;"N/A";"N/A";"N/A"
"pancreas_human_15PCW_S1";"CHOL";"top70_genes";"cluster_3";3122;6802.5;-0.0182019931702261;0.109901967212285;0;"N/A";"N/A";"N/A"
"pancreas_human_15PCW_S1";"CHOL";"top70_genes";"cluster_4";2420;5311;0.0321066679780903;1.11524806332788;0.270150023313625;"N/A";"N/A";"N/A"
"pancreas_human_15PCW_S1";"CHOL";"top70_genes";"cluster_5";599.5;809;0.0133286143012587;0.744529714457329;0;"N/A";"N/A";"N/A"
"pancreas_human_15PCW_S1";"CHOL";"top70_genes";"cluster_6";2430;4895;-0.000846663900263001;0.34203203061975;0;"N/A";"N/A";"N/A"
"pancreas_human_15PCW_S1";"CKD";"top90_genes";"cluster_0";1555.5;2701.5;0.0315921911884845;1.16817365299636;0.323075612982104;"N/A";"N/A";"N/A"
"pancreas_human_15PCW_S1";"CKD";"top90_genes";"cluster_1";1802.5;3336.5;0.0299826759905191;1.13139898888204;0.28630094886778;"N/A";"N/A";"N/A"
"pancreas_human_15PCW_S1";"CKD";"top90_genes";"cluster_2";2125;4719;0.0774446372525105;2.33728559559529;1.49218755558103;"N/A";"N/A";"N/A"
"pancreas_human_15PCW_S1";"CKD";"top90_genes";"cluster_3";3122;6802.5;0.0108786411547319;0.591294821092619;0;"N/A";"N/A";"N/A"
"pancreas_human_15PCW_S1";"CKD";"top90_genes";"cluster_4";2420;5311;0.0405633172149059;1.40016035520317;0.555062315188918;"N/A";"N/A";"N/A"
"pancreas_human_15PCW_S1";"CKD";"top90_genes";"cluster_5";599.5;809;0.0276322894710842;1.09641091119263;0.251312871178368;"N/A";"N/A";"N/A"
"pancreas_human_15PCW_S1";"CKD";"top90_genes";"cluster_6";2430;4895;0.0819543756443109;2.58507007930604;1.73997203929179;"N/A";"N/A";"N/A"
"pancreas_human_15PCW_S1";"EPI";"top210_genes";"cluster_0";1555.5;2701.5;0.026556618087755;1.1688137334098;0.323715693395542;"N/A";"N/A";"N/A"
"pancreas_human_15PCW_S1";"EPI";"top210_genes";"cluster_1";1802.5;3336.5;0.0287170395906935;1.23886761412113;0.393769574106874;"N/A";"N/A";"N/A"
"pancreas_human_15PCW_S1";"EPI";"top210_genes";"cluster_2";2125;4719;0.0288150887857012;1.22334224328845;0.378244203274195;"N/A";"N/A";"N/A"
"pancreas_human_15PCW_S1";"EPI";"top210_genes";"cluster_3";3122;6802.5;0.0586530898740643;2.63831559125927;1.79321755124501;"N/A";"N/A";"N/A"
"pancreas_human_15PCW_S1";"EPI";"top210_genes";"cluster_4";2420;5311;0.0146223831962455;0.739495054639883;0;"N/A";"N/A";"N/A"
"pancreas_human_15PCW_S1";"EPI";"top210_genes";"cluster_5";599.5;809;0.0468701839889019;2.06052417465824;1.21542613464399;"N/A";"N/A";"N/A"
"pancreas_human_15PCW_S1";"EPI";"top210_genes";"cluster_6";2430;4895;0.0323415766452311;1.32243647455637;0.477338434542113;"N/A";"N/A";"N/A"
"pancreas_human_15PCW_S1";"IKD";"top90_genes";"cluster_0";1555.5;2701.5;0.0558834217028492;1.92086218122924;1.07576414121498;"N/A";"N/A";"N/A"
"pancreas_human_15PCW_S1";"IKD";"top90_genes";"cluster_1";1802.5;3336.5;0.0481127165410252;1.6478609091655;0.802762869151243;"N/A";"N/A";"N/A"
"pancreas_human_15PCW_S1";"IKD";"top90_genes";"cluster_2";2125;4719;0.0633465235761485;1.93558543804994;1.09048739803569;"N/A";"N/A";"N/A"
"pancreas_human_15PCW_S1";"IKD";"top90_genes";"cluster_3";3122;6802.5;0.00791867374769398;0.521909999176345;0;"N/A";"N/A";"N/A"
"pancreas_human_15PCW_S1";"IKD";"top90_genes";"cluster_4";2420;5311;0.0543160952355639;1.80138634032244;0.956288300308183;"N/A";"N/A";"N/A"
"pancreas_human_15PCW_S1";"IKD";"top90_genes";"cluster_5";599.5;809;0.0524897461573032;1.82978171188191;0.984683671867648;"N/A";"N/A";"N/A"
"pancreas_human_15PCW_S1";"IKD";"top90_genes";"cluster_6";2430;4895;0.070969911145037;2.23661543371393;1.39151739369967;"N/A";"N/A";"N/A"
"pancreas_human_15PCW_S1";"PAR";"top90_genes";"cluster_0";1555.5;2701.5;0.115851632183004;4.00004342727686;3.15494538726261;"N/A";"N/A";"N/A"
"pancreas_human_15PCW_S1";"PAR";"top90_genes";"cluster_1";1802.5;3336.5;0.113452582227893;4.00004342727686;3.15494538726261;"N/A";"N/A";"N/A"
"pancreas_human_15PCW_S1";"PAR";"top90_genes";"cluster_2";2125;4719;0.0810276880858773;2.46856451023461;1.62346647022035;"N/A";"N/A";"N/A"
"pancreas_human_15PCW_S1";"PAR";"top90_genes";"cluster_3";3122;6802.5;0.10415638115785;3.69901343161288;2.85391539159862;"N/A";"N/A";"N/A"
"pancreas_human_15PCW_S1";"PAR";"top90_genes";"cluster_4";2420;5311;0.100499545479519;3.30107342294084;2.45597538292659;"N/A";"N/A";"N/A"
"pancreas_human_15PCW_S1";"PAR";"top90_genes";"cluster_5";599.5;809;0.132722949619948;4.00004342727686;3.15494538726261;"N/A";"N/A";"N/A"
"pancreas_human_15PCW_S1";"PAR";"top90_genes";"cluster_6";2430;4895;0.103447010418838;3.22189217689322;2.37679413687896;"N/A";"N/A";"N/A"
"spinal_cord_human_pcw8_107B1";"ADHD";"top100_genes";"cluster_0";2778;4945;0.0162167165804723;0.795652095357563;0;"N/A";"N/A";"N/A"
"spinal_cord_human_pcw8_107B1";"ADHD";"top100_genes";"cluster_1";3052;5612;0.000653183511258038;0.387789521180425;0;"N/A";"N/A";"N/A"
"spinal_cord_human_pcw8_107B1";"ADHD";"top100_genes";"cluster_2";2718.5;4351;-0.00564411439823354;0.238566647732161;0;"N/A";"N/A";"N/A"
"spinal_cord_human_pcw8_107B1";"ADHD";"top100_genes";"cluster_3";4755;10795;0.023166119683123;1.02004005569312;0.17494201567886;"N/A";"N/A";"N/A"
"spinal_cord_human_pcw8_107B1";"ADHD";"top100_genes";"cluster_4";4315.5;9385.5;-0.035990773454149;0.00788771623424592;0;"N/A";"N/A";"N/A"
"spinal_cord_human_pcw8_107B1";"ADHD";"top100_genes";"cluster_5";3667;7526;0.000954054371757385;0.375658185856598;0;"N/A";"N/A";"N/A"
"spinal_cord_human_pcw8_107B1";"ADHD";"top100_genes";"cluster_6";4285;9588;0.0178071106366401;0.827148729524687;0;"N/A";"N/A";"N/A"
"spinal_cord_human_pcw8_107B1";"ASD";"top70_genes";"cluster_0";2778;4945;0.0532231560095731;1.87946949607101;1.03437145605676;"N/A";"N/A";"N/A"
"spinal_cord_human_pcw8_107B1";"ASD";"top70_genes";"cluster_1";3052;5612;0.0131450305422446;0.711347166686607;0;"N/A";"N/A";"N/A"
"spinal_cord_human_pcw8_107B1";"ASD";"top70_genes";"cluster_2";2718.5;4351;0.0457633463418023;1.75949417899426;0.914396138980006;"N/A";"N/A";"N/A"
"spinal_cord_human_pcw8_107B1";"ASD";"top70_genes";"cluster_3";4755;10795;0.0368127729079032;1.42025983066005;0.575161790645796;"N/A";"N/A";"N/A"
"spinal_cord_human_pcw8_107B1";"ASD";"top70_genes";"cluster_4";4315.5;9385.5;-0.00159858290275416;0.316636128144768;0;"N/A";"N/A";"N/A"
"spinal_cord_human_pcw8_107B1";"ASD";"top70_genes";"cluster_5";3667;7526;0.0392916574552407;1.35462115792777;0.509523117913514;"N/A";"N/A";"N/A"
"spinal_cord_human_pcw8_107B1";"ASD";"top70_genes";"cluster_6";4285;9588;0.0324938651689494;1.21685473620161;0.371756696187348;"N/A";"N/A";"N/A"
"spinal_cord_human_pcw8_107B1";"CHD";"top70_genes";"cluster_0";2778;4945;0.042945786494612;1.5497943189575;0.704696278943245;"N/A";"N/A";"N/A"
"spinal_cord_human_pcw8_107B1";"CHD";"top70_genes";"cluster_1";3052;5612;0.0540414969122401;1.88945371697761;1.04435567696336;"N/A";"N/A";"N/A"
"spinal_cord_human_pcw8_107B1";"CHD";"top70_genes";"cluster_2";2718.5;4351;0.0477165696383082;1.82106647998369;0.975968439969436;"N/A";"N/A";"N/A"
"spinal_cord_human_pcw8_107B1";"CHD";"top70_genes";"cluster_3";4755;10795;0.0478679922311567;1.76451498036931;0.919416940355057;"N/A";"N/A";"N/A"
"spinal_cord_human_pcw8_107B1";"CHD";"top70_genes";"cluster_4";4315.5;9385.5;0.0641305567391566;2.11355270210438;1.26845466209012;"N/A";"N/A";"N/A"
"spinal_cord_human_pcw8_107B1";"CHD";"top70_genes";"cluster_5";3667;7526;0.067539290903228;2.26764966745389;1.42255162743964;"N/A";"N/A";"N/A"
"spinal_cord_human_pcw8_107B1";"CHD";"top70_genes";"cluster_6";4285;9588;0.038733758397708;1.41798006436515;0.572882024350897;"N/A";"N/A";"N/A"
"spinal_cord_human_pcw8_107B1";"CHOL";"top280_genes";"cluster_0";2778;4945;-0.0162086698441404;0.0759192740910379;0;"N/A";"N/A";"N/A"
"spinal_cord_human_pcw8_107B1";"CHOL";"top280_genes";"cluster_1";3052;5612;-0.0222045081646938;0.031840759134013;0;"N/A";"N/A";"N/A"
"spinal_cord_human_pcw8_107B1";"CHOL";"top280_genes";"cluster_2";2718.5;4351;-0.013538930564839;0.0978772980058114;0;"N/A";"N/A";"N/A"
"spinal_cord_human_pcw8_107B1";"CHOL";"top280_genes";"cluster_3";4755;10795;-0.0248511160359824;0.0185872607547361;0;"N/A";"N/A";"N/A"
"spinal_cord_human_pcw8_107B1";"CHOL";"top280_genes";"cluster_4";4315.5;9385.5;-0.00439672608294503;0.236016819584825;0;"N/A";"N/A";"N/A"
"spinal_cord_human_pcw8_107B1";"CHOL";"top280_genes";"cluster_5";3667;7526;-0.00910953128409686;0.165114330816287;0;"N/A";"N/A";"N/A"
"spinal_cord_human_pcw8_107B1";"CHOL";"top280_genes";"cluster_6";4285;9588;-0.0293460701186329;0.00855153836670323;0;"N/A";"N/A";"N/A"
"spinal_cord_human_pcw8_107B1";"COPD";"top140_genes";"cluster_0";2778;4945;-0.00831819290730043;0.195290825126402;0;"N/A";"N/A";"N/A"
"spinal_cord_human_pcw8_107B1";"COPD";"top140_genes";"cluster_1";3052;5612;0.00114935208408784;0.394738381135753;0;"N/A";"N/A";"N/A"
"spinal_cord_human_pcw8_107B1";"COPD";"top140_genes";"cluster_2";2718.5;4351;-0.00518178491796613;0.242571479511195;0;"N/A";"N/A";"N/A"
"spinal_cord_human_pcw8_107B1";"COPD";"top140_genes";"cluster_3";4755;10795;0.00265614909240802;0.414019044889887;0;"N/A";"N/A";"N/A"
"spinal_cord_human_pcw8_107B1";"COPD";"top140_genes";"cluster_4";4315.5;9385.5;0.0181633454647257;0.821930174962231;0;"N/A";"N/A";"N/A"
"spinal_cord_human_pcw8_107B1";"COPD";"top140_genes";"cluster_5";3667;7526;0.00961434524362516;0.584736135051295;0;"N/A";"N/A";"N/A"
"spinal_cord_human_pcw8_107B1";"COPD";"top140_genes";"cluster_6";4285;9588;0.000864180706528273;0.373190012610137;0;"N/A";"N/A";"N/A"
"spinal_cord_human_pcw8_107B1";"EPI";"top210_genes";"cluster_0";2778;4945;0.141496629241685;4.00004342727686;3.15494538726261;"N/A";"N/A";"N/A"
"spinal_cord_human_pcw8_107B1";"EPI";"top210_genes";"cluster_1";3052;5612;0.15872723853147;4.00004342727686;3.15494538726261;"N/A";"N/A";"N/A"
"spinal_cord_human_pcw8_107B1";"EPI";"top210_genes";"cluster_2";2718.5;4351;0.0958686906851259;4.00004342727686;3.15494538726261;"N/A";"N/A";"N/A"
"spinal_cord_human_pcw8_107B1";"EPI";"top210_genes";"cluster_3";4755;10795;0.116659402367514;4.00004342727686;3.15494538726261;"N/A";"N/A";"N/A"
"spinal_cord_human_pcw8_107B1";"EPI";"top210_genes";"cluster_4";4315.5;9385.5;0.0833460215411992;3.69901343161288;2.85391539159862;"N/A";"N/A";"N/A"
"spinal_cord_human_pcw8_107B1";"EPI";"top210_genes";"cluster_5";3667;7526;0.115378844727053;4.00004342727686;3.15494538726261;"N/A";"N/A";"N/A"
"spinal_cord_human_pcw8_107B1";"EPI";"top210_genes";"cluster_6";4285;9588;0.108098045513051;4.00004342727686;3.15494538726261;"N/A";"N/A";"N/A"
"spinal_cord_human_pcw8_107B1";"IBD";"top250_genes";"cluster_0";2778;4945;0.0127472495641235;0.698796338640651;0;"N/A";"N/A";"N/A"
"spinal_cord_human_pcw8_107B1";"IBD";"top250_genes";"cluster_1";3052;5612;0.00414423610093478;0.44482802215079;0;"N/A";"N/A";"N/A"
"spinal_cord_human_pcw8_107B1";"IBD";"top250_genes";"cluster_2";2718.5;4351;0.00721872369728427;0.530368654725065;0;"N/A";"N/A";"N/A"
"spinal_cord_human_pcw8_107B1";"IBD";"top250_genes";"cluster_3";4755;10795;0.0109698276797023;0.635117393486887;0;"N/A";"N/A";"N/A"
"spinal_cord_human_pcw8_107B1";"IBD";"top250_genes";"cluster_4";4315.5;9385.5;0.0169923313586799;0.83095706978984;0;"N/A";"N/A";"N/A"
"spinal_cord_human_pcw8_107B1";"IBD";"top250_genes";"cluster_5";3667;7526;0.0135587263120712;0.70601833318154;0;"N/A";"N/A";"N/A"
"spinal_cord_human_pcw8_107B1";"IBD";"top250_genes";"cluster_6";4285;9588;0.0059005878064558;0.48722566871199;0;"N/A";"N/A";"N/A"
"spinal_cord_human_pcw8_107B1";"IKD";"top270_genes";"cluster_0";2778;4945;0.0341793943870863;1.57353216591229;0.728434125898031;"N/A";"N/A";"N/A"
"spinal_cord_human_pcw8_107B1";"IKD";"top270_genes";"cluster_1";3052;5612;0.0293527839958098;1.33259047438691;0.487492434372652;"N/A";"N/A";"N/A"
"spinal_cord_human_pcw8_107B1";"IKD";"top270_genes";"cluster_2";2718.5;4351;-0.00604865532131416;0.208633511609702;0;"N/A";"N/A";"N/A"
"spinal_cord_human_pcw8_107B1";"IKD";"top270_genes";"cluster_3";4755;10795;-0.021523926548431;0.0330574021589247;0;"N/A";"N/A";"N/A"
"spinal_cord_human_pcw8_107B1";"IKD";"top270_genes";"cluster_4";4315.5;9385.5;0.0319958721173795;1.50311377920365;0.658015739189391;"N/A";"N/A";"N/A"
"spinal_cord_human_pcw8_107B1";"IKD";"top270_genes";"cluster_5";3667;7526;0.0246912853804499;1.1085059696043;0.263407929590041;"N/A";"N/A";"N/A"
"spinal_cord_human_pcw8_107B1";"IKD";"top270_genes";"cluster_6";4285;9588;-0.0269162423512056;0.0143026862267881;0;"N/A";"N/A";"N/A"
"spinal_cord_human_pcw8_107B1";"LD";"top190_genes";"cluster_0";2778;4945;-0.0151723848684196;0.0915584083982129;0;"N/A";"N/A";"N/A"
"spinal_cord_human_pcw8_107B1";"LD";"top190_genes";"cluster_1";3052;5612;-0.0179327651959608;0.0664043147519376;0;"N/A";"N/A";"N/A"
"spinal_cord_human_pcw8_107B1";"LD";"top190_genes";"cluster_2";2718.5;4351;-0.0133811698443329;0.107281192661046;0;"N/A";"N/A";"N/A"
"spinal_cord_human_pcw8_107B1";"LD";"top190_genes";"cluster_3";4755;10795;-0.0197915023029277;0.0463320468493073;0;"N/A";"N/A";"N/A"
"spinal_cord_human_pcw8_107B1";"LD";"top190_genes";"cluster_4";4315.5;9385.5;0.0113351871723719;0.628421500100841;0;"N/A";"N/A";"N/A"
"spinal_cord_human_pcw8_107B1";"LD";"top190_genes";"cluster_5";3667;7526;-0.0101782781181648;0.160942644569709;0;"N/A";"N/A";"N/A"
"spinal_cord_human_pcw8_107B1";"LD";"top190_genes";"cluster_6";4285;9588;-0.020437919171387;0.0483174518522706;0;"N/A";"N/A";"N/A"
"spinal_cord_human_pcw8_107B1";"LDL";"top190_genes";"cluster_0";2778;4945;-0.0100924535615765;0.161950288831264;0;"N/A";"N/A";"N/A"
"spinal_cord_human_pcw8_107B1";"LDL";"top190_genes";"cluster_1";3052;5612;-0.0161039467720801;0.0852772903510102;0;"N/A";"N/A";"N/A"
"spinal_cord_human_pcw8_107B1";"LDL";"top190_genes";"cluster_2";2718.5;4351;-0.015408713652264;0.0848019299706683;0;"N/A";"N/A";"N/A"
"spinal_cord_human_pcw8_107B1";"LDL";"top190_genes";"cluster_3";4755;10795;-0.0207457607978987;0.039477524458665;0;"N/A";"N/A";"N/A"
"spinal_cord_human_pcw8_107B1";"LDL";"top190_genes";"cluster_4";4315.5;9385.5;0.00617366307578122;0.487892890354832;0;"N/A";"N/A";"N/A"
"spinal_cord_human_pcw8_107B1";"LDL";"top190_genes";"cluster_5";3667;7526;-0.00652478721415364;0.218503458670921;0;"N/A";"N/A";"N/A"
"spinal_cord_human_pcw8_107B1";"LDL";"top190_genes";"cluster_6";4285;9588;-0.0221581265220701;0.0363028084189786;0;"N/A";"N/A";"N/A"
"spinal_cord_human_pcw8_107B1";"LID";"top140_genes";"cluster_0";2778;4945;0.0255332628473267;1.11411708747543;0.269019047461175;"N/A";"N/A";"N/A"
"spinal_cord_human_pcw8_107B1";"LID";"top140_genes";"cluster_1";3052;5612;0.0238508383046142;1.04870590848094;0.203607868466688;"N/A";"N/A";"N/A"
"spinal_cord_human_pcw8_107B1";"LID";"top140_genes";"cluster_2";2718.5;4351;-0.0177033665136582;0.0602746518235127;0;"N/A";"N/A";"N/A"
"spinal_cord_human_pcw8_107B1";"LID";"top140_genes";"cluster_3";4755;10795;-0.0191022726381844;0.0519240028963266;0;"N/A";"N/A";"N/A"
"spinal_cord_human_pcw8_107B1";"LID";"top140_genes";"cluster_4";4315.5;9385.5;0.0459117726599401;1.82395216822118;0.978854128206925;"N/A";"N/A";"N/A"
"spinal_cord_human_pcw8_107B1";"LID";"top140_genes";"cluster_5";3667;7526;0.0287945556875672;1.17656919810656;0.331471158092305;"N/A";"N/A";"N/A"
"spinal_cord_human_pcw8_107B1";"LID";"top140_genes";"cluster_6";4285;9588;-0.0224959480642938;0.0355952193602018;0;"N/A";"N/A";"N/A"
"spinal_cord_human_pcw8_107B1";"LUD";"top230_genes";"cluster_0";2778;4945;-0.0157066783893929;0.0829056745204184;0;"N/A";"N/A";"N/A"
"spinal_cord_human_pcw8_107B1";"LUD";"top230_genes";"cluster_1";3052;5612;-0.012150340339954;0.126257966458662;0;"N/A";"N/A";"N/A"
"spinal_cord_human_pcw8_107B1";"LUD";"top230_genes";"cluster_2";2718.5;4351;-0.0104584840497286;0.142650616355961;0;"N/A";"N/A";"N/A"
"spinal_cord_human_pcw8_107B1";"LUD";"top230_genes";"cluster_3";4755;10795;-0.0102925377707118;0.144221521870833;0;"N/A";"N/A";"N/A"
"spinal_cord_human_pcw8_107B1";"LUD";"top230_genes";"cluster_4";4315.5;9385.5;0.0139555814779802;0.721289826324034;0;"N/A";"N/A";"N/A"
"spinal_cord_human_pcw8_107B1";"LUD";"top230_genes";"cluster_5";3667;7526;-0.00393309047931836;0.25708275706271;0;"N/A";"N/A";"N/A"
"spinal_cord_human_pcw8_107B1";"LUD";"top230_genes";"cluster_6";4285;9588;-0.0168606519610912;0.0721600169461558;0;"N/A";"N/A";"N/A"
"spinal_cord_human_pcw8_107B1";"MI";"top100_genes";"cluster_0";2778;4945;0.0105307906026212;0.634181211874308;0;"N/A";"N/A";"N/A"
"spinal_cord_human_pcw8_107B1";"MI";"top100_genes";"cluster_1";3052;5612;-0.000780921963543235;0.357776808374189;0;"N/A";"N/A";"N/A"
"spinal_cord_human_pcw8_107B1";"MI";"top100_genes";"cluster_2";2718.5;4351;0.000423210673640248;0.372780010708642;0;"N/A";"N/A";"N/A"
"spinal_cord_human_pcw8_107B1";"MI";"top100_genes";"cluster_3";4755;10795;-0.00829711557832052;0.185462911266544;0;"N/A";"N/A";"N/A"
"spinal_cord_human_pcw8_107B1";"MI";"top100_genes";"cluster_4";4315.5;9385.5;0.0366239631048627;1.35168341629593;0.506585376281674;"N/A";"N/A";"N/A"
"spinal_cord_human_pcw8_107B1";"MI";"top100_genes";"cluster_5";3667;7526;0.0175050911448781;0.781245429165125;0;"N/A";"N/A";"N/A"
"spinal_cord_human_pcw8_107B1";"MI";"top100_genes";"cluster_6";4285;9588;-0.00710801764842656;0.217427495245259;0;"N/A";"N/A";"N/A"
"spinal_cord_human_pcw8_107B1";"PAR";"top100_genes";"cluster_0";2778;4945;0.130595334310014;3.69901343161288;2.85391539159862;"N/A";"N/A";"N/A"
"spinal_cord_human_pcw8_107B1";"PAR";"top100_genes";"cluster_1";3052;5612;0.159267513866002;4.00004342727686;3.15494538726261;"N/A";"N/A";"N/A"
"spinal_cord_human_pcw8_107B1";"PAR";"top100_genes";"cluster_2";2718.5;4351;0.0384437612343911;1.57190863324807;0.726810593233817;"N/A";"N/A";"N/A"
"spinal_cord_human_pcw8_107B1";"PAR";"top100_genes";"cluster_3";4755;10795;0.060188327405238;2.32794556934115;1.48284752932689;"N/A";"N/A";"N/A"
"spinal_cord_human_pcw8_107B1";"PAR";"top100_genes";"cluster_4";4315.5;9385.5;0.0990903093643133;3.3979834359489;2.55288539593464;"N/A";"N/A";"N/A"
"spinal_cord_human_pcw8_107B1";"PAR";"top100_genes";"cluster_5";3667;7526;0.0928159932847595;3.3979834359489;2.55288539593464;"N/A";"N/A";"N/A"
"spinal_cord_human_pcw8_107B1";"PAR";"top100_genes";"cluster_6";4285;9588;0.0812992418255801;2.95865074211864;2.11355270210438;"N/A";"N/A";"N/A"
"spinal_cord_human_pcw8_107B1";"SCZ";"top110_genes";"cluster_0";2778;4945;0.0234407793159531;1.01913148950002;0.174033449485762;"N/A";"N/A";"N/A"
"spinal_cord_human_pcw8_107B1";"SCZ";"top110_genes";"cluster_1";3052;5612;0.0149560258704301;0.758995276605218;0;"N/A";"N/A";"N/A"
"spinal_cord_human_pcw8_107B1";"SCZ";"top110_genes";"cluster_2";2718.5;4351;0.00723153374364048;0.54718409148101;0;"N/A";"N/A";"N/A"
"spinal_cord_human_pcw8_107B1";"SCZ";"top110_genes";"cluster_3";4755;10795;0.0167053980568211;0.819917552112809;0;"N/A";"N/A";"N/A"
"spinal_cord_human_pcw8_107B1";"SCZ";"top110_genes";"cluster_4";4315.5;9385.5;-0.00761379504863585;0.205276629336042;0;"N/A";"N/A";"N/A"
"spinal_cord_human_pcw8_107B1";"SCZ";"top110_genes";"cluster_5";3667;7526;0.0157226096393023;0.738780558484369;0;"N/A";"N/A";"N/A"
"spinal_cord_human_pcw8_107B1";"SCZ";"top110_genes";"cluster_6";4285;9588;0.018179554861366;0.838076810912788;0;"N/A";"N/A";"N/A"
"spinal_cord_human_pcw8_107B1";"UC";"top170_genes";"cluster_0";2778;4945;0.0132876537319817;0.715838359575068;0;"N/A";"N/A";"N/A"
"spinal_cord_human_pcw8_107B1";"UC";"top170_genes";"cluster_1";3052;5612;0.00117613968765726;0.386201605400794;0;"N/A";"N/A";"N/A"
"spinal_cord_human_pcw8_107B1";"UC";"top170_genes";"cluster_2";2718.5;4351;0.00807730893260318;0.563880780236107;0;"N/A";"N/A";"N/A"
"spinal_cord_human_pcw8_107B1";"UC";"top170_genes";"cluster_3";4755;10795;0.0165091090098306;0.809992009517657;0;"N/A";"N/A";"N/A"
"spinal_cord_human_pcw8_107B1";"UC";"top170_genes";"cluster_4";4315.5;9385.5;0.00814963143465117;0.536299706029803;0;"N/A";"N/A";"N/A"
"spinal_cord_human_pcw8_107B1";"UC";"top170_genes";"cluster_5";3667;7526;0.0109992679616722;0.620194248514033;0;"N/A";"N/A";"N/A"
"spinal_cord_human_pcw8_107B1";"UC";"top170_genes";"cluster_6";4285;9588;0.00707536089761346;0.526994622188325;0;"N/A";"N/A";"N/A"
